method,simulation,median_rank_range,maximum_rank_range,kendalls_w,evidence_role
ADD_ABILITY_SUBJECT,0,17.5,26.5,0.8909468065552714,CALIBRATION_NULL
ADD_ABILITY_SUBJECT,1,18.0,24.0,0.887677629913244,CALIBRATION_NULL
ADD_ABILITY_SUBJECT,2,17.5,26.0,0.8943817792962155,CALIBRATION_NULL
ADD_ABILITY_SUBJECT,3,18.0,26.0,0.8933552810242539,CALIBRATION_NULL
ADD_ABILITY_SUBJECT,4,17.5,25.5,0.894656684715964,CALIBRATION_NULL
ADD_ABILITY_SUBJECT,5,18.0,27.5,0.890666137436366,CALIBRATION_NULL
ADD_ABILITY_SUBJECT,6,17.5,27.5,0.8933037408899587,CALIBRATION_NULL
ADD_ABILITY_SUBJECT,7,18.5,26.0,0.8949579024372923,CALIBRATION_NULL
ADD_ABILITY_SUBJECT,8,19.0,28.5,0.888771744498475,CALIBRATION_NULL
ADD_ABILITY_SUBJECT,9,18.5,27.0,0.8860428696667639,CALIBRATION_NULL
ADD_ABILITY_SUBJECT,10,18.0,27.0,0.8937893256610929,CALIBRATION_NULL
ADD_ABILITY_SUBJECT,11,16.0,26.0,0.8987096567038473,CALIBRATION_NULL
ADD_ABILITY_SUBJECT,12,17.0,26.0,0.8922772434557659,CALIBRATION_NULL
ADD_ABILITY_SUBJECT,13,19.0,27.5,0.8943947603204474,CALIBRATION_NULL
ADD_ABILITY_SUBJECT,14,18.0,27.0,0.8945884739166384,CALIBRATION_NULL
ADD_ABILITY_SUBJECT,15,17.0,25.5,0.897727898953879,CALIBRATION_NULL
ADD_ABILITY_SUBJECT,16,16.5,24.0,0.8960268606917521,CALIBRATION_NULL
ADD_ABILITY_SUBJECT,17,16.5,25.0,0.8955224276402561,CALIBRATION_NULL
ADD_ABILITY_SUBJECT,18,18.0,28.5,0.8937822987907776,CALIBRATION_NULL
ADD_ABILITY_SUBJECT,19,19.0,28.0,0.8913610080337762,CALIBRATION_NULL
ADD_ABILITY_SUBJECT,20,17.5,26.5,0.8957675747498023,CALIBRATION_NULL
ADD_ABILITY_SUBJECT,21,16.0,27.5,0.8978275353779563,CALIBRATION_NULL
ADD_ABILITY_SUBJECT,22,18.5,28.5,0.8875727314640374,CALIBRATION_NULL
ADD_ABILITY_SUBJECT,23,18.5,26.5,0.8912241257926096,CALIBRATION_NULL
ADD_ABILITY_SUBJECT,24,17.5,28.0,0.8926174542714866,CALIBRATION_NULL
ADD_ABILITY_SUBJECT,25,16.0,24.5,0.8975739517565934,CALIBRATION_NULL
ADD_ABILITY_SUBJECT,26,17.0,25.0,0.8946328816357013,CALIBRATION_NULL
ADD_ABILITY_SUBJECT,27,18.5,25.5,0.8898929910639783,CALIBRATION_NULL
ADD_ABILITY_SUBJECT,28,18.5,24.0,0.9008158768586386,CALIBRATION_NULL
ADD_ABILITY_SUBJECT,29,18.5,25.5,0.8882390897312212,CALIBRATION_NULL
ADD_ABILITY_SUBJECT,30,17.5,30.5,0.8892506359669013,CALIBRATION_NULL
ADD_ABILITY_SUBJECT,31,17.5,24.5,0.8979376514244144,CALIBRATION_NULL
ADD_ABILITY_SUBJECT,32,17.5,25.0,0.8932999034450092,CALIBRATION_NULL
ADD_ABILITY_SUBJECT,33,19.5,26.0,0.8879917907817383,CALIBRATION_NULL
ADD_ABILITY_SUBJECT,34,16.5,26.5,0.8938274110477666,CALIBRATION_NULL
ADD_ABILITY_SUBJECT,35,18.5,25.0,0.8915569559121106,CALIBRATION_NULL
ADD_ABILITY_SUBJECT,36,17.0,26.0,0.8922263153807506,CALIBRATION_NULL
ADD_ABILITY_SUBJECT,37,17.0,24.0,0.8920848858182454,CALIBRATION_NULL
ADD_ABILITY_SUBJECT,38,16.5,26.5,0.8985652581973289,CALIBRATION_NULL
ADD_ABILITY_SUBJECT,39,18.0,28.0,0.8904902460226028,CALIBRATION_NULL
ADD_ABILITY_SUBJECT,40,17.5,25.5,0.8939803693350536,CALIBRATION_NULL
ADD_ABILITY_SUBJECT,41,17.5,27.0,0.8996665559700128,CALIBRATION_NULL
ADD_ABILITY_SUBJECT,42,17.5,26.0,0.8911185983234556,CALIBRATION_NULL
ADD_ABILITY_SUBJECT,43,16.5,31.0,0.8929814575393284,CALIBRATION_NULL
ADD_ABILITY_SUBJECT,44,17.0,27.0,0.8967033688423888,CALIBRATION_NULL
ADD_ABILITY_SUBJECT,45,17.5,25.0,0.8868617799694797,CALIBRATION_NULL
ADD_ABILITY_SUBJECT,46,16.5,23.5,0.9011103132522138,CALIBRATION_NULL
ADD_ABILITY_SUBJECT,47,17.0,26.0,0.8908439825174841,CALIBRATION_NULL
ADD_ABILITY_SUBJECT,48,16.5,29.5,0.8896796427937804,CALIBRATION_NULL
ADD_ABILITY_SUBJECT,49,18.0,24.5,0.894025644184014,CALIBRATION_NULL
ADD_ABILITY_SUBJECT,50,18.5,25.5,0.8927936225931289,CALIBRATION_NULL
ADD_ABILITY_SUBJECT,51,17.5,25.5,0.8930384532903132,CALIBRATION_NULL
ADD_ABILITY_SUBJECT,52,18.0,28.5,0.8917846253922272,CALIBRATION_NULL
ADD_ABILITY_SUBJECT,53,18.5,28.0,0.8917841725967668,CALIBRATION_NULL
ADD_ABILITY_SUBJECT,54,18.0,26.5,0.8943711890072659,CALIBRATION_NULL
ADD_ABILITY_SUBJECT,55,18.0,29.5,0.888019575495659,CALIBRATION_NULL
ADD_ABILITY_SUBJECT,56,17.0,29.0,0.8964410109384114,CALIBRATION_NULL
ADD_ABILITY_SUBJECT,57,19.0,30.0,0.8844667101575729,CALIBRATION_NULL
ADD_ABILITY_SUBJECT,58,16.5,27.0,0.8987694079302312,CALIBRATION_NULL
ADD_ABILITY_SUBJECT,59,18.0,30.0,0.8877419891128769,CALIBRATION_NULL
ADD_ABILITY_SUBJECT,60,18.0,25.0,0.8980384168779219,CALIBRATION_NULL
ADD_ABILITY_SUBJECT,61,18.0,25.5,0.892710988153954,CALIBRATION_NULL
ADD_ABILITY_SUBJECT,62,18.0,27.0,0.8869482174810445,CALIBRATION_NULL
ADD_ABILITY_SUBJECT,63,18.0,26.0,0.8951716439086798,CALIBRATION_NULL
ADD_ABILITY_SUBJECT,64,18.5,26.5,0.8952662448292911,CALIBRATION_NULL
ADD_ABILITY_SUBJECT,65,17.5,28.0,0.8910823589319098,CALIBRATION_NULL
ADD_ABILITY_SUBJECT,66,16.5,24.5,0.8994589635068034,CALIBRATION_NULL
ADD_ABILITY_SUBJECT,67,17.5,25.0,0.8962253231463949,CALIBRATION_NULL
ADD_ABILITY_SUBJECT,68,16.0,28.0,0.8949191957906093,CALIBRATION_NULL
ADD_ABILITY_SUBJECT,69,17.5,26.0,0.8892233964099777,CALIBRATION_NULL
ADD_ABILITY_SUBJECT,70,16.5,27.5,0.8938738835707951,CALIBRATION_NULL
ADD_ABILITY_SUBJECT,71,16.0,23.5,0.8997016356342891,CALIBRATION_NULL
ADD_ABILITY_SUBJECT,72,18.0,29.0,0.8921271556214398,CALIBRATION_NULL
ADD_ABILITY_SUBJECT,73,18.5,26.0,0.8866538205256496,CALIBRATION_NULL
ADD_ABILITY_SUBJECT,74,19.0,27.0,0.8855843188519406,CALIBRATION_NULL
ADD_ABILITY_SUBJECT,75,18.0,27.0,0.893758460584074,CALIBRATION_NULL
ADD_ABILITY_SUBJECT,76,18.5,27.0,0.8913757012569985,CALIBRATION_NULL
ADD_ABILITY_SUBJECT,77,19.5,28.0,0.8850354284197882,CALIBRATION_NULL
ADD_ABILITY_SUBJECT,78,16.5,25.0,0.8889038159999616,CALIBRATION_NULL
ADD_ABILITY_SUBJECT,79,18.5,29.5,0.8919413521748294,CALIBRATION_NULL
ADD_ABILITY_SUBJECT,80,17.0,27.0,0.8942821882714911,CALIBRATION_NULL
ADD_ABILITY_SUBJECT,81,16.5,26.0,0.8905743376777889,CALIBRATION_NULL
ADD_ABILITY_SUBJECT,82,17.5,26.0,0.8959515473101893,CALIBRATION_NULL
ADD_ABILITY_SUBJECT,83,18.0,30.5,0.8910757159085878,CALIBRATION_NULL
ADD_ABILITY_SUBJECT,84,17.5,27.0,0.8885131756866695,CALIBRATION_NULL
ADD_ABILITY_SUBJECT,85,18.5,27.0,0.8894453583724007,CALIBRATION_NULL
ADD_ABILITY_SUBJECT,86,18.0,25.5,0.8980872503845997,CALIBRATION_NULL
ADD_ABILITY_SUBJECT,87,18.5,24.0,0.8913419498096572,CALIBRATION_NULL
ADD_ABILITY_SUBJECT,88,19.0,25.5,0.8919718808765917,CALIBRATION_NULL
ADD_ABILITY_SUBJECT,89,17.0,26.0,0.8954154761319733,CALIBRATION_NULL
ADD_ABILITY_SUBJECT,90,18.0,27.0,0.890650564776632,CALIBRATION_NULL
ADD_ABILITY_SUBJECT,91,18.0,27.0,0.8937232454190166,CALIBRATION_NULL
ADD_ABILITY_SUBJECT,92,17.0,24.5,0.899198364837364,CALIBRATION_NULL
ADD_ABILITY_SUBJECT,93,18.5,25.5,0.8908058737806641,CALIBRATION_NULL
ADD_ABILITY_SUBJECT,94,18.0,27.0,0.8916788866941826,CALIBRATION_NULL
ADD_ABILITY_SUBJECT,95,18.0,25.5,0.8953135841312446,CALIBRATION_NULL
ADD_ABILITY_SUBJECT,96,17.0,24.0,0.8978982582631944,CALIBRATION_NULL
ADD_ABILITY_SUBJECT,97,18.0,27.0,0.8936751050191378,CALIBRATION_NULL
ADD_ABILITY_SUBJECT,98,17.0,30.5,0.8938353873472344,CALIBRATION_NULL
ADD_ABILITY_SUBJECT,99,18.0,31.0,0.8850336852938273,CALIBRATION_NULL
ADD_ABILITY_SUBJECT,100,16.5,31.0,0.8874498410454622,CALIBRATION_NULL
ADD_ABILITY_SUBJECT,101,17.0,32.0,0.8965745565983738,CALIBRATION_NULL
ADD_ABILITY_SUBJECT,102,18.5,27.5,0.8922388581835932,CALIBRATION_NULL
ADD_ABILITY_SUBJECT,103,18.0,27.5,0.8933487361393,CALIBRATION_NULL
ADD_ABILITY_SUBJECT,104,18.5,29.0,0.8889134555323108,CALIBRATION_NULL
ADD_ABILITY_SUBJECT,105,17.5,24.5,0.8963002437602317,CALIBRATION_NULL
ADD_ABILITY_SUBJECT,106,17.5,26.0,0.8903002471954444,CALIBRATION_NULL
ADD_ABILITY_SUBJECT,107,17.0,27.5,0.8967227392776466,CALIBRATION_NULL
ADD_ABILITY_SUBJECT,108,17.5,27.0,0.8902891711522302,CALIBRATION_NULL
ADD_ABILITY_SUBJECT,109,15.5,27.5,0.901227087641669,CALIBRATION_NULL
ADD_ABILITY_SUBJECT,110,17.5,25.0,0.8923599401398723,CALIBRATION_NULL
ADD_ABILITY_SUBJECT,111,19.0,28.5,0.8957995777701497,CALIBRATION_NULL
ADD_ABILITY_SUBJECT,112,17.5,26.0,0.8906369807828244,CALIBRATION_NULL
ADD_ABILITY_SUBJECT,113,18.0,26.0,0.8936479427968724,CALIBRATION_NULL
ADD_ABILITY_SUBJECT,114,17.5,26.5,0.9008978499047217,CALIBRATION_NULL
ADD_ABILITY_SUBJECT,115,18.0,25.5,0.8898679700751267,CALIBRATION_NULL
ADD_ABILITY_SUBJECT,116,17.5,28.0,0.899193396054395,CALIBRATION_NULL
ADD_ABILITY_SUBJECT,117,17.0,28.0,0.8937136785842502,CALIBRATION_NULL
ADD_ABILITY_SUBJECT,118,18.5,28.0,0.8902602521185669,CALIBRATION_NULL
ADD_ABILITY_SUBJECT,119,18.0,23.5,0.8954544500098578,CALIBRATION_NULL
ADD_ABILITY_SUBJECT,120,18.0,32.0,0.8878465260664137,CALIBRATION_NULL
ADD_ABILITY_SUBJECT,121,16.0,27.0,0.8979560148410461,CALIBRATION_NULL
ADD_ABILITY_SUBJECT,122,18.0,28.0,0.8915776513061446,CALIBRATION_NULL
ADD_ABILITY_SUBJECT,123,17.5,27.0,0.8956232407163786,CALIBRATION_NULL
ADD_ABILITY_SUBJECT,124,17.0,27.0,0.8927019153903326,CALIBRATION_NULL
ADD_ABILITY_SUBJECT,125,17.5,27.5,0.8915977889879018,CALIBRATION_NULL
ADD_ABILITY_SUBJECT,126,17.0,26.5,0.8973221229405904,CALIBRATION_NULL
ADD_ABILITY_SUBJECT,127,17.0,25.5,0.8951872239094638,CALIBRATION_NULL
ADD_ABILITY_SUBJECT,128,16.5,25.5,0.898652459013222,CALIBRATION_NULL
ADD_ABILITY_SUBJECT,129,17.5,28.5,0.8908526579095435,CALIBRATION_NULL
ADD_ABILITY_SUBJECT,130,17.5,30.5,0.8871068983107768,CALIBRATION_NULL
ADD_ABILITY_SUBJECT,131,17.0,26.5,0.8959482849760988,CALIBRATION_NULL
ADD_ABILITY_SUBJECT,132,16.5,28.5,0.8976178111038389,CALIBRATION_NULL
ADD_ABILITY_SUBJECT,133,17.5,31.0,0.8970486845217863,CALIBRATION_NULL
ADD_ABILITY_SUBJECT,134,17.0,27.0,0.8928197692205184,CALIBRATION_NULL
ADD_ABILITY_SUBJECT,135,18.0,28.0,0.8977649901768713,CALIBRATION_NULL
ADD_ABILITY_SUBJECT,136,17.0,27.0,0.8940513742118055,CALIBRATION_NULL
ADD_ABILITY_SUBJECT,137,18.0,26.0,0.8950852102736974,CALIBRATION_NULL
ADD_ABILITY_SUBJECT,138,17.0,25.0,0.8918400928517274,CALIBRATION_NULL
ADD_ABILITY_SUBJECT,139,18.5,24.5,0.893422102513808,CALIBRATION_NULL
ADD_ABILITY_SUBJECT,140,19.0,26.5,0.8852392566615374,CALIBRATION_NULL
ADD_ABILITY_SUBJECT,141,17.5,25.5,0.8933522209981604,CALIBRATION_NULL
ADD_ABILITY_SUBJECT,142,16.5,27.5,0.8882092810631746,CALIBRATION_NULL
ADD_ABILITY_SUBJECT,143,17.0,25.5,0.8937956017161185,CALIBRATION_NULL
ADD_ABILITY_SUBJECT,144,16.0,31.0,0.8940232788242125,CALIBRATION_NULL
ADD_ABILITY_SUBJECT,145,18.0,27.5,0.890426621402657,CALIBRATION_NULL
ADD_ABILITY_SUBJECT,146,18.0,25.0,0.8956732455789328,CALIBRATION_NULL
ADD_ABILITY_SUBJECT,147,18.0,26.0,0.8918187362364571,CALIBRATION_NULL
ADD_ABILITY_SUBJECT,148,18.0,28.5,0.8932641944230633,CALIBRATION_NULL
ADD_ABILITY_SUBJECT,149,18.5,26.5,0.8955709446269561,CALIBRATION_NULL
ADD_ABILITY_SUBJECT,150,16.5,25.5,0.8957609241790847,CALIBRATION_NULL
ADD_ABILITY_SUBJECT,151,18.5,29.0,0.8866289930318725,CALIBRATION_NULL
ADD_ABILITY_SUBJECT,152,17.5,28.0,0.8912951930969801,CALIBRATION_NULL
ADD_ABILITY_SUBJECT,153,18.5,25.0,0.8901673548462177,CALIBRATION_NULL
ADD_ABILITY_SUBJECT,154,18.0,23.5,0.8942758972947691,CALIBRATION_NULL
ADD_ABILITY_SUBJECT,155,18.5,26.5,0.8936104129428034,CALIBRATION_NULL
ADD_ABILITY_SUBJECT,156,18.0,26.5,0.8895364645495464,CALIBRATION_NULL
ADD_ABILITY_SUBJECT,157,17.0,25.5,0.8995745144761055,CALIBRATION_NULL
ADD_ABILITY_SUBJECT,158,17.5,29.0,0.8942982050514964,CALIBRATION_NULL
ADD_ABILITY_SUBJECT,159,18.0,27.5,0.886022106070673,CALIBRATION_NULL
ADD_ABILITY_SUBJECT,160,16.5,24.0,0.8989626403381162,CALIBRATION_NULL
ADD_ABILITY_SUBJECT,161,15.5,25.5,0.9011387103485347,CALIBRATION_NULL
ADD_ABILITY_SUBJECT,162,17.0,24.5,0.8965272598489125,CALIBRATION_NULL
ADD_ABILITY_SUBJECT,163,18.5,25.5,0.8925113518660536,CALIBRATION_NULL
ADD_ABILITY_SUBJECT,164,18.5,27.5,0.8908805540090008,CALIBRATION_NULL
ADD_ABILITY_SUBJECT,165,18.0,26.0,0.8902556057575335,CALIBRATION_NULL
ADD_ABILITY_SUBJECT,166,16.5,26.0,0.8946389953913136,CALIBRATION_NULL
ADD_ABILITY_SUBJECT,167,18.0,28.0,0.891803083075909,CALIBRATION_NULL
ADD_ABILITY_SUBJECT,168,17.0,27.0,0.8910446212482539,CALIBRATION_NULL
ADD_ABILITY_SUBJECT,169,17.0,27.5,0.8887691905030237,CALIBRATION_NULL
ADD_ABILITY_SUBJECT,170,17.5,27.0,0.8953246652664131,CALIBRATION_NULL
ADD_ABILITY_SUBJECT,171,18.5,26.0,0.8821443313250137,CALIBRATION_NULL
ADD_ABILITY_SUBJECT,172,17.0,26.5,0.8916827411286284,CALIBRATION_NULL
ADD_ABILITY_SUBJECT,173,17.0,26.0,0.8929459697446844,CALIBRATION_NULL
ADD_ABILITY_SUBJECT,174,18.5,27.0,0.8944374499966663,CALIBRATION_NULL
ADD_ABILITY_SUBJECT,175,16.5,27.5,0.9040397700881094,CALIBRATION_NULL
ADD_ABILITY_SUBJECT,176,17.5,24.0,0.894258962948873,CALIBRATION_NULL
ADD_ABILITY_SUBJECT,177,18.0,29.0,0.8860470716645403,CALIBRATION_NULL
ADD_ABILITY_SUBJECT,178,18.0,26.0,0.8924695932989682,CALIBRATION_NULL
ADD_ABILITY_SUBJECT,179,16.5,24.0,0.9013498399009826,CALIBRATION_NULL
ADD_ABILITY_SUBJECT,180,16.5,28.0,0.8969600580958174,CALIBRATION_NULL
ADD_ABILITY_SUBJECT,181,17.5,27.0,0.8877660344487623,CALIBRATION_NULL
ADD_ABILITY_SUBJECT,182,16.0,27.0,0.8948549959156283,CALIBRATION_NULL
ADD_ABILITY_SUBJECT,183,18.5,24.5,0.8941070185266915,CALIBRATION_NULL
ADD_ABILITY_SUBJECT,184,17.5,26.0,0.8909271244811777,CALIBRATION_NULL
ADD_ABILITY_SUBJECT,185,17.5,26.0,0.8906426310706811,CALIBRATION_NULL
ADD_ABILITY_SUBJECT,186,18.0,26.0,0.8871537497735856,CALIBRATION_NULL
ADD_ABILITY_SUBJECT,187,17.5,27.5,0.8903864829273468,CALIBRATION_NULL
ADD_ABILITY_SUBJECT,188,16.0,28.5,0.892762089033627,CALIBRATION_NULL
ADD_ABILITY_SUBJECT,189,17.0,28.0,0.8971172047546221,CALIBRATION_NULL
ADD_ABILITY_SUBJECT,190,17.5,28.5,0.890587185940379,CALIBRATION_NULL
ADD_ABILITY_SUBJECT,191,17.5,27.5,0.8953876615980745,CALIBRATION_NULL
ADD_ABILITY_SUBJECT,192,18.5,24.5,0.8941789659663727,CALIBRATION_NULL
ADD_ABILITY_SUBJECT,193,18.0,29.0,0.8848832251927078,CALIBRATION_NULL
ADD_ABILITY_SUBJECT,194,20.0,25.5,0.8843440929133329,CALIBRATION_NULL
ADD_ABILITY_SUBJECT,195,17.5,25.0,0.8978429253123097,CALIBRATION_NULL
ADD_ABILITY_SUBJECT,196,16.5,25.5,0.8875368854076437,CALIBRATION_NULL
ADD_ABILITY_SUBJECT,197,17.5,26.0,0.8965951647106041,CALIBRATION_NULL
ADD_ABILITY_SUBJECT,198,17.5,25.5,0.8953937691898202,CALIBRATION_NULL
ADD_ABILITY_SUBJECT,199,18.5,25.5,0.8975906033389821,CALIBRATION_NULL
EMPIRICAL_BAYES_ADDITIVE,0,16.5,26.0,0.8963456878270205,CALIBRATION_NULL
EMPIRICAL_BAYES_ADDITIVE,1,17.5,26.0,0.895970317960481,CALIBRATION_NULL
EMPIRICAL_BAYES_ADDITIVE,2,18.0,23.5,0.8972094930026732,CALIBRATION_NULL
EMPIRICAL_BAYES_ADDITIVE,3,17.0,23.5,0.8995333263452393,CALIBRATION_NULL
EMPIRICAL_BAYES_ADDITIVE,4,18.5,27.0,0.8922656724953796,CALIBRATION_NULL
EMPIRICAL_BAYES_ADDITIVE,5,16.5,24.5,0.8995206036174968,CALIBRATION_NULL
EMPIRICAL_BAYES_ADDITIVE,6,18.5,26.0,0.8905671442370857,CALIBRATION_NULL
EMPIRICAL_BAYES_ADDITIVE,7,18.0,23.0,0.8956939415678892,CALIBRATION_NULL
EMPIRICAL_BAYES_ADDITIVE,8,17.0,25.0,0.9021586586528495,CALIBRATION_NULL
EMPIRICAL_BAYES_ADDITIVE,9,17.5,23.0,0.9001214795931786,CALIBRATION_NULL
EMPIRICAL_BAYES_ADDITIVE,10,17.0,26.0,0.8992242604865129,CALIBRATION_NULL
EMPIRICAL_BAYES_ADDITIVE,11,18.0,24.5,0.8952537390637514,CALIBRATION_NULL
EMPIRICAL_BAYES_ADDITIVE,12,16.0,26.0,0.8991562464616357,CALIBRATION_NULL
EMPIRICAL_BAYES_ADDITIVE,13,18.0,26.0,0.8936233662203091,CALIBRATION_NULL
EMPIRICAL_BAYES_ADDITIVE,14,17.0,25.0,0.9046584199278351,CALIBRATION_NULL
EMPIRICAL_BAYES_ADDITIVE,15,17.0,25.0,0.8969122708426562,CALIBRATION_NULL
EMPIRICAL_BAYES_ADDITIVE,16,16.5,29.5,0.8978013634167212,CALIBRATION_NULL
EMPIRICAL_BAYES_ADDITIVE,17,18.0,26.0,0.8916152811656399,CALIBRATION_NULL
EMPIRICAL_BAYES_ADDITIVE,18,18.0,28.0,0.8989766937156041,CALIBRATION_NULL
EMPIRICAL_BAYES_ADDITIVE,19,17.0,27.0,0.901642689597861,CALIBRATION_NULL
EMPIRICAL_BAYES_ADDITIVE,20,18.0,28.5,0.8912574795670872,CALIBRATION_NULL
EMPIRICAL_BAYES_ADDITIVE,21,18.0,27.0,0.8929310020064647,CALIBRATION_NULL
EMPIRICAL_BAYES_ADDITIVE,22,18.0,25.0,0.8949596831744697,CALIBRATION_NULL
EMPIRICAL_BAYES_ADDITIVE,23,18.0,27.5,0.8979378126828971,CALIBRATION_NULL
EMPIRICAL_BAYES_ADDITIVE,24,18.5,26.0,0.8922150148326816,CALIBRATION_NULL
EMPIRICAL_BAYES_ADDITIVE,25,18.0,26.0,0.8968436940920309,CALIBRATION_NULL
EMPIRICAL_BAYES_ADDITIVE,26,17.5,25.0,0.8943489054651483,CALIBRATION_NULL
EMPIRICAL_BAYES_ADDITIVE,27,18.0,25.5,0.8972085983097603,CALIBRATION_NULL
EMPIRICAL_BAYES_ADDITIVE,28,18.0,27.0,0.8883788184769996,CALIBRATION_NULL
EMPIRICAL_BAYES_ADDITIVE,29,17.5,22.5,0.900218535876699,CALIBRATION_NULL
EMPIRICAL_BAYES_ADDITIVE,30,17.0,25.5,0.9028624471183827,CALIBRATION_NULL
EMPIRICAL_BAYES_ADDITIVE,31,17.5,24.5,0.8972888594616144,CALIBRATION_NULL
EMPIRICAL_BAYES_ADDITIVE,32,17.5,24.5,0.8974158562407901,CALIBRATION_NULL
EMPIRICAL_BAYES_ADDITIVE,33,18.0,28.5,0.8926827652034544,CALIBRATION_NULL
EMPIRICAL_BAYES_ADDITIVE,34,18.0,25.5,0.8987712917979575,CALIBRATION_NULL
EMPIRICAL_BAYES_ADDITIVE,35,17.0,25.5,0.8983537696618944,CALIBRATION_NULL
EMPIRICAL_BAYES_ADDITIVE,36,17.0,26.0,0.8974592463628156,CALIBRATION_NULL
EMPIRICAL_BAYES_ADDITIVE,37,17.0,26.5,0.9040321544559988,CALIBRATION_NULL
EMPIRICAL_BAYES_ADDITIVE,38,16.5,28.0,0.8955790287234362,CALIBRATION_NULL
EMPIRICAL_BAYES_ADDITIVE,39,18.0,29.0,0.8978053975639683,CALIBRATION_NULL
EMPIRICAL_BAYES_ADDITIVE,40,18.0,28.5,0.8944505769156188,CALIBRATION_NULL
EMPIRICAL_BAYES_ADDITIVE,41,17.5,24.0,0.8936845418562883,CALIBRATION_NULL
EMPIRICAL_BAYES_ADDITIVE,42,16.0,25.5,0.9074147772156201,CALIBRATION_NULL
EMPIRICAL_BAYES_ADDITIVE,43,16.5,29.0,0.8983252758924357,CALIBRATION_NULL
EMPIRICAL_BAYES_ADDITIVE,44,17.5,31.0,0.8967669582084361,CALIBRATION_NULL
EMPIRICAL_BAYES_ADDITIVE,45,16.0,24.0,0.9009203921738543,CALIBRATION_NULL
EMPIRICAL_BAYES_ADDITIVE,46,18.0,26.0,0.8942244964851818,CALIBRATION_NULL
EMPIRICAL_BAYES_ADDITIVE,47,17.5,29.5,0.8953456338403967,CALIBRATION_NULL
EMPIRICAL_BAYES_ADDITIVE,48,17.5,28.0,0.8934055783163215,CALIBRATION_NULL
EMPIRICAL_BAYES_ADDITIVE,49,17.0,24.0,0.8957307968422232,CALIBRATION_NULL
EMPIRICAL_BAYES_ADDITIVE,50,17.5,27.5,0.8976375916272672,CALIBRATION_NULL
EMPIRICAL_BAYES_ADDITIVE,51,17.5,25.5,0.8944119194217949,CALIBRATION_NULL
EMPIRICAL_BAYES_ADDITIVE,52,17.0,25.0,0.9009186392857413,CALIBRATION_NULL
EMPIRICAL_BAYES_ADDITIVE,53,17.0,24.5,0.8989018870908068,CALIBRATION_NULL
EMPIRICAL_BAYES_ADDITIVE,54,17.5,31.0,0.8953853215188577,CALIBRATION_NULL
EMPIRICAL_BAYES_ADDITIVE,55,17.5,24.0,0.8994627520572666,CALIBRATION_NULL
EMPIRICAL_BAYES_ADDITIVE,56,16.5,27.5,0.8974222964377037,CALIBRATION_NULL
EMPIRICAL_BAYES_ADDITIVE,57,18.5,25.0,0.8950128287778994,CALIBRATION_NULL
EMPIRICAL_BAYES_ADDITIVE,58,16.0,27.5,0.8970725872489606,CALIBRATION_NULL
EMPIRICAL_BAYES_ADDITIVE,59,19.0,29.0,0.8864093892610442,CALIBRATION_NULL
EMPIRICAL_BAYES_ADDITIVE,60,17.0,27.0,0.8960031633696076,CALIBRATION_NULL
EMPIRICAL_BAYES_ADDITIVE,61,18.0,25.5,0.8893054944827292,CALIBRATION_NULL
EMPIRICAL_BAYES_ADDITIVE,62,17.5,28.0,0.8984056819783233,CALIBRATION_NULL
EMPIRICAL_BAYES_ADDITIVE,63,18.0,26.5,0.8917585202783378,CALIBRATION_NULL
EMPIRICAL_BAYES_ADDITIVE,64,16.5,27.5,0.8968259361408276,CALIBRATION_NULL
EMPIRICAL_BAYES_ADDITIVE,65,17.5,27.0,0.8926769167136335,CALIBRATION_NULL
EMPIRICAL_BAYES_ADDITIVE,66,17.5,25.5,0.9035353716419735,CALIBRATION_NULL
EMPIRICAL_BAYES_ADDITIVE,67,16.5,23.5,0.9010709287410339,CALIBRATION_NULL
EMPIRICAL_BAYES_ADDITIVE,68,17.5,26.0,0.8941100606090562,CALIBRATION_NULL
EMPIRICAL_BAYES_ADDITIVE,69,17.0,30.5,0.896541970195202,CALIBRATION_NULL
EMPIRICAL_BAYES_ADDITIVE,70,17.5,30.0,0.8924535099247497,CALIBRATION_NULL
EMPIRICAL_BAYES_ADDITIVE,71,16.5,26.0,0.9020618264016035,CALIBRATION_NULL
EMPIRICAL_BAYES_ADDITIVE,72,16.5,28.5,0.8925646976438945,CALIBRATION_NULL
EMPIRICAL_BAYES_ADDITIVE,73,16.0,24.0,0.8984636764450011,CALIBRATION_NULL
EMPIRICAL_BAYES_ADDITIVE,74,19.0,25.5,0.8905095699410148,CALIBRATION_NULL
EMPIRICAL_BAYES_ADDITIVE,75,17.0,26.5,0.8953554096114722,CALIBRATION_NULL
EMPIRICAL_BAYES_ADDITIVE,76,16.5,22.5,0.8964509310679155,CALIBRATION_NULL
EMPIRICAL_BAYES_ADDITIVE,77,17.5,25.0,0.8955261108210771,CALIBRATION_NULL
EMPIRICAL_BAYES_ADDITIVE,78,17.5,28.0,0.8984222075840883,CALIBRATION_NULL
EMPIRICAL_BAYES_ADDITIVE,79,16.5,24.5,0.9064848122522248,CALIBRATION_NULL
EMPIRICAL_BAYES_ADDITIVE,80,18.5,25.0,0.8968663353622423,CALIBRATION_NULL
EMPIRICAL_BAYES_ADDITIVE,81,16.5,25.5,0.9011227205418793,CALIBRATION_NULL
EMPIRICAL_BAYES_ADDITIVE,82,18.5,27.0,0.8976874160604109,CALIBRATION_NULL
EMPIRICAL_BAYES_ADDITIVE,83,17.5,29.5,0.8963098515346779,CALIBRATION_NULL
EMPIRICAL_BAYES_ADDITIVE,84,17.5,28.0,0.8990825430456336,CALIBRATION_NULL
EMPIRICAL_BAYES_ADDITIVE,85,18.0,25.0,0.8951387603938993,CALIBRATION_NULL
EMPIRICAL_BAYES_ADDITIVE,86,18.0,26.5,0.888173785631411,CALIBRATION_NULL
EMPIRICAL_BAYES_ADDITIVE,87,16.5,26.0,0.897162999737205,CALIBRATION_NULL
EMPIRICAL_BAYES_ADDITIVE,88,18.0,27.0,0.8952894281969408,CALIBRATION_NULL
EMPIRICAL_BAYES_ADDITIVE,89,17.0,25.0,0.8983027801180968,CALIBRATION_NULL
EMPIRICAL_BAYES_ADDITIVE,90,17.5,28.0,0.8886712146701979,CALIBRATION_NULL
EMPIRICAL_BAYES_ADDITIVE,91,17.5,29.0,0.8987809639042997,CALIBRATION_NULL
EMPIRICAL_BAYES_ADDITIVE,92,18.0,27.5,0.8975074622059673,CALIBRATION_NULL
EMPIRICAL_BAYES_ADDITIVE,93,18.0,25.5,0.8943242245177521,CALIBRATION_NULL
EMPIRICAL_BAYES_ADDITIVE,94,17.0,25.5,0.8966815387757946,CALIBRATION_NULL
EMPIRICAL_BAYES_ADDITIVE,95,17.5,24.5,0.9013303510687478,CALIBRATION_NULL
EMPIRICAL_BAYES_ADDITIVE,96,16.5,24.0,0.8991439663175764,CALIBRATION_NULL
EMPIRICAL_BAYES_ADDITIVE,97,17.0,25.0,0.8916534715429142,CALIBRATION_NULL
EMPIRICAL_BAYES_ADDITIVE,98,17.5,25.5,0.8929100451243536,CALIBRATION_NULL
EMPIRICAL_BAYES_ADDITIVE,99,17.5,26.0,0.8923895793979311,CALIBRATION_NULL
EMPIRICAL_BAYES_ADDITIVE,100,18.0,26.0,0.8951863942860888,CALIBRATION_NULL
EMPIRICAL_BAYES_ADDITIVE,101,16.0,26.5,0.9054599406157914,CALIBRATION_NULL
EMPIRICAL_BAYES_ADDITIVE,102,16.0,30.0,0.8919057994332985,CALIBRATION_NULL
EMPIRICAL_BAYES_ADDITIVE,103,17.5,25.5,0.8961490112912379,CALIBRATION_NULL
EMPIRICAL_BAYES_ADDITIVE,104,17.0,27.5,0.8967833469935483,CALIBRATION_NULL
EMPIRICAL_BAYES_ADDITIVE,105,16.5,24.5,0.8953025415983175,CALIBRATION_NULL
EMPIRICAL_BAYES_ADDITIVE,106,17.5,27.0,0.8981739050781073,CALIBRATION_NULL
EMPIRICAL_BAYES_ADDITIVE,107,16.5,24.0,0.900528853602862,CALIBRATION_NULL
EMPIRICAL_BAYES_ADDITIVE,108,17.0,28.0,0.8986218986448307,CALIBRATION_NULL
EMPIRICAL_BAYES_ADDITIVE,109,18.0,26.0,0.8893256332876976,CALIBRATION_NULL
EMPIRICAL_BAYES_ADDITIVE,110,18.0,34.0,0.8984691699765787,CALIBRATION_NULL
EMPIRICAL_BAYES_ADDITIVE,111,17.5,26.0,0.8977310433982313,CALIBRATION_NULL
EMPIRICAL_BAYES_ADDITIVE,112,18.5,25.5,0.891173263649681,CALIBRATION_NULL
EMPIRICAL_BAYES_ADDITIVE,113,17.0,25.0,0.8981955967439661,CALIBRATION_NULL
EMPIRICAL_BAYES_ADDITIVE,114,16.5,26.5,0.9004408024065257,CALIBRATION_NULL
EMPIRICAL_BAYES_ADDITIVE,115,17.5,24.0,0.8970784467995183,CALIBRATION_NULL
EMPIRICAL_BAYES_ADDITIVE,116,15.5,28.0,0.9018533397285167,CALIBRATION_NULL
EMPIRICAL_BAYES_ADDITIVE,117,18.5,28.0,0.8950721283475861,CALIBRATION_NULL
EMPIRICAL_BAYES_ADDITIVE,118,18.0,30.5,0.9010584710664253,CALIBRATION_NULL
EMPIRICAL_BAYES_ADDITIVE,119,18.0,25.5,0.8932992452718006,CALIBRATION_NULL
EMPIRICAL_BAYES_ADDITIVE,120,17.5,27.5,0.9005490821539096,CALIBRATION_NULL
EMPIRICAL_BAYES_ADDITIVE,121,18.0,27.5,0.8919880128919132,CALIBRATION_NULL
EMPIRICAL_BAYES_ADDITIVE,122,17.5,25.5,0.8892057289424138,CALIBRATION_NULL
EMPIRICAL_BAYES_ADDITIVE,123,18.0,31.0,0.8977977316483384,CALIBRATION_NULL
EMPIRICAL_BAYES_ADDITIVE,124,17.5,25.0,0.8943471158290078,CALIBRATION_NULL
EMPIRICAL_BAYES_ADDITIVE,125,16.0,25.5,0.894455053760542,CALIBRATION_NULL
EMPIRICAL_BAYES_ADDITIVE,126,17.5,27.5,0.8887837509066474,CALIBRATION_NULL
EMPIRICAL_BAYES_ADDITIVE,127,17.0,28.5,0.891942017188309,CALIBRATION_NULL
EMPIRICAL_BAYES_ADDITIVE,128,16.5,26.0,0.9027694137980115,CALIBRATION_NULL
EMPIRICAL_BAYES_ADDITIVE,129,17.0,25.5,0.896085448201402,CALIBRATION_NULL
EMPIRICAL_BAYES_ADDITIVE,130,18.5,29.0,0.8904403529333176,CALIBRATION_NULL
EMPIRICAL_BAYES_ADDITIVE,131,17.5,28.5,0.8932119523455494,CALIBRATION_NULL
EMPIRICAL_BAYES_ADDITIVE,132,18.0,26.0,0.896954273148081,CALIBRATION_NULL
EMPIRICAL_BAYES_ADDITIVE,133,18.5,28.5,0.8923170725505628,CALIBRATION_NULL
EMPIRICAL_BAYES_ADDITIVE,134,16.5,26.0,0.9003421841279172,CALIBRATION_NULL
EMPIRICAL_BAYES_ADDITIVE,135,17.0,24.0,0.8984771874534996,CALIBRATION_NULL
EMPIRICAL_BAYES_ADDITIVE,136,17.5,26.5,0.8981118480056504,CALIBRATION_NULL
EMPIRICAL_BAYES_ADDITIVE,137,17.5,25.0,0.8909112140945891,CALIBRATION_NULL
EMPIRICAL_BAYES_ADDITIVE,138,18.0,25.0,0.8969308580764639,CALIBRATION_NULL
EMPIRICAL_BAYES_ADDITIVE,139,17.5,26.0,0.90218227630636,CALIBRATION_NULL
EMPIRICAL_BAYES_ADDITIVE,140,17.5,25.5,0.8978689676815886,CALIBRATION_NULL
EMPIRICAL_BAYES_ADDITIVE,141,17.5,28.5,0.9025383455758582,CALIBRATION_NULL
EMPIRICAL_BAYES_ADDITIVE,142,16.5,24.0,0.8961859286312951,CALIBRATION_NULL
EMPIRICAL_BAYES_ADDITIVE,143,17.0,26.0,0.8970597538898314,CALIBRATION_NULL
EMPIRICAL_BAYES_ADDITIVE,144,18.0,26.0,0.8887587755882861,CALIBRATION_NULL
EMPIRICAL_BAYES_ADDITIVE,145,18.0,25.0,0.9009675865886763,CALIBRATION_NULL
EMPIRICAL_BAYES_ADDITIVE,146,19.0,25.0,0.8937787124552112,CALIBRATION_NULL
EMPIRICAL_BAYES_ADDITIVE,147,16.5,23.5,0.8984812476476572,CALIBRATION_NULL
EMPIRICAL_BAYES_ADDITIVE,148,17.5,26.5,0.8946867027962977,CALIBRATION_NULL
EMPIRICAL_BAYES_ADDITIVE,149,17.0,27.0,0.8958372410443376,CALIBRATION_NULL
EMPIRICAL_BAYES_ADDITIVE,150,18.0,25.0,0.89791506014111,CALIBRATION_NULL
EMPIRICAL_BAYES_ADDITIVE,151,15.5,27.0,0.9025588467679223,CALIBRATION_NULL
EMPIRICAL_BAYES_ADDITIVE,152,17.0,26.5,0.8930059679248841,CALIBRATION_NULL
EMPIRICAL_BAYES_ADDITIVE,153,16.5,24.0,0.8992997712077414,CALIBRATION_NULL
EMPIRICAL_BAYES_ADDITIVE,154,16.5,25.0,0.9005119933544701,CALIBRATION_NULL
EMPIRICAL_BAYES_ADDITIVE,155,17.5,25.5,0.8947074235295633,CALIBRATION_NULL
EMPIRICAL_BAYES_ADDITIVE,156,17.0,24.0,0.9000572290918449,CALIBRATION_NULL
EMPIRICAL_BAYES_ADDITIVE,157,18.0,23.5,0.8968645221259502,CALIBRATION_NULL
EMPIRICAL_BAYES_ADDITIVE,158,17.0,28.0,0.893166451400853,CALIBRATION_NULL
EMPIRICAL_BAYES_ADDITIVE,159,18.0,23.5,0.8984894639473106,CALIBRATION_NULL
EMPIRICAL_BAYES_ADDITIVE,160,17.0,28.5,0.8954084214369795,CALIBRATION_NULL
EMPIRICAL_BAYES_ADDITIVE,161,17.0,25.5,0.9006145592320537,CALIBRATION_NULL
EMPIRICAL_BAYES_ADDITIVE,162,17.5,23.5,0.8974023670992389,CALIBRATION_NULL
EMPIRICAL_BAYES_ADDITIVE,163,16.5,23.0,0.9008233281347945,CALIBRATION_NULL
EMPIRICAL_BAYES_ADDITIVE,164,16.5,27.0,0.8937431370577882,CALIBRATION_NULL
EMPIRICAL_BAYES_ADDITIVE,165,17.0,30.0,0.8947707227863023,CALIBRATION_NULL
EMPIRICAL_BAYES_ADDITIVE,166,17.0,27.5,0.8994055993887891,CALIBRATION_NULL
EMPIRICAL_BAYES_ADDITIVE,167,18.0,27.5,0.9013959710772165,CALIBRATION_NULL
EMPIRICAL_BAYES_ADDITIVE,168,16.5,29.0,0.891800628151825,CALIBRATION_NULL
EMPIRICAL_BAYES_ADDITIVE,169,17.0,28.5,0.8960528179844255,CALIBRATION_NULL
EMPIRICAL_BAYES_ADDITIVE,170,18.5,27.5,0.8911713510637189,CALIBRATION_NULL
EMPIRICAL_BAYES_ADDITIVE,171,16.5,27.5,0.9002449888502464,CALIBRATION_NULL
EMPIRICAL_BAYES_ADDITIVE,172,18.0,24.5,0.8948606081458271,CALIBRATION_NULL
EMPIRICAL_BAYES_ADDITIVE,173,17.0,27.0,0.8974454526548561,CALIBRATION_NULL
EMPIRICAL_BAYES_ADDITIVE,174,16.0,25.5,0.9000632515804472,CALIBRATION_NULL
EMPIRICAL_BAYES_ADDITIVE,175,17.0,24.0,0.9055067336862037,CALIBRATION_NULL
EMPIRICAL_BAYES_ADDITIVE,176,17.5,26.5,0.8983609143622983,CALIBRATION_NULL
EMPIRICAL_BAYES_ADDITIVE,177,17.5,30.0,0.8953184225405043,CALIBRATION_NULL
EMPIRICAL_BAYES_ADDITIVE,178,16.0,29.5,0.898431230363784,CALIBRATION_NULL
EMPIRICAL_BAYES_ADDITIVE,179,18.0,27.5,0.8880339219886352,CALIBRATION_NULL
EMPIRICAL_BAYES_ADDITIVE,180,16.5,24.5,0.8982154087630916,CALIBRATION_NULL
EMPIRICAL_BAYES_ADDITIVE,181,16.5,27.0,0.8927776622927208,CALIBRATION_NULL
EMPIRICAL_BAYES_ADDITIVE,182,16.0,27.5,0.899256836304815,CALIBRATION_NULL
EMPIRICAL_BAYES_ADDITIVE,183,17.5,26.0,0.8917660872370408,CALIBRATION_NULL
EMPIRICAL_BAYES_ADDITIVE,184,17.5,29.0,0.893260121645897,CALIBRATION_NULL
EMPIRICAL_BAYES_ADDITIVE,185,17.5,26.5,0.8907915444670788,CALIBRATION_NULL
EMPIRICAL_BAYES_ADDITIVE,186,17.0,24.5,0.8982613463115565,CALIBRATION_NULL
EMPIRICAL_BAYES_ADDITIVE,187,17.5,26.5,0.8977933227868806,CALIBRATION_NULL
EMPIRICAL_BAYES_ADDITIVE,188,18.0,26.5,0.9002814897684843,CALIBRATION_NULL
EMPIRICAL_BAYES_ADDITIVE,189,16.5,28.0,0.9000286724529486,CALIBRATION_NULL
EMPIRICAL_BAYES_ADDITIVE,190,16.5,25.0,0.895254490389863,CALIBRATION_NULL
EMPIRICAL_BAYES_ADDITIVE,191,16.5,28.0,0.8952659224785248,CALIBRATION_NULL
EMPIRICAL_BAYES_ADDITIVE,192,18.5,30.0,0.890600643993064,CALIBRATION_NULL
EMPIRICAL_BAYES_ADDITIVE,193,17.5,24.5,0.8979439026179304,CALIBRATION_NULL
EMPIRICAL_BAYES_ADDITIVE,194,18.0,26.0,0.8939695507877677,CALIBRATION_NULL
EMPIRICAL_BAYES_ADDITIVE,195,17.0,25.5,0.8989251013393694,CALIBRATION_NULL
EMPIRICAL_BAYES_ADDITIVE,196,18.0,24.5,0.8891942487426839,CALIBRATION_NULL
EMPIRICAL_BAYES_ADDITIVE,197,18.0,25.0,0.8921504332015747,CALIBRATION_NULL
EMPIRICAL_BAYES_ADDITIVE,198,17.5,28.0,0.8955674681741799,CALIBRATION_NULL
EMPIRICAL_BAYES_ADDITIVE,199,17.5,25.0,0.9033950707700416,CALIBRATION_NULL
SUBJECT_SIZE_ONLY,0,16.5,23.0,0.9070225320316918,CALIBRATION_NULL
SUBJECT_SIZE_ONLY,1,16.5,28.5,0.896703690914133,CALIBRATION_NULL
SUBJECT_SIZE_ONLY,2,16.0,26.5,0.9025343556594434,CALIBRATION_NULL
SUBJECT_SIZE_ONLY,3,16.5,24.0,0.9060543846517841,CALIBRATION_NULL
SUBJECT_SIZE_ONLY,4,16.0,23.0,0.9093116823436831,CALIBRATION_NULL
SUBJECT_SIZE_ONLY,5,15.5,24.0,0.9064258132280048,CALIBRATION_NULL
SUBJECT_SIZE_ONLY,6,17.0,24.0,0.9051085363100391,CALIBRATION_NULL
SUBJECT_SIZE_ONLY,7,17.0,25.0,0.9060327892191722,CALIBRATION_NULL
SUBJECT_SIZE_ONLY,8,17.0,24.0,0.9068145710534754,CALIBRATION_NULL
SUBJECT_SIZE_ONLY,9,16.5,24.5,0.9086864712879529,CALIBRATION_NULL
SUBJECT_SIZE_ONLY,10,17.5,25.5,0.9026937077444168,CALIBRATION_NULL
SUBJECT_SIZE_ONLY,11,16.5,25.5,0.9171942651884301,CALIBRATION_NULL
SUBJECT_SIZE_ONLY,12,16.5,26.5,0.9009362641359415,CALIBRATION_NULL
SUBJECT_SIZE_ONLY,13,15.5,25.0,0.9114967361073676,CALIBRATION_NULL
SUBJECT_SIZE_ONLY,14,17.0,24.5,0.9046047211878262,CALIBRATION_NULL
SUBJECT_SIZE_ONLY,15,18.5,24.0,0.9066024223025069,CALIBRATION_NULL
SUBJECT_SIZE_ONLY,16,17.0,26.0,0.8966342217093917,CALIBRATION_NULL
SUBJECT_SIZE_ONLY,17,17.5,30.5,0.9042027534729569,CALIBRATION_NULL
SUBJECT_SIZE_ONLY,18,16.0,28.0,0.9060969954659455,CALIBRATION_NULL
SUBJECT_SIZE_ONLY,19,16.5,31.0,0.9062028985615749,CALIBRATION_NULL
SUBJECT_SIZE_ONLY,20,15.5,25.5,0.9076307250323435,CALIBRATION_NULL
SUBJECT_SIZE_ONLY,21,16.5,26.5,0.9046251846170886,CALIBRATION_NULL
SUBJECT_SIZE_ONLY,22,16.0,23.5,0.9062588164448775,CALIBRATION_NULL
SUBJECT_SIZE_ONLY,23,16.0,24.5,0.90828994187897,CALIBRATION_NULL
SUBJECT_SIZE_ONLY,24,16.0,25.5,0.9063686179671713,CALIBRATION_NULL
SUBJECT_SIZE_ONLY,25,16.5,25.0,0.9046252073029021,CALIBRATION_NULL
SUBJECT_SIZE_ONLY,26,16.5,24.0,0.9054898453062938,CALIBRATION_NULL
SUBJECT_SIZE_ONLY,27,16.0,30.0,0.9050151593324783,CALIBRATION_NULL
SUBJECT_SIZE_ONLY,28,16.5,26.5,0.9074118008307407,CALIBRATION_NULL
SUBJECT_SIZE_ONLY,29,16.0,25.0,0.9021325731407996,CALIBRATION_NULL
SUBJECT_SIZE_ONLY,30,17.0,24.5,0.9021418019873179,CALIBRATION_NULL
SUBJECT_SIZE_ONLY,31,15.5,23.5,0.9088228376495807,CALIBRATION_NULL
SUBJECT_SIZE_ONLY,32,17.0,24.5,0.9048181432226037,CALIBRATION_NULL
SUBJECT_SIZE_ONLY,33,15.5,23.5,0.901786338391355,CALIBRATION_NULL
SUBJECT_SIZE_ONLY,34,16.0,23.5,0.907897154193787,CALIBRATION_NULL
SUBJECT_SIZE_ONLY,35,16.0,26.5,0.9132298058743955,CALIBRATION_NULL
SUBJECT_SIZE_ONLY,36,16.5,26.0,0.9066538215921733,CALIBRATION_NULL
SUBJECT_SIZE_ONLY,37,17.0,24.0,0.9076594243383035,CALIBRATION_NULL
SUBJECT_SIZE_ONLY,38,17.5,27.0,0.9035432088414026,CALIBRATION_NULL
SUBJECT_SIZE_ONLY,39,17.5,26.5,0.9013710120894983,CALIBRATION_NULL
SUBJECT_SIZE_ONLY,40,18.0,22.5,0.9046571489538249,CALIBRATION_NULL
SUBJECT_SIZE_ONLY,41,17.5,23.5,0.9050669948692154,CALIBRATION_NULL
SUBJECT_SIZE_ONLY,42,16.0,25.0,0.9104967617682319,CALIBRATION_NULL
SUBJECT_SIZE_ONLY,43,17.5,26.5,0.9020756887988378,CALIBRATION_NULL
SUBJECT_SIZE_ONLY,44,17.5,25.5,0.8999445461944986,CALIBRATION_NULL
SUBJECT_SIZE_ONLY,45,16.0,25.5,0.9037314996648402,CALIBRATION_NULL
SUBJECT_SIZE_ONLY,46,17.0,24.5,0.9042897520207671,CALIBRATION_NULL
SUBJECT_SIZE_ONLY,47,16.5,25.0,0.9044258353355884,CALIBRATION_NULL
SUBJECT_SIZE_ONLY,48,17.5,24.0,0.9029436243318633,CALIBRATION_NULL
SUBJECT_SIZE_ONLY,49,17.0,25.0,0.9013937013490337,CALIBRATION_NULL
SUBJECT_SIZE_ONLY,50,17.0,26.5,0.9055727177974918,CALIBRATION_NULL
SUBJECT_SIZE_ONLY,51,16.5,30.0,0.9000389250740054,CALIBRATION_NULL
SUBJECT_SIZE_ONLY,52,15.0,24.5,0.9049801742009757,CALIBRATION_NULL
SUBJECT_SIZE_ONLY,53,16.0,28.0,0.9090520833859662,CALIBRATION_NULL
SUBJECT_SIZE_ONLY,54,16.0,22.5,0.9057011617470148,CALIBRATION_NULL
SUBJECT_SIZE_ONLY,55,17.0,26.0,0.9049206813522714,CALIBRATION_NULL
SUBJECT_SIZE_ONLY,56,16.5,25.5,0.9077255197689027,CALIBRATION_NULL
SUBJECT_SIZE_ONLY,57,16.0,23.0,0.9094647687424137,CALIBRATION_NULL
SUBJECT_SIZE_ONLY,58,17.0,25.0,0.9028541936015191,CALIBRATION_NULL
SUBJECT_SIZE_ONLY,59,16.0,25.5,0.909898123733846,CALIBRATION_NULL
SUBJECT_SIZE_ONLY,60,16.5,27.5,0.9066006106228971,CALIBRATION_NULL
SUBJECT_SIZE_ONLY,61,16.0,23.5,0.9048905431797745,CALIBRATION_NULL
SUBJECT_SIZE_ONLY,62,17.5,26.5,0.9026593320584871,CALIBRATION_NULL
SUBJECT_SIZE_ONLY,63,16.0,22.0,0.90616,CALIBRATION_NULL
SUBJECT_SIZE_ONLY,64,17.0,23.0,0.906148881546587,CALIBRATION_NULL
SUBJECT_SIZE_ONLY,65,17.0,27.0,0.9045044063729463,CALIBRATION_NULL
SUBJECT_SIZE_ONLY,66,17.5,23.0,0.9022918361621393,CALIBRATION_NULL
SUBJECT_SIZE_ONLY,67,15.5,23.0,0.9000965612877201,CALIBRATION_NULL
SUBJECT_SIZE_ONLY,68,16.0,25.0,0.9061255640358816,CALIBRATION_NULL
SUBJECT_SIZE_ONLY,69,16.0,30.5,0.901802161998055,CALIBRATION_NULL
SUBJECT_SIZE_ONLY,70,17.5,28.0,0.90110512914386,CALIBRATION_NULL
SUBJECT_SIZE_ONLY,71,16.5,27.0,0.9029935907663864,CALIBRATION_NULL
SUBJECT_SIZE_ONLY,72,16.5,26.5,0.9075459016568338,CALIBRATION_NULL
SUBJECT_SIZE_ONLY,73,17.0,24.5,0.9016263028176857,CALIBRATION_NULL
SUBJECT_SIZE_ONLY,74,17.5,27.5,0.8952557623917715,CALIBRATION_NULL
SUBJECT_SIZE_ONLY,75,16.0,26.5,0.9019153430409771,CALIBRATION_NULL
SUBJECT_SIZE_ONLY,76,15.5,30.0,0.9039757847074839,CALIBRATION_NULL
SUBJECT_SIZE_ONLY,77,17.0,27.5,0.9045421866767187,CALIBRATION_NULL
SUBJECT_SIZE_ONLY,78,17.5,23.0,0.9062539236227536,CALIBRATION_NULL
SUBJECT_SIZE_ONLY,79,17.0,26.5,0.9076688714918263,CALIBRATION_NULL
SUBJECT_SIZE_ONLY,80,16.0,27.0,0.9122471984244076,CALIBRATION_NULL
SUBJECT_SIZE_ONLY,81,15.0,26.0,0.9118870381291607,CALIBRATION_NULL
SUBJECT_SIZE_ONLY,82,16.5,25.5,0.901156664881433,CALIBRATION_NULL
SUBJECT_SIZE_ONLY,83,17.0,25.0,0.9030781724640617,CALIBRATION_NULL
SUBJECT_SIZE_ONLY,84,16.0,26.5,0.9019669830354401,CALIBRATION_NULL
SUBJECT_SIZE_ONLY,85,15.5,27.5,0.9091335770183255,CALIBRATION_NULL
SUBJECT_SIZE_ONLY,86,17.0,23.5,0.9014235963274708,CALIBRATION_NULL
SUBJECT_SIZE_ONLY,87,17.5,23.0,0.9034279764645508,CALIBRATION_NULL
SUBJECT_SIZE_ONLY,88,17.0,24.5,0.9081020503368583,CALIBRATION_NULL
SUBJECT_SIZE_ONLY,89,18.0,27.0,0.9014404000991114,CALIBRATION_NULL
SUBJECT_SIZE_ONLY,90,17.5,25.0,0.9031872967380751,CALIBRATION_NULL
SUBJECT_SIZE_ONLY,91,17.0,25.0,0.9063842849809378,CALIBRATION_NULL
SUBJECT_SIZE_ONLY,92,16.5,28.0,0.9018718498747482,CALIBRATION_NULL
SUBJECT_SIZE_ONLY,93,16.5,25.0,0.9061422757843498,CALIBRATION_NULL
SUBJECT_SIZE_ONLY,94,17.0,24.0,0.9060505324997908,CALIBRATION_NULL
SUBJECT_SIZE_ONLY,95,15.5,24.0,0.9101624073536686,CALIBRATION_NULL
SUBJECT_SIZE_ONLY,96,17.0,27.5,0.9029614963514182,CALIBRATION_NULL
SUBJECT_SIZE_ONLY,97,17.0,24.5,0.9028299005813956,CALIBRATION_NULL
SUBJECT_SIZE_ONLY,98,17.0,26.5,0.9057509144655942,CALIBRATION_NULL
SUBJECT_SIZE_ONLY,99,16.0,26.0,0.9020683938723907,CALIBRATION_NULL
SUBJECT_SIZE_ONLY,100,17.5,27.0,0.8993683092473022,CALIBRATION_NULL
SUBJECT_SIZE_ONLY,101,16.5,27.0,0.9032552077362518,CALIBRATION_NULL
SUBJECT_SIZE_ONLY,102,16.5,25.5,0.9113055229892888,CALIBRATION_NULL
SUBJECT_SIZE_ONLY,103,17.5,24.0,0.9053213853760866,CALIBRATION_NULL
SUBJECT_SIZE_ONLY,104,15.5,25.0,0.9092194042190042,CALIBRATION_NULL
SUBJECT_SIZE_ONLY,105,17.0,23.5,0.9117697815643864,CALIBRATION_NULL
SUBJECT_SIZE_ONLY,106,16.0,25.0,0.9083066891548275,CALIBRATION_NULL
SUBJECT_SIZE_ONLY,107,17.0,27.5,0.9059333102319462,CALIBRATION_NULL
SUBJECT_SIZE_ONLY,108,16.0,23.0,0.9033871698289295,CALIBRATION_NULL
SUBJECT_SIZE_ONLY,109,15.5,24.0,0.9052092760281559,CALIBRATION_NULL
SUBJECT_SIZE_ONLY,110,15.5,22.5,0.9099731774472468,CALIBRATION_NULL
SUBJECT_SIZE_ONLY,111,16.0,28.0,0.9053604870162784,CALIBRATION_NULL
SUBJECT_SIZE_ONLY,112,17.5,26.5,0.9041310701686068,CALIBRATION_NULL
SUBJECT_SIZE_ONLY,113,17.5,27.0,0.8989488744897327,CALIBRATION_NULL
SUBJECT_SIZE_ONLY,114,16.5,24.0,0.9050317260264981,CALIBRATION_NULL
SUBJECT_SIZE_ONLY,115,15.5,27.0,0.9055304334805719,CALIBRATION_NULL
SUBJECT_SIZE_ONLY,116,18.0,29.0,0.9047959994922327,CALIBRATION_NULL
SUBJECT_SIZE_ONLY,117,16.0,25.0,0.9117142082583453,CALIBRATION_NULL
SUBJECT_SIZE_ONLY,118,14.5,24.5,0.9082364858590319,CALIBRATION_NULL
SUBJECT_SIZE_ONLY,119,17.0,24.5,0.903526897105344,CALIBRATION_NULL
SUBJECT_SIZE_ONLY,120,17.5,27.0,0.9054819207596656,CALIBRATION_NULL
SUBJECT_SIZE_ONLY,121,15.5,24.5,0.9113013103956314,CALIBRATION_NULL
SUBJECT_SIZE_ONLY,122,17.0,27.0,0.8975026269543847,CALIBRATION_NULL
SUBJECT_SIZE_ONLY,123,16.0,28.5,0.9072271066768381,CALIBRATION_NULL
SUBJECT_SIZE_ONLY,124,15.0,23.0,0.9108120179555702,CALIBRATION_NULL
SUBJECT_SIZE_ONLY,125,15.5,25.0,0.9099680076430796,CALIBRATION_NULL
SUBJECT_SIZE_ONLY,126,15.0,24.0,0.9129501958881,CALIBRATION_NULL
SUBJECT_SIZE_ONLY,127,17.5,25.5,0.8982659525719047,CALIBRATION_NULL
SUBJECT_SIZE_ONLY,128,15.0,25.0,0.9136427044282945,CALIBRATION_NULL
SUBJECT_SIZE_ONLY,129,17.0,24.5,0.9076842435326401,CALIBRATION_NULL
SUBJECT_SIZE_ONLY,130,16.5,25.0,0.9077134312138876,CALIBRATION_NULL
SUBJECT_SIZE_ONLY,131,17.0,26.0,0.9006255308316905,CALIBRATION_NULL
SUBJECT_SIZE_ONLY,132,15.5,28.5,0.9059167780483545,CALIBRATION_NULL
SUBJECT_SIZE_ONLY,133,16.5,27.5,0.9034965133994782,CALIBRATION_NULL
SUBJECT_SIZE_ONLY,134,15.0,27.0,0.9111389707370678,CALIBRATION_NULL
SUBJECT_SIZE_ONLY,135,16.0,25.0,0.908579830883813,CALIBRATION_NULL
SUBJECT_SIZE_ONLY,136,15.5,22.5,0.910650204741629,CALIBRATION_NULL
SUBJECT_SIZE_ONLY,137,16.5,24.0,0.9060570057996246,CALIBRATION_NULL
SUBJECT_SIZE_ONLY,138,17.0,23.5,0.9084503009235259,CALIBRATION_NULL
SUBJECT_SIZE_ONLY,139,15.5,24.5,0.905707198042405,CALIBRATION_NULL
SUBJECT_SIZE_ONLY,140,17.5,26.5,0.89664004970911,CALIBRATION_NULL
SUBJECT_SIZE_ONLY,141,16.0,27.0,0.9085610323091812,CALIBRATION_NULL
SUBJECT_SIZE_ONLY,142,17.5,25.5,0.9013616601976624,CALIBRATION_NULL
SUBJECT_SIZE_ONLY,143,16.5,28.5,0.9045190291099068,CALIBRATION_NULL
SUBJECT_SIZE_ONLY,144,17.0,23.0,0.9050274684500715,CALIBRATION_NULL
SUBJECT_SIZE_ONLY,145,16.0,25.5,0.9070884684071971,CALIBRATION_NULL
SUBJECT_SIZE_ONLY,146,18.0,25.5,0.9023170315477645,CALIBRATION_NULL
SUBJECT_SIZE_ONLY,147,16.0,25.0,0.9082612275776218,CALIBRATION_NULL
SUBJECT_SIZE_ONLY,148,17.0,28.5,0.9107273118855974,CALIBRATION_NULL
SUBJECT_SIZE_ONLY,149,17.0,25.5,0.9023902526889539,CALIBRATION_NULL
SUBJECT_SIZE_ONLY,150,17.5,25.5,0.8966595688173519,CALIBRATION_NULL
SUBJECT_SIZE_ONLY,151,15.5,26.5,0.9072297731513972,CALIBRATION_NULL
SUBJECT_SIZE_ONLY,152,15.0,25.5,0.9061722946845392,CALIBRATION_NULL
SUBJECT_SIZE_ONLY,153,16.5,24.5,0.9081305762962513,CALIBRATION_NULL
SUBJECT_SIZE_ONLY,154,17.5,23.0,0.9052108268077784,CALIBRATION_NULL
SUBJECT_SIZE_ONLY,155,17.0,23.0,0.9022605940412224,CALIBRATION_NULL
SUBJECT_SIZE_ONLY,156,16.0,23.5,0.9092730216606864,CALIBRATION_NULL
SUBJECT_SIZE_ONLY,157,16.5,24.0,0.9085751859939052,CALIBRATION_NULL
SUBJECT_SIZE_ONLY,158,17.0,27.0,0.9047468825599949,CALIBRATION_NULL
SUBJECT_SIZE_ONLY,159,15.5,24.5,0.9098178490982823,CALIBRATION_NULL
SUBJECT_SIZE_ONLY,160,16.5,23.5,0.9103164467414714,CALIBRATION_NULL
SUBJECT_SIZE_ONLY,161,15.5,26.5,0.9085599982007866,CALIBRATION_NULL
SUBJECT_SIZE_ONLY,162,18.0,25.5,0.899262571075974,CALIBRATION_NULL
SUBJECT_SIZE_ONLY,163,17.5,25.0,0.8982605302725538,CALIBRATION_NULL
SUBJECT_SIZE_ONLY,164,14.0,24.0,0.9075202460821641,CALIBRATION_NULL
SUBJECT_SIZE_ONLY,165,15.0,25.0,0.9080785589494696,CALIBRATION_NULL
SUBJECT_SIZE_ONLY,166,16.0,25.0,0.9122716863301181,CALIBRATION_NULL
SUBJECT_SIZE_ONLY,167,15.5,25.5,0.9080826690006781,CALIBRATION_NULL
SUBJECT_SIZE_ONLY,168,17.5,25.0,0.901302825289207,CALIBRATION_NULL
SUBJECT_SIZE_ONLY,169,16.5,25.0,0.9071447983922303,CALIBRATION_NULL
SUBJECT_SIZE_ONLY,170,17.0,24.0,0.902553654762796,CALIBRATION_NULL
SUBJECT_SIZE_ONLY,171,16.0,24.0,0.9093498736761509,CALIBRATION_NULL
SUBJECT_SIZE_ONLY,172,16.0,25.0,0.9070274480664726,CALIBRATION_NULL
SUBJECT_SIZE_ONLY,173,17.5,24.5,0.9025500763310158,CALIBRATION_NULL
SUBJECT_SIZE_ONLY,174,16.5,22.5,0.9048709325123216,CALIBRATION_NULL
SUBJECT_SIZE_ONLY,175,17.0,22.0,0.9064738063233876,CALIBRATION_NULL
SUBJECT_SIZE_ONLY,176,16.5,24.5,0.9053200692756623,CALIBRATION_NULL
SUBJECT_SIZE_ONLY,177,17.0,27.0,0.9067249995898067,CALIBRATION_NULL
SUBJECT_SIZE_ONLY,178,16.5,25.5,0.907192519244719,CALIBRATION_NULL
SUBJECT_SIZE_ONLY,179,15.5,24.5,0.9047760227356777,CALIBRATION_NULL
SUBJECT_SIZE_ONLY,180,16.0,27.5,0.9124484848382765,CALIBRATION_NULL
SUBJECT_SIZE_ONLY,181,17.0,24.5,0.9053541124461905,CALIBRATION_NULL
SUBJECT_SIZE_ONLY,182,17.0,28.5,0.9046561009268941,CALIBRATION_NULL
SUBJECT_SIZE_ONLY,183,16.5,28.5,0.899743490975891,CALIBRATION_NULL
SUBJECT_SIZE_ONLY,184,16.5,25.0,0.9044223206286256,CALIBRATION_NULL
SUBJECT_SIZE_ONLY,185,17.0,28.5,0.9050706426290193,CALIBRATION_NULL
SUBJECT_SIZE_ONLY,186,16.5,25.5,0.8982073892915006,CALIBRATION_NULL
SUBJECT_SIZE_ONLY,187,17.5,23.5,0.9015769344756134,CALIBRATION_NULL
SUBJECT_SIZE_ONLY,188,16.5,22.0,0.9070104883369903,CALIBRATION_NULL
SUBJECT_SIZE_ONLY,189,17.0,23.5,0.9047593739005457,CALIBRATION_NULL
SUBJECT_SIZE_ONLY,190,16.5,28.0,0.8997784155820391,CALIBRATION_NULL
SUBJECT_SIZE_ONLY,191,17.0,27.0,0.9001451596291165,CALIBRATION_NULL
SUBJECT_SIZE_ONLY,192,17.0,25.0,0.8963778182989433,CALIBRATION_NULL
SUBJECT_SIZE_ONLY,193,16.5,28.0,0.90487934063981,CALIBRATION_NULL
SUBJECT_SIZE_ONLY,194,17.0,24.0,0.9081706333783384,CALIBRATION_NULL
SUBJECT_SIZE_ONLY,195,17.0,29.5,0.9027100278864059,CALIBRATION_NULL
SUBJECT_SIZE_ONLY,196,17.0,25.5,0.8996736375739551,CALIBRATION_NULL
SUBJECT_SIZE_ONLY,197,17.5,27.0,0.904046411973265,CALIBRATION_NULL
SUBJECT_SIZE_ONLY,198,16.5,27.5,0.903493236949072,CALIBRATION_NULL
SUBJECT_SIZE_ONLY,199,16.5,24.5,0.9026936104439481,CALIBRATION_NULL
FIXED_MARGIN_PERMUTATION,0,17.0,27.0,0.9027291439614409,CALIBRATION_NULL
FIXED_MARGIN_PERMUTATION,1,17.0,24.0,0.903286180978638,CALIBRATION_NULL
FIXED_MARGIN_PERMUTATION,2,15.5,27.0,0.9089461069640661,CALIBRATION_NULL
FIXED_MARGIN_PERMUTATION,3,15.0,26.0,0.9107491880453777,CALIBRATION_NULL
FIXED_MARGIN_PERMUTATION,4,16.5,24.5,0.9065449932416129,CALIBRATION_NULL
FIXED_MARGIN_PERMUTATION,5,16.0,28.5,0.9102234823928271,CALIBRATION_NULL
FIXED_MARGIN_PERMUTATION,6,17.0,25.5,0.9071367935968955,CALIBRATION_NULL
FIXED_MARGIN_PERMUTATION,7,17.0,29.0,0.9027092650684889,CALIBRATION_NULL
FIXED_MARGIN_PERMUTATION,8,18.0,31.5,0.9024926824559376,CALIBRATION_NULL
FIXED_MARGIN_PERMUTATION,9,16.0,24.0,0.9083637610341158,CALIBRATION_NULL
FIXED_MARGIN_PERMUTATION,10,16.0,25.5,0.9005128732060621,CALIBRATION_NULL
FIXED_MARGIN_PERMUTATION,11,16.0,24.0,0.9034806018770427,CALIBRATION_NULL
FIXED_MARGIN_PERMUTATION,12,15.5,27.0,0.9054073478481558,CALIBRATION_NULL
FIXED_MARGIN_PERMUTATION,13,17.0,24.0,0.9055319140440747,CALIBRATION_NULL
FIXED_MARGIN_PERMUTATION,14,16.0,23.0,0.9072166289360413,CALIBRATION_NULL
FIXED_MARGIN_PERMUTATION,15,17.0,27.0,0.9047165269410347,CALIBRATION_NULL
FIXED_MARGIN_PERMUTATION,16,16.5,28.0,0.9036471889919897,CALIBRATION_NULL
FIXED_MARGIN_PERMUTATION,17,18.0,22.5,0.899121808782299,CALIBRATION_NULL
FIXED_MARGIN_PERMUTATION,18,16.0,24.5,0.9084248799744344,CALIBRATION_NULL
FIXED_MARGIN_PERMUTATION,19,16.5,29.5,0.903086790330437,CALIBRATION_NULL
FIXED_MARGIN_PERMUTATION,20,16.5,21.5,0.9123491127933634,CALIBRATION_NULL
FIXED_MARGIN_PERMUTATION,21,17.5,25.5,0.9014920579634522,CALIBRATION_NULL
FIXED_MARGIN_PERMUTATION,22,16.0,25.0,0.9073587863092705,CALIBRATION_NULL
FIXED_MARGIN_PERMUTATION,23,16.5,25.5,0.9025043672481345,CALIBRATION_NULL
FIXED_MARGIN_PERMUTATION,24,16.0,24.0,0.9102022253249008,CALIBRATION_NULL
FIXED_MARGIN_PERMUTATION,25,16.5,23.5,0.9023109237144126,CALIBRATION_NULL
FIXED_MARGIN_PERMUTATION,26,17.0,26.0,0.8978622387059433,CALIBRATION_NULL
FIXED_MARGIN_PERMUTATION,27,18.0,25.5,0.9064369072747471,CALIBRATION_NULL
FIXED_MARGIN_PERMUTATION,28,15.5,23.5,0.9067271140075592,CALIBRATION_NULL
FIXED_MARGIN_PERMUTATION,29,17.5,27.5,0.8989755022250502,CALIBRATION_NULL
FIXED_MARGIN_PERMUTATION,30,15.0,25.5,0.9095346363433362,CALIBRATION_NULL
FIXED_MARGIN_PERMUTATION,31,16.5,29.5,0.9097393136227668,CALIBRATION_NULL
FIXED_MARGIN_PERMUTATION,32,17.0,23.5,0.9017877833546137,CALIBRATION_NULL
FIXED_MARGIN_PERMUTATION,33,15.5,24.5,0.9072615573409846,CALIBRATION_NULL
FIXED_MARGIN_PERMUTATION,34,17.5,24.5,0.9067624440863057,CALIBRATION_NULL
FIXED_MARGIN_PERMUTATION,35,18.0,24.5,0.9014560962737278,CALIBRATION_NULL
FIXED_MARGIN_PERMUTATION,36,17.5,28.0,0.9031344464471268,CALIBRATION_NULL
FIXED_MARGIN_PERMUTATION,37,16.5,27.0,0.902370996110074,CALIBRATION_NULL
FIXED_MARGIN_PERMUTATION,38,16.5,22.0,0.9060320961146572,CALIBRATION_NULL
FIXED_MARGIN_PERMUTATION,39,16.5,26.0,0.9037063056642903,CALIBRATION_NULL
FIXED_MARGIN_PERMUTATION,40,16.0,31.5,0.9058460483252981,CALIBRATION_NULL
FIXED_MARGIN_PERMUTATION,41,18.0,23.5,0.9076398270206657,CALIBRATION_NULL
FIXED_MARGIN_PERMUTATION,42,17.5,26.5,0.8982603756225049,CALIBRATION_NULL
FIXED_MARGIN_PERMUTATION,43,15.5,27.0,0.911274822981588,CALIBRATION_NULL
FIXED_MARGIN_PERMUTATION,44,15.0,25.0,0.9084185433266558,CALIBRATION_NULL
FIXED_MARGIN_PERMUTATION,45,17.5,24.0,0.9033072065698704,CALIBRATION_NULL
FIXED_MARGIN_PERMUTATION,46,16.5,23.0,0.906110155976368,CALIBRATION_NULL
FIXED_MARGIN_PERMUTATION,47,15.5,24.0,0.913000406812871,CALIBRATION_NULL
FIXED_MARGIN_PERMUTATION,48,16.5,28.0,0.9019880208468347,CALIBRATION_NULL
FIXED_MARGIN_PERMUTATION,49,17.0,25.0,0.9020163834371598,CALIBRATION_NULL
FIXED_MARGIN_PERMUTATION,50,16.0,24.5,0.9038494686232867,CALIBRATION_NULL
FIXED_MARGIN_PERMUTATION,51,16.0,24.0,0.9046029274517022,CALIBRATION_NULL
FIXED_MARGIN_PERMUTATION,52,18.0,28.5,0.9021026004221946,CALIBRATION_NULL
FIXED_MARGIN_PERMUTATION,53,17.0,26.5,0.9057637987389743,CALIBRATION_NULL
FIXED_MARGIN_PERMUTATION,54,16.0,23.5,0.9019538594507348,CALIBRATION_NULL
FIXED_MARGIN_PERMUTATION,55,16.0,26.5,0.8976012253012811,CALIBRATION_NULL
FIXED_MARGIN_PERMUTATION,56,17.0,24.5,0.9033367054189831,CALIBRATION_NULL
FIXED_MARGIN_PERMUTATION,57,16.0,24.0,0.9007288852588788,CALIBRATION_NULL
FIXED_MARGIN_PERMUTATION,58,16.5,26.0,0.9099611624576309,CALIBRATION_NULL
FIXED_MARGIN_PERMUTATION,59,16.0,24.5,0.9115210432547735,CALIBRATION_NULL
FIXED_MARGIN_PERMUTATION,60,16.5,23.0,0.9116083157516683,CALIBRATION_NULL
FIXED_MARGIN_PERMUTATION,61,16.5,28.5,0.9068637598049033,CALIBRATION_NULL
FIXED_MARGIN_PERMUTATION,62,17.0,26.0,0.9060510535981098,CALIBRATION_NULL
FIXED_MARGIN_PERMUTATION,63,16.5,25.5,0.9065027267482735,CALIBRATION_NULL
FIXED_MARGIN_PERMUTATION,64,16.0,24.0,0.9079060202353739,CALIBRATION_NULL
FIXED_MARGIN_PERMUTATION,65,17.5,24.0,0.9034599673244667,CALIBRATION_NULL
FIXED_MARGIN_PERMUTATION,66,16.5,23.5,0.9019416712826673,CALIBRATION_NULL
FIXED_MARGIN_PERMUTATION,67,18.0,27.0,0.9032673655614188,CALIBRATION_NULL
FIXED_MARGIN_PERMUTATION,68,17.0,22.5,0.908664860321052,CALIBRATION_NULL
FIXED_MARGIN_PERMUTATION,69,16.5,27.0,0.9082003883969,CALIBRATION_NULL
FIXED_MARGIN_PERMUTATION,70,16.5,25.5,0.9038005572210138,CALIBRATION_NULL
FIXED_MARGIN_PERMUTATION,71,15.0,23.0,0.9170029159699297,CALIBRATION_NULL
FIXED_MARGIN_PERMUTATION,72,16.0,24.5,0.9074856026307367,CALIBRATION_NULL
FIXED_MARGIN_PERMUTATION,73,17.0,26.0,0.9077044264972884,CALIBRATION_NULL
FIXED_MARGIN_PERMUTATION,74,18.0,27.5,0.9044055430795171,CALIBRATION_NULL
FIXED_MARGIN_PERMUTATION,75,16.5,31.0,0.9047982359129538,CALIBRATION_NULL
FIXED_MARGIN_PERMUTATION,76,18.0,24.5,0.8986775891129927,CALIBRATION_NULL
FIXED_MARGIN_PERMUTATION,77,17.0,26.5,0.9032136311432084,CALIBRATION_NULL
FIXED_MARGIN_PERMUTATION,78,15.5,24.5,0.906639192146804,CALIBRATION_NULL
FIXED_MARGIN_PERMUTATION,79,16.5,25.0,0.9048165623064077,CALIBRATION_NULL
FIXED_MARGIN_PERMUTATION,80,16.5,26.0,0.9085733659968647,CALIBRATION_NULL
FIXED_MARGIN_PERMUTATION,81,16.0,24.5,0.9029640644032454,CALIBRATION_NULL
FIXED_MARGIN_PERMUTATION,82,16.5,28.0,0.9031254995644079,CALIBRATION_NULL
FIXED_MARGIN_PERMUTATION,83,16.5,24.0,0.9026123517871965,CALIBRATION_NULL
FIXED_MARGIN_PERMUTATION,84,16.0,25.0,0.9074235102530034,CALIBRATION_NULL
FIXED_MARGIN_PERMUTATION,85,16.0,24.5,0.9065719820535059,CALIBRATION_NULL
FIXED_MARGIN_PERMUTATION,86,17.5,26.0,0.8993202589156538,CALIBRATION_NULL
FIXED_MARGIN_PERMUTATION,87,18.0,27.0,0.9015727493261539,CALIBRATION_NULL
FIXED_MARGIN_PERMUTATION,88,16.5,27.0,0.9060355131837844,CALIBRATION_NULL
FIXED_MARGIN_PERMUTATION,89,17.0,25.0,0.9063510749563845,CALIBRATION_NULL
FIXED_MARGIN_PERMUTATION,90,17.0,27.5,0.9001996159290823,CALIBRATION_NULL
FIXED_MARGIN_PERMUTATION,91,16.5,22.5,0.9017345228847917,CALIBRATION_NULL
FIXED_MARGIN_PERMUTATION,92,17.0,26.0,0.9046730576516858,CALIBRATION_NULL
FIXED_MARGIN_PERMUTATION,93,16.5,25.0,0.9038409424091771,CALIBRATION_NULL
FIXED_MARGIN_PERMUTATION,94,16.5,22.5,0.9054155504275526,CALIBRATION_NULL
FIXED_MARGIN_PERMUTATION,95,17.0,23.5,0.9053085672415325,CALIBRATION_NULL
FIXED_MARGIN_PERMUTATION,96,18.0,22.5,0.9041854841577469,CALIBRATION_NULL
FIXED_MARGIN_PERMUTATION,97,17.5,25.0,0.9063598187360654,CALIBRATION_NULL
FIXED_MARGIN_PERMUTATION,98,16.5,29.0,0.9112468402639391,CALIBRATION_NULL
FIXED_MARGIN_PERMUTATION,99,17.5,24.5,0.9073419056175289,CALIBRATION_NULL
FIXED_MARGIN_PERMUTATION,100,16.0,29.5,0.910154995683768,CALIBRATION_NULL
FIXED_MARGIN_PERMUTATION,101,17.0,26.5,0.9059371298496424,CALIBRATION_NULL
FIXED_MARGIN_PERMUTATION,102,17.0,25.0,0.9048571455662147,CALIBRATION_NULL
FIXED_MARGIN_PERMUTATION,103,16.0,27.5,0.9054058572947355,CALIBRATION_NULL
FIXED_MARGIN_PERMUTATION,104,16.5,28.0,0.9047402753990046,CALIBRATION_NULL
FIXED_MARGIN_PERMUTATION,105,17.0,26.5,0.9041152511337256,CALIBRATION_NULL
FIXED_MARGIN_PERMUTATION,106,16.5,28.5,0.90026585329588,CALIBRATION_NULL
FIXED_MARGIN_PERMUTATION,107,17.0,25.5,0.9049781040610266,CALIBRATION_NULL
FIXED_MARGIN_PERMUTATION,108,18.5,29.0,0.8969826730088859,CALIBRATION_NULL
FIXED_MARGIN_PERMUTATION,109,17.0,23.5,0.9010037741158077,CALIBRATION_NULL
FIXED_MARGIN_PERMUTATION,110,17.0,25.0,0.9070022833383432,CALIBRATION_NULL
FIXED_MARGIN_PERMUTATION,111,16.0,25.5,0.9065156793512132,CALIBRATION_NULL
FIXED_MARGIN_PERMUTATION,112,18.5,26.0,0.8957209043889877,CALIBRATION_NULL
FIXED_MARGIN_PERMUTATION,113,16.5,23.5,0.9056901463527723,CALIBRATION_NULL
FIXED_MARGIN_PERMUTATION,114,16.5,25.0,0.9043897050020566,CALIBRATION_NULL
FIXED_MARGIN_PERMUTATION,115,15.0,23.0,0.9106917318542956,CALIBRATION_NULL
FIXED_MARGIN_PERMUTATION,116,15.5,23.5,0.9085767779571973,CALIBRATION_NULL
FIXED_MARGIN_PERMUTATION,117,17.5,26.0,0.9025336035517703,CALIBRATION_NULL
FIXED_MARGIN_PERMUTATION,118,15.0,24.5,0.9095691355338607,CALIBRATION_NULL
FIXED_MARGIN_PERMUTATION,119,16.5,26.5,0.9036920887030488,CALIBRATION_NULL
FIXED_MARGIN_PERMUTATION,120,17.5,23.5,0.9055139916807782,CALIBRATION_NULL
FIXED_MARGIN_PERMUTATION,121,17.0,22.0,0.9036710726676479,CALIBRATION_NULL
FIXED_MARGIN_PERMUTATION,122,15.5,25.0,0.9057974886771418,CALIBRATION_NULL
FIXED_MARGIN_PERMUTATION,123,16.0,24.5,0.905833994984706,CALIBRATION_NULL
FIXED_MARGIN_PERMUTATION,124,16.0,23.5,0.9054726535746214,CALIBRATION_NULL
FIXED_MARGIN_PERMUTATION,125,16.0,25.5,0.9104310359295286,CALIBRATION_NULL
FIXED_MARGIN_PERMUTATION,126,17.0,23.0,0.9059786000525939,CALIBRATION_NULL
FIXED_MARGIN_PERMUTATION,127,15.5,26.0,0.9108194206040049,CALIBRATION_NULL
FIXED_MARGIN_PERMUTATION,128,15.5,25.0,0.9042749535674902,CALIBRATION_NULL
FIXED_MARGIN_PERMUTATION,129,16.0,25.5,0.9027766496923602,CALIBRATION_NULL
FIXED_MARGIN_PERMUTATION,130,17.0,23.0,0.9068720019232984,CALIBRATION_NULL
FIXED_MARGIN_PERMUTATION,131,17.0,25.0,0.897878046764971,CALIBRATION_NULL
FIXED_MARGIN_PERMUTATION,132,18.0,24.5,0.9049952774689729,CALIBRATION_NULL
FIXED_MARGIN_PERMUTATION,133,15.0,22.5,0.909813028230759,CALIBRATION_NULL
FIXED_MARGIN_PERMUTATION,134,16.5,24.5,0.9032794246285651,CALIBRATION_NULL
FIXED_MARGIN_PERMUTATION,135,16.0,24.0,0.9056619093423608,CALIBRATION_NULL
FIXED_MARGIN_PERMUTATION,136,15.5,24.5,0.9083426662687359,CALIBRATION_NULL
FIXED_MARGIN_PERMUTATION,137,16.5,25.5,0.9018387020501005,CALIBRATION_NULL
FIXED_MARGIN_PERMUTATION,138,16.5,24.0,0.9038891863784988,CALIBRATION_NULL
FIXED_MARGIN_PERMUTATION,139,16.0,25.0,0.9094716840748964,CALIBRATION_NULL
FIXED_MARGIN_PERMUTATION,140,16.0,24.5,0.9069862049000258,CALIBRATION_NULL
FIXED_MARGIN_PERMUTATION,141,17.0,29.0,0.9063787623763951,CALIBRATION_NULL
FIXED_MARGIN_PERMUTATION,142,16.5,27.5,0.9052216378428289,CALIBRATION_NULL
FIXED_MARGIN_PERMUTATION,143,16.0,29.5,0.9080916722298925,CALIBRATION_NULL
FIXED_MARGIN_PERMUTATION,144,16.5,24.5,0.9011973236551672,CALIBRATION_NULL
FIXED_MARGIN_PERMUTATION,145,16.5,27.0,0.9080068339712615,CALIBRATION_NULL
FIXED_MARGIN_PERMUTATION,146,16.0,26.5,0.9026635599821329,CALIBRATION_NULL
FIXED_MARGIN_PERMUTATION,147,17.0,24.0,0.9025773797849101,CALIBRATION_NULL
FIXED_MARGIN_PERMUTATION,148,17.5,26.5,0.9011548632473322,CALIBRATION_NULL
FIXED_MARGIN_PERMUTATION,149,17.5,27.0,0.8969257894665107,CALIBRATION_NULL
FIXED_MARGIN_PERMUTATION,150,17.0,28.5,0.9025114307784544,CALIBRATION_NULL
FIXED_MARGIN_PERMUTATION,151,17.0,26.5,0.9077635581919908,CALIBRATION_NULL
FIXED_MARGIN_PERMUTATION,152,16.5,24.5,0.909629858921986,CALIBRATION_NULL
FIXED_MARGIN_PERMUTATION,153,16.0,24.5,0.9080344190413576,CALIBRATION_NULL
FIXED_MARGIN_PERMUTATION,154,17.0,25.5,0.9028645244032615,CALIBRATION_NULL
FIXED_MARGIN_PERMUTATION,155,16.5,25.0,0.9064017620379667,CALIBRATION_NULL
FIXED_MARGIN_PERMUTATION,156,17.0,25.0,0.9047622790874753,CALIBRATION_NULL
FIXED_MARGIN_PERMUTATION,157,15.5,26.0,0.9105238731935201,CALIBRATION_NULL
FIXED_MARGIN_PERMUTATION,158,16.0,24.5,0.9064425430595553,CALIBRATION_NULL
FIXED_MARGIN_PERMUTATION,159,16.5,30.5,0.902838521736152,CALIBRATION_NULL
FIXED_MARGIN_PERMUTATION,160,16.5,27.0,0.9031021986769144,CALIBRATION_NULL
FIXED_MARGIN_PERMUTATION,161,17.5,25.0,0.9018242338453379,CALIBRATION_NULL
FIXED_MARGIN_PERMUTATION,162,17.5,24.5,0.9000884764107514,CALIBRATION_NULL
FIXED_MARGIN_PERMUTATION,163,17.0,23.0,0.9112356433158799,CALIBRATION_NULL
FIXED_MARGIN_PERMUTATION,164,17.0,24.5,0.9046133044315451,CALIBRATION_NULL
FIXED_MARGIN_PERMUTATION,165,16.5,21.5,0.9109075586566299,CALIBRATION_NULL
FIXED_MARGIN_PERMUTATION,166,16.0,27.0,0.9046040505313566,CALIBRATION_NULL
FIXED_MARGIN_PERMUTATION,167,17.0,23.0,0.9000987248182079,CALIBRATION_NULL
FIXED_MARGIN_PERMUTATION,168,15.5,25.5,0.908196357872436,CALIBRATION_NULL
FIXED_MARGIN_PERMUTATION,169,15.5,27.5,0.9037342962692347,CALIBRATION_NULL
FIXED_MARGIN_PERMUTATION,170,17.0,26.5,0.9016789763987334,CALIBRATION_NULL
FIXED_MARGIN_PERMUTATION,171,15.5,25.5,0.9085445524551413,CALIBRATION_NULL
FIXED_MARGIN_PERMUTATION,172,17.0,25.5,0.9032668914403998,CALIBRATION_NULL
FIXED_MARGIN_PERMUTATION,173,17.0,25.0,0.900518628055634,CALIBRATION_NULL
FIXED_MARGIN_PERMUTATION,174,17.5,25.0,0.900510156885168,CALIBRATION_NULL
FIXED_MARGIN_PERMUTATION,175,17.0,24.5,0.9011047686715994,CALIBRATION_NULL
FIXED_MARGIN_PERMUTATION,176,17.5,23.0,0.9031373427594677,CALIBRATION_NULL
FIXED_MARGIN_PERMUTATION,177,16.0,26.5,0.9074127762161095,CALIBRATION_NULL
FIXED_MARGIN_PERMUTATION,178,17.0,24.0,0.9119621659858324,CALIBRATION_NULL
FIXED_MARGIN_PERMUTATION,179,16.5,23.5,0.9023578074079842,CALIBRATION_NULL
FIXED_MARGIN_PERMUTATION,180,17.0,28.0,0.9062099877849631,CALIBRATION_NULL
FIXED_MARGIN_PERMUTATION,181,16.0,28.0,0.9047333986954221,CALIBRATION_NULL
FIXED_MARGIN_PERMUTATION,182,17.0,25.0,0.9057330457151657,CALIBRATION_NULL
FIXED_MARGIN_PERMUTATION,183,18.0,26.5,0.9010307253817131,CALIBRATION_NULL
FIXED_MARGIN_PERMUTATION,184,18.0,26.5,0.900772758672746,CALIBRATION_NULL
FIXED_MARGIN_PERMUTATION,185,15.5,24.5,0.9090409312222233,CALIBRATION_NULL
FIXED_MARGIN_PERMUTATION,186,18.0,28.0,0.89752952221499,CALIBRATION_NULL
FIXED_MARGIN_PERMUTATION,187,17.0,24.0,0.9025222185446958,CALIBRATION_NULL
FIXED_MARGIN_PERMUTATION,188,16.5,27.0,0.9074384733297939,CALIBRATION_NULL
FIXED_MARGIN_PERMUTATION,189,16.5,24.5,0.9076133129056114,CALIBRATION_NULL
FIXED_MARGIN_PERMUTATION,190,17.0,24.0,0.9006733986255051,CALIBRATION_NULL
FIXED_MARGIN_PERMUTATION,191,15.5,23.0,0.9076935366339712,CALIBRATION_NULL
FIXED_MARGIN_PERMUTATION,192,17.5,26.0,0.9021203578770547,CALIBRATION_NULL
FIXED_MARGIN_PERMUTATION,193,16.5,27.0,0.9057888663992804,CALIBRATION_NULL
FIXED_MARGIN_PERMUTATION,194,16.5,26.5,0.9022238403131443,CALIBRATION_NULL
FIXED_MARGIN_PERMUTATION,195,16.5,25.5,0.9027504289957627,CALIBRATION_NULL
FIXED_MARGIN_PERMUTATION,196,16.0,28.0,0.9096492662961901,CALIBRATION_NULL
FIXED_MARGIN_PERMUTATION,197,17.5,26.5,0.9029772939061929,CALIBRATION_NULL
FIXED_MARGIN_PERMUTATION,198,16.5,25.0,0.9067497845090088,CALIBRATION_NULL
FIXED_MARGIN_PERMUTATION,199,17.0,24.5,0.9045666689749872,CALIBRATION_NULL
FAMILY_CORRELATED_NULL,0,19.5,29.5,0.8503964636490754,CALIBRATION_NULL
FAMILY_CORRELATED_NULL,1,21.5,30.5,0.8501704838321171,CALIBRATION_NULL
FAMILY_CORRELATED_NULL,2,20.0,31.0,0.8561143245687821,CALIBRATION_NULL
FAMILY_CORRELATED_NULL,3,20.0,30.0,0.8512927379584613,CALIBRATION_NULL
FAMILY_CORRELATED_NULL,4,19.5,28.0,0.858648119463715,CALIBRATION_NULL
FAMILY_CORRELATED_NULL,5,19.0,31.5,0.8497695133270883,CALIBRATION_NULL
FAMILY_CORRELATED_NULL,6,20.0,36.0,0.8511235971710122,CALIBRATION_NULL
FAMILY_CORRELATED_NULL,7,22.5,32.5,0.8414329844553802,CALIBRATION_NULL
FAMILY_CORRELATED_NULL,8,19.5,31.0,0.8554520273464744,CALIBRATION_NULL
FAMILY_CORRELATED_NULL,9,20.5,32.0,0.8481149118438838,CALIBRATION_NULL
FAMILY_CORRELATED_NULL,10,20.0,35.0,0.8456217496373974,CALIBRATION_NULL
FAMILY_CORRELATED_NULL,11,19.5,31.0,0.8593713342906631,CALIBRATION_NULL
FAMILY_CORRELATED_NULL,12,21.0,32.0,0.8525814727174168,CALIBRATION_NULL
FAMILY_CORRELATED_NULL,13,19.0,31.0,0.8560928431216908,CALIBRATION_NULL
FAMILY_CORRELATED_NULL,14,20.5,33.5,0.8554811392024574,CALIBRATION_NULL
FAMILY_CORRELATED_NULL,15,19.0,32.5,0.8483059804399742,CALIBRATION_NULL
FAMILY_CORRELATED_NULL,16,20.0,29.5,0.8554422543934997,CALIBRATION_NULL
FAMILY_CORRELATED_NULL,17,21.0,35.5,0.8500153975612884,CALIBRATION_NULL
FAMILY_CORRELATED_NULL,18,20.5,30.5,0.8518991570586567,CALIBRATION_NULL
FAMILY_CORRELATED_NULL,19,20.5,28.5,0.8508391265999269,CALIBRATION_NULL
FAMILY_CORRELATED_NULL,20,19.5,30.5,0.8565161168811815,CALIBRATION_NULL
FAMILY_CORRELATED_NULL,21,21.0,30.5,0.8471493291192901,CALIBRATION_NULL
FAMILY_CORRELATED_NULL,22,19.5,28.5,0.8533586094669174,CALIBRATION_NULL
FAMILY_CORRELATED_NULL,23,19.0,30.0,0.847393643789242,CALIBRATION_NULL
FAMILY_CORRELATED_NULL,24,20.0,34.5,0.8500085267373676,CALIBRATION_NULL
FAMILY_CORRELATED_NULL,25,20.5,36.5,0.8513255910137546,CALIBRATION_NULL
FAMILY_CORRELATED_NULL,26,20.0,27.0,0.8578381224100988,CALIBRATION_NULL
FAMILY_CORRELATED_NULL,27,19.0,28.5,0.8545159000139969,CALIBRATION_NULL
FAMILY_CORRELATED_NULL,28,20.5,31.5,0.8563767560802792,CALIBRATION_NULL
FAMILY_CORRELATED_NULL,29,20.0,31.0,0.8461933003143917,CALIBRATION_NULL
FAMILY_CORRELATED_NULL,30,22.0,29.0,0.854228205763116,CALIBRATION_NULL
FAMILY_CORRELATED_NULL,31,20.5,36.0,0.8490341197996476,CALIBRATION_NULL
FAMILY_CORRELATED_NULL,32,19.0,30.0,0.8501381367820772,CALIBRATION_NULL
FAMILY_CORRELATED_NULL,33,19.5,30.5,0.8578432267398437,CALIBRATION_NULL
FAMILY_CORRELATED_NULL,34,20.5,32.0,0.8470401895139548,CALIBRATION_NULL
FAMILY_CORRELATED_NULL,35,20.0,32.5,0.8450048944012911,CALIBRATION_NULL
FAMILY_CORRELATED_NULL,36,19.5,36.0,0.8430285683659213,CALIBRATION_NULL
FAMILY_CORRELATED_NULL,37,21.0,33.5,0.8482198513201769,CALIBRATION_NULL
FAMILY_CORRELATED_NULL,38,20.5,32.5,0.8495179994103664,CALIBRATION_NULL
FAMILY_CORRELATED_NULL,39,21.0,33.5,0.8502333230767224,CALIBRATION_NULL
FAMILY_CORRELATED_NULL,40,21.0,33.5,0.8404456835705801,CALIBRATION_NULL
FAMILY_CORRELATED_NULL,41,21.0,29.5,0.8509122171122875,CALIBRATION_NULL
FAMILY_CORRELATED_NULL,42,19.0,32.0,0.8540485541947634,CALIBRATION_NULL
FAMILY_CORRELATED_NULL,43,20.0,34.0,0.8476362699540972,CALIBRATION_NULL
FAMILY_CORRELATED_NULL,44,20.0,32.5,0.8544454744878628,CALIBRATION_NULL
FAMILY_CORRELATED_NULL,45,18.5,36.0,0.8573289670163483,CALIBRATION_NULL
FAMILY_CORRELATED_NULL,46,19.5,30.5,0.8522918220908416,CALIBRATION_NULL
FAMILY_CORRELATED_NULL,47,20.5,29.0,0.8546327138044504,CALIBRATION_NULL
FAMILY_CORRELATED_NULL,48,20.5,35.5,0.8529398128344632,CALIBRATION_NULL
FAMILY_CORRELATED_NULL,49,20.0,29.5,0.8493851110992942,CALIBRATION_NULL
FAMILY_CORRELATED_NULL,50,21.0,32.0,0.8439069438654027,CALIBRATION_NULL
FAMILY_CORRELATED_NULL,51,20.5,33.0,0.8509555612866506,CALIBRATION_NULL
FAMILY_CORRELATED_NULL,52,20.5,30.5,0.8533783214770804,CALIBRATION_NULL
FAMILY_CORRELATED_NULL,53,20.0,32.0,0.8502824967165421,CALIBRATION_NULL
FAMILY_CORRELATED_NULL,54,20.0,32.5,0.8583238553263031,CALIBRATION_NULL
FAMILY_CORRELATED_NULL,55,19.0,32.0,0.8552794382375281,CALIBRATION_NULL
FAMILY_CORRELATED_NULL,56,19.5,30.5,0.8486745256173215,CALIBRATION_NULL
FAMILY_CORRELATED_NULL,57,19.0,28.0,0.8510100516009456,CALIBRATION_NULL
FAMILY_CORRELATED_NULL,58,18.5,36.0,0.8579965957174339,CALIBRATION_NULL
FAMILY_CORRELATED_NULL,59,20.5,28.0,0.8476514972460719,CALIBRATION_NULL
FAMILY_CORRELATED_NULL,60,20.5,32.0,0.8560112235670696,CALIBRATION_NULL
FAMILY_CORRELATED_NULL,61,19.5,29.0,0.8575075407237466,CALIBRATION_NULL
FAMILY_CORRELATED_NULL,62,21.0,35.5,0.8476632497488753,CALIBRATION_NULL
FAMILY_CORRELATED_NULL,63,21.0,29.5,0.8500293301390593,CALIBRATION_NULL
FAMILY_CORRELATED_NULL,64,19.5,28.0,0.8536335306022399,CALIBRATION_NULL
FAMILY_CORRELATED_NULL,65,18.5,32.0,0.8514849779847597,CALIBRATION_NULL
FAMILY_CORRELATED_NULL,66,21.0,30.0,0.8444985351153927,CALIBRATION_NULL
FAMILY_CORRELATED_NULL,67,19.5,31.0,0.8539024968002344,CALIBRATION_NULL
FAMILY_CORRELATED_NULL,68,19.5,31.0,0.8546377770053136,CALIBRATION_NULL
FAMILY_CORRELATED_NULL,69,20.0,31.5,0.8523439725417069,CALIBRATION_NULL
FAMILY_CORRELATED_NULL,70,19.5,30.0,0.8592504526314042,CALIBRATION_NULL
FAMILY_CORRELATED_NULL,71,19.5,28.5,0.8578855745799402,CALIBRATION_NULL
FAMILY_CORRELATED_NULL,72,20.0,30.0,0.8534507152933939,CALIBRATION_NULL
FAMILY_CORRELATED_NULL,73,20.5,32.0,0.8530350698116067,CALIBRATION_NULL
FAMILY_CORRELATED_NULL,74,20.0,30.5,0.846361513246826,CALIBRATION_NULL
FAMILY_CORRELATED_NULL,75,20.5,29.0,0.8488327535133645,CALIBRATION_NULL
FAMILY_CORRELATED_NULL,76,22.0,34.0,0.8453845837302932,CALIBRATION_NULL
FAMILY_CORRELATED_NULL,77,20.5,32.5,0.8553692428954256,CALIBRATION_NULL
FAMILY_CORRELATED_NULL,78,21.0,32.0,0.8442477169270322,CALIBRATION_NULL
FAMILY_CORRELATED_NULL,79,21.0,36.0,0.840210810511769,CALIBRATION_NULL
FAMILY_CORRELATED_NULL,80,20.0,33.5,0.849171558596143,CALIBRATION_NULL
FAMILY_CORRELATED_NULL,81,21.0,28.5,0.8554081180428645,CALIBRATION_NULL
FAMILY_CORRELATED_NULL,82,19.5,35.0,0.8515868908935823,CALIBRATION_NULL
FAMILY_CORRELATED_NULL,83,20.5,29.5,0.8543165041130453,CALIBRATION_NULL
FAMILY_CORRELATED_NULL,84,20.0,29.5,0.8522631098430457,CALIBRATION_NULL
FAMILY_CORRELATED_NULL,85,19.5,31.5,0.858535946733328,CALIBRATION_NULL
FAMILY_CORRELATED_NULL,86,20.0,28.5,0.8488056138154041,CALIBRATION_NULL
FAMILY_CORRELATED_NULL,87,19.5,31.0,0.8454480740503383,CALIBRATION_NULL
FAMILY_CORRELATED_NULL,88,19.5,36.0,0.8489706275150026,CALIBRATION_NULL
FAMILY_CORRELATED_NULL,89,20.0,33.0,0.8558556146628978,CALIBRATION_NULL
FAMILY_CORRELATED_NULL,90,19.5,30.0,0.8567380853910549,CALIBRATION_NULL
FAMILY_CORRELATED_NULL,91,18.5,32.0,0.8546485627937145,CALIBRATION_NULL
FAMILY_CORRELATED_NULL,92,19.5,31.0,0.8490422742658734,CALIBRATION_NULL
FAMILY_CORRELATED_NULL,93,19.0,32.5,0.8567144176793104,CALIBRATION_NULL
FAMILY_CORRELATED_NULL,94,21.0,30.0,0.8492136899298712,CALIBRATION_NULL
FAMILY_CORRELATED_NULL,95,19.0,30.5,0.8569175207447491,CALIBRATION_NULL
FAMILY_CORRELATED_NULL,96,18.5,33.5,0.8474485408866403,CALIBRATION_NULL
FAMILY_CORRELATED_NULL,97,22.0,29.5,0.8472347788100755,CALIBRATION_NULL
FAMILY_CORRELATED_NULL,98,19.5,35.5,0.850514628349487,CALIBRATION_NULL
FAMILY_CORRELATED_NULL,99,18.5,31.5,0.8480984563524374,CALIBRATION_NULL
FAMILY_CORRELATED_NULL,100,19.0,30.5,0.8566972116401621,CALIBRATION_NULL
FAMILY_CORRELATED_NULL,101,20.0,29.5,0.8447994486010498,CALIBRATION_NULL
FAMILY_CORRELATED_NULL,102,20.0,29.5,0.8546337077165308,CALIBRATION_NULL
FAMILY_CORRELATED_NULL,103,20.0,34.0,0.8468403770715597,CALIBRATION_NULL
FAMILY_CORRELATED_NULL,104,20.0,30.5,0.8498103273763836,CALIBRATION_NULL
FAMILY_CORRELATED_NULL,105,20.0,31.0,0.8520384487095125,CALIBRATION_NULL
FAMILY_CORRELATED_NULL,106,19.5,32.0,0.8425566457546136,CALIBRATION_NULL
FAMILY_CORRELATED_NULL,107,18.5,29.5,0.8532756276206113,CALIBRATION_NULL
FAMILY_CORRELATED_NULL,108,19.0,31.5,0.861037176446388,CALIBRATION_NULL
FAMILY_CORRELATED_NULL,109,19.5,36.5,0.8484940751133043,CALIBRATION_NULL
FAMILY_CORRELATED_NULL,110,22.0,28.5,0.8482181592926682,CALIBRATION_NULL
FAMILY_CORRELATED_NULL,111,19.0,30.0,0.8571567123103747,CALIBRATION_NULL
FAMILY_CORRELATED_NULL,112,20.0,27.5,0.8589924677044457,CALIBRATION_NULL
FAMILY_CORRELATED_NULL,113,19.5,29.5,0.8519733838906615,CALIBRATION_NULL
FAMILY_CORRELATED_NULL,114,19.0,35.5,0.8506768247316947,CALIBRATION_NULL
FAMILY_CORRELATED_NULL,115,21.0,31.0,0.8528400014393336,CALIBRATION_NULL
FAMILY_CORRELATED_NULL,116,20.0,35.5,0.8418747590726942,CALIBRATION_NULL
FAMILY_CORRELATED_NULL,117,19.5,30.0,0.8415508326987602,CALIBRATION_NULL
FAMILY_CORRELATED_NULL,118,19.5,30.5,0.8563977684816567,CALIBRATION_NULL
FAMILY_CORRELATED_NULL,119,20.0,34.5,0.8481382151290191,CALIBRATION_NULL
FAMILY_CORRELATED_NULL,120,19.5,33.0,0.8382992916882642,CALIBRATION_NULL
FAMILY_CORRELATED_NULL,121,20.0,32.0,0.8496420012732893,CALIBRATION_NULL
FAMILY_CORRELATED_NULL,122,20.0,33.5,0.8522110363367464,CALIBRATION_NULL
FAMILY_CORRELATED_NULL,123,20.0,31.0,0.8533249535282144,CALIBRATION_NULL
FAMILY_CORRELATED_NULL,124,19.0,28.5,0.8532684794709051,CALIBRATION_NULL
FAMILY_CORRELATED_NULL,125,19.5,26.5,0.8573000649643121,CALIBRATION_NULL
FAMILY_CORRELATED_NULL,126,20.0,30.0,0.8551946438914668,CALIBRATION_NULL
FAMILY_CORRELATED_NULL,127,19.5,27.5,0.851214118902683,CALIBRATION_NULL
FAMILY_CORRELATED_NULL,128,20.5,31.0,0.8463140235122477,CALIBRATION_NULL
FAMILY_CORRELATED_NULL,129,20.5,33.5,0.8509854371773659,CALIBRATION_NULL
FAMILY_CORRELATED_NULL,130,20.0,31.0,0.8582357608438924,CALIBRATION_NULL
FAMILY_CORRELATED_NULL,131,19.5,29.5,0.8548656279531598,CALIBRATION_NULL
FAMILY_CORRELATED_NULL,132,19.5,33.0,0.8556234852955714,CALIBRATION_NULL
FAMILY_CORRELATED_NULL,133,19.5,28.5,0.8561824333768635,CALIBRATION_NULL
FAMILY_CORRELATED_NULL,134,20.0,33.5,0.8581354703073707,CALIBRATION_NULL
FAMILY_CORRELATED_NULL,135,20.5,32.0,0.8493808182620034,CALIBRATION_NULL
FAMILY_CORRELATED_NULL,136,22.0,32.5,0.8442625083995327,CALIBRATION_NULL
FAMILY_CORRELATED_NULL,137,21.5,34.5,0.842244160589397,CALIBRATION_NULL
FAMILY_CORRELATED_NULL,138,20.5,33.0,0.8438749473129955,CALIBRATION_NULL
FAMILY_CORRELATED_NULL,139,21.0,36.5,0.8491816452917663,CALIBRATION_NULL
FAMILY_CORRELATED_NULL,140,18.5,32.5,0.8491248227067199,CALIBRATION_NULL
FAMILY_CORRELATED_NULL,141,20.0,30.5,0.8418313939046241,CALIBRATION_NULL
FAMILY_CORRELATED_NULL,142,21.0,30.0,0.8433323923159063,CALIBRATION_NULL
FAMILY_CORRELATED_NULL,143,19.0,36.5,0.850751434629635,CALIBRATION_NULL
FAMILY_CORRELATED_NULL,144,20.5,29.0,0.846718931822913,CALIBRATION_NULL
FAMILY_CORRELATED_NULL,145,19.0,32.0,0.8536965401383605,CALIBRATION_NULL
FAMILY_CORRELATED_NULL,146,20.0,30.5,0.8488353381171798,CALIBRATION_NULL
FAMILY_CORRELATED_NULL,147,20.0,27.5,0.8501810888069045,CALIBRATION_NULL
FAMILY_CORRELATED_NULL,148,20.0,30.0,0.8482940034976703,CALIBRATION_NULL
FAMILY_CORRELATED_NULL,149,20.5,30.0,0.8514595501790321,CALIBRATION_NULL
FAMILY_CORRELATED_NULL,150,19.0,34.5,0.8451729344705342,CALIBRATION_NULL
FAMILY_CORRELATED_NULL,151,20.0,32.0,0.8590703040060669,CALIBRATION_NULL
FAMILY_CORRELATED_NULL,152,21.0,28.0,0.8506578990275456,CALIBRATION_NULL
FAMILY_CORRELATED_NULL,153,21.0,35.0,0.8570777195631554,CALIBRATION_NULL
FAMILY_CORRELATED_NULL,154,20.0,32.0,0.8530893775356481,CALIBRATION_NULL
FAMILY_CORRELATED_NULL,155,20.5,30.5,0.8499469975159843,CALIBRATION_NULL
FAMILY_CORRELATED_NULL,156,21.0,34.0,0.8484668099437356,CALIBRATION_NULL
FAMILY_CORRELATED_NULL,157,19.0,36.5,0.8524463398331774,CALIBRATION_NULL
FAMILY_CORRELATED_NULL,158,18.5,33.0,0.8521027097898826,CALIBRATION_NULL
FAMILY_CORRELATED_NULL,159,19.0,30.0,0.8559065342514899,CALIBRATION_NULL
FAMILY_CORRELATED_NULL,160,20.5,30.0,0.8515358158909887,CALIBRATION_NULL
FAMILY_CORRELATED_NULL,161,20.0,30.5,0.8499883437796281,CALIBRATION_NULL
FAMILY_CORRELATED_NULL,162,19.5,32.0,0.8561563754877,CALIBRATION_NULL
FAMILY_CORRELATED_NULL,163,20.0,35.5,0.8491771930355065,CALIBRATION_NULL
FAMILY_CORRELATED_NULL,164,19.5,31.0,0.8541701320273967,CALIBRATION_NULL
FAMILY_CORRELATED_NULL,165,20.5,28.0,0.8547709770826861,CALIBRATION_NULL
FAMILY_CORRELATED_NULL,166,19.0,33.5,0.8469821020340831,CALIBRATION_NULL
FAMILY_CORRELATED_NULL,167,19.5,31.5,0.8515132452148352,CALIBRATION_NULL
FAMILY_CORRELATED_NULL,168,20.0,36.0,0.859897561865319,CALIBRATION_NULL
FAMILY_CORRELATED_NULL,169,20.0,33.0,0.8488174741960628,CALIBRATION_NULL
FAMILY_CORRELATED_NULL,170,18.0,32.0,0.8523253770962101,CALIBRATION_NULL
FAMILY_CORRELATED_NULL,171,19.0,31.0,0.8463364458277753,CALIBRATION_NULL
FAMILY_CORRELATED_NULL,172,21.5,29.5,0.8457220992645851,CALIBRATION_NULL
FAMILY_CORRELATED_NULL,173,18.5,32.0,0.8507283866482452,CALIBRATION_NULL
FAMILY_CORRELATED_NULL,174,19.5,32.0,0.8546735163754361,CALIBRATION_NULL
FAMILY_CORRELATED_NULL,175,20.0,30.0,0.8500509592688072,CALIBRATION_NULL
FAMILY_CORRELATED_NULL,176,20.0,32.5,0.8609259055416651,CALIBRATION_NULL
FAMILY_CORRELATED_NULL,177,20.5,34.0,0.8501674618451637,CALIBRATION_NULL
FAMILY_CORRELATED_NULL,178,20.0,31.5,0.8495658520243531,CALIBRATION_NULL
FAMILY_CORRELATED_NULL,179,19.0,28.5,0.8576713672837215,CALIBRATION_NULL
FAMILY_CORRELATED_NULL,180,21.0,33.0,0.8540130156310368,CALIBRATION_NULL
FAMILY_CORRELATED_NULL,181,20.0,30.0,0.8519073868634749,CALIBRATION_NULL
FAMILY_CORRELATED_NULL,182,19.0,30.0,0.8563417738481163,CALIBRATION_NULL
FAMILY_CORRELATED_NULL,183,18.5,35.0,0.8559028292853491,CALIBRATION_NULL
FAMILY_CORRELATED_NULL,184,21.5,32.0,0.8509128420378654,CALIBRATION_NULL
FAMILY_CORRELATED_NULL,185,19.5,29.5,0.8505316834131845,CALIBRATION_NULL
FAMILY_CORRELATED_NULL,186,20.5,30.5,0.8524606869053863,CALIBRATION_NULL
FAMILY_CORRELATED_NULL,187,21.0,29.0,0.8467784459949329,CALIBRATION_NULL
FAMILY_CORRELATED_NULL,188,21.5,31.0,0.8444665513604209,CALIBRATION_NULL
FAMILY_CORRELATED_NULL,189,19.0,29.5,0.8551218090037442,CALIBRATION_NULL
FAMILY_CORRELATED_NULL,190,19.0,32.0,0.8583291020776089,CALIBRATION_NULL
FAMILY_CORRELATED_NULL,191,20.0,32.0,0.8492627772356506,CALIBRATION_NULL
FAMILY_CORRELATED_NULL,192,20.0,33.5,0.85011523649948,CALIBRATION_NULL
FAMILY_CORRELATED_NULL,193,21.0,28.5,0.8480052147772242,CALIBRATION_NULL
FAMILY_CORRELATED_NULL,194,19.0,33.0,0.8506677951058942,CALIBRATION_NULL
FAMILY_CORRELATED_NULL,195,19.0,36.5,0.85917142345701,CALIBRATION_NULL
FAMILY_CORRELATED_NULL,196,20.5,28.0,0.8533571672452759,CALIBRATION_NULL
FAMILY_CORRELATED_NULL,197,20.0,31.5,0.8508243637541691,CALIBRATION_NULL
FAMILY_CORRELATED_NULL,198,20.5,35.0,0.8489822090173679,CALIBRATION_NULL
FAMILY_CORRELATED_NULL,199,20.0,31.5,0.8491418703258234,CALIBRATION_NULL
LATENT_FACTOR_NULL,0,19.0,35.0,0.8615473527441878,CALIBRATION_NULL
LATENT_FACTOR_NULL,1,21.5,34.0,0.8656421165476706,CALIBRATION_NULL
LATENT_FACTOR_NULL,2,19.0,31.0,0.8683120195402776,CALIBRATION_NULL
LATENT_FACTOR_NULL,3,20.5,32.5,0.8587121644792238,CALIBRATION_NULL
LATENT_FACTOR_NULL,4,20.0,32.5,0.8611373095679031,CALIBRATION_NULL
LATENT_FACTOR_NULL,5,20.0,34.0,0.8610680612119488,CALIBRATION_NULL
LATENT_FACTOR_NULL,6,19.0,28.5,0.8735241603826376,CALIBRATION_NULL
LATENT_FACTOR_NULL,7,22.0,27.5,0.8661188259786289,CALIBRATION_NULL
LATENT_FACTOR_NULL,8,22.0,32.5,0.8724706255856187,CALIBRATION_NULL
LATENT_FACTOR_NULL,9,20.0,33.5,0.8666836979041654,CALIBRATION_NULL
LATENT_FACTOR_NULL,10,20.0,28.0,0.8664539080929399,CALIBRATION_NULL
LATENT_FACTOR_NULL,11,21.0,29.5,0.864408482838055,CALIBRATION_NULL
LATENT_FACTOR_NULL,12,20.5,28.0,0.8628193889182643,CALIBRATION_NULL
LATENT_FACTOR_NULL,13,20.0,31.0,0.8640524000508931,CALIBRATION_NULL
LATENT_FACTOR_NULL,14,20.0,28.5,0.8631323117813942,CALIBRATION_NULL
LATENT_FACTOR_NULL,15,20.0,31.5,0.8677990603113164,CALIBRATION_NULL
LATENT_FACTOR_NULL,16,20.5,33.0,0.862974541108034,CALIBRATION_NULL
LATENT_FACTOR_NULL,17,18.5,30.0,0.8614122329000224,CALIBRATION_NULL
LATENT_FACTOR_NULL,18,18.5,29.0,0.8666980729884666,CALIBRATION_NULL
LATENT_FACTOR_NULL,19,19.5,31.0,0.8741079444970289,CALIBRATION_NULL
LATENT_FACTOR_NULL,20,18.5,29.0,0.8679456822652307,CALIBRATION_NULL
LATENT_FACTOR_NULL,21,20.0,28.0,0.8721124533308215,CALIBRATION_NULL
LATENT_FACTOR_NULL,22,20.5,29.0,0.8644453384115324,CALIBRATION_NULL
LATENT_FACTOR_NULL,23,19.5,35.5,0.8650554536026885,CALIBRATION_NULL
LATENT_FACTOR_NULL,24,20.0,35.0,0.8691326697066067,CALIBRATION_NULL
LATENT_FACTOR_NULL,25,21.0,33.5,0.8618433884183675,CALIBRATION_NULL
LATENT_FACTOR_NULL,26,20.5,29.5,0.861310609577387,CALIBRATION_NULL
LATENT_FACTOR_NULL,27,20.5,29.0,0.8719839324045132,CALIBRATION_NULL
LATENT_FACTOR_NULL,28,19.5,30.0,0.870368175661271,CALIBRATION_NULL
LATENT_FACTOR_NULL,29,19.0,32.5,0.8702543120191281,CALIBRATION_NULL
LATENT_FACTOR_NULL,30,19.0,26.0,0.8797732261565722,CALIBRATION_NULL
LATENT_FACTOR_NULL,31,19.0,30.0,0.8654183041883264,CALIBRATION_NULL
LATENT_FACTOR_NULL,32,19.5,29.0,0.8736537701862304,CALIBRATION_NULL
LATENT_FACTOR_NULL,33,19.5,30.5,0.875409879857619,CALIBRATION_NULL
LATENT_FACTOR_NULL,34,19.0,30.5,0.8740349316906638,CALIBRATION_NULL
LATENT_FACTOR_NULL,35,20.0,28.0,0.86926158356102,CALIBRATION_NULL
LATENT_FACTOR_NULL,36,18.5,27.0,0.8764662263622081,CALIBRATION_NULL
LATENT_FACTOR_NULL,37,21.0,29.0,0.860650915913091,CALIBRATION_NULL
LATENT_FACTOR_NULL,38,19.5,31.0,0.871918402452695,CALIBRATION_NULL
LATENT_FACTOR_NULL,39,20.0,32.5,0.8630074026037218,CALIBRATION_NULL
LATENT_FACTOR_NULL,40,20.0,26.5,0.8732209473654879,CALIBRATION_NULL
LATENT_FACTOR_NULL,41,19.0,29.0,0.8671829110689899,CALIBRATION_NULL
LATENT_FACTOR_NULL,42,20.0,31.5,0.8617864076348978,CALIBRATION_NULL
LATENT_FACTOR_NULL,43,19.0,34.0,0.8670536519615437,CALIBRATION_NULL
LATENT_FACTOR_NULL,44,19.5,30.5,0.8616118445431021,CALIBRATION_NULL
LATENT_FACTOR_NULL,45,20.0,28.0,0.8718273818309206,CALIBRATION_NULL
LATENT_FACTOR_NULL,46,18.5,28.5,0.8754018005306956,CALIBRATION_NULL
LATENT_FACTOR_NULL,47,19.0,32.0,0.8653252150472215,CALIBRATION_NULL
LATENT_FACTOR_NULL,48,20.0,28.5,0.8656565631039556,CALIBRATION_NULL
LATENT_FACTOR_NULL,49,19.0,34.0,0.8717591786802097,CALIBRATION_NULL
LATENT_FACTOR_NULL,50,19.5,31.0,0.8691617294196683,CALIBRATION_NULL
LATENT_FACTOR_NULL,51,19.5,33.0,0.8644563757903325,CALIBRATION_NULL
LATENT_FACTOR_NULL,52,19.0,33.0,0.87157185124924,CALIBRATION_NULL
LATENT_FACTOR_NULL,53,18.5,27.5,0.8762109414885955,CALIBRATION_NULL
LATENT_FACTOR_NULL,54,19.5,30.5,0.8697450459673746,CALIBRATION_NULL
LATENT_FACTOR_NULL,55,18.5,32.0,0.8769748833033786,CALIBRATION_NULL
LATENT_FACTOR_NULL,56,19.5,31.5,0.8673219445165681,CALIBRATION_NULL
LATENT_FACTOR_NULL,57,20.0,33.0,0.8622976847160366,CALIBRATION_NULL
LATENT_FACTOR_NULL,58,20.5,31.5,0.8587628603156139,CALIBRATION_NULL
LATENT_FACTOR_NULL,59,19.0,33.5,0.8634094885397144,CALIBRATION_NULL
LATENT_FACTOR_NULL,60,21.0,29.0,0.8621354471958931,CALIBRATION_NULL
LATENT_FACTOR_NULL,61,19.5,29.0,0.8693162889060141,CALIBRATION_NULL
LATENT_FACTOR_NULL,62,21.5,30.0,0.8596179801563274,CALIBRATION_NULL
LATENT_FACTOR_NULL,63,20.5,28.5,0.8615597694531725,CALIBRATION_NULL
LATENT_FACTOR_NULL,64,20.0,28.0,0.8672467897333626,CALIBRATION_NULL
LATENT_FACTOR_NULL,65,20.0,29.0,0.862357474531212,CALIBRATION_NULL
LATENT_FACTOR_NULL,66,20.5,30.5,0.8606570881398274,CALIBRATION_NULL
LATENT_FACTOR_NULL,67,20.0,30.5,0.8740549467376808,CALIBRATION_NULL
LATENT_FACTOR_NULL,68,21.5,31.0,0.8575820622540161,CALIBRATION_NULL
LATENT_FACTOR_NULL,69,19.5,29.5,0.8661355822064022,CALIBRATION_NULL
LATENT_FACTOR_NULL,70,20.5,27.0,0.8695605494440434,CALIBRATION_NULL
LATENT_FACTOR_NULL,71,20.0,29.5,0.8692979647325165,CALIBRATION_NULL
LATENT_FACTOR_NULL,72,19.0,33.0,0.8668945565824364,CALIBRATION_NULL
LATENT_FACTOR_NULL,73,20.5,29.5,0.8605976739840213,CALIBRATION_NULL
LATENT_FACTOR_NULL,74,20.5,29.0,0.8652856570961425,CALIBRATION_NULL
LATENT_FACTOR_NULL,75,20.0,35.0,0.8699526614078218,CALIBRATION_NULL
LATENT_FACTOR_NULL,76,19.5,27.5,0.8784131114803461,CALIBRATION_NULL
LATENT_FACTOR_NULL,77,20.0,33.5,0.8675268736662648,CALIBRATION_NULL
LATENT_FACTOR_NULL,78,19.5,36.0,0.8664481194624838,CALIBRATION_NULL
LATENT_FACTOR_NULL,79,19.5,26.0,0.8689964660154125,CALIBRATION_NULL
LATENT_FACTOR_NULL,80,19.5,30.5,0.8674567621968813,CALIBRATION_NULL
LATENT_FACTOR_NULL,81,20.5,27.0,0.8658432963075378,CALIBRATION_NULL
LATENT_FACTOR_NULL,82,20.0,31.0,0.8699171206142262,CALIBRATION_NULL
LATENT_FACTOR_NULL,83,19.0,30.0,0.870639135078124,CALIBRATION_NULL
LATENT_FACTOR_NULL,84,19.0,31.0,0.877839829860628,CALIBRATION_NULL
LATENT_FACTOR_NULL,85,19.5,27.0,0.876275538749644,CALIBRATION_NULL
LATENT_FACTOR_NULL,86,20.0,32.0,0.8620883122764142,CALIBRATION_NULL
LATENT_FACTOR_NULL,87,20.0,27.5,0.8581030694926494,CALIBRATION_NULL
LATENT_FACTOR_NULL,88,19.5,28.0,0.872530679035647,CALIBRATION_NULL
LATENT_FACTOR_NULL,89,20.5,31.0,0.8567961643697468,CALIBRATION_NULL
LATENT_FACTOR_NULL,90,20.5,33.5,0.8641696529471938,CALIBRATION_NULL
LATENT_FACTOR_NULL,91,21.5,32.0,0.8579358185670234,CALIBRATION_NULL
LATENT_FACTOR_NULL,92,21.0,30.0,0.8715919800818298,CALIBRATION_NULL
LATENT_FACTOR_NULL,93,20.0,31.0,0.8656886433164762,CALIBRATION_NULL
LATENT_FACTOR_NULL,94,20.0,27.5,0.8733247156167574,CALIBRATION_NULL
LATENT_FACTOR_NULL,95,19.5,34.5,0.8671816057640576,CALIBRATION_NULL
LATENT_FACTOR_NULL,96,21.0,34.0,0.8666327408866125,CALIBRATION_NULL
LATENT_FACTOR_NULL,97,19.0,30.5,0.8674779281536582,CALIBRATION_NULL
LATENT_FACTOR_NULL,98,19.5,28.0,0.8631469986854532,CALIBRATION_NULL
LATENT_FACTOR_NULL,99,20.5,30.0,0.8603984446010511,CALIBRATION_NULL
LATENT_FACTOR_NULL,100,19.5,29.0,0.8678048341737249,CALIBRATION_NULL
LATENT_FACTOR_NULL,101,20.0,26.5,0.8652032869711301,CALIBRATION_NULL
LATENT_FACTOR_NULL,102,20.0,35.5,0.8526326899226243,CALIBRATION_NULL
LATENT_FACTOR_NULL,103,19.5,31.5,0.8656971843885518,CALIBRATION_NULL
LATENT_FACTOR_NULL,104,19.0,28.0,0.8679738044308177,CALIBRATION_NULL
LATENT_FACTOR_NULL,105,18.5,35.0,0.8768011254928243,CALIBRATION_NULL
LATENT_FACTOR_NULL,106,20.0,38.0,0.8714302247169339,CALIBRATION_NULL
LATENT_FACTOR_NULL,107,19.0,37.0,0.8641547430993218,CALIBRATION_NULL
LATENT_FACTOR_NULL,108,20.5,27.0,0.8715918911585768,CALIBRATION_NULL
LATENT_FACTOR_NULL,109,21.0,33.0,0.8657847174576734,CALIBRATION_NULL
LATENT_FACTOR_NULL,110,20.0,27.0,0.8735405783395498,CALIBRATION_NULL
LATENT_FACTOR_NULL,111,20.0,29.5,0.8651180702356593,CALIBRATION_NULL
LATENT_FACTOR_NULL,112,21.0,31.0,0.8647510394266844,CALIBRATION_NULL
LATENT_FACTOR_NULL,113,19.5,29.5,0.8609017741587576,CALIBRATION_NULL
LATENT_FACTOR_NULL,114,19.5,32.0,0.856862022395977,CALIBRATION_NULL
LATENT_FACTOR_NULL,115,20.0,30.5,0.8607646761376664,CALIBRATION_NULL
LATENT_FACTOR_NULL,116,19.0,30.5,0.8606448532732962,CALIBRATION_NULL
LATENT_FACTOR_NULL,117,20.5,29.5,0.8647938035557122,CALIBRATION_NULL
LATENT_FACTOR_NULL,118,20.0,32.5,0.8658056389831474,CALIBRATION_NULL
LATENT_FACTOR_NULL,119,19.0,29.5,0.8759119950947496,CALIBRATION_NULL
LATENT_FACTOR_NULL,120,19.0,34.0,0.8707372679926907,CALIBRATION_NULL
LATENT_FACTOR_NULL,121,19.5,28.5,0.8726185930645626,CALIBRATION_NULL
LATENT_FACTOR_NULL,122,21.0,29.5,0.8647179501197162,CALIBRATION_NULL
LATENT_FACTOR_NULL,123,19.5,31.0,0.8656531173996909,CALIBRATION_NULL
LATENT_FACTOR_NULL,124,20.0,33.0,0.8719047908338927,CALIBRATION_NULL
LATENT_FACTOR_NULL,125,20.5,29.0,0.8630823009643309,CALIBRATION_NULL
LATENT_FACTOR_NULL,126,19.5,30.5,0.8695715653150834,CALIBRATION_NULL
LATENT_FACTOR_NULL,127,20.0,26.5,0.8706038075198883,CALIBRATION_NULL
LATENT_FACTOR_NULL,128,19.0,32.5,0.8641587692146365,CALIBRATION_NULL
LATENT_FACTOR_NULL,129,18.5,30.5,0.862831925648767,CALIBRATION_NULL
LATENT_FACTOR_NULL,130,21.5,29.0,0.8682318579077888,CALIBRATION_NULL
LATENT_FACTOR_NULL,131,21.5,35.0,0.8555895826770904,CALIBRATION_NULL
LATENT_FACTOR_NULL,132,18.5,29.0,0.8732285545533158,CALIBRATION_NULL
LATENT_FACTOR_NULL,133,20.5,27.0,0.863030561504669,CALIBRATION_NULL
LATENT_FACTOR_NULL,134,18.5,30.5,0.8637965272485014,CALIBRATION_NULL
LATENT_FACTOR_NULL,135,21.0,29.5,0.866635795380798,CALIBRATION_NULL
LATENT_FACTOR_NULL,136,21.5,29.0,0.8643536927886312,CALIBRATION_NULL
LATENT_FACTOR_NULL,137,20.5,28.0,0.8687989541266808,CALIBRATION_NULL
LATENT_FACTOR_NULL,138,18.5,34.0,0.8749177273222988,CALIBRATION_NULL
LATENT_FACTOR_NULL,139,20.5,35.5,0.8694318572942449,CALIBRATION_NULL
LATENT_FACTOR_NULL,140,21.5,32.0,0.8583077183913894,CALIBRATION_NULL
LATENT_FACTOR_NULL,141,21.0,28.0,0.865651995235774,CALIBRATION_NULL
LATENT_FACTOR_NULL,142,19.5,29.0,0.8694285050518367,CALIBRATION_NULL
LATENT_FACTOR_NULL,143,19.5,31.0,0.8731625557787418,CALIBRATION_NULL
LATENT_FACTOR_NULL,144,19.5,29.0,0.8715228917974134,CALIBRATION_NULL
LATENT_FACTOR_NULL,145,21.0,32.5,0.8654485276373001,CALIBRATION_NULL
LATENT_FACTOR_NULL,146,20.0,34.5,0.8557473216367611,CALIBRATION_NULL
LATENT_FACTOR_NULL,147,19.5,35.0,0.8620656509708431,CALIBRATION_NULL
LATENT_FACTOR_NULL,148,20.0,27.5,0.8747537042174374,CALIBRATION_NULL
LATENT_FACTOR_NULL,149,19.5,27.5,0.8680282330821273,CALIBRATION_NULL
LATENT_FACTOR_NULL,150,20.5,32.0,0.8589268405636454,CALIBRATION_NULL
LATENT_FACTOR_NULL,151,19.0,33.0,0.867580264721901,CALIBRATION_NULL
LATENT_FACTOR_NULL,152,18.5,30.0,0.870434244836331,CALIBRATION_NULL
LATENT_FACTOR_NULL,153,19.5,34.5,0.867842382193615,CALIBRATION_NULL
LATENT_FACTOR_NULL,154,19.0,25.5,0.8742493613241903,CALIBRATION_NULL
LATENT_FACTOR_NULL,155,21.5,31.0,0.8593443725569623,CALIBRATION_NULL
LATENT_FACTOR_NULL,156,19.0,28.0,0.8702113242249367,CALIBRATION_NULL
LATENT_FACTOR_NULL,157,20.0,31.5,0.8701425938336861,CALIBRATION_NULL
LATENT_FACTOR_NULL,158,20.5,30.5,0.8704479940179346,CALIBRATION_NULL
LATENT_FACTOR_NULL,159,19.0,36.0,0.8690147837952125,CALIBRATION_NULL
LATENT_FACTOR_NULL,160,18.5,28.5,0.8747622591620609,CALIBRATION_NULL
LATENT_FACTOR_NULL,161,20.5,29.5,0.8573444001712259,CALIBRATION_NULL
LATENT_FACTOR_NULL,162,19.0,32.5,0.8744517797351171,CALIBRATION_NULL
LATENT_FACTOR_NULL,163,19.0,30.0,0.8658011819929395,CALIBRATION_NULL
LATENT_FACTOR_NULL,164,19.0,33.0,0.8660086580183853,CALIBRATION_NULL
LATENT_FACTOR_NULL,165,19.0,27.5,0.868468316142928,CALIBRATION_NULL
LATENT_FACTOR_NULL,166,20.5,28.5,0.8657817332871406,CALIBRATION_NULL
LATENT_FACTOR_NULL,167,19.5,33.5,0.8628163150816724,CALIBRATION_NULL
LATENT_FACTOR_NULL,168,20.5,29.5,0.8679193729242353,CALIBRATION_NULL
LATENT_FACTOR_NULL,169,20.0,30.5,0.8628095742364268,CALIBRATION_NULL
LATENT_FACTOR_NULL,170,20.5,31.0,0.8649758062600625,CALIBRATION_NULL
LATENT_FACTOR_NULL,171,20.0,28.0,0.8646865094341418,CALIBRATION_NULL
LATENT_FACTOR_NULL,172,20.5,32.0,0.8653117363104278,CALIBRATION_NULL
LATENT_FACTOR_NULL,173,18.5,28.0,0.8745415587843796,CALIBRATION_NULL
LATENT_FACTOR_NULL,174,19.5,31.5,0.8664716430002686,CALIBRATION_NULL
LATENT_FACTOR_NULL,175,20.0,31.0,0.8665478111307778,CALIBRATION_NULL
LATENT_FACTOR_NULL,176,20.0,32.5,0.8670723326354856,CALIBRATION_NULL
LATENT_FACTOR_NULL,177,19.5,33.5,0.8637559671023064,CALIBRATION_NULL
LATENT_FACTOR_NULL,178,19.5,32.0,0.8640321232596125,CALIBRATION_NULL
LATENT_FACTOR_NULL,179,19.5,30.0,0.8707461050499297,CALIBRATION_NULL
LATENT_FACTOR_NULL,180,20.0,31.5,0.8666652808883663,CALIBRATION_NULL
LATENT_FACTOR_NULL,181,20.0,30.0,0.8713598525137293,CALIBRATION_NULL
LATENT_FACTOR_NULL,182,18.5,31.0,0.8747602709433266,CALIBRATION_NULL
LATENT_FACTOR_NULL,183,19.0,34.0,0.8714807465885414,CALIBRATION_NULL
LATENT_FACTOR_NULL,184,20.0,33.0,0.8610450748270101,CALIBRATION_NULL
LATENT_FACTOR_NULL,185,21.0,35.0,0.8496512055439124,CALIBRATION_NULL
LATENT_FACTOR_NULL,186,20.5,29.0,0.8664617698640055,CALIBRATION_NULL
LATENT_FACTOR_NULL,187,19.5,29.5,0.8655474982914216,CALIBRATION_NULL
LATENT_FACTOR_NULL,188,21.5,28.0,0.8612997261540842,CALIBRATION_NULL
LATENT_FACTOR_NULL,189,19.5,29.0,0.8649043321648329,CALIBRATION_NULL
LATENT_FACTOR_NULL,190,19.5,30.0,0.8719109588540983,CALIBRATION_NULL
LATENT_FACTOR_NULL,191,19.5,29.5,0.8725209785583161,CALIBRATION_NULL
LATENT_FACTOR_NULL,192,21.0,27.5,0.8614481177552336,CALIBRATION_NULL
LATENT_FACTOR_NULL,193,20.0,27.5,0.8686300273572304,CALIBRATION_NULL
LATENT_FACTOR_NULL,194,19.0,35.0,0.8698151942003112,CALIBRATION_NULL
LATENT_FACTOR_NULL,195,19.5,28.5,0.8673977260915049,CALIBRATION_NULL
LATENT_FACTOR_NULL,196,18.5,32.0,0.8699862071943754,CALIBRATION_NULL
LATENT_FACTOR_NULL,197,19.5,27.5,0.8631861983311178,CALIBRATION_NULL
LATENT_FACTOR_NULL,198,21.0,34.0,0.8614415444007057,CALIBRATION_NULL
LATENT_FACTOR_NULL,199,20.0,32.0,0.8646085221717014,CALIBRATION_NULL
MODEL_SUBJECT_RANDOM_EFFECT_NULL,0,16.5,27.0,0.9026366620167036,CALIBRATION_NULL
MODEL_SUBJECT_RANDOM_EFFECT_NULL,1,17.5,22.5,0.904758174417311,CALIBRATION_NULL
MODEL_SUBJECT_RANDOM_EFFECT_NULL,2,16.5,24.5,0.9085000261751798,CALIBRATION_NULL
MODEL_SUBJECT_RANDOM_EFFECT_NULL,3,18.5,25.5,0.9035280350588324,CALIBRATION_NULL
MODEL_SUBJECT_RANDOM_EFFECT_NULL,4,16.5,25.0,0.9078209901153181,CALIBRATION_NULL
MODEL_SUBJECT_RANDOM_EFFECT_NULL,5,16.5,30.0,0.907784983019158,CALIBRATION_NULL
MODEL_SUBJECT_RANDOM_EFFECT_NULL,6,17.5,25.5,0.9038509324908711,CALIBRATION_NULL
MODEL_SUBJECT_RANDOM_EFFECT_NULL,7,15.0,28.5,0.9084065765339575,CALIBRATION_NULL
MODEL_SUBJECT_RANDOM_EFFECT_NULL,8,16.5,24.0,0.9128110066068329,CALIBRATION_NULL
MODEL_SUBJECT_RANDOM_EFFECT_NULL,9,16.0,25.0,0.9066753482182572,CALIBRATION_NULL
MODEL_SUBJECT_RANDOM_EFFECT_NULL,10,16.5,29.5,0.9029402535648687,CALIBRATION_NULL
MODEL_SUBJECT_RANDOM_EFFECT_NULL,11,15.5,26.0,0.904696439206796,CALIBRATION_NULL
MODEL_SUBJECT_RANDOM_EFFECT_NULL,12,16.5,26.0,0.9063570563696364,CALIBRATION_NULL
MODEL_SUBJECT_RANDOM_EFFECT_NULL,13,16.5,23.5,0.9091625144238472,CALIBRATION_NULL
MODEL_SUBJECT_RANDOM_EFFECT_NULL,14,17.0,22.5,0.9063242980869783,CALIBRATION_NULL
MODEL_SUBJECT_RANDOM_EFFECT_NULL,15,18.5,25.0,0.8996898169729806,CALIBRATION_NULL
MODEL_SUBJECT_RANDOM_EFFECT_NULL,16,17.0,28.5,0.9083933117673666,CALIBRATION_NULL
MODEL_SUBJECT_RANDOM_EFFECT_NULL,17,17.5,26.5,0.9060264560871893,CALIBRATION_NULL
MODEL_SUBJECT_RANDOM_EFFECT_NULL,18,16.0,30.5,0.9086837770622944,CALIBRATION_NULL
MODEL_SUBJECT_RANDOM_EFFECT_NULL,19,16.0,30.0,0.905834134077015,CALIBRATION_NULL
MODEL_SUBJECT_RANDOM_EFFECT_NULL,20,17.0,23.0,0.9030205291564634,CALIBRATION_NULL
MODEL_SUBJECT_RANDOM_EFFECT_NULL,21,16.5,27.0,0.9105884220882564,CALIBRATION_NULL
MODEL_SUBJECT_RANDOM_EFFECT_NULL,22,16.5,27.0,0.9028430320930363,CALIBRATION_NULL
MODEL_SUBJECT_RANDOM_EFFECT_NULL,23,15.5,25.0,0.911299397483608,CALIBRATION_NULL
MODEL_SUBJECT_RANDOM_EFFECT_NULL,24,16.5,24.0,0.8978577476616917,CALIBRATION_NULL
MODEL_SUBJECT_RANDOM_EFFECT_NULL,25,17.0,23.5,0.9051861739507061,CALIBRATION_NULL
MODEL_SUBJECT_RANDOM_EFFECT_NULL,26,17.5,27.0,0.9036699302633014,CALIBRATION_NULL
MODEL_SUBJECT_RANDOM_EFFECT_NULL,27,16.0,29.5,0.9054167658422899,CALIBRATION_NULL
MODEL_SUBJECT_RANDOM_EFFECT_NULL,28,16.5,25.5,0.906789649904065,CALIBRATION_NULL
MODEL_SUBJECT_RANDOM_EFFECT_NULL,29,17.5,26.0,0.9030221011374225,CALIBRATION_NULL
MODEL_SUBJECT_RANDOM_EFFECT_NULL,30,17.0,24.5,0.9062003083921553,CALIBRATION_NULL
MODEL_SUBJECT_RANDOM_EFFECT_NULL,31,16.5,25.5,0.9103688718949843,CALIBRATION_NULL
MODEL_SUBJECT_RANDOM_EFFECT_NULL,32,16.5,28.5,0.9104937696801718,CALIBRATION_NULL
MODEL_SUBJECT_RANDOM_EFFECT_NULL,33,15.0,24.0,0.9103731081204931,CALIBRATION_NULL
MODEL_SUBJECT_RANDOM_EFFECT_NULL,34,17.0,24.0,0.90263622467028,CALIBRATION_NULL
MODEL_SUBJECT_RANDOM_EFFECT_NULL,35,16.5,27.0,0.9093814332258532,CALIBRATION_NULL
MODEL_SUBJECT_RANDOM_EFFECT_NULL,36,17.0,24.0,0.9057440402100596,CALIBRATION_NULL
MODEL_SUBJECT_RANDOM_EFFECT_NULL,37,15.5,27.0,0.9028546299678205,CALIBRATION_NULL
MODEL_SUBJECT_RANDOM_EFFECT_NULL,38,17.0,25.0,0.9076972270641039,CALIBRATION_NULL
MODEL_SUBJECT_RANDOM_EFFECT_NULL,39,16.5,26.0,0.9038939023486701,CALIBRATION_NULL
MODEL_SUBJECT_RANDOM_EFFECT_NULL,40,17.0,23.0,0.9143856392472971,CALIBRATION_NULL
MODEL_SUBJECT_RANDOM_EFFECT_NULL,41,16.0,28.0,0.9087340681175038,CALIBRATION_NULL
MODEL_SUBJECT_RANDOM_EFFECT_NULL,42,16.5,26.5,0.9067600898151664,CALIBRATION_NULL
MODEL_SUBJECT_RANDOM_EFFECT_NULL,43,15.5,26.5,0.9071375090479349,CALIBRATION_NULL
MODEL_SUBJECT_RANDOM_EFFECT_NULL,44,16.5,27.0,0.9059583726501946,CALIBRATION_NULL
MODEL_SUBJECT_RANDOM_EFFECT_NULL,45,18.5,25.0,0.8983938226983587,CALIBRATION_NULL
MODEL_SUBJECT_RANDOM_EFFECT_NULL,46,16.0,26.0,0.9030026072597067,CALIBRATION_NULL
MODEL_SUBJECT_RANDOM_EFFECT_NULL,47,18.0,28.5,0.904752135465837,CALIBRATION_NULL
MODEL_SUBJECT_RANDOM_EFFECT_NULL,48,17.0,25.0,0.9097553565819704,CALIBRATION_NULL
MODEL_SUBJECT_RANDOM_EFFECT_NULL,49,16.5,24.5,0.9090242586962062,CALIBRATION_NULL
MODEL_SUBJECT_RANDOM_EFFECT_NULL,50,17.5,25.0,0.9055705042367771,CALIBRATION_NULL
MODEL_SUBJECT_RANDOM_EFFECT_NULL,51,17.0,29.5,0.9023973407265269,CALIBRATION_NULL
MODEL_SUBJECT_RANDOM_EFFECT_NULL,52,17.0,27.5,0.9089187171852763,CALIBRATION_NULL
MODEL_SUBJECT_RANDOM_EFFECT_NULL,53,17.5,25.0,0.8994129809915025,CALIBRATION_NULL
MODEL_SUBJECT_RANDOM_EFFECT_NULL,54,16.0,23.5,0.9082236411234805,CALIBRATION_NULL
MODEL_SUBJECT_RANDOM_EFFECT_NULL,55,16.5,31.0,0.9057610184905879,CALIBRATION_NULL
MODEL_SUBJECT_RANDOM_EFFECT_NULL,56,17.5,24.5,0.9049260972013804,CALIBRATION_NULL
MODEL_SUBJECT_RANDOM_EFFECT_NULL,57,15.5,22.0,0.9100297676813183,CALIBRATION_NULL
MODEL_SUBJECT_RANDOM_EFFECT_NULL,58,17.0,26.0,0.9046950953754133,CALIBRATION_NULL
MODEL_SUBJECT_RANDOM_EFFECT_NULL,59,17.5,25.0,0.9063391810369532,CALIBRATION_NULL
MODEL_SUBJECT_RANDOM_EFFECT_NULL,60,17.0,27.5,0.9090994619542817,CALIBRATION_NULL
MODEL_SUBJECT_RANDOM_EFFECT_NULL,61,18.5,28.5,0.8991528854229083,CALIBRATION_NULL
MODEL_SUBJECT_RANDOM_EFFECT_NULL,62,16.0,28.5,0.906413676491651,CALIBRATION_NULL
MODEL_SUBJECT_RANDOM_EFFECT_NULL,63,15.5,25.5,0.906350613253565,CALIBRATION_NULL
MODEL_SUBJECT_RANDOM_EFFECT_NULL,64,16.5,23.0,0.9035720543991518,CALIBRATION_NULL
MODEL_SUBJECT_RANDOM_EFFECT_NULL,65,16.5,25.0,0.9035426059346747,CALIBRATION_NULL
MODEL_SUBJECT_RANDOM_EFFECT_NULL,66,16.0,23.0,0.907024225820582,CALIBRATION_NULL
MODEL_SUBJECT_RANDOM_EFFECT_NULL,67,16.0,27.0,0.9089160490030166,CALIBRATION_NULL
MODEL_SUBJECT_RANDOM_EFFECT_NULL,68,18.0,26.0,0.9007559146524244,CALIBRATION_NULL
MODEL_SUBJECT_RANDOM_EFFECT_NULL,69,15.5,28.5,0.9068738689937458,CALIBRATION_NULL
MODEL_SUBJECT_RANDOM_EFFECT_NULL,70,16.0,26.5,0.9052380323551686,CALIBRATION_NULL
MODEL_SUBJECT_RANDOM_EFFECT_NULL,71,17.0,26.0,0.9045455610698901,CALIBRATION_NULL
MODEL_SUBJECT_RANDOM_EFFECT_NULL,72,16.0,26.5,0.9063132338369547,CALIBRATION_NULL
MODEL_SUBJECT_RANDOM_EFFECT_NULL,73,15.5,24.5,0.9082453993946641,CALIBRATION_NULL
MODEL_SUBJECT_RANDOM_EFFECT_NULL,74,15.5,27.5,0.9123224146851231,CALIBRATION_NULL
MODEL_SUBJECT_RANDOM_EFFECT_NULL,75,19.0,25.0,0.9041041138097385,CALIBRATION_NULL
MODEL_SUBJECT_RANDOM_EFFECT_NULL,76,17.0,26.0,0.8999920226679774,CALIBRATION_NULL
MODEL_SUBJECT_RANDOM_EFFECT_NULL,77,17.0,27.0,0.9039600864042903,CALIBRATION_NULL
MODEL_SUBJECT_RANDOM_EFFECT_NULL,78,16.0,28.5,0.9047509806118353,CALIBRATION_NULL
MODEL_SUBJECT_RANDOM_EFFECT_NULL,79,18.0,25.5,0.8966592188179088,CALIBRATION_NULL
MODEL_SUBJECT_RANDOM_EFFECT_NULL,80,17.5,25.0,0.9043687222302191,CALIBRATION_NULL
MODEL_SUBJECT_RANDOM_EFFECT_NULL,81,17.0,27.5,0.9017400144987687,CALIBRATION_NULL
MODEL_SUBJECT_RANDOM_EFFECT_NULL,82,16.5,24.0,0.9092153959174982,CALIBRATION_NULL
MODEL_SUBJECT_RANDOM_EFFECT_NULL,83,18.0,25.5,0.9005803341881863,CALIBRATION_NULL
MODEL_SUBJECT_RANDOM_EFFECT_NULL,84,17.0,27.0,0.9087394080900809,CALIBRATION_NULL
MODEL_SUBJECT_RANDOM_EFFECT_NULL,85,16.5,25.0,0.9104053032146481,CALIBRATION_NULL
MODEL_SUBJECT_RANDOM_EFFECT_NULL,86,16.0,27.0,0.9069879133038263,CALIBRATION_NULL
MODEL_SUBJECT_RANDOM_EFFECT_NULL,87,15.5,27.0,0.9072806728939654,CALIBRATION_NULL
MODEL_SUBJECT_RANDOM_EFFECT_NULL,88,17.5,27.0,0.9025996374819174,CALIBRATION_NULL
MODEL_SUBJECT_RANDOM_EFFECT_NULL,89,16.5,25.0,0.9104851167919514,CALIBRATION_NULL
MODEL_SUBJECT_RANDOM_EFFECT_NULL,90,17.0,25.5,0.8981872916559216,CALIBRATION_NULL
MODEL_SUBJECT_RANDOM_EFFECT_NULL,91,15.5,22.5,0.9099463603454662,CALIBRATION_NULL
MODEL_SUBJECT_RANDOM_EFFECT_NULL,92,17.0,27.5,0.9051402321381875,CALIBRATION_NULL
MODEL_SUBJECT_RANDOM_EFFECT_NULL,93,16.0,25.5,0.9085904426969523,CALIBRATION_NULL
MODEL_SUBJECT_RANDOM_EFFECT_NULL,94,16.5,24.5,0.9065227842434396,CALIBRATION_NULL
MODEL_SUBJECT_RANDOM_EFFECT_NULL,95,16.5,24.5,0.9094473987461148,CALIBRATION_NULL
MODEL_SUBJECT_RANDOM_EFFECT_NULL,96,16.5,25.5,0.9111383206151831,CALIBRATION_NULL
MODEL_SUBJECT_RANDOM_EFFECT_NULL,97,18.0,23.0,0.9020340806313082,CALIBRATION_NULL
MODEL_SUBJECT_RANDOM_EFFECT_NULL,98,16.5,21.5,0.9158421499087853,CALIBRATION_NULL
MODEL_SUBJECT_RANDOM_EFFECT_NULL,99,16.5,27.0,0.9016004730311568,CALIBRATION_NULL
MODEL_SUBJECT_RANDOM_EFFECT_NULL,100,16.5,25.5,0.9076061763595192,CALIBRATION_NULL
MODEL_SUBJECT_RANDOM_EFFECT_NULL,101,17.0,25.0,0.8995257252036052,CALIBRATION_NULL
MODEL_SUBJECT_RANDOM_EFFECT_NULL,102,16.0,25.5,0.9103085239429243,CALIBRATION_NULL
MODEL_SUBJECT_RANDOM_EFFECT_NULL,103,16.5,27.0,0.9029453098922642,CALIBRATION_NULL
MODEL_SUBJECT_RANDOM_EFFECT_NULL,104,16.5,25.5,0.9069430023042527,CALIBRATION_NULL
MODEL_SUBJECT_RANDOM_EFFECT_NULL,105,18.0,27.0,0.9042189672267452,CALIBRATION_NULL
MODEL_SUBJECT_RANDOM_EFFECT_NULL,106,16.5,23.5,0.9087552763842455,CALIBRATION_NULL
MODEL_SUBJECT_RANDOM_EFFECT_NULL,107,16.5,25.5,0.9042335757769756,CALIBRATION_NULL
MODEL_SUBJECT_RANDOM_EFFECT_NULL,108,17.0,27.5,0.9059892352707438,CALIBRATION_NULL
MODEL_SUBJECT_RANDOM_EFFECT_NULL,109,16.5,30.0,0.9034751545160854,CALIBRATION_NULL
MODEL_SUBJECT_RANDOM_EFFECT_NULL,110,16.0,25.5,0.9104394936028656,CALIBRATION_NULL
MODEL_SUBJECT_RANDOM_EFFECT_NULL,111,17.5,29.5,0.9035040620097472,CALIBRATION_NULL
MODEL_SUBJECT_RANDOM_EFFECT_NULL,112,16.0,27.0,0.9127944013512586,CALIBRATION_NULL
MODEL_SUBJECT_RANDOM_EFFECT_NULL,113,17.0,25.5,0.9047042301339956,CALIBRATION_NULL
MODEL_SUBJECT_RANDOM_EFFECT_NULL,114,16.0,25.5,0.9064862331882915,CALIBRATION_NULL
MODEL_SUBJECT_RANDOM_EFFECT_NULL,115,17.0,29.0,0.9100119978304644,CALIBRATION_NULL
MODEL_SUBJECT_RANDOM_EFFECT_NULL,116,16.0,32.0,0.9124910241741008,CALIBRATION_NULL
MODEL_SUBJECT_RANDOM_EFFECT_NULL,117,16.0,23.0,0.9117949399473807,CALIBRATION_NULL
MODEL_SUBJECT_RANDOM_EFFECT_NULL,118,17.0,30.0,0.899917361413293,CALIBRATION_NULL
MODEL_SUBJECT_RANDOM_EFFECT_NULL,119,16.5,25.0,0.8971949198665526,CALIBRATION_NULL
MODEL_SUBJECT_RANDOM_EFFECT_NULL,120,16.5,23.0,0.9088918785071146,CALIBRATION_NULL
MODEL_SUBJECT_RANDOM_EFFECT_NULL,121,17.5,27.0,0.9016514936730726,CALIBRATION_NULL
MODEL_SUBJECT_RANDOM_EFFECT_NULL,122,18.5,26.5,0.9002545126987284,CALIBRATION_NULL
MODEL_SUBJECT_RANDOM_EFFECT_NULL,123,17.0,25.0,0.9074179643933991,CALIBRATION_NULL
MODEL_SUBJECT_RANDOM_EFFECT_NULL,124,17.0,26.0,0.9031765143859625,CALIBRATION_NULL
MODEL_SUBJECT_RANDOM_EFFECT_NULL,125,16.5,27.0,0.9022817038755633,CALIBRATION_NULL
MODEL_SUBJECT_RANDOM_EFFECT_NULL,126,16.0,24.0,0.9065359663708501,CALIBRATION_NULL
MODEL_SUBJECT_RANDOM_EFFECT_NULL,127,17.0,25.0,0.8997063178176655,CALIBRATION_NULL
MODEL_SUBJECT_RANDOM_EFFECT_NULL,128,19.0,24.0,0.8986823596317605,CALIBRATION_NULL
MODEL_SUBJECT_RANDOM_EFFECT_NULL,129,17.5,26.0,0.9049234433482899,CALIBRATION_NULL
MODEL_SUBJECT_RANDOM_EFFECT_NULL,130,15.5,26.0,0.9064464538416034,CALIBRATION_NULL
MODEL_SUBJECT_RANDOM_EFFECT_NULL,131,17.5,26.5,0.8989378053338951,CALIBRATION_NULL
MODEL_SUBJECT_RANDOM_EFFECT_NULL,132,17.5,26.0,0.9101135372584869,CALIBRATION_NULL
MODEL_SUBJECT_RANDOM_EFFECT_NULL,133,17.0,25.5,0.9047841279652878,CALIBRATION_NULL
MODEL_SUBJECT_RANDOM_EFFECT_NULL,134,16.5,23.0,0.9085245011000108,CALIBRATION_NULL
MODEL_SUBJECT_RANDOM_EFFECT_NULL,135,17.5,22.5,0.9049785864732257,CALIBRATION_NULL
MODEL_SUBJECT_RANDOM_EFFECT_NULL,136,17.5,26.5,0.9021454206238863,CALIBRATION_NULL
MODEL_SUBJECT_RANDOM_EFFECT_NULL,137,17.5,24.5,0.906987690068358,CALIBRATION_NULL
MODEL_SUBJECT_RANDOM_EFFECT_NULL,138,17.0,26.0,0.9049401936356426,CALIBRATION_NULL
MODEL_SUBJECT_RANDOM_EFFECT_NULL,139,18.0,25.5,0.9021523249203828,CALIBRATION_NULL
MODEL_SUBJECT_RANDOM_EFFECT_NULL,140,17.0,23.5,0.9073606479491357,CALIBRATION_NULL
MODEL_SUBJECT_RANDOM_EFFECT_NULL,141,17.0,24.5,0.9045778505359247,CALIBRATION_NULL
MODEL_SUBJECT_RANDOM_EFFECT_NULL,142,16.0,25.0,0.9099439292543156,CALIBRATION_NULL
MODEL_SUBJECT_RANDOM_EFFECT_NULL,143,16.5,26.5,0.9058694439829623,CALIBRATION_NULL
MODEL_SUBJECT_RANDOM_EFFECT_NULL,144,16.5,27.0,0.9046352348904096,CALIBRATION_NULL
MODEL_SUBJECT_RANDOM_EFFECT_NULL,145,16.0,23.5,0.9128060903141686,CALIBRATION_NULL
MODEL_SUBJECT_RANDOM_EFFECT_NULL,146,17.5,28.5,0.90329591220719,CALIBRATION_NULL
MODEL_SUBJECT_RANDOM_EFFECT_NULL,147,16.0,25.5,0.9077953779088441,CALIBRATION_NULL
MODEL_SUBJECT_RANDOM_EFFECT_NULL,148,18.0,26.0,0.9044609968743833,CALIBRATION_NULL
MODEL_SUBJECT_RANDOM_EFFECT_NULL,149,16.5,24.0,0.9090803469386788,CALIBRATION_NULL
MODEL_SUBJECT_RANDOM_EFFECT_NULL,150,17.5,23.0,0.9080578431192733,CALIBRATION_NULL
MODEL_SUBJECT_RANDOM_EFFECT_NULL,151,17.0,27.0,0.896998067877209,CALIBRATION_NULL
MODEL_SUBJECT_RANDOM_EFFECT_NULL,152,16.0,24.0,0.9067961005713333,CALIBRATION_NULL
MODEL_SUBJECT_RANDOM_EFFECT_NULL,153,16.5,27.5,0.906356192969572,CALIBRATION_NULL
MODEL_SUBJECT_RANDOM_EFFECT_NULL,154,16.0,27.5,0.9094453002493236,CALIBRATION_NULL
MODEL_SUBJECT_RANDOM_EFFECT_NULL,155,17.0,28.0,0.9005716300877507,CALIBRATION_NULL
MODEL_SUBJECT_RANDOM_EFFECT_NULL,156,16.5,24.5,0.9085645826654842,CALIBRATION_NULL
MODEL_SUBJECT_RANDOM_EFFECT_NULL,157,16.5,23.0,0.9080390102590894,CALIBRATION_NULL
MODEL_SUBJECT_RANDOM_EFFECT_NULL,158,17.5,28.5,0.8984694706680081,CALIBRATION_NULL
MODEL_SUBJECT_RANDOM_EFFECT_NULL,159,17.0,27.0,0.9004870902673662,CALIBRATION_NULL
MODEL_SUBJECT_RANDOM_EFFECT_NULL,160,17.0,24.5,0.9097295755009022,CALIBRATION_NULL
MODEL_SUBJECT_RANDOM_EFFECT_NULL,161,16.5,26.5,0.8996643639032632,CALIBRATION_NULL
MODEL_SUBJECT_RANDOM_EFFECT_NULL,162,16.5,23.5,0.9085832282053233,CALIBRATION_NULL
MODEL_SUBJECT_RANDOM_EFFECT_NULL,163,17.5,25.5,0.9019814142758799,CALIBRATION_NULL
MODEL_SUBJECT_RANDOM_EFFECT_NULL,164,15.5,31.0,0.9110201523791196,CALIBRATION_NULL
MODEL_SUBJECT_RANDOM_EFFECT_NULL,165,17.0,26.5,0.9065973939336538,CALIBRATION_NULL
MODEL_SUBJECT_RANDOM_EFFECT_NULL,166,18.0,26.5,0.9073807198344064,CALIBRATION_NULL
MODEL_SUBJECT_RANDOM_EFFECT_NULL,167,16.0,25.5,0.9029128967005254,CALIBRATION_NULL
MODEL_SUBJECT_RANDOM_EFFECT_NULL,168,17.0,31.0,0.9029170693557406,CALIBRATION_NULL
MODEL_SUBJECT_RANDOM_EFFECT_NULL,169,16.5,25.5,0.910273563550772,CALIBRATION_NULL
MODEL_SUBJECT_RANDOM_EFFECT_NULL,170,16.5,31.0,0.9030649973667411,CALIBRATION_NULL
MODEL_SUBJECT_RANDOM_EFFECT_NULL,171,17.5,24.5,0.9036592405631118,CALIBRATION_NULL
MODEL_SUBJECT_RANDOM_EFFECT_NULL,172,16.5,25.5,0.9068589096953421,CALIBRATION_NULL
MODEL_SUBJECT_RANDOM_EFFECT_NULL,173,17.0,28.0,0.9075744015127146,CALIBRATION_NULL
MODEL_SUBJECT_RANDOM_EFFECT_NULL,174,16.5,27.5,0.9066458177080009,CALIBRATION_NULL
MODEL_SUBJECT_RANDOM_EFFECT_NULL,175,16.5,25.0,0.9037829005862927,CALIBRATION_NULL
MODEL_SUBJECT_RANDOM_EFFECT_NULL,176,16.0,26.0,0.9088956691456025,CALIBRATION_NULL
MODEL_SUBJECT_RANDOM_EFFECT_NULL,177,15.5,24.5,0.9065585730347714,CALIBRATION_NULL
MODEL_SUBJECT_RANDOM_EFFECT_NULL,178,17.5,27.5,0.8959633846009192,CALIBRATION_NULL
MODEL_SUBJECT_RANDOM_EFFECT_NULL,179,16.5,24.5,0.9060975050855101,CALIBRATION_NULL
MODEL_SUBJECT_RANDOM_EFFECT_NULL,180,16.5,26.0,0.9014820084749579,CALIBRATION_NULL
MODEL_SUBJECT_RANDOM_EFFECT_NULL,181,15.5,29.5,0.91286037293958,CALIBRATION_NULL
MODEL_SUBJECT_RANDOM_EFFECT_NULL,182,14.5,21.5,0.9158523844655481,CALIBRATION_NULL
MODEL_SUBJECT_RANDOM_EFFECT_NULL,183,17.5,28.0,0.8972926969878664,CALIBRATION_NULL
MODEL_SUBJECT_RANDOM_EFFECT_NULL,184,16.0,27.5,0.9108566609393697,CALIBRATION_NULL
MODEL_SUBJECT_RANDOM_EFFECT_NULL,185,16.5,27.5,0.9004741301258623,CALIBRATION_NULL
MODEL_SUBJECT_RANDOM_EFFECT_NULL,186,16.0,27.0,0.9061744331597963,CALIBRATION_NULL
MODEL_SUBJECT_RANDOM_EFFECT_NULL,187,17.0,25.5,0.8971809630585234,CALIBRATION_NULL
MODEL_SUBJECT_RANDOM_EFFECT_NULL,188,16.5,24.0,0.9033662509020847,CALIBRATION_NULL
MODEL_SUBJECT_RANDOM_EFFECT_NULL,189,16.5,22.5,0.9100131161725225,CALIBRATION_NULL
MODEL_SUBJECT_RANDOM_EFFECT_NULL,190,15.5,26.5,0.913068736578543,CALIBRATION_NULL
MODEL_SUBJECT_RANDOM_EFFECT_NULL,191,15.5,24.0,0.9079821504112369,CALIBRATION_NULL
MODEL_SUBJECT_RANDOM_EFFECT_NULL,192,15.5,24.5,0.9076066676550812,CALIBRATION_NULL
MODEL_SUBJECT_RANDOM_EFFECT_NULL,193,17.5,25.5,0.9062575774196233,CALIBRATION_NULL
MODEL_SUBJECT_RANDOM_EFFECT_NULL,194,16.0,25.5,0.9117120606204456,CALIBRATION_NULL
MODEL_SUBJECT_RANDOM_EFFECT_NULL,195,16.5,30.0,0.9026820214598161,CALIBRATION_NULL
MODEL_SUBJECT_RANDOM_EFFECT_NULL,196,17.0,24.5,0.905258446835541,CALIBRATION_NULL
MODEL_SUBJECT_RANDOM_EFFECT_NULL,197,15.5,27.0,0.9068077682487998,CALIBRATION_NULL
MODEL_SUBJECT_RANDOM_EFFECT_NULL,198,16.0,24.0,0.9092890139741259,CALIBRATION_NULL
MODEL_SUBJECT_RANDOM_EFFECT_NULL,199,16.5,27.0,0.905108063192901,CALIBRATION_NULL
