subject_a,subject_b,k,jaccard,ties_included_at_boundary
abstract_algebra,anatomy,1,1.0,True
abstract_algebra,anatomy,3,0.25,True
abstract_algebra,anatomy,5,0.8,True
abstract_algebra,anatomy,10,0.6666666666666666,True
abstract_algebra,astronomy,1,0.0,True
abstract_algebra,astronomy,3,0.25,True
abstract_algebra,astronomy,5,0.5714285714285714,True
abstract_algebra,astronomy,10,0.6666666666666666,True
abstract_algebra,business_ethics,1,1.0,True
abstract_algebra,business_ethics,3,0.5,True
abstract_algebra,business_ethics,5,0.2857142857142857,True
abstract_algebra,business_ethics,10,0.6153846153846154,True
abstract_algebra,clinical_knowledge,1,1.0,True
abstract_algebra,clinical_knowledge,3,1.0,True
abstract_algebra,clinical_knowledge,5,1.0,True
abstract_algebra,clinical_knowledge,10,0.5833333333333334,True
abstract_algebra,college_biology,1,1.0,True
abstract_algebra,college_biology,3,0.6666666666666666,True
abstract_algebra,college_biology,5,0.5,True
abstract_algebra,college_biology,10,0.6666666666666666,True
abstract_algebra,college_chemistry,1,0.0,True
abstract_algebra,college_chemistry,3,0.25,True
abstract_algebra,college_chemistry,5,0.6666666666666666,True
abstract_algebra,college_chemistry,10,0.6666666666666666,True
abstract_algebra,college_computer_science,1,1.0,True
abstract_algebra,college_computer_science,3,1.0,True
abstract_algebra,college_computer_science,5,0.6666666666666666,True
abstract_algebra,college_computer_science,10,0.5833333333333334,True
abstract_algebra,college_mathematics,1,1.0,True
abstract_algebra,college_mathematics,3,1.0,True
abstract_algebra,college_mathematics,5,0.42857142857142855,True
abstract_algebra,college_mathematics,10,0.5384615384615384,True
abstract_algebra,college_medicine,1,1.0,True
abstract_algebra,college_medicine,3,0.5,True
abstract_algebra,college_medicine,5,0.6666666666666666,True
abstract_algebra,college_medicine,10,0.42857142857142855,True
abstract_algebra,college_physics,1,1.0,True
abstract_algebra,college_physics,3,0.5,True
abstract_algebra,college_physics,5,0.8,True
abstract_algebra,college_physics,10,0.46153846153846156,True
abstract_algebra,computer_security,1,0.0,True
abstract_algebra,computer_security,3,0.5,True
abstract_algebra,computer_security,5,0.6666666666666666,True
abstract_algebra,computer_security,10,0.26666666666666666,True
abstract_algebra,conceptual_physics,1,1.0,True
abstract_algebra,conceptual_physics,3,1.0,True
abstract_algebra,conceptual_physics,5,1.0,True
abstract_algebra,conceptual_physics,10,0.6666666666666666,True
abstract_algebra,econometrics,1,0.0,True
abstract_algebra,econometrics,3,0.5,True
abstract_algebra,econometrics,5,1.0,True
abstract_algebra,econometrics,10,0.7272727272727273,True
abstract_algebra,electrical_engineering,1,1.0,True
abstract_algebra,electrical_engineering,3,1.0,True
abstract_algebra,electrical_engineering,5,0.8,True
abstract_algebra,electrical_engineering,10,0.42857142857142855,True
abstract_algebra,elementary_mathematics,1,1.0,True
abstract_algebra,elementary_mathematics,3,1.0,True
abstract_algebra,elementary_mathematics,5,0.6666666666666666,True
abstract_algebra,elementary_mathematics,10,0.6666666666666666,True
abstract_algebra,formal_logic,1,1.0,True
abstract_algebra,formal_logic,3,1.0,True
abstract_algebra,formal_logic,5,0.5,True
abstract_algebra,formal_logic,10,0.6666666666666666,True
abstract_algebra,global_facts,1,0.0,True
abstract_algebra,global_facts,3,0.6666666666666666,True
abstract_algebra,global_facts,5,0.42857142857142855,True
abstract_algebra,global_facts,10,0.5833333333333334,True
abstract_algebra,high_school_biology,1,1.0,True
abstract_algebra,high_school_biology,3,0.2,True
abstract_algebra,high_school_biology,5,0.8333333333333334,True
abstract_algebra,high_school_biology,10,0.7272727272727273,True
abstract_algebra,high_school_chemistry,1,1.0,True
abstract_algebra,high_school_chemistry,3,1.0,True
abstract_algebra,high_school_chemistry,5,0.8,True
abstract_algebra,high_school_chemistry,10,0.8181818181818182,True
abstract_algebra,high_school_computer_science,1,0.0,True
abstract_algebra,high_school_computer_science,3,1.0,True
abstract_algebra,high_school_computer_science,5,0.42857142857142855,True
abstract_algebra,high_school_computer_science,10,0.5384615384615384,True
abstract_algebra,high_school_european_history,1,0.0,True
abstract_algebra,high_school_european_history,3,0.4,True
abstract_algebra,high_school_european_history,5,0.2857142857142857,True
abstract_algebra,high_school_european_history,10,0.6666666666666666,True
abstract_algebra,high_school_geography,1,0.0,True
abstract_algebra,high_school_geography,3,0.6666666666666666,True
abstract_algebra,high_school_geography,5,0.375,True
abstract_algebra,high_school_geography,10,0.46153846153846156,True
abstract_algebra,high_school_government_and_politics,1,0.0,True
abstract_algebra,high_school_government_and_politics,3,0.25,True
abstract_algebra,high_school_government_and_politics,5,0.2222222222222222,True
abstract_algebra,high_school_government_and_politics,10,0.6153846153846154,True
abstract_algebra,high_school_macroeconomics,1,1.0,True
abstract_algebra,high_school_macroeconomics,3,1.0,True
abstract_algebra,high_school_macroeconomics,5,0.6666666666666666,True
abstract_algebra,high_school_macroeconomics,10,0.8181818181818182,True
abstract_algebra,high_school_mathematics,1,1.0,True
abstract_algebra,high_school_mathematics,3,1.0,True
abstract_algebra,high_school_mathematics,5,0.6666666666666666,True
abstract_algebra,high_school_mathematics,10,0.3333333333333333,True
abstract_algebra,high_school_microeconomics,1,1.0,True
abstract_algebra,high_school_microeconomics,3,1.0,True
abstract_algebra,high_school_microeconomics,5,0.5,True
abstract_algebra,high_school_microeconomics,10,0.8181818181818182,True
abstract_algebra,high_school_physics,1,1.0,True
abstract_algebra,high_school_physics,3,0.6666666666666666,True
abstract_algebra,high_school_physics,5,0.6666666666666666,True
abstract_algebra,high_school_physics,10,0.8181818181818182,True
abstract_algebra,high_school_psychology,1,1.0,True
abstract_algebra,high_school_psychology,3,0.5,True
abstract_algebra,high_school_psychology,5,0.375,True
abstract_algebra,high_school_psychology,10,0.5833333333333334,True
abstract_algebra,high_school_statistics,1,1.0,True
abstract_algebra,high_school_statistics,3,1.0,True
abstract_algebra,high_school_statistics,5,0.6666666666666666,True
abstract_algebra,high_school_statistics,10,0.6666666666666666,True
abstract_algebra,high_school_us_history,1,1.0,True
abstract_algebra,high_school_us_history,3,0.2,True
abstract_algebra,high_school_us_history,5,0.25,True
abstract_algebra,high_school_us_history,10,0.5384615384615384,True
abstract_algebra,high_school_world_history,1,0.0,True
abstract_algebra,high_school_world_history,3,0.2,True
abstract_algebra,high_school_world_history,5,0.25,True
abstract_algebra,high_school_world_history,10,0.5833333333333334,True
abstract_algebra,human_aging,1,1.0,True
abstract_algebra,human_aging,3,0.5,True
abstract_algebra,human_aging,5,0.25,True
abstract_algebra,human_aging,10,0.46153846153846156,True
abstract_algebra,human_sexuality,1,1.0,True
abstract_algebra,human_sexuality,3,0.2,True
abstract_algebra,human_sexuality,5,0.5,True
abstract_algebra,human_sexuality,10,0.3125,True
abstract_algebra,international_law,1,0.0,True
abstract_algebra,international_law,3,0.6666666666666666,True
abstract_algebra,international_law,5,0.25,True
abstract_algebra,international_law,10,0.42857142857142855,True
abstract_algebra,jurisprudence,1,0.0,True
abstract_algebra,jurisprudence,3,0.2,True
abstract_algebra,jurisprudence,5,0.1111111111111111,True
abstract_algebra,jurisprudence,10,0.7272727272727273,True
abstract_algebra,logical_fallacies,1,0.0,True
abstract_algebra,logical_fallacies,3,0.5,True
abstract_algebra,logical_fallacies,5,0.6666666666666666,True
abstract_algebra,logical_fallacies,10,0.3333333333333333,True
abstract_algebra,machine_learning,1,0.0,True
abstract_algebra,machine_learning,3,1.0,True
abstract_algebra,machine_learning,5,0.8,True
abstract_algebra,machine_learning,10,0.6666666666666666,True
abstract_algebra,management,1,0.0,True
abstract_algebra,management,3,0.16666666666666666,True
abstract_algebra,management,5,0.125,True
abstract_algebra,management,10,0.5384615384615384,True
abstract_algebra,marketing,1,0.0,True
abstract_algebra,marketing,3,0.5,True
abstract_algebra,marketing,5,0.6666666666666666,True
abstract_algebra,marketing,10,0.35714285714285715,True
abstract_algebra,medical_genetics,1,1.0,True
abstract_algebra,medical_genetics,3,0.5,True
abstract_algebra,medical_genetics,5,0.42857142857142855,True
abstract_algebra,medical_genetics,10,0.7272727272727273,True
abstract_algebra,miscellaneous,1,1.0,True
abstract_algebra,miscellaneous,3,0.5,True
abstract_algebra,miscellaneous,5,0.6666666666666666,True
abstract_algebra,miscellaneous,10,0.5833333333333334,True
abstract_algebra,moral_disputes,1,1.0,True
abstract_algebra,moral_disputes,3,0.6666666666666666,True
abstract_algebra,moral_disputes,5,0.5,True
abstract_algebra,moral_disputes,10,0.6666666666666666,True
abstract_algebra,moral_scenarios,1,0.0,True
abstract_algebra,moral_scenarios,3,0.2,True
abstract_algebra,moral_scenarios,5,0.42857142857142855,True
abstract_algebra,moral_scenarios,10,0.8181818181818182,True
abstract_algebra,nutrition,1,0.0,True
abstract_algebra,nutrition,3,0.5,True
abstract_algebra,nutrition,5,0.42857142857142855,True
abstract_algebra,nutrition,10,0.5384615384615384,True
abstract_algebra,philosophy,1,1.0,True
abstract_algebra,philosophy,3,0.5,True
abstract_algebra,philosophy,5,0.42857142857142855,True
abstract_algebra,philosophy,10,0.5384615384615384,True
abstract_algebra,prehistory,1,0.0,True
abstract_algebra,prehistory,3,0.5,True
abstract_algebra,prehistory,5,0.6666666666666666,True
abstract_algebra,prehistory,10,0.6666666666666666,True
abstract_algebra,professional_accounting,1,1.0,True
abstract_algebra,professional_accounting,3,0.5,True
abstract_algebra,professional_accounting,5,0.6666666666666666,True
abstract_algebra,professional_accounting,10,0.7272727272727273,True
abstract_algebra,professional_law,1,1.0,True
abstract_algebra,professional_law,3,1.0,True
abstract_algebra,professional_law,5,0.42857142857142855,True
abstract_algebra,professional_law,10,1.0,True
abstract_algebra,professional_medicine,1,1.0,True
abstract_algebra,professional_medicine,3,0.5,True
abstract_algebra,professional_medicine,5,0.42857142857142855,True
abstract_algebra,professional_medicine,10,0.6666666666666666,True
abstract_algebra,professional_psychology,1,1.0,True
abstract_algebra,professional_psychology,3,0.2,True
abstract_algebra,professional_psychology,5,0.6666666666666666,True
abstract_algebra,professional_psychology,10,0.6666666666666666,True
abstract_algebra,public_relations,1,0.0,True
abstract_algebra,public_relations,3,0.5,True
abstract_algebra,public_relations,5,0.6666666666666666,True
abstract_algebra,public_relations,10,0.5,True
abstract_algebra,security_studies,1,0.0,True
abstract_algebra,security_studies,3,0.2,True
abstract_algebra,security_studies,5,0.25,True
abstract_algebra,security_studies,10,0.5384615384615384,True
abstract_algebra,sociology,1,1.0,True
abstract_algebra,sociology,3,0.5,True
abstract_algebra,sociology,5,0.6666666666666666,True
abstract_algebra,sociology,10,0.5833333333333334,True
abstract_algebra,us_foreign_policy,1,0.0,True
abstract_algebra,us_foreign_policy,3,0.3333333333333333,True
abstract_algebra,us_foreign_policy,5,0.1111111111111111,True
abstract_algebra,us_foreign_policy,10,0.26666666666666666,True
abstract_algebra,virology,1,0.0,True
abstract_algebra,virology,3,0.25,True
abstract_algebra,virology,5,0.2857142857142857,True
abstract_algebra,virology,10,0.3333333333333333,True
abstract_algebra,world_religions,1,0.0,True
abstract_algebra,world_religions,3,0.25,True
abstract_algebra,world_religions,5,0.2857142857142857,True
abstract_algebra,world_religions,10,0.42857142857142855,True
anatomy,astronomy,1,0.0,True
anatomy,astronomy,3,0.0,True
anatomy,astronomy,5,0.42857142857142855,True
anatomy,astronomy,10,0.6666666666666666,True
anatomy,business_ethics,1,1.0,True
anatomy,business_ethics,3,0.25,True
anatomy,business_ethics,5,0.3333333333333333,True
anatomy,business_ethics,10,0.5,True
anatomy,clinical_knowledge,1,1.0,True
anatomy,clinical_knowledge,3,0.25,True
anatomy,clinical_knowledge,5,0.8,True
anatomy,clinical_knowledge,10,0.7272727272727273,True
anatomy,college_biology,1,1.0,True
anatomy,college_biology,3,0.3333333333333333,True
anatomy,college_biology,5,0.6,True
anatomy,college_biology,10,1.0,True
anatomy,college_chemistry,1,0.0,True
anatomy,college_chemistry,3,0.3333333333333333,True
anatomy,college_chemistry,5,0.5,True
anatomy,college_chemistry,10,0.5384615384615384,True
anatomy,college_computer_science,1,1.0,True
anatomy,college_computer_science,3,0.25,True
anatomy,college_computer_science,5,0.5,True
anatomy,college_computer_science,10,0.7272727272727273,True
anatomy,college_mathematics,1,1.0,True
anatomy,college_mathematics,3,0.25,True
anatomy,college_mathematics,5,0.5,True
anatomy,college_mathematics,10,0.42857142857142855,True
anatomy,college_medicine,1,1.0,True
anatomy,college_medicine,3,0.6666666666666666,True
anatomy,college_medicine,5,0.5,True
anatomy,college_medicine,10,0.6666666666666666,True
anatomy,college_physics,1,1.0,True
anatomy,college_physics,3,0.25,True
anatomy,college_physics,5,0.6,True
anatomy,college_physics,10,0.46153846153846156,True
anatomy,computer_security,1,0.0,True
anatomy,computer_security,3,0.6666666666666666,True
anatomy,computer_security,5,0.5,True
anatomy,computer_security,10,0.46153846153846156,True
anatomy,conceptual_physics,1,1.0,True
anatomy,conceptual_physics,3,0.25,True
anatomy,conceptual_physics,5,0.8,True
anatomy,conceptual_physics,10,0.8181818181818182,True
anatomy,econometrics,1,0.0,True
anatomy,econometrics,3,0.25,True
anatomy,econometrics,5,0.8,True
anatomy,econometrics,10,0.9,True
anatomy,electrical_engineering,1,1.0,True
anatomy,electrical_engineering,3,0.25,True
anatomy,electrical_engineering,5,0.6,True
anatomy,electrical_engineering,10,0.5384615384615384,True
anatomy,elementary_mathematics,1,1.0,True
anatomy,elementary_mathematics,3,0.25,True
anatomy,elementary_mathematics,5,0.5,True
anatomy,elementary_mathematics,10,0.5384615384615384,True
anatomy,formal_logic,1,1.0,True
anatomy,formal_logic,3,0.25,True
anatomy,formal_logic,5,0.6,True
anatomy,formal_logic,10,0.6666666666666666,True
anatomy,global_facts,1,0.0,True
anatomy,global_facts,3,0.3333333333333333,True
anatomy,global_facts,5,0.5,True
anatomy,global_facts,10,0.5833333333333334,True
anatomy,high_school_biology,1,1.0,True
anatomy,high_school_biology,3,0.6666666666666666,True
anatomy,high_school_biology,5,0.6666666666666666,True
anatomy,high_school_biology,10,0.7272727272727273,True
anatomy,high_school_chemistry,1,1.0,True
anatomy,high_school_chemistry,3,0.25,True
anatomy,high_school_chemistry,5,0.6,True
anatomy,high_school_chemistry,10,0.8181818181818182,True
anatomy,high_school_computer_science,1,0.0,True
anatomy,high_school_computer_science,3,0.25,True
anatomy,high_school_computer_science,5,0.5,True
anatomy,high_school_computer_science,10,0.6666666666666666,True
anatomy,high_school_european_history,1,0.0,True
anatomy,high_school_european_history,3,0.0,True
anatomy,high_school_european_history,5,0.3333333333333333,True
anatomy,high_school_european_history,10,0.5384615384615384,True
anatomy,high_school_geography,1,0.0,True
anatomy,high_school_geography,3,0.3333333333333333,True
anatomy,high_school_geography,5,0.25,True
anatomy,high_school_geography,10,0.7272727272727273,True
anatomy,high_school_government_and_politics,1,0.0,True
anatomy,high_school_government_and_politics,3,0.0,True
anatomy,high_school_government_and_politics,5,0.25,True
anatomy,high_school_government_and_politics,10,0.75,True
anatomy,high_school_macroeconomics,1,1.0,True
anatomy,high_school_macroeconomics,3,0.25,True
anatomy,high_school_macroeconomics,5,0.5,True
anatomy,high_school_macroeconomics,10,0.8181818181818182,True
anatomy,high_school_mathematics,1,1.0,True
anatomy,high_school_mathematics,3,0.25,True
anatomy,high_school_mathematics,5,0.5,True
anatomy,high_school_mathematics,10,0.3333333333333333,True
anatomy,high_school_microeconomics,1,1.0,True
anatomy,high_school_microeconomics,3,0.25,True
anatomy,high_school_microeconomics,5,0.6,True
anatomy,high_school_microeconomics,10,0.6666666666666666,True
anatomy,high_school_physics,1,1.0,True
anatomy,high_school_physics,3,0.3333333333333333,True
anatomy,high_school_physics,5,0.5,True
anatomy,high_school_physics,10,0.8181818181818182,True
anatomy,high_school_psychology,1,1.0,True
anatomy,high_school_psychology,3,0.25,True
anatomy,high_school_psychology,5,0.42857142857142855,True
anatomy,high_school_psychology,10,0.9,True
anatomy,high_school_statistics,1,1.0,True
anatomy,high_school_statistics,3,0.25,True
anatomy,high_school_statistics,5,0.8,True
anatomy,high_school_statistics,10,1.0,True
anatomy,high_school_us_history,1,1.0,True
anatomy,high_school_us_history,3,0.25,True
anatomy,high_school_us_history,5,0.125,True
anatomy,high_school_us_history,10,0.6666666666666666,True
anatomy,high_school_world_history,1,0.0,True
anatomy,high_school_world_history,3,0.0,True
anatomy,high_school_world_history,5,0.125,True
anatomy,high_school_world_history,10,0.7272727272727273,True
anatomy,human_aging,1,1.0,True
anatomy,human_aging,3,0.25,True
anatomy,human_aging,5,0.2857142857142857,True
anatomy,human_aging,10,0.7272727272727273,True
anatomy,human_sexuality,1,1.0,True
anatomy,human_sexuality,3,0.6666666666666666,True
anatomy,human_sexuality,5,0.3333333333333333,True
anatomy,human_sexuality,10,0.4,True
anatomy,international_law,1,0.0,True
anatomy,international_law,3,0.3333333333333333,True
anatomy,international_law,5,0.2857142857142857,True
anatomy,international_law,10,0.42857142857142855,True
anatomy,jurisprudence,1,0.0,True
anatomy,jurisprudence,3,0.25,True
anatomy,jurisprudence,5,0.125,True
anatomy,jurisprudence,10,0.5833333333333334,True
anatomy,logical_fallacies,1,0.0,True
anatomy,logical_fallacies,3,0.25,True
anatomy,logical_fallacies,5,0.5,True
anatomy,logical_fallacies,10,0.5384615384615384,True
anatomy,machine_learning,1,0.0,True
anatomy,machine_learning,3,0.25,True
anatomy,machine_learning,5,0.6,True
anatomy,machine_learning,10,0.6666666666666666,True
anatomy,management,1,0.0,True
anatomy,management,3,0.0,True
anatomy,management,5,0.14285714285714285,True
anatomy,management,10,0.6666666666666666,True
anatomy,marketing,1,0.0,True
anatomy,marketing,3,0.0,True
anatomy,marketing,5,0.5,True
anatomy,marketing,10,0.5833333333333334,True
anatomy,medical_genetics,1,1.0,True
anatomy,medical_genetics,3,0.25,True
anatomy,medical_genetics,5,0.5,True
anatomy,medical_genetics,10,0.7272727272727273,True
anatomy,miscellaneous,1,1.0,True
anatomy,miscellaneous,3,0.25,True
anatomy,miscellaneous,5,0.5,True
anatomy,miscellaneous,10,0.5833333333333334,True
anatomy,moral_disputes,1,1.0,True
anatomy,moral_disputes,3,0.3333333333333333,True
anatomy,moral_disputes,5,0.3333333333333333,True
anatomy,moral_disputes,10,1.0,True
anatomy,moral_scenarios,1,0.0,True
anatomy,moral_scenarios,3,0.0,True
anatomy,moral_scenarios,5,0.2857142857142857,True
anatomy,moral_scenarios,10,0.6666666666666666,True
anatomy,nutrition,1,0.0,True
anatomy,nutrition,3,0.25,True
anatomy,nutrition,5,0.2857142857142857,True
anatomy,nutrition,10,0.6666666666666666,True
anatomy,philosophy,1,1.0,True
anatomy,philosophy,3,0.25,True
anatomy,philosophy,5,0.2857142857142857,True
anatomy,philosophy,10,0.8181818181818182,True
anatomy,prehistory,1,0.0,True
anatomy,prehistory,3,0.25,True
anatomy,prehistory,5,0.5,True
anatomy,prehistory,10,0.8181818181818182,True
anatomy,professional_accounting,1,1.0,True
anatomy,professional_accounting,3,0.25,True
anatomy,professional_accounting,5,0.5,True
anatomy,professional_accounting,10,0.5833333333333334,True
anatomy,professional_law,1,1.0,True
anatomy,professional_law,3,0.25,True
anatomy,professional_law,5,0.5,True
anatomy,professional_law,10,0.6666666666666666,True
anatomy,professional_medicine,1,1.0,True
anatomy,professional_medicine,3,0.25,True
anatomy,professional_medicine,5,0.5,True
anatomy,professional_medicine,10,0.6666666666666666,True
anatomy,professional_psychology,1,1.0,True
anatomy,professional_psychology,3,0.25,True
anatomy,professional_psychology,5,0.5,True
anatomy,professional_psychology,10,0.8181818181818182,True
anatomy,public_relations,1,0.0,True
anatomy,public_relations,3,0.6666666666666666,True
anatomy,public_relations,5,0.8,True
anatomy,public_relations,10,0.2857142857142857,True
anatomy,security_studies,1,0.0,True
anatomy,security_studies,3,0.0,True
anatomy,security_studies,5,0.2857142857142857,True
anatomy,security_studies,10,0.6666666666666666,True
anatomy,sociology,1,1.0,True
anatomy,sociology,3,0.25,True
anatomy,sociology,5,0.5,True
anatomy,sociology,10,0.7272727272727273,True
anatomy,us_foreign_policy,1,0.0,True
anatomy,us_foreign_policy,3,0.0,True
anatomy,us_foreign_policy,5,0.125,True
anatomy,us_foreign_policy,10,0.35714285714285715,True
anatomy,virology,1,0.0,True
anatomy,virology,3,0.3333333333333333,True
anatomy,virology,5,0.3333333333333333,True
anatomy,virology,10,0.42857142857142855,True
anatomy,world_religions,1,0.0,True
anatomy,world_religions,3,0.3333333333333333,True
anatomy,world_religions,5,0.3333333333333333,True
anatomy,world_religions,10,0.6666666666666666,True
astronomy,business_ethics,1,0.0,True
astronomy,business_ethics,3,0.25,True
astronomy,business_ethics,5,0.42857142857142855,True
astronomy,business_ethics,10,0.5,True
astronomy,clinical_knowledge,1,0.0,True
astronomy,clinical_knowledge,3,0.25,True
astronomy,clinical_knowledge,5,0.5714285714285714,True
astronomy,clinical_knowledge,10,0.7272727272727273,True
astronomy,college_biology,1,0.0,True
astronomy,college_biology,3,0.0,True
astronomy,college_biology,5,0.6666666666666666,True
astronomy,college_biology,10,0.6666666666666666,True
astronomy,college_chemistry,1,1.0,True
astronomy,college_chemistry,3,0.3333333333333333,True
astronomy,college_chemistry,5,0.5714285714285714,True
astronomy,college_chemistry,10,0.6666666666666666,True
astronomy,college_computer_science,1,0.0,True
astronomy,college_computer_science,3,0.25,True
astronomy,college_computer_science,5,0.8333333333333334,True
astronomy,college_computer_science,10,0.7272727272727273,True
astronomy,college_mathematics,1,0.0,True
astronomy,college_mathematics,3,0.25,True
astronomy,college_mathematics,5,0.5714285714285714,True
astronomy,college_mathematics,10,0.5384615384615384,True
astronomy,college_medicine,1,0.0,True
astronomy,college_medicine,3,0.25,True
astronomy,college_medicine,5,0.5714285714285714,True
astronomy,college_medicine,10,0.42857142857142855,True
astronomy,college_physics,1,0.0,True
astronomy,college_physics,3,0.25,True
astronomy,college_physics,5,0.6666666666666666,True
astronomy,college_physics,10,0.46153846153846156,True
astronomy,computer_security,1,1.0,True
astronomy,computer_security,3,0.25,True
astronomy,computer_security,5,0.5714285714285714,True
astronomy,computer_security,10,0.35714285714285715,True
astronomy,conceptual_physics,1,0.0,True
astronomy,conceptual_physics,3,0.25,True
astronomy,conceptual_physics,5,0.5714285714285714,True
astronomy,conceptual_physics,10,0.8181818181818182,True
astronomy,econometrics,1,1.0,True
astronomy,econometrics,3,0.25,True
astronomy,econometrics,5,0.5714285714285714,True
astronomy,econometrics,10,0.7272727272727273,True
astronomy,electrical_engineering,1,0.0,True
astronomy,electrical_engineering,3,0.25,True
astronomy,electrical_engineering,5,0.6666666666666666,True
astronomy,electrical_engineering,10,0.6666666666666666,True
astronomy,elementary_mathematics,1,0.0,True
astronomy,elementary_mathematics,3,0.25,True
astronomy,elementary_mathematics,5,0.5714285714285714,True
astronomy,elementary_mathematics,10,0.5384615384615384,True
astronomy,formal_logic,1,0.0,True
astronomy,formal_logic,3,0.25,True
astronomy,formal_logic,5,0.6666666666666666,True
astronomy,formal_logic,10,0.6666666666666666,True
astronomy,global_facts,1,0.0,True
astronomy,global_facts,3,0.0,True
astronomy,global_facts,5,0.5714285714285714,True
astronomy,global_facts,10,0.46153846153846156,True
astronomy,high_school_biology,1,0.0,True
astronomy,high_school_biology,3,0.25,True
astronomy,high_school_biology,5,0.5,True
astronomy,high_school_biology,10,0.5833333333333334,True
astronomy,high_school_chemistry,1,0.0,True
astronomy,high_school_chemistry,3,0.25,True
astronomy,high_school_chemistry,5,0.6666666666666666,True
astronomy,high_school_chemistry,10,0.6666666666666666,True
astronomy,high_school_computer_science,1,1.0,True
astronomy,high_school_computer_science,3,0.25,True
astronomy,high_school_computer_science,5,0.5714285714285714,True
astronomy,high_school_computer_science,10,0.5384615384615384,True
astronomy,high_school_european_history,1,1.0,True
astronomy,high_school_european_history,3,0.2,True
astronomy,high_school_european_history,5,0.25,True
astronomy,high_school_european_history,10,0.6666666666666666,True
astronomy,high_school_geography,1,1.0,True
astronomy,high_school_geography,3,0.0,True
astronomy,high_school_geography,5,0.5,True
astronomy,high_school_geography,10,0.5833333333333334,True
astronomy,high_school_government_and_politics,1,1.0,True
astronomy,high_school_government_and_politics,3,0.3333333333333333,True
astronomy,high_school_government_and_politics,5,0.2,True
astronomy,high_school_government_and_politics,10,0.6153846153846154,True
astronomy,high_school_macroeconomics,1,0.0,True
astronomy,high_school_macroeconomics,3,0.25,True
astronomy,high_school_macroeconomics,5,0.5714285714285714,True
astronomy,high_school_macroeconomics,10,0.6666666666666666,True
astronomy,high_school_mathematics,1,0.0,True
astronomy,high_school_mathematics,3,0.25,True
astronomy,high_school_mathematics,5,0.5714285714285714,True
astronomy,high_school_mathematics,10,0.3333333333333333,True
astronomy,high_school_microeconomics,1,0.0,True
astronomy,high_school_microeconomics,3,0.25,True
astronomy,high_school_microeconomics,5,0.42857142857142855,True
astronomy,high_school_microeconomics,10,0.5384615384615384,True
astronomy,high_school_physics,1,0.0,True
astronomy,high_school_physics,3,0.0,True
astronomy,high_school_physics,5,0.8333333333333334,True
astronomy,high_school_physics,10,0.5384615384615384,True
astronomy,high_school_psychology,1,0.0,True
astronomy,high_school_psychology,3,0.25,True
astronomy,high_school_psychology,5,0.5,True
astronomy,high_school_psychology,10,0.5833333333333334,True
astronomy,high_school_statistics,1,0.0,True
astronomy,high_school_statistics,3,0.25,True
astronomy,high_school_statistics,5,0.375,True
astronomy,high_school_statistics,10,0.6666666666666666,True
astronomy,high_school_us_history,1,0.0,True
astronomy,high_school_us_history,3,0.0,True
astronomy,high_school_us_history,5,0.5714285714285714,True
astronomy,high_school_us_history,10,0.6666666666666666,True
astronomy,high_school_world_history,1,1.0,True
astronomy,high_school_world_history,3,0.0,True
astronomy,high_school_world_history,5,0.5714285714285714,True
astronomy,high_school_world_history,10,0.7272727272727273,True
astronomy,human_aging,1,0.0,True
astronomy,human_aging,3,0.0,True
astronomy,human_aging,5,0.5714285714285714,True
astronomy,human_aging,10,0.5833333333333334,True
astronomy,human_sexuality,1,0.0,True
astronomy,human_sexuality,3,0.25,True
astronomy,human_sexuality,5,0.25,True
astronomy,human_sexuality,10,0.5,True
astronomy,international_law,1,1.0,True
astronomy,international_law,3,0.0,True
astronomy,international_law,5,0.375,True
astronomy,international_law,10,0.5384615384615384,True
astronomy,jurisprudence,1,1.0,True
astronomy,jurisprudence,3,0.0,True
astronomy,jurisprudence,5,0.2222222222222222,True
astronomy,jurisprudence,10,0.5833333333333334,True
astronomy,logical_fallacies,1,0.0,True
astronomy,logical_fallacies,3,0.25,True
astronomy,logical_fallacies,5,0.5714285714285714,True
astronomy,logical_fallacies,10,0.5384615384615384,True
astronomy,machine_learning,1,0.0,True
astronomy,machine_learning,3,0.25,True
astronomy,machine_learning,5,0.6666666666666666,True
astronomy,machine_learning,10,0.5384615384615384,True
astronomy,management,1,1.0,True
astronomy,management,3,0.2,True
astronomy,management,5,0.42857142857142855,True
astronomy,management,10,0.5384615384615384,True
astronomy,marketing,1,0.0,True
astronomy,marketing,3,0.6666666666666666,True
astronomy,marketing,5,0.5714285714285714,True
astronomy,marketing,10,0.46153846153846156,True
astronomy,medical_genetics,1,0.0,True
astronomy,medical_genetics,3,0.0,True
astronomy,medical_genetics,5,0.5714285714285714,True
astronomy,medical_genetics,10,0.5833333333333334,True
astronomy,miscellaneous,1,0.0,True
astronomy,miscellaneous,3,0.25,True
astronomy,miscellaneous,5,0.5714285714285714,True
astronomy,miscellaneous,10,0.5833333333333334,True
astronomy,moral_disputes,1,0.0,True
astronomy,moral_disputes,3,0.0,True
astronomy,moral_disputes,5,0.42857142857142855,True
astronomy,moral_disputes,10,0.6666666666666666,True
astronomy,moral_scenarios,1,0.0,True
astronomy,moral_scenarios,3,0.0,True
astronomy,moral_scenarios,5,0.375,True
astronomy,moral_scenarios,10,0.6666666666666666,True
astronomy,nutrition,1,0.0,True
astronomy,nutrition,3,0.25,True
astronomy,nutrition,5,0.5714285714285714,True
astronomy,nutrition,10,0.6666666666666666,True
astronomy,philosophy,1,0.0,True
astronomy,philosophy,3,0.0,True
astronomy,philosophy,5,0.5714285714285714,True
astronomy,philosophy,10,0.6666666666666666,True
astronomy,prehistory,1,0.0,True
astronomy,prehistory,3,0.25,True
astronomy,prehistory,5,0.8333333333333334,True
astronomy,prehistory,10,0.6666666666666666,True
astronomy,professional_accounting,1,0.0,True
astronomy,professional_accounting,3,0.25,True
astronomy,professional_accounting,5,0.5714285714285714,True
astronomy,professional_accounting,10,0.5833333333333334,True
astronomy,professional_law,1,0.0,True
astronomy,professional_law,3,0.25,True
astronomy,professional_law,5,0.5714285714285714,True
astronomy,professional_law,10,0.6666666666666666,True
astronomy,professional_medicine,1,0.0,True
astronomy,professional_medicine,3,0.0,True
astronomy,professional_medicine,5,0.5714285714285714,True
astronomy,professional_medicine,10,0.5384615384615384,True
astronomy,professional_psychology,1,0.0,True
astronomy,professional_psychology,3,0.25,True
astronomy,professional_psychology,5,0.8333333333333334,True
astronomy,professional_psychology,10,0.6666666666666666,True
astronomy,public_relations,1,0.0,True
astronomy,public_relations,3,0.0,True
astronomy,public_relations,5,0.375,True
astronomy,public_relations,10,0.38461538461538464,True
astronomy,security_studies,1,0.0,True
astronomy,security_studies,3,0.0,True
astronomy,security_studies,5,0.375,True
astronomy,security_studies,10,0.6666666666666666,True
astronomy,sociology,1,0.0,True
astronomy,sociology,3,0.25,True
astronomy,sociology,5,0.8333333333333334,True
astronomy,sociology,10,0.5833333333333334,True
astronomy,us_foreign_policy,1,0.0,True
astronomy,us_foreign_policy,3,0.5,True
astronomy,us_foreign_policy,5,0.1,True
astronomy,us_foreign_policy,10,0.26666666666666666,True
astronomy,virology,1,1.0,True
astronomy,virology,3,0.0,True
astronomy,virology,5,0.25,True
astronomy,virology,10,0.42857142857142855,True
astronomy,world_religions,1,0.0,True
astronomy,world_religions,3,0.0,True
astronomy,world_religions,5,0.42857142857142855,True
astronomy,world_religions,10,0.42857142857142855,True
business_ethics,clinical_knowledge,1,1.0,True
business_ethics,clinical_knowledge,3,0.5,True
business_ethics,clinical_knowledge,5,0.2857142857142857,True
business_ethics,clinical_knowledge,10,0.42857142857142855,True
business_ethics,college_biology,1,1.0,True
business_ethics,college_biology,3,0.25,True
business_ethics,college_biology,5,0.6,True
business_ethics,college_biology,10,0.5,True
business_ethics,college_chemistry,1,0.0,True
business_ethics,college_chemistry,3,0.25,True
business_ethics,college_chemistry,5,0.2857142857142857,True
business_ethics,college_chemistry,10,0.5,True
business_ethics,college_computer_science,1,1.0,True
business_ethics,college_computer_science,3,0.5,True
business_ethics,college_computer_science,5,0.2857142857142857,True
business_ethics,college_computer_science,10,0.42857142857142855,True
business_ethics,college_mathematics,1,1.0,True
business_ethics,college_mathematics,3,0.5,True
business_ethics,college_mathematics,5,0.5,True
business_ethics,college_mathematics,10,0.5,True
business_ethics,college_medicine,1,1.0,True
business_ethics,college_medicine,3,0.5,True
business_ethics,college_medicine,5,0.5,True
business_ethics,college_medicine,10,0.5,True
business_ethics,college_physics,1,1.0,True
business_ethics,college_physics,3,0.2,True
business_ethics,college_physics,5,0.3333333333333333,True
business_ethics,college_physics,10,0.3333333333333333,True
business_ethics,computer_security,1,0.0,True
business_ethics,computer_security,3,0.5,True
business_ethics,computer_security,5,0.5,True
business_ethics,computer_security,10,0.3333333333333333,True
business_ethics,conceptual_physics,1,1.0,True
business_ethics,conceptual_physics,3,0.5,True
business_ethics,conceptual_physics,5,0.2857142857142857,True
business_ethics,conceptual_physics,10,0.5,True
business_ethics,econometrics,1,0.0,True
business_ethics,econometrics,3,0.2,True
business_ethics,econometrics,5,0.2857142857142857,True
business_ethics,econometrics,10,0.5384615384615384,True
business_ethics,electrical_engineering,1,1.0,True
business_ethics,electrical_engineering,3,0.5,True
business_ethics,electrical_engineering,5,0.3333333333333333,True
business_ethics,electrical_engineering,10,0.4,True
business_ethics,elementary_mathematics,1,1.0,True
business_ethics,elementary_mathematics,3,0.5,True
business_ethics,elementary_mathematics,5,0.2857142857142857,True
business_ethics,elementary_mathematics,10,0.4,True
business_ethics,formal_logic,1,1.0,True
business_ethics,formal_logic,3,0.5,True
business_ethics,formal_logic,5,0.3333333333333333,True
business_ethics,formal_logic,10,0.5,True
business_ethics,global_facts,1,0.0,True
business_ethics,global_facts,3,0.25,True
business_ethics,global_facts,5,0.2857142857142857,True
business_ethics,global_facts,10,0.3333333333333333,True
business_ethics,high_school_biology,1,1.0,True
business_ethics,high_school_biology,3,0.2,True
business_ethics,high_school_biology,5,0.25,True
business_ethics,high_school_biology,10,0.42857142857142855,True
business_ethics,high_school_chemistry,1,1.0,True
business_ethics,high_school_chemistry,3,0.5,True
business_ethics,high_school_chemistry,5,0.3333333333333333,True
business_ethics,high_school_chemistry,10,0.6153846153846154,True
business_ethics,high_school_computer_science,1,0.0,True
business_ethics,high_school_computer_science,3,0.5,True
business_ethics,high_school_computer_science,5,0.2857142857142857,True
business_ethics,high_school_computer_science,10,0.4,True
business_ethics,high_school_european_history,1,0.0,True
business_ethics,high_school_european_history,3,0.16666666666666666,True
business_ethics,high_school_european_history,5,0.14285714285714285,True
business_ethics,high_school_european_history,10,0.6153846153846154,True
business_ethics,high_school_geography,1,0.0,True
business_ethics,high_school_geography,3,0.25,True
business_ethics,high_school_geography,5,0.25,True
business_ethics,high_school_geography,10,0.3333333333333333,True
business_ethics,high_school_government_and_politics,1,0.0,True
business_ethics,high_school_government_and_politics,3,0.25,True
business_ethics,high_school_government_and_politics,5,0.1111111111111111,True
business_ethics,high_school_government_and_politics,10,0.4666666666666667,True
business_ethics,high_school_macroeconomics,1,1.0,True
business_ethics,high_school_macroeconomics,3,0.5,True
business_ethics,high_school_macroeconomics,5,0.2857142857142857,True
business_ethics,high_school_macroeconomics,10,0.6153846153846154,True
business_ethics,high_school_mathematics,1,1.0,True
business_ethics,high_school_mathematics,3,0.5,True
business_ethics,high_school_mathematics,5,0.2857142857142857,True
business_ethics,high_school_mathematics,10,0.5,True
business_ethics,high_school_microeconomics,1,1.0,True
business_ethics,high_school_microeconomics,3,0.5,True
business_ethics,high_school_microeconomics,5,0.3333333333333333,True
business_ethics,high_school_microeconomics,10,0.5,True
business_ethics,high_school_physics,1,1.0,True
business_ethics,high_school_physics,3,0.25,True
business_ethics,high_school_physics,5,0.2857142857142857,True
business_ethics,high_school_physics,10,0.5,True
business_ethics,high_school_psychology,1,1.0,True
business_ethics,high_school_psychology,3,0.5,True
business_ethics,high_school_psychology,5,0.25,True
business_ethics,high_school_psychology,10,0.42857142857142855,True
business_ethics,high_school_statistics,1,1.0,True
business_ethics,high_school_statistics,3,0.5,True
business_ethics,high_school_statistics,5,0.2857142857142857,True
business_ethics,high_school_statistics,10,0.5,True
business_ethics,high_school_us_history,1,1.0,True
business_ethics,high_school_us_history,3,0.2,True
business_ethics,high_school_us_history,5,0.2857142857142857,True
business_ethics,high_school_us_history,10,0.4,True
business_ethics,high_school_world_history,1,0.0,True
business_ethics,high_school_world_history,3,0.0,True
business_ethics,high_school_world_history,5,0.125,True
business_ethics,high_school_world_history,10,0.5384615384615384,True
business_ethics,human_aging,1,1.0,True
business_ethics,human_aging,3,0.2,True
business_ethics,human_aging,5,0.5,True
business_ethics,human_aging,10,0.42857142857142855,True
business_ethics,human_sexuality,1,1.0,True
business_ethics,human_sexuality,3,0.2,True
business_ethics,human_sexuality,5,0.14285714285714285,True
business_ethics,human_sexuality,10,0.29411764705882354,True
business_ethics,international_law,1,0.0,True
business_ethics,international_law,3,0.25,True
business_ethics,international_law,5,0.125,True
business_ethics,international_law,10,0.3125,True
business_ethics,jurisprudence,1,0.0,True
business_ethics,jurisprudence,3,0.2,True
business_ethics,jurisprudence,5,0.125,True
business_ethics,jurisprudence,10,0.42857142857142855,True
business_ethics,logical_fallacies,1,0.0,True
business_ethics,logical_fallacies,3,0.2,True
business_ethics,logical_fallacies,5,0.2857142857142857,True
business_ethics,logical_fallacies,10,0.4,True
business_ethics,machine_learning,1,0.0,True
business_ethics,machine_learning,3,0.5,True
business_ethics,machine_learning,5,0.3333333333333333,True
business_ethics,machine_learning,10,0.5,True
business_ethics,management,1,0.0,True
business_ethics,management,3,0.16666666666666666,True
business_ethics,management,5,0.3333333333333333,True
business_ethics,management,10,0.5,True
business_ethics,marketing,1,0.0,True
business_ethics,marketing,3,0.2,True
business_ethics,marketing,5,0.2857142857142857,True
business_ethics,marketing,10,0.3333333333333333,True
business_ethics,medical_genetics,1,1.0,True
business_ethics,medical_genetics,3,0.2,True
business_ethics,medical_genetics,5,0.2857142857142857,True
business_ethics,medical_genetics,10,0.5384615384615384,True
business_ethics,miscellaneous,1,1.0,True
business_ethics,miscellaneous,3,0.2,True
business_ethics,miscellaneous,5,0.2857142857142857,True
business_ethics,miscellaneous,10,0.6666666666666666,True
business_ethics,moral_disputes,1,1.0,True
business_ethics,moral_disputes,3,0.25,True
business_ethics,moral_disputes,5,0.14285714285714285,True
business_ethics,moral_disputes,10,0.5,True
business_ethics,moral_scenarios,1,0.0,True
business_ethics,moral_scenarios,3,0.0,True
business_ethics,moral_scenarios,5,0.0,True
business_ethics,moral_scenarios,10,0.5,True
business_ethics,nutrition,1,0.0,True
business_ethics,nutrition,3,0.2,True
business_ethics,nutrition,5,0.125,True
business_ethics,nutrition,10,0.4,True
business_ethics,philosophy,1,1.0,True
business_ethics,philosophy,3,0.2,True
business_ethics,philosophy,5,0.2857142857142857,True
business_ethics,philosophy,10,0.4,True
business_ethics,prehistory,1,0.0,True
business_ethics,prehistory,3,0.2,True
business_ethics,prehistory,5,0.5,True
business_ethics,prehistory,10,0.5,True
business_ethics,professional_accounting,1,1.0,True
business_ethics,professional_accounting,3,0.2,True
business_ethics,professional_accounting,5,0.2857142857142857,True
business_ethics,professional_accounting,10,0.42857142857142855,True
business_ethics,professional_law,1,1.0,True
business_ethics,professional_law,3,0.5,True
business_ethics,professional_law,5,0.2857142857142857,True
business_ethics,professional_law,10,0.6153846153846154,True
business_ethics,professional_medicine,1,1.0,True
business_ethics,professional_medicine,3,0.2,True
business_ethics,professional_medicine,5,0.2857142857142857,True
business_ethics,professional_medicine,10,0.5,True
business_ethics,professional_psychology,1,1.0,True
business_ethics,professional_psychology,3,0.2,True
business_ethics,professional_psychology,5,0.5,True
business_ethics,professional_psychology,10,0.5,True
business_ethics,public_relations,1,0.0,True
business_ethics,public_relations,3,0.2,True
business_ethics,public_relations,5,0.2857142857142857,True
business_ethics,public_relations,10,0.46153846153846156,True
business_ethics,security_studies,1,0.0,True
business_ethics,security_studies,3,0.0,True
business_ethics,security_studies,5,0.125,True
business_ethics,security_studies,10,0.4,True
business_ethics,sociology,1,1.0,True
business_ethics,sociology,3,0.2,True
business_ethics,sociology,5,0.5,True
business_ethics,sociology,10,0.42857142857142855,True
business_ethics,us_foreign_policy,1,0.0,True
business_ethics,us_foreign_policy,3,0.3333333333333333,True
business_ethics,us_foreign_policy,5,0.125,True
business_ethics,us_foreign_policy,10,0.3333333333333333,True
business_ethics,virology,1,0.0,True
business_ethics,virology,3,0.25,True
business_ethics,virology,5,0.3333333333333333,True
business_ethics,virology,10,0.3125,True
business_ethics,world_religions,1,0.0,True
business_ethics,world_religions,3,0.25,True
business_ethics,world_religions,5,0.3333333333333333,True
business_ethics,world_religions,10,0.3125,True
clinical_knowledge,college_biology,1,1.0,True
clinical_knowledge,college_biology,3,0.6666666666666666,True
clinical_knowledge,college_biology,5,0.5,True
clinical_knowledge,college_biology,10,0.7272727272727273,True
clinical_knowledge,college_chemistry,1,0.0,True
clinical_knowledge,college_chemistry,3,0.25,True
clinical_knowledge,college_chemistry,5,0.6666666666666666,True
clinical_knowledge,college_chemistry,10,0.5833333333333334,True
clinical_knowledge,college_computer_science,1,1.0,True
clinical_knowledge,college_computer_science,3,1.0,True
clinical_knowledge,college_computer_science,5,0.6666666666666666,True
clinical_knowledge,college_computer_science,10,0.8,True
clinical_knowledge,college_mathematics,1,1.0,True
clinical_knowledge,college_mathematics,3,1.0,True
clinical_knowledge,college_mathematics,5,0.42857142857142855,True
clinical_knowledge,college_mathematics,10,0.5833333333333334,True
clinical_knowledge,college_medicine,1,1.0,True
clinical_knowledge,college_medicine,3,0.5,True
clinical_knowledge,college_medicine,5,0.6666666666666666,True
clinical_knowledge,college_medicine,10,0.5833333333333334,True
clinical_knowledge,college_physics,1,1.0,True
clinical_knowledge,college_physics,3,0.5,True
clinical_knowledge,college_physics,5,0.8,True
clinical_knowledge,college_physics,10,0.6363636363636364,True
clinical_knowledge,computer_security,1,0.0,True
clinical_knowledge,computer_security,3,0.5,True
clinical_knowledge,computer_security,5,0.6666666666666666,True
clinical_knowledge,computer_security,10,0.38461538461538464,True
clinical_knowledge,conceptual_physics,1,1.0,True
clinical_knowledge,conceptual_physics,3,1.0,True
clinical_knowledge,conceptual_physics,5,1.0,True
clinical_knowledge,conceptual_physics,10,0.7272727272727273,True
clinical_knowledge,econometrics,1,0.0,True
clinical_knowledge,econometrics,3,0.5,True
clinical_knowledge,econometrics,5,1.0,True
clinical_knowledge,econometrics,10,0.8,True
clinical_knowledge,electrical_engineering,1,1.0,True
clinical_knowledge,electrical_engineering,3,1.0,True
clinical_knowledge,electrical_engineering,5,0.8,True
clinical_knowledge,electrical_engineering,10,0.7272727272727273,True
clinical_knowledge,elementary_mathematics,1,1.0,True
clinical_knowledge,elementary_mathematics,3,1.0,True
clinical_knowledge,elementary_mathematics,5,0.6666666666666666,True
clinical_knowledge,elementary_mathematics,10,0.7272727272727273,True
clinical_knowledge,formal_logic,1,1.0,True
clinical_knowledge,formal_logic,3,1.0,True
clinical_knowledge,formal_logic,5,0.5,True
clinical_knowledge,formal_logic,10,0.5833333333333334,True
clinical_knowledge,global_facts,1,0.0,True
clinical_knowledge,global_facts,3,0.6666666666666666,True
clinical_knowledge,global_facts,5,0.42857142857142855,True
clinical_knowledge,global_facts,10,0.6363636363636364,True
clinical_knowledge,high_school_biology,1,1.0,True
clinical_knowledge,high_school_biology,3,0.2,True
clinical_knowledge,high_school_biology,5,0.8333333333333334,True
clinical_knowledge,high_school_biology,10,0.6363636363636364,True
clinical_knowledge,high_school_chemistry,1,1.0,True
clinical_knowledge,high_school_chemistry,3,1.0,True
clinical_knowledge,high_school_chemistry,5,0.8,True
clinical_knowledge,high_school_chemistry,10,0.7272727272727273,True
clinical_knowledge,high_school_computer_science,1,0.0,True
clinical_knowledge,high_school_computer_science,3,1.0,True
clinical_knowledge,high_school_computer_science,5,0.42857142857142855,True
clinical_knowledge,high_school_computer_science,10,0.5833333333333334,True
clinical_knowledge,high_school_european_history,1,0.0,True
clinical_knowledge,high_school_european_history,3,0.4,True
clinical_knowledge,high_school_european_history,5,0.2857142857142857,True
clinical_knowledge,high_school_european_history,10,0.5833333333333334,True
clinical_knowledge,high_school_geography,1,0.0,True
clinical_knowledge,high_school_geography,3,0.6666666666666666,True
clinical_knowledge,high_school_geography,5,0.375,True
clinical_knowledge,high_school_geography,10,0.8,True
clinical_knowledge,high_school_government_and_politics,1,0.0,True
clinical_knowledge,high_school_government_and_politics,3,0.25,True
clinical_knowledge,high_school_government_and_politics,5,0.2222222222222222,True
clinical_knowledge,high_school_government_and_politics,10,0.6666666666666666,True
clinical_knowledge,high_school_macroeconomics,1,1.0,True
clinical_knowledge,high_school_macroeconomics,3,1.0,True
clinical_knowledge,high_school_macroeconomics,5,0.6666666666666666,True
clinical_knowledge,high_school_macroeconomics,10,0.7272727272727273,True
clinical_knowledge,high_school_mathematics,1,1.0,True
clinical_knowledge,high_school_mathematics,3,1.0,True
clinical_knowledge,high_school_mathematics,5,0.6666666666666666,True
clinical_knowledge,high_school_mathematics,10,0.46153846153846156,True
clinical_knowledge,high_school_microeconomics,1,1.0,True
clinical_knowledge,high_school_microeconomics,3,1.0,True
clinical_knowledge,high_school_microeconomics,5,0.5,True
clinical_knowledge,high_school_microeconomics,10,0.5833333333333334,True
clinical_knowledge,high_school_physics,1,1.0,True
clinical_knowledge,high_school_physics,3,0.6666666666666666,True
clinical_knowledge,high_school_physics,5,0.6666666666666666,True
clinical_knowledge,high_school_physics,10,0.5833333333333334,True
clinical_knowledge,high_school_psychology,1,1.0,True
clinical_knowledge,high_school_psychology,3,0.5,True
clinical_knowledge,high_school_psychology,5,0.375,True
clinical_knowledge,high_school_psychology,10,0.6363636363636364,True
clinical_knowledge,high_school_statistics,1,1.0,True
clinical_knowledge,high_school_statistics,3,1.0,True
clinical_knowledge,high_school_statistics,5,0.6666666666666666,True
clinical_knowledge,high_school_statistics,10,0.7272727272727273,True
clinical_knowledge,high_school_us_history,1,1.0,True
clinical_knowledge,high_school_us_history,3,0.2,True
clinical_knowledge,high_school_us_history,5,0.25,True
clinical_knowledge,high_school_us_history,10,0.9,True
clinical_knowledge,high_school_world_history,1,0.0,True
clinical_knowledge,high_school_world_history,3,0.2,True
clinical_knowledge,high_school_world_history,5,0.25,True
clinical_knowledge,high_school_world_history,10,0.8,True
clinical_knowledge,human_aging,1,1.0,True
clinical_knowledge,human_aging,3,0.5,True
clinical_knowledge,human_aging,5,0.25,True
clinical_knowledge,human_aging,10,0.6363636363636364,True
clinical_knowledge,human_sexuality,1,1.0,True
clinical_knowledge,human_sexuality,3,0.2,True
clinical_knowledge,human_sexuality,5,0.5,True
clinical_knowledge,human_sexuality,10,0.5384615384615384,True
clinical_knowledge,international_law,1,0.0,True
clinical_knowledge,international_law,3,0.6666666666666666,True
clinical_knowledge,international_law,5,0.25,True
clinical_knowledge,international_law,10,0.5833333333333334,True
clinical_knowledge,jurisprudence,1,0.0,True
clinical_knowledge,jurisprudence,3,0.2,True
clinical_knowledge,jurisprudence,5,0.1111111111111111,True
clinical_knowledge,jurisprudence,10,0.5,True
clinical_knowledge,logical_fallacies,1,0.0,True
clinical_knowledge,logical_fallacies,3,0.5,True
clinical_knowledge,logical_fallacies,5,0.6666666666666666,True
clinical_knowledge,logical_fallacies,10,0.5833333333333334,True
clinical_knowledge,machine_learning,1,0.0,True
clinical_knowledge,machine_learning,3,1.0,True
clinical_knowledge,machine_learning,5,0.8,True
clinical_knowledge,machine_learning,10,0.7272727272727273,True
clinical_knowledge,management,1,0.0,True
clinical_knowledge,management,3,0.16666666666666666,True
clinical_knowledge,management,5,0.125,True
clinical_knowledge,management,10,0.5833333333333334,True
clinical_knowledge,marketing,1,0.0,True
clinical_knowledge,marketing,3,0.5,True
clinical_knowledge,marketing,5,0.6666666666666666,True
clinical_knowledge,marketing,10,0.6363636363636364,True
clinical_knowledge,medical_genetics,1,1.0,True
clinical_knowledge,medical_genetics,3,0.5,True
clinical_knowledge,medical_genetics,5,0.42857142857142855,True
clinical_knowledge,medical_genetics,10,0.6363636363636364,True
clinical_knowledge,miscellaneous,1,1.0,True
clinical_knowledge,miscellaneous,3,0.5,True
clinical_knowledge,miscellaneous,5,0.6666666666666666,True
clinical_knowledge,miscellaneous,10,0.6363636363636364,True
clinical_knowledge,moral_disputes,1,1.0,True
clinical_knowledge,moral_disputes,3,0.6666666666666666,True
clinical_knowledge,moral_disputes,5,0.5,True
clinical_knowledge,moral_disputes,10,0.7272727272727273,True
clinical_knowledge,moral_scenarios,1,0.0,True
clinical_knowledge,moral_scenarios,3,0.2,True
clinical_knowledge,moral_scenarios,5,0.42857142857142855,True
clinical_knowledge,moral_scenarios,10,0.5833333333333334,True
clinical_knowledge,nutrition,1,0.0,True
clinical_knowledge,nutrition,3,0.5,True
clinical_knowledge,nutrition,5,0.42857142857142855,True
clinical_knowledge,nutrition,10,0.5833333333333334,True
clinical_knowledge,philosophy,1,1.0,True
clinical_knowledge,philosophy,3,0.5,True
clinical_knowledge,philosophy,5,0.42857142857142855,True
clinical_knowledge,philosophy,10,0.7272727272727273,True
clinical_knowledge,prehistory,1,0.0,True
clinical_knowledge,prehistory,3,0.5,True
clinical_knowledge,prehistory,5,0.6666666666666666,True
clinical_knowledge,prehistory,10,0.9,True
clinical_knowledge,professional_accounting,1,1.0,True
clinical_knowledge,professional_accounting,3,0.5,True
clinical_knowledge,professional_accounting,5,0.6666666666666666,True
clinical_knowledge,professional_accounting,10,0.5,True
clinical_knowledge,professional_law,1,1.0,True
clinical_knowledge,professional_law,3,1.0,True
clinical_knowledge,professional_law,5,0.42857142857142855,True
clinical_knowledge,professional_law,10,0.5833333333333334,True
clinical_knowledge,professional_medicine,1,1.0,True
clinical_knowledge,professional_medicine,3,0.5,True
clinical_knowledge,professional_medicine,5,0.42857142857142855,True
clinical_knowledge,professional_medicine,10,0.5833333333333334,True
clinical_knowledge,professional_psychology,1,1.0,True
clinical_knowledge,professional_psychology,3,0.2,True
clinical_knowledge,professional_psychology,5,0.6666666666666666,True
clinical_knowledge,professional_psychology,10,0.7272727272727273,True
clinical_knowledge,public_relations,1,0.0,True
clinical_knowledge,public_relations,3,0.5,True
clinical_knowledge,public_relations,5,0.6666666666666666,True
clinical_knowledge,public_relations,10,0.4166666666666667,True
clinical_knowledge,security_studies,1,0.0,True
clinical_knowledge,security_studies,3,0.2,True
clinical_knowledge,security_studies,5,0.25,True
clinical_knowledge,security_studies,10,0.5833333333333334,True
clinical_knowledge,sociology,1,1.0,True
clinical_knowledge,sociology,3,0.5,True
clinical_knowledge,sociology,5,0.6666666666666666,True
clinical_knowledge,sociology,10,0.6363636363636364,True
clinical_knowledge,us_foreign_policy,1,0.0,True
clinical_knowledge,us_foreign_policy,3,0.3333333333333333,True
clinical_knowledge,us_foreign_policy,5,0.1111111111111111,True
clinical_knowledge,us_foreign_policy,10,0.38461538461538464,True
clinical_knowledge,virology,1,0.0,True
clinical_knowledge,virology,3,0.25,True
clinical_knowledge,virology,5,0.2857142857142857,True
clinical_knowledge,virology,10,0.5833333333333334,True
clinical_knowledge,world_religions,1,0.0,True
clinical_knowledge,world_religions,3,0.25,True
clinical_knowledge,world_religions,5,0.2857142857142857,True
clinical_knowledge,world_religions,10,0.5833333333333334,True
college_biology,college_chemistry,1,0.0,True
college_biology,college_chemistry,3,0.3333333333333333,True
college_biology,college_chemistry,5,0.5,True
college_biology,college_chemistry,10,0.5384615384615384,True
college_biology,college_computer_science,1,1.0,True
college_biology,college_computer_science,3,0.6666666666666666,True
college_biology,college_computer_science,5,0.5,True
college_biology,college_computer_science,10,0.7272727272727273,True
college_biology,college_mathematics,1,1.0,True
college_biology,college_mathematics,3,0.6666666666666666,True
college_biology,college_mathematics,5,0.8,True
college_biology,college_mathematics,10,0.42857142857142855,True
college_biology,college_medicine,1,1.0,True
college_biology,college_medicine,3,0.25,True
college_biology,college_medicine,5,0.5,True
college_biology,college_medicine,10,0.6666666666666666,True
college_biology,college_physics,1,1.0,True
college_biology,college_physics,3,0.6666666666666666,True
college_biology,college_physics,5,0.6,True
college_biology,college_physics,10,0.46153846153846156,True
college_biology,computer_security,1,0.0,True
college_biology,computer_security,3,0.25,True
college_biology,computer_security,5,0.5,True
college_biology,computer_security,10,0.46153846153846156,True
college_biology,conceptual_physics,1,1.0,True
college_biology,conceptual_physics,3,0.6666666666666666,True
college_biology,conceptual_physics,5,0.5,True
college_biology,conceptual_physics,10,0.8181818181818182,True
college_biology,econometrics,1,0.0,True
college_biology,econometrics,3,0.6666666666666666,True
college_biology,econometrics,5,0.5,True
college_biology,econometrics,10,0.9,True
college_biology,electrical_engineering,1,1.0,True
college_biology,electrical_engineering,3,0.6666666666666666,True
college_biology,electrical_engineering,5,0.6,True
college_biology,electrical_engineering,10,0.5384615384615384,True
college_biology,elementary_mathematics,1,1.0,True
college_biology,elementary_mathematics,3,0.6666666666666666,True
college_biology,elementary_mathematics,5,0.5,True
college_biology,elementary_mathematics,10,0.5384615384615384,True
college_biology,formal_logic,1,1.0,True
college_biology,formal_logic,3,0.6666666666666666,True
college_biology,formal_logic,5,0.6,True
college_biology,formal_logic,10,0.6666666666666666,True
college_biology,global_facts,1,0.0,True
college_biology,global_facts,3,1.0,True
college_biology,global_facts,5,0.5,True
college_biology,global_facts,10,0.5833333333333334,True
college_biology,high_school_biology,1,1.0,True
college_biology,high_school_biology,3,0.25,True
college_biology,high_school_biology,5,0.42857142857142855,True
college_biology,high_school_biology,10,0.7272727272727273,True
college_biology,high_school_chemistry,1,1.0,True
college_biology,high_school_chemistry,3,0.6666666666666666,True
college_biology,high_school_chemistry,5,0.6,True
college_biology,high_school_chemistry,10,0.8181818181818182,True
college_biology,high_school_computer_science,1,0.0,True
college_biology,high_school_computer_science,3,0.6666666666666666,True
college_biology,high_school_computer_science,5,0.5,True
college_biology,high_school_computer_science,10,0.6666666666666666,True
college_biology,high_school_european_history,1,0.0,True
college_biology,high_school_european_history,3,0.2,True
college_biology,high_school_european_history,5,0.3333333333333333,True
college_biology,high_school_european_history,10,0.5384615384615384,True
college_biology,high_school_geography,1,0.0,True
college_biology,high_school_geography,3,1.0,True
college_biology,high_school_geography,5,0.42857142857142855,True
college_biology,high_school_geography,10,0.7272727272727273,True
college_biology,high_school_government_and_politics,1,0.0,True
college_biology,high_school_government_and_politics,3,0.0,True
college_biology,high_school_government_and_politics,5,0.25,True
college_biology,high_school_government_and_politics,10,0.75,True
college_biology,high_school_macroeconomics,1,1.0,True
college_biology,high_school_macroeconomics,3,0.6666666666666666,True
college_biology,high_school_macroeconomics,5,0.5,True
college_biology,high_school_macroeconomics,10,0.8181818181818182,True
college_biology,high_school_mathematics,1,1.0,True
college_biology,high_school_mathematics,3,0.6666666666666666,True
college_biology,high_school_mathematics,5,0.5,True
college_biology,high_school_mathematics,10,0.3333333333333333,True
college_biology,high_school_microeconomics,1,1.0,True
college_biology,high_school_microeconomics,3,0.6666666666666666,True
college_biology,high_school_microeconomics,5,0.6,True
college_biology,high_school_microeconomics,10,0.6666666666666666,True
college_biology,high_school_physics,1,1.0,True
college_biology,high_school_physics,3,1.0,True
college_biology,high_school_physics,5,0.5,True
college_biology,high_school_physics,10,0.8181818181818182,True
college_biology,high_school_psychology,1,1.0,True
college_biology,high_school_psychology,3,0.25,True
college_biology,high_school_psychology,5,0.42857142857142855,True
college_biology,high_school_psychology,10,0.9,True
college_biology,high_school_statistics,1,1.0,True
college_biology,high_school_statistics,3,0.6666666666666666,True
college_biology,high_school_statistics,5,0.5,True
college_biology,high_school_statistics,10,1.0,True
college_biology,high_school_us_history,1,1.0,True
college_biology,high_school_us_history,3,0.25,True
college_biology,high_school_us_history,5,0.2857142857142857,True
college_biology,high_school_us_history,10,0.6666666666666666,True
college_biology,high_school_world_history,1,0.0,True
college_biology,high_school_world_history,3,0.25,True
college_biology,high_school_world_history,5,0.2857142857142857,True
college_biology,high_school_world_history,10,0.7272727272727273,True
college_biology,human_aging,1,1.0,True
college_biology,human_aging,3,0.6666666666666666,True
college_biology,human_aging,5,0.5,True
college_biology,human_aging,10,0.7272727272727273,True
college_biology,human_sexuality,1,1.0,True
college_biology,human_sexuality,3,0.25,True
college_biology,human_sexuality,5,0.14285714285714285,True
college_biology,human_sexuality,10,0.4,True
college_biology,international_law,1,0.0,True
college_biology,international_law,3,1.0,True
college_biology,international_law,5,0.2857142857142857,True
college_biology,international_law,10,0.42857142857142855,True
college_biology,jurisprudence,1,0.0,True
college_biology,jurisprudence,3,0.25,True
college_biology,jurisprudence,5,0.125,True
college_biology,jurisprudence,10,0.5833333333333334,True
college_biology,logical_fallacies,1,0.0,True
college_biology,logical_fallacies,3,0.6666666666666666,True
college_biology,logical_fallacies,5,0.5,True
college_biology,logical_fallacies,10,0.5384615384615384,True
college_biology,machine_learning,1,0.0,True
college_biology,machine_learning,3,0.6666666666666666,True
college_biology,machine_learning,5,0.6,True
college_biology,machine_learning,10,0.6666666666666666,True
college_biology,management,1,0.0,True
college_biology,management,3,0.0,True
college_biology,management,5,0.3333333333333333,True
college_biology,management,10,0.6666666666666666,True
college_biology,marketing,1,0.0,True
college_biology,marketing,3,0.25,True
college_biology,marketing,5,0.5,True
college_biology,marketing,10,0.5833333333333334,True
college_biology,medical_genetics,1,1.0,True
college_biology,medical_genetics,3,0.6666666666666666,True
college_biology,medical_genetics,5,0.5,True
college_biology,medical_genetics,10,0.7272727272727273,True
college_biology,miscellaneous,1,1.0,True
college_biology,miscellaneous,3,0.6666666666666666,True
college_biology,miscellaneous,5,0.5,True
college_biology,miscellaneous,10,0.5833333333333334,True
college_biology,moral_disputes,1,1.0,True
college_biology,moral_disputes,3,1.0,True
college_biology,moral_disputes,5,0.3333333333333333,True
college_biology,moral_disputes,10,1.0,True
college_biology,moral_scenarios,1,0.0,True
college_biology,moral_scenarios,3,0.25,True
college_biology,moral_scenarios,5,0.125,True
college_biology,moral_scenarios,10,0.6666666666666666,True
college_biology,nutrition,1,0.0,True
college_biology,nutrition,3,0.6666666666666666,True
college_biology,nutrition,5,0.2857142857142857,True
college_biology,nutrition,10,0.6666666666666666,True
college_biology,philosophy,1,1.0,True
college_biology,philosophy,3,0.6666666666666666,True
college_biology,philosophy,5,0.5,True
college_biology,philosophy,10,0.8181818181818182,True
college_biology,prehistory,1,0.0,True
college_biology,prehistory,3,0.6666666666666666,True
college_biology,prehistory,5,0.8,True
college_biology,prehistory,10,0.8181818181818182,True
college_biology,professional_accounting,1,1.0,True
college_biology,professional_accounting,3,0.6666666666666666,True
college_biology,professional_accounting,5,0.5,True
college_biology,professional_accounting,10,0.5833333333333334,True
college_biology,professional_law,1,1.0,True
college_biology,professional_law,3,0.6666666666666666,True
college_biology,professional_law,5,0.5,True
college_biology,professional_law,10,0.6666666666666666,True
college_biology,professional_medicine,1,1.0,True
college_biology,professional_medicine,3,0.6666666666666666,True
college_biology,professional_medicine,5,0.5,True
college_biology,professional_medicine,10,0.6666666666666666,True
college_biology,professional_psychology,1,1.0,True
college_biology,professional_psychology,3,0.25,True
college_biology,professional_psychology,5,0.8,True
college_biology,professional_psychology,10,0.8181818181818182,True
college_biology,public_relations,1,0.0,True
college_biology,public_relations,3,0.6666666666666666,True
college_biology,public_relations,5,0.5,True
college_biology,public_relations,10,0.2857142857142857,True
college_biology,security_studies,1,0.0,True
college_biology,security_studies,3,0.25,True
college_biology,security_studies,5,0.2857142857142857,True
college_biology,security_studies,10,0.6666666666666666,True
college_biology,sociology,1,1.0,True
college_biology,sociology,3,0.6666666666666666,True
college_biology,sociology,5,0.8,True
college_biology,sociology,10,0.7272727272727273,True
college_biology,us_foreign_policy,1,0.0,True
college_biology,us_foreign_policy,3,0.0,True
college_biology,us_foreign_policy,5,0.125,True
college_biology,us_foreign_policy,10,0.35714285714285715,True
college_biology,virology,1,0.0,True
college_biology,virology,3,0.3333333333333333,True
college_biology,virology,5,0.3333333333333333,True
college_biology,virology,10,0.42857142857142855,True
college_biology,world_religions,1,0.0,True
college_biology,world_religions,3,0.3333333333333333,True
college_biology,world_religions,5,0.6,True
college_biology,world_religions,10,0.6666666666666666,True
college_chemistry,college_computer_science,1,0.0,True
college_chemistry,college_computer_science,3,0.25,True
college_chemistry,college_computer_science,5,0.6666666666666666,True
college_chemistry,college_computer_science,10,0.7272727272727273,True
college_chemistry,college_mathematics,1,0.0,True
college_chemistry,college_mathematics,3,0.25,True
college_chemistry,college_mathematics,5,0.42857142857142855,True
college_chemistry,college_mathematics,10,0.6666666666666666,True
college_chemistry,college_medicine,1,0.0,True
college_chemistry,college_medicine,3,0.25,True
college_chemistry,college_medicine,5,0.42857142857142855,True
college_chemistry,college_medicine,10,0.42857142857142855,True
college_chemistry,college_physics,1,0.0,True
college_chemistry,college_physics,3,0.6666666666666666,True
college_chemistry,college_physics,5,0.8,True
college_chemistry,college_physics,10,0.46153846153846156,True
college_chemistry,computer_security,1,1.0,True
college_chemistry,computer_security,3,0.25,True
college_chemistry,computer_security,5,0.42857142857142855,True
college_chemistry,computer_security,10,0.35714285714285715,True
college_chemistry,conceptual_physics,1,0.0,True
college_chemistry,conceptual_physics,3,0.25,True
college_chemistry,conceptual_physics,5,0.6666666666666666,True
college_chemistry,conceptual_physics,10,0.6666666666666666,True
college_chemistry,econometrics,1,1.0,True
college_chemistry,econometrics,3,0.6666666666666666,True
college_chemistry,econometrics,5,0.6666666666666666,True
college_chemistry,econometrics,10,0.5833333333333334,True
college_chemistry,electrical_engineering,1,0.0,True
college_chemistry,electrical_engineering,3,0.25,True
college_chemistry,electrical_engineering,5,0.8,True
college_chemistry,electrical_engineering,10,0.5384615384615384,True
college_chemistry,elementary_mathematics,1,0.0,True
college_chemistry,elementary_mathematics,3,0.25,True
college_chemistry,elementary_mathematics,5,0.6666666666666666,True
college_chemistry,elementary_mathematics,10,0.5384615384615384,True
college_chemistry,formal_logic,1,0.0,True
college_chemistry,formal_logic,3,0.25,True
college_chemistry,formal_logic,5,0.5,True
college_chemistry,formal_logic,10,0.8181818181818182,True
college_chemistry,global_facts,1,0.0,True
college_chemistry,global_facts,3,0.3333333333333333,True
college_chemistry,global_facts,5,0.42857142857142855,True
college_chemistry,global_facts,10,0.5833333333333334,True
college_chemistry,high_school_biology,1,0.0,True
college_chemistry,high_school_biology,3,0.6666666666666666,True
college_chemistry,high_school_biology,5,0.5714285714285714,True
college_chemistry,high_school_biology,10,0.46153846153846156,True
college_chemistry,high_school_chemistry,1,0.0,True
college_chemistry,high_school_chemistry,3,0.25,True
college_chemistry,high_school_chemistry,5,0.8,True
college_chemistry,high_school_chemistry,10,0.6666666666666666,True
college_chemistry,high_school_computer_science,1,1.0,True
college_chemistry,high_school_computer_science,3,0.25,True
college_chemistry,high_school_computer_science,5,0.42857142857142855,True
college_chemistry,high_school_computer_science,10,0.6666666666666666,True
college_chemistry,high_school_european_history,1,1.0,True
college_chemistry,high_school_european_history,3,0.0,True
college_chemistry,high_school_european_history,5,0.5,True
college_chemistry,high_school_european_history,10,0.6666666666666666,True
college_chemistry,high_school_geography,1,1.0,True
college_chemistry,high_school_geography,3,0.3333333333333333,True
college_chemistry,high_school_geography,5,0.375,True
college_chemistry,high_school_geography,10,0.46153846153846156,True
college_chemistry,high_school_government_and_politics,1,1.0,True
college_chemistry,high_school_government_and_politics,3,0.0,True
college_chemistry,high_school_government_and_politics,5,0.375,True
college_chemistry,high_school_government_and_politics,10,0.6153846153846154,True
college_chemistry,high_school_macroeconomics,1,0.0,True
college_chemistry,high_school_macroeconomics,3,0.25,True
college_chemistry,high_school_macroeconomics,5,0.6666666666666666,True
college_chemistry,high_school_macroeconomics,10,0.6666666666666666,True
college_chemistry,high_school_mathematics,1,0.0,True
college_chemistry,high_school_mathematics,3,0.25,True
college_chemistry,high_school_mathematics,5,0.6666666666666666,True
college_chemistry,high_school_mathematics,10,0.42857142857142855,True
college_chemistry,high_school_microeconomics,1,0.0,True
college_chemistry,high_school_microeconomics,3,0.25,True
college_chemistry,high_school_microeconomics,5,0.5,True
college_chemistry,high_school_microeconomics,10,0.5384615384615384,True
college_chemistry,high_school_physics,1,0.0,True
college_chemistry,high_school_physics,3,0.3333333333333333,True
college_chemistry,high_school_physics,5,0.6666666666666666,True
college_chemistry,high_school_physics,10,0.5384615384615384,True
college_chemistry,high_school_psychology,1,0.0,True
college_chemistry,high_school_psychology,3,0.25,True
college_chemistry,high_school_psychology,5,0.375,True
college_chemistry,high_school_psychology,10,0.5833333333333334,True
college_chemistry,high_school_statistics,1,0.0,True
college_chemistry,high_school_statistics,3,0.25,True
college_chemistry,high_school_statistics,5,0.42857142857142855,True
college_chemistry,high_school_statistics,10,0.5384615384615384,True
college_chemistry,high_school_us_history,1,0.0,True
college_chemistry,high_school_us_history,3,0.25,True
college_chemistry,high_school_us_history,5,0.25,True
college_chemistry,high_school_us_history,10,0.5384615384615384,True
college_chemistry,high_school_world_history,1,1.0,True
college_chemistry,high_school_world_history,3,0.0,True
college_chemistry,high_school_world_history,5,0.25,True
college_chemistry,high_school_world_history,10,0.5833333333333334,True
college_chemistry,human_aging,1,0.0,True
college_chemistry,human_aging,3,0.25,True
college_chemistry,human_aging,5,0.25,True
college_chemistry,human_aging,10,0.5833333333333334,True
college_chemistry,human_sexuality,1,0.0,True
college_chemistry,human_sexuality,3,0.6666666666666666,True
college_chemistry,human_sexuality,5,0.2857142857142857,True
college_chemistry,human_sexuality,10,0.4,True
college_chemistry,international_law,1,1.0,True
college_chemistry,international_law,3,0.3333333333333333,True
college_chemistry,international_law,5,0.25,True
college_chemistry,international_law,10,0.5384615384615384,True
college_chemistry,jurisprudence,1,1.0,True
college_chemistry,jurisprudence,3,0.25,True
college_chemistry,jurisprudence,5,0.1111111111111111,True
college_chemistry,jurisprudence,10,0.5833333333333334,True
college_chemistry,logical_fallacies,1,0.0,True
college_chemistry,logical_fallacies,3,0.6666666666666666,True
college_chemistry,logical_fallacies,5,0.6666666666666666,True
college_chemistry,logical_fallacies,10,0.42857142857142855,True
college_chemistry,machine_learning,1,0.0,True
college_chemistry,machine_learning,3,0.25,True
college_chemistry,machine_learning,5,0.8,True
college_chemistry,machine_learning,10,0.6666666666666666,True
college_chemistry,management,1,1.0,True
college_chemistry,management,3,0.0,True
college_chemistry,management,5,0.125,True
college_chemistry,management,10,0.42857142857142855,True
college_chemistry,marketing,1,0.0,True
college_chemistry,marketing,3,0.25,True
college_chemistry,marketing,5,0.6666666666666666,True
college_chemistry,marketing,10,0.46153846153846156,True
college_chemistry,medical_genetics,1,0.0,True
college_chemistry,medical_genetics,3,0.25,True
college_chemistry,medical_genetics,5,0.42857142857142855,True
college_chemistry,medical_genetics,10,0.7272727272727273,True
college_chemistry,miscellaneous,1,0.0,True
college_chemistry,miscellaneous,3,0.6666666666666666,True
college_chemistry,miscellaneous,5,1.0,True
college_chemistry,miscellaneous,10,0.46153846153846156,True
college_chemistry,moral_disputes,1,0.0,True
college_chemistry,moral_disputes,3,0.3333333333333333,True
college_chemistry,moral_disputes,5,0.5,True
college_chemistry,moral_disputes,10,0.5384615384615384,True
college_chemistry,moral_scenarios,1,0.0,True
college_chemistry,moral_scenarios,3,0.0,True
college_chemistry,moral_scenarios,5,0.25,True
college_chemistry,moral_scenarios,10,0.5384615384615384,True
college_chemistry,nutrition,1,0.0,True
college_chemistry,nutrition,3,0.6666666666666666,True
college_chemistry,nutrition,5,0.42857142857142855,True
college_chemistry,nutrition,10,0.6666666666666666,True
college_chemistry,philosophy,1,0.0,True
college_chemistry,philosophy,3,0.25,True
college_chemistry,philosophy,5,0.42857142857142855,True
college_chemistry,philosophy,10,0.6666666666666666,True
college_chemistry,prehistory,1,0.0,True
college_chemistry,prehistory,3,0.6666666666666666,True
college_chemistry,prehistory,5,0.6666666666666666,True
college_chemistry,prehistory,10,0.5384615384615384,True
college_chemistry,professional_accounting,1,0.0,True
college_chemistry,professional_accounting,3,0.6666666666666666,True
college_chemistry,professional_accounting,5,0.6666666666666666,True
college_chemistry,professional_accounting,10,0.5833333333333334,True
college_chemistry,professional_law,1,0.0,True
college_chemistry,professional_law,3,0.25,True
college_chemistry,professional_law,5,0.42857142857142855,True
college_chemistry,professional_law,10,0.6666666666666666,True
college_chemistry,professional_medicine,1,0.0,True
college_chemistry,professional_medicine,3,0.25,True
college_chemistry,professional_medicine,5,0.42857142857142855,True
college_chemistry,professional_medicine,10,0.8181818181818182,True
college_chemistry,professional_psychology,1,0.0,True
college_chemistry,professional_psychology,3,0.6666666666666666,True
college_chemistry,professional_psychology,5,0.6666666666666666,True
college_chemistry,professional_psychology,10,0.6666666666666666,True
college_chemistry,public_relations,1,0.0,True
college_chemistry,public_relations,3,0.25,True
college_chemistry,public_relations,5,0.6666666666666666,True
college_chemistry,public_relations,10,0.5,True
college_chemistry,security_studies,1,0.0,True
college_chemistry,security_studies,3,0.0,True
college_chemistry,security_studies,5,0.25,True
college_chemistry,security_studies,10,0.6666666666666666,True
college_chemistry,sociology,1,0.0,True
college_chemistry,sociology,3,0.6666666666666666,True
college_chemistry,sociology,5,0.6666666666666666,True
college_chemistry,sociology,10,0.7272727272727273,True
college_chemistry,us_foreign_policy,1,0.0,True
college_chemistry,us_foreign_policy,3,0.0,True
college_chemistry,us_foreign_policy,5,0.1111111111111111,True
college_chemistry,us_foreign_policy,10,0.46153846153846156,True
college_chemistry,virology,1,1.0,True
college_chemistry,virology,3,0.3333333333333333,True
college_chemistry,virology,5,0.125,True
college_chemistry,virology,10,0.42857142857142855,True
college_chemistry,world_religions,1,0.0,True
college_chemistry,world_religions,3,0.3333333333333333,True
college_chemistry,world_religions,5,0.2857142857142857,True
college_chemistry,world_religions,10,0.5384615384615384,True
college_computer_science,college_mathematics,1,1.0,True
college_computer_science,college_mathematics,3,1.0,True
college_computer_science,college_mathematics,5,0.42857142857142855,True
college_computer_science,college_mathematics,10,0.46153846153846156,True
college_computer_science,college_medicine,1,1.0,True
college_computer_science,college_medicine,3,0.5,True
college_computer_science,college_medicine,5,0.42857142857142855,True
college_computer_science,college_medicine,10,0.5833333333333334,True
college_computer_science,college_physics,1,1.0,True
college_computer_science,college_physics,3,0.5,True
college_computer_science,college_physics,5,0.8,True
college_computer_science,college_physics,10,0.6363636363636364,True
college_computer_science,computer_security,1,0.0,True
college_computer_science,computer_security,3,0.5,True
college_computer_science,computer_security,5,0.42857142857142855,True
college_computer_science,computer_security,10,0.5,True
college_computer_science,conceptual_physics,1,1.0,True
college_computer_science,conceptual_physics,3,1.0,True
college_computer_science,conceptual_physics,5,0.6666666666666666,True
college_computer_science,conceptual_physics,10,0.7272727272727273,True
college_computer_science,econometrics,1,0.0,True
college_computer_science,econometrics,3,0.5,True
college_computer_science,econometrics,5,0.6666666666666666,True
college_computer_science,econometrics,10,0.8,True
college_computer_science,electrical_engineering,1,1.0,True
college_computer_science,electrical_engineering,3,1.0,True
college_computer_science,electrical_engineering,5,0.8,True
college_computer_science,electrical_engineering,10,0.7272727272727273,True
college_computer_science,elementary_mathematics,1,1.0,True
college_computer_science,elementary_mathematics,3,1.0,True
college_computer_science,elementary_mathematics,5,0.6666666666666666,True
college_computer_science,elementary_mathematics,10,0.5833333333333334,True
college_computer_science,formal_logic,1,1.0,True
college_computer_science,formal_logic,3,1.0,True
college_computer_science,formal_logic,5,0.8,True
college_computer_science,formal_logic,10,0.7272727272727273,True
college_computer_science,global_facts,1,0.0,True
college_computer_science,global_facts,3,0.6666666666666666,True
college_computer_science,global_facts,5,0.6666666666666666,True
college_computer_science,global_facts,10,0.6363636363636364,True
college_computer_science,high_school_biology,1,1.0,True
college_computer_science,high_school_biology,3,0.2,True
college_computer_science,high_school_biology,5,0.5714285714285714,True
college_computer_science,high_school_biology,10,0.6363636363636364,True
college_computer_science,high_school_chemistry,1,1.0,True
college_computer_science,high_school_chemistry,3,1.0,True
college_computer_science,high_school_chemistry,5,0.8,True
college_computer_science,high_school_chemistry,10,0.7272727272727273,True
college_computer_science,high_school_computer_science,1,0.0,True
college_computer_science,high_school_computer_science,3,1.0,True
college_computer_science,high_school_computer_science,5,0.6666666666666666,True
college_computer_science,high_school_computer_science,10,0.7272727272727273,True
college_computer_science,high_school_european_history,1,0.0,True
college_computer_science,high_school_european_history,3,0.4,True
college_computer_science,high_school_european_history,5,0.2857142857142857,True
college_computer_science,high_school_european_history,10,0.5833333333333334,True
college_computer_science,high_school_geography,1,0.0,True
college_computer_science,high_school_geography,3,0.6666666666666666,True
college_computer_science,high_school_geography,5,0.375,True
college_computer_science,high_school_geography,10,0.6363636363636364,True
college_computer_science,high_school_government_and_politics,1,0.0,True
college_computer_science,high_school_government_and_politics,3,0.25,True
college_computer_science,high_school_government_and_politics,5,0.2222222222222222,True
college_computer_science,high_school_government_and_politics,10,0.5384615384615384,True
college_computer_science,high_school_macroeconomics,1,1.0,True
college_computer_science,high_school_macroeconomics,3,1.0,True
college_computer_science,high_school_macroeconomics,5,0.6666666666666666,True
college_computer_science,high_school_macroeconomics,10,0.7272727272727273,True
college_computer_science,high_school_mathematics,1,1.0,True
college_computer_science,high_school_mathematics,3,1.0,True
college_computer_science,high_school_mathematics,5,0.6666666666666666,True
college_computer_science,high_school_mathematics,10,0.35714285714285715,True
college_computer_science,high_school_microeconomics,1,1.0,True
college_computer_science,high_school_microeconomics,3,1.0,True
college_computer_science,high_school_microeconomics,5,0.5,True
college_computer_science,high_school_microeconomics,10,0.5833333333333334,True
college_computer_science,high_school_physics,1,1.0,True
college_computer_science,high_school_physics,3,0.6666666666666666,True
college_computer_science,high_school_physics,5,1.0,True
college_computer_science,high_school_physics,10,0.5833333333333334,True
college_computer_science,high_school_psychology,1,1.0,True
college_computer_science,high_school_psychology,3,0.5,True
college_computer_science,high_school_psychology,5,0.5714285714285714,True
college_computer_science,high_school_psychology,10,0.6363636363636364,True
college_computer_science,high_school_statistics,1,1.0,True
college_computer_science,high_school_statistics,3,1.0,True
college_computer_science,high_school_statistics,5,0.42857142857142855,True
college_computer_science,high_school_statistics,10,0.7272727272727273,True
college_computer_science,high_school_us_history,1,1.0,True
college_computer_science,high_school_us_history,3,0.2,True
college_computer_science,high_school_us_history,5,0.42857142857142855,True
college_computer_science,high_school_us_history,10,0.7272727272727273,True
college_computer_science,high_school_world_history,1,0.0,True
college_computer_science,high_school_world_history,3,0.2,True
college_computer_science,high_school_world_history,5,0.42857142857142855,True
college_computer_science,high_school_world_history,10,0.8,True
college_computer_science,human_aging,1,1.0,True
college_computer_science,human_aging,3,0.5,True
college_computer_science,human_aging,5,0.42857142857142855,True
college_computer_science,human_aging,10,0.6363636363636364,True
college_computer_science,human_sexuality,1,1.0,True
college_computer_science,human_sexuality,3,0.2,True
college_computer_science,human_sexuality,5,0.2857142857142857,True
college_computer_science,human_sexuality,10,0.5384615384615384,True
college_computer_science,international_law,1,0.0,True
college_computer_science,international_law,3,0.6666666666666666,True
college_computer_science,international_law,5,0.42857142857142855,True
college_computer_science,international_law,10,0.5833333333333334,True
college_computer_science,jurisprudence,1,0.0,True
college_computer_science,jurisprudence,3,0.2,True
college_computer_science,jurisprudence,5,0.25,True
college_computer_science,jurisprudence,10,0.5,True
college_computer_science,logical_fallacies,1,0.0,True
college_computer_science,logical_fallacies,3,0.5,True
college_computer_science,logical_fallacies,5,0.6666666666666666,True
college_computer_science,logical_fallacies,10,0.5833333333333334,True
college_computer_science,machine_learning,1,0.0,True
college_computer_science,machine_learning,3,1.0,True
college_computer_science,machine_learning,5,0.8,True
college_computer_science,machine_learning,10,0.5833333333333334,True
college_computer_science,management,1,0.0,True
college_computer_science,management,3,0.16666666666666666,True
college_computer_science,management,5,0.2857142857142857,True
college_computer_science,management,10,0.5833333333333334,True
college_computer_science,marketing,1,0.0,True
college_computer_science,marketing,3,0.5,True
college_computer_science,marketing,5,0.6666666666666666,True
college_computer_science,marketing,10,0.5,True
college_computer_science,medical_genetics,1,1.0,True
college_computer_science,medical_genetics,3,0.5,True
college_computer_science,medical_genetics,5,0.6666666666666666,True
college_computer_science,medical_genetics,10,0.6363636363636364,True
college_computer_science,miscellaneous,1,1.0,True
college_computer_science,miscellaneous,3,0.5,True
college_computer_science,miscellaneous,5,0.6666666666666666,True
college_computer_science,miscellaneous,10,0.5,True
college_computer_science,moral_disputes,1,1.0,True
college_computer_science,moral_disputes,3,0.6666666666666666,True
college_computer_science,moral_disputes,5,0.5,True
college_computer_science,moral_disputes,10,0.7272727272727273,True
college_computer_science,moral_scenarios,1,0.0,True
college_computer_science,moral_scenarios,3,0.2,True
college_computer_science,moral_scenarios,5,0.42857142857142855,True
college_computer_science,moral_scenarios,10,0.5833333333333334,True
college_computer_science,nutrition,1,0.0,True
college_computer_science,nutrition,3,0.5,True
college_computer_science,nutrition,5,0.6666666666666666,True
college_computer_science,nutrition,10,0.7272727272727273,True
college_computer_science,philosophy,1,1.0,True
college_computer_science,philosophy,3,0.5,True
college_computer_science,philosophy,5,0.42857142857142855,True
college_computer_science,philosophy,10,0.9,True
college_computer_science,prehistory,1,0.0,True
college_computer_science,prehistory,3,0.5,True
college_computer_science,prehistory,5,0.6666666666666666,True
college_computer_science,prehistory,10,0.7272727272727273,True
college_computer_science,professional_accounting,1,1.0,True
college_computer_science,professional_accounting,3,0.5,True
college_computer_science,professional_accounting,5,0.6666666666666666,True
college_computer_science,professional_accounting,10,0.5,True
college_computer_science,professional_law,1,1.0,True
college_computer_science,professional_law,3,1.0,True
college_computer_science,professional_law,5,0.6666666666666666,True
college_computer_science,professional_law,10,0.5833333333333334,True
college_computer_science,professional_medicine,1,1.0,True
college_computer_science,professional_medicine,3,0.5,True
college_computer_science,professional_medicine,5,0.6666666666666666,True
college_computer_science,professional_medicine,10,0.7272727272727273,True
college_computer_science,professional_psychology,1,1.0,True
college_computer_science,professional_psychology,3,0.2,True
college_computer_science,professional_psychology,5,0.6666666666666666,True
college_computer_science,professional_psychology,10,0.9,True
college_computer_science,public_relations,1,0.0,True
college_computer_science,public_relations,3,0.5,True
college_computer_science,public_relations,5,0.42857142857142855,True
college_computer_science,public_relations,10,0.4166666666666667,True
college_computer_science,security_studies,1,0.0,True
college_computer_science,security_studies,3,0.2,True
college_computer_science,security_studies,5,0.42857142857142855,True
college_computer_science,security_studies,10,0.7272727272727273,True
college_computer_science,sociology,1,1.0,True
college_computer_science,sociology,3,0.5,True
college_computer_science,sociology,5,0.6666666666666666,True
college_computer_science,sociology,10,0.8,True
college_computer_science,us_foreign_policy,1,0.0,True
college_computer_science,us_foreign_policy,3,0.3333333333333333,True
college_computer_science,us_foreign_policy,5,0.1111111111111111,True
college_computer_science,us_foreign_policy,10,0.38461538461538464,True
college_computer_science,virology,1,0.0,True
college_computer_science,virology,3,0.25,True
college_computer_science,virology,5,0.125,True
college_computer_science,virology,10,0.5833333333333334,True
college_computer_science,world_religions,1,0.0,True
college_computer_science,world_religions,3,0.25,True
college_computer_science,world_religions,5,0.2857142857142857,True
college_computer_science,world_religions,10,0.5833333333333334,True
college_mathematics,college_medicine,1,1.0,True
college_mathematics,college_medicine,3,0.5,True
college_mathematics,college_medicine,5,0.42857142857142855,True
college_mathematics,college_medicine,10,0.42857142857142855,True
college_mathematics,college_physics,1,1.0,True
college_mathematics,college_physics,3,0.5,True
college_mathematics,college_physics,5,0.5,True
college_mathematics,college_physics,10,0.35714285714285715,True
college_mathematics,computer_security,1,0.0,True
college_mathematics,computer_security,3,0.5,True
college_mathematics,computer_security,5,0.42857142857142855,True
college_mathematics,computer_security,10,0.26666666666666666,True
college_mathematics,conceptual_physics,1,1.0,True
college_mathematics,conceptual_physics,3,1.0,True
college_mathematics,conceptual_physics,5,0.42857142857142855,True
college_mathematics,conceptual_physics,10,0.5384615384615384,True
college_mathematics,econometrics,1,0.0,True
college_mathematics,econometrics,3,0.5,True
college_mathematics,econometrics,5,0.42857142857142855,True
college_mathematics,econometrics,10,0.46153846153846156,True
college_mathematics,electrical_engineering,1,1.0,True
college_mathematics,electrical_engineering,3,1.0,True
college_mathematics,electrical_engineering,5,0.5,True
college_mathematics,electrical_engineering,10,0.5384615384615384,True
college_mathematics,elementary_mathematics,1,1.0,True
college_mathematics,elementary_mathematics,3,1.0,True
college_mathematics,elementary_mathematics,5,0.42857142857142855,True
college_mathematics,elementary_mathematics,10,0.6666666666666666,True
college_mathematics,formal_logic,1,1.0,True
college_mathematics,formal_logic,3,1.0,True
college_mathematics,formal_logic,5,0.5,True
college_mathematics,formal_logic,10,0.5384615384615384,True
college_mathematics,global_facts,1,0.0,True
college_mathematics,global_facts,3,0.6666666666666666,True
college_mathematics,global_facts,5,0.42857142857142855,True
college_mathematics,global_facts,10,0.46153846153846156,True
college_mathematics,high_school_biology,1,1.0,True
college_mathematics,high_school_biology,3,0.2,True
college_mathematics,high_school_biology,5,0.375,True
college_mathematics,high_school_biology,10,0.35714285714285715,True
college_mathematics,high_school_chemistry,1,1.0,True
college_mathematics,high_school_chemistry,3,1.0,True
college_mathematics,high_school_chemistry,5,0.5,True
college_mathematics,high_school_chemistry,10,0.5384615384615384,True
college_mathematics,high_school_computer_science,1,0.0,True
college_mathematics,high_school_computer_science,3,1.0,True
college_mathematics,high_school_computer_science,5,0.42857142857142855,True
college_mathematics,high_school_computer_science,10,0.5384615384615384,True
college_mathematics,high_school_european_history,1,0.0,True
college_mathematics,high_school_european_history,3,0.4,True
college_mathematics,high_school_european_history,5,0.2857142857142857,True
college_mathematics,high_school_european_history,10,0.5384615384615384,True
college_mathematics,high_school_geography,1,0.0,True
college_mathematics,high_school_geography,3,0.6666666666666666,True
college_mathematics,high_school_geography,5,0.5714285714285714,True
college_mathematics,high_school_geography,10,0.46153846153846156,True
college_mathematics,high_school_government_and_politics,1,0.0,True
college_mathematics,high_school_government_and_politics,3,0.25,True
college_mathematics,high_school_government_and_politics,5,0.375,True
college_mathematics,high_school_government_and_politics,10,0.6153846153846154,True
college_mathematics,high_school_macroeconomics,1,1.0,True
college_mathematics,high_school_macroeconomics,3,1.0,True
college_mathematics,high_school_macroeconomics,5,0.42857142857142855,True
college_mathematics,high_school_macroeconomics,10,0.5384615384615384,True
college_mathematics,high_school_mathematics,1,1.0,True
college_mathematics,high_school_mathematics,3,1.0,True
college_mathematics,high_school_mathematics,5,0.42857142857142855,True
college_mathematics,high_school_mathematics,10,0.6666666666666666,True
college_mathematics,high_school_microeconomics,1,1.0,True
college_mathematics,high_school_microeconomics,3,1.0,True
college_mathematics,high_school_microeconomics,5,0.5,True
college_mathematics,high_school_microeconomics,10,0.42857142857142855,True
college_mathematics,high_school_physics,1,1.0,True
college_mathematics,high_school_physics,3,0.6666666666666666,True
college_mathematics,high_school_physics,5,0.42857142857142855,True
college_mathematics,high_school_physics,10,0.42857142857142855,True
college_mathematics,high_school_psychology,1,1.0,True
college_mathematics,high_school_psychology,3,0.5,True
college_mathematics,high_school_psychology,5,0.375,True
college_mathematics,high_school_psychology,10,0.46153846153846156,True
college_mathematics,high_school_statistics,1,1.0,True
college_mathematics,high_school_statistics,3,1.0,True
college_mathematics,high_school_statistics,5,0.42857142857142855,True
college_mathematics,high_school_statistics,10,0.42857142857142855,True
college_mathematics,high_school_us_history,1,1.0,True
college_mathematics,high_school_us_history,3,0.2,True
college_mathematics,high_school_us_history,5,0.25,True
college_mathematics,high_school_us_history,10,0.5384615384615384,True
college_mathematics,high_school_world_history,1,0.0,True
college_mathematics,high_school_world_history,3,0.2,True
college_mathematics,high_school_world_history,5,0.25,True
college_mathematics,high_school_world_history,10,0.46153846153846156,True
college_mathematics,human_aging,1,1.0,True
college_mathematics,human_aging,3,0.5,True
college_mathematics,human_aging,5,0.42857142857142855,True
college_mathematics,human_aging,10,0.46153846153846156,True
college_mathematics,human_sexuality,1,1.0,True
college_mathematics,human_sexuality,3,0.2,True
college_mathematics,human_sexuality,5,0.125,True
college_mathematics,human_sexuality,10,0.4,True
college_mathematics,international_law,1,0.0,True
college_mathematics,international_law,3,0.6666666666666666,True
college_mathematics,international_law,5,0.25,True
college_mathematics,international_law,10,0.42857142857142855,True
college_mathematics,jurisprudence,1,0.0,True
college_mathematics,jurisprudence,3,0.2,True
college_mathematics,jurisprudence,5,0.1111111111111111,True
college_mathematics,jurisprudence,10,0.46153846153846156,True
college_mathematics,logical_fallacies,1,0.0,True
college_mathematics,logical_fallacies,3,0.5,True
college_mathematics,logical_fallacies,5,0.42857142857142855,True
college_mathematics,logical_fallacies,10,0.42857142857142855,True
college_mathematics,machine_learning,1,0.0,True
college_mathematics,machine_learning,3,1.0,True
college_mathematics,machine_learning,5,0.5,True
college_mathematics,machine_learning,10,0.6666666666666666,True
college_mathematics,management,1,0.0,True
college_mathematics,management,3,0.16666666666666666,True
college_mathematics,management,5,0.2857142857142857,True
college_mathematics,management,10,0.3333333333333333,True
college_mathematics,marketing,1,0.0,True
college_mathematics,marketing,3,0.5,True
college_mathematics,marketing,5,0.6666666666666666,True
college_mathematics,marketing,10,0.5833333333333334,True
college_mathematics,medical_genetics,1,1.0,True
college_mathematics,medical_genetics,3,0.5,True
college_mathematics,medical_genetics,5,0.42857142857142855,True
college_mathematics,medical_genetics,10,0.5833333333333334,True
college_mathematics,miscellaneous,1,1.0,True
college_mathematics,miscellaneous,3,0.5,True
college_mathematics,miscellaneous,5,0.42857142857142855,True
college_mathematics,miscellaneous,10,0.5833333333333334,True
college_mathematics,moral_disputes,1,1.0,True
college_mathematics,moral_disputes,3,0.6666666666666666,True
college_mathematics,moral_disputes,5,0.2857142857142857,True
college_mathematics,moral_disputes,10,0.42857142857142855,True
college_mathematics,moral_scenarios,1,0.0,True
college_mathematics,moral_scenarios,3,0.2,True
college_mathematics,moral_scenarios,5,0.1111111111111111,True
college_mathematics,moral_scenarios,10,0.42857142857142855,True
college_mathematics,nutrition,1,0.0,True
college_mathematics,nutrition,3,0.5,True
college_mathematics,nutrition,5,0.25,True
college_mathematics,nutrition,10,0.42857142857142855,True
college_mathematics,philosophy,1,1.0,True
college_mathematics,philosophy,3,0.5,True
college_mathematics,philosophy,5,0.42857142857142855,True
college_mathematics,philosophy,10,0.42857142857142855,True
college_mathematics,prehistory,1,0.0,True
college_mathematics,prehistory,3,0.5,True
college_mathematics,prehistory,5,0.6666666666666666,True
college_mathematics,prehistory,10,0.5384615384615384,True
college_mathematics,professional_accounting,1,1.0,True
college_mathematics,professional_accounting,3,0.5,True
college_mathematics,professional_accounting,5,0.42857142857142855,True
college_mathematics,professional_accounting,10,0.46153846153846156,True
college_mathematics,professional_law,1,1.0,True
college_mathematics,professional_law,3,1.0,True
college_mathematics,professional_law,5,0.42857142857142855,True
college_mathematics,professional_law,10,0.5384615384615384,True
college_mathematics,professional_medicine,1,1.0,True
college_mathematics,professional_medicine,3,0.5,True
college_mathematics,professional_medicine,5,0.42857142857142855,True
college_mathematics,professional_medicine,10,0.5384615384615384,True
college_mathematics,professional_psychology,1,1.0,True
college_mathematics,professional_psychology,3,0.2,True
college_mathematics,professional_psychology,5,0.6666666666666666,True
college_mathematics,professional_psychology,10,0.42857142857142855,True
college_mathematics,public_relations,1,0.0,True
college_mathematics,public_relations,3,0.5,True
college_mathematics,public_relations,5,0.42857142857142855,True
college_mathematics,public_relations,10,0.5,True
college_mathematics,security_studies,1,0.0,True
college_mathematics,security_studies,3,0.2,True
college_mathematics,security_studies,5,0.25,True
college_mathematics,security_studies,10,0.42857142857142855,True
college_mathematics,sociology,1,1.0,True
college_mathematics,sociology,3,0.5,True
college_mathematics,sociology,5,0.6666666666666666,True
college_mathematics,sociology,10,0.46153846153846156,True
college_mathematics,us_foreign_policy,1,0.0,True
college_mathematics,us_foreign_policy,3,0.3333333333333333,True
college_mathematics,us_foreign_policy,5,0.1111111111111111,True
college_mathematics,us_foreign_policy,10,0.46153846153846156,True
college_mathematics,virology,1,0.0,True
college_mathematics,virology,3,0.25,True
college_mathematics,virology,5,0.2857142857142857,True
college_mathematics,virology,10,0.42857142857142855,True
college_mathematics,world_religions,1,0.0,True
college_mathematics,world_religions,3,0.25,True
college_mathematics,world_religions,5,0.5,True
college_mathematics,world_religions,10,0.42857142857142855,True
college_medicine,college_physics,1,1.0,True
college_medicine,college_physics,3,0.2,True
college_medicine,college_physics,5,0.5,True
college_medicine,college_physics,10,0.5833333333333334,True
college_medicine,computer_security,1,0.0,True
college_medicine,computer_security,3,1.0,True
college_medicine,computer_security,5,1.0,True
college_medicine,computer_security,10,0.5833333333333334,True
college_medicine,conceptual_physics,1,1.0,True
college_medicine,conceptual_physics,3,0.5,True
college_medicine,conceptual_physics,5,0.6666666666666666,True
college_medicine,conceptual_physics,10,0.5384615384615384,True
college_medicine,econometrics,1,0.0,True
college_medicine,econometrics,3,0.2,True
college_medicine,econometrics,5,0.6666666666666666,True
college_medicine,econometrics,10,0.5833333333333334,True
college_medicine,electrical_engineering,1,1.0,True
college_medicine,electrical_engineering,3,0.5,True
college_medicine,electrical_engineering,5,0.5,True
college_medicine,electrical_engineering,10,0.6666666666666666,True
college_medicine,elementary_mathematics,1,1.0,True
college_medicine,elementary_mathematics,3,0.5,True
college_medicine,elementary_mathematics,5,0.42857142857142855,True
college_medicine,elementary_mathematics,10,0.42857142857142855,True
college_medicine,formal_logic,1,1.0,True
college_medicine,formal_logic,3,0.5,True
college_medicine,formal_logic,5,0.2857142857142857,True
college_medicine,formal_logic,10,0.5384615384615384,True
college_medicine,global_facts,1,0.0,True
college_medicine,global_facts,3,0.25,True
college_medicine,global_facts,5,0.25,True
college_medicine,global_facts,10,0.5833333333333334,True
college_medicine,high_school_biology,1,1.0,True
college_medicine,high_school_biology,3,0.5,True
college_medicine,high_school_biology,5,0.5714285714285714,True
college_medicine,high_school_biology,10,0.46153846153846156,True
college_medicine,high_school_chemistry,1,1.0,True
college_medicine,high_school_chemistry,3,0.5,True
college_medicine,high_school_chemistry,5,0.5,True
college_medicine,high_school_chemistry,10,0.5384615384615384,True
college_medicine,high_school_computer_science,1,0.0,True
college_medicine,high_school_computer_science,3,0.5,True
college_medicine,high_school_computer_science,5,0.25,True
college_medicine,high_school_computer_science,10,0.5384615384615384,True
college_medicine,high_school_european_history,1,0.0,True
college_medicine,high_school_european_history,3,0.16666666666666666,True
college_medicine,high_school_european_history,5,0.125,True
college_medicine,high_school_european_history,10,0.42857142857142855,True
college_medicine,high_school_geography,1,0.0,True
college_medicine,high_school_geography,3,0.25,True
college_medicine,high_school_geography,5,0.375,True
college_medicine,high_school_geography,10,0.5833333333333334,True
college_medicine,high_school_government_and_politics,1,0.0,True
college_medicine,high_school_government_and_politics,3,0.25,True
college_medicine,high_school_government_and_politics,5,0.1,True
college_medicine,high_school_government_and_politics,10,0.6153846153846154,True
college_medicine,high_school_macroeconomics,1,1.0,True
college_medicine,high_school_macroeconomics,3,0.5,True
college_medicine,high_school_macroeconomics,5,0.42857142857142855,True
college_medicine,high_school_macroeconomics,10,0.5384615384615384,True
college_medicine,high_school_mathematics,1,1.0,True
college_medicine,high_school_mathematics,3,0.5,True
college_medicine,high_school_mathematics,5,0.42857142857142855,True
college_medicine,high_school_mathematics,10,0.42857142857142855,True
college_medicine,high_school_microeconomics,1,1.0,True
college_medicine,high_school_microeconomics,3,0.5,True
college_medicine,high_school_microeconomics,5,0.2857142857142857,True
college_medicine,high_school_microeconomics,10,0.42857142857142855,True
college_medicine,high_school_physics,1,1.0,True
college_medicine,high_school_physics,3,0.25,True
college_medicine,high_school_physics,5,0.42857142857142855,True
college_medicine,high_school_physics,10,0.5384615384615384,True
college_medicine,high_school_psychology,1,1.0,True
college_medicine,high_school_psychology,3,0.5,True
college_medicine,high_school_psychology,5,0.2222222222222222,True
college_medicine,high_school_psychology,10,0.5833333333333334,True
college_medicine,high_school_statistics,1,1.0,True
college_medicine,high_school_statistics,3,0.5,True
college_medicine,high_school_statistics,5,0.42857142857142855,True
college_medicine,high_school_statistics,10,0.6666666666666666,True
college_medicine,high_school_us_history,1,1.0,True
college_medicine,high_school_us_history,3,0.2,True
college_medicine,high_school_us_history,5,0.42857142857142855,True
college_medicine,high_school_us_history,10,0.5384615384615384,True
college_medicine,high_school_world_history,1,0.0,True
college_medicine,high_school_world_history,3,0.0,True
college_medicine,high_school_world_history,5,0.25,True
college_medicine,high_school_world_history,10,0.46153846153846156,True
college_medicine,human_aging,1,1.0,True
college_medicine,human_aging,3,0.2,True
college_medicine,human_aging,5,0.25,True
college_medicine,human_aging,10,0.46153846153846156,True
college_medicine,human_sexuality,1,1.0,True
college_medicine,human_sexuality,3,0.5,True
college_medicine,human_sexuality,5,0.5,True
college_medicine,human_sexuality,10,0.5,True
college_medicine,international_law,1,0.0,True
college_medicine,international_law,3,0.25,True
college_medicine,international_law,5,0.1111111111111111,True
college_medicine,international_law,10,0.42857142857142855,True
college_medicine,jurisprudence,1,0.0,True
college_medicine,jurisprudence,3,0.2,True
college_medicine,jurisprudence,5,0.1111111111111111,True
college_medicine,jurisprudence,10,0.35714285714285715,True
college_medicine,logical_fallacies,1,0.0,True
college_medicine,logical_fallacies,3,0.2,True
college_medicine,logical_fallacies,5,0.42857142857142855,True
college_medicine,logical_fallacies,10,0.8181818181818182,True
college_medicine,machine_learning,1,0.0,True
college_medicine,machine_learning,3,0.5,True
college_medicine,machine_learning,5,0.5,True
college_medicine,machine_learning,10,0.5384615384615384,True
college_medicine,management,1,0.0,True
college_medicine,management,3,0.16666666666666666,True
college_medicine,management,5,0.2857142857142857,True
college_medicine,management,10,0.42857142857142855,True
college_medicine,marketing,1,0.0,True
college_medicine,marketing,3,0.2,True
college_medicine,marketing,5,0.42857142857142855,True
college_medicine,marketing,10,0.5833333333333334,True
college_medicine,medical_genetics,1,1.0,True
college_medicine,medical_genetics,3,0.2,True
college_medicine,medical_genetics,5,0.25,True
college_medicine,medical_genetics,10,0.46153846153846156,True
college_medicine,miscellaneous,1,1.0,True
college_medicine,miscellaneous,3,0.2,True
college_medicine,miscellaneous,5,0.42857142857142855,True
college_medicine,miscellaneous,10,0.7272727272727273,True
college_medicine,moral_disputes,1,1.0,True
college_medicine,moral_disputes,3,0.25,True
college_medicine,moral_disputes,5,0.2857142857142857,True
college_medicine,moral_disputes,10,0.6666666666666666,True
college_medicine,moral_scenarios,1,0.0,True
college_medicine,moral_scenarios,3,0.0,True
college_medicine,moral_scenarios,5,0.25,True
college_medicine,moral_scenarios,10,0.42857142857142855,True
college_medicine,nutrition,1,0.0,True
college_medicine,nutrition,3,0.2,True
college_medicine,nutrition,5,0.25,True
college_medicine,nutrition,10,0.5384615384615384,True
college_medicine,philosophy,1,1.0,True
college_medicine,philosophy,3,0.2,True
college_medicine,philosophy,5,0.42857142857142855,True
college_medicine,philosophy,10,0.6666666666666666,True
college_medicine,prehistory,1,0.0,True
college_medicine,prehistory,3,0.2,True
college_medicine,prehistory,5,0.6666666666666666,True
college_medicine,prehistory,10,0.6666666666666666,True
college_medicine,professional_accounting,1,1.0,True
college_medicine,professional_accounting,3,0.2,True
college_medicine,professional_accounting,5,0.42857142857142855,True
college_medicine,professional_accounting,10,0.35714285714285715,True
college_medicine,professional_law,1,1.0,True
college_medicine,professional_law,3,0.5,True
college_medicine,professional_law,5,0.25,True
college_medicine,professional_law,10,0.42857142857142855,True
college_medicine,professional_medicine,1,1.0,True
college_medicine,professional_medicine,3,0.2,True
college_medicine,professional_medicine,5,0.25,True
college_medicine,professional_medicine,10,0.5384615384615384,True
college_medicine,professional_psychology,1,1.0,True
college_medicine,professional_psychology,3,0.2,True
college_medicine,professional_psychology,5,0.6666666666666666,True
college_medicine,professional_psychology,10,0.6666666666666666,True
college_medicine,public_relations,1,0.0,True
college_medicine,public_relations,3,0.5,True
college_medicine,public_relations,5,0.42857142857142855,True
college_medicine,public_relations,10,0.5,True
college_medicine,security_studies,1,0.0,True
college_medicine,security_studies,3,0.0,True
college_medicine,security_studies,5,0.1111111111111111,True
college_medicine,security_studies,10,0.5384615384615384,True
college_medicine,sociology,1,1.0,True
college_medicine,sociology,3,0.2,True
college_medicine,sociology,5,0.6666666666666666,True
college_medicine,sociology,10,0.5833333333333334,True
college_medicine,us_foreign_policy,1,0.0,True
college_medicine,us_foreign_policy,3,0.3333333333333333,True
college_medicine,us_foreign_policy,5,0.1111111111111111,True
college_medicine,us_foreign_policy,10,0.5833333333333334,True
college_medicine,virology,1,0.0,True
college_medicine,virology,3,0.25,True
college_medicine,virology,5,0.5,True
college_medicine,virology,10,0.42857142857142855,True
college_medicine,world_religions,1,0.0,True
college_medicine,world_religions,3,0.25,True
college_medicine,world_religions,5,0.2857142857142857,True
college_medicine,world_religions,10,0.6666666666666666,True
college_physics,computer_security,1,0.0,True
college_physics,computer_security,3,0.2,True
college_physics,computer_security,5,0.5,True
college_physics,computer_security,10,0.38461538461538464,True
college_physics,conceptual_physics,1,1.0,True
college_physics,conceptual_physics,3,0.5,True
college_physics,conceptual_physics,5,0.8,True
college_physics,conceptual_physics,10,0.46153846153846156,True
college_physics,econometrics,1,0.0,True
college_physics,econometrics,3,1.0,True
college_physics,econometrics,5,0.8,True
college_physics,econometrics,10,0.5,True
college_physics,electrical_engineering,1,1.0,True
college_physics,electrical_engineering,3,0.5,True
college_physics,electrical_engineering,5,1.0,True
college_physics,electrical_engineering,10,0.5833333333333334,True
college_physics,elementary_mathematics,1,1.0,True
college_physics,elementary_mathematics,3,0.5,True
college_physics,elementary_mathematics,5,0.8,True
college_physics,elementary_mathematics,10,0.5833333333333334,True
college_physics,formal_logic,1,1.0,True
college_physics,formal_logic,3,0.5,True
college_physics,formal_logic,5,0.6,True
college_physics,formal_logic,10,0.46153846153846156,True
college_physics,global_facts,1,0.0,True
college_physics,global_facts,3,0.6666666666666666,True
college_physics,global_facts,5,0.5,True
college_physics,global_facts,10,0.6363636363636364,True
college_physics,high_school_biology,1,1.0,True
college_physics,high_school_biology,3,0.5,True
college_physics,high_school_biology,5,0.6666666666666666,True
college_physics,high_school_biology,10,0.6363636363636364,True
college_physics,high_school_chemistry,1,1.0,True
college_physics,high_school_chemistry,3,0.5,True
college_physics,high_school_chemistry,5,1.0,True
college_physics,high_school_chemistry,10,0.46153846153846156,True
college_physics,high_school_computer_science,1,0.0,True
college_physics,high_school_computer_science,3,0.5,True
college_physics,high_school_computer_science,5,0.5,True
college_physics,high_school_computer_science,10,0.46153846153846156,True
college_physics,high_school_european_history,1,0.0,True
college_physics,high_school_european_history,3,0.16666666666666666,True
college_physics,high_school_european_history,5,0.3333333333333333,True
college_physics,high_school_european_history,10,0.5833333333333334,True
college_physics,high_school_geography,1,0.0,True
college_physics,high_school_geography,3,0.6666666666666666,True
college_physics,high_school_geography,5,0.42857142857142855,True
college_physics,high_school_geography,10,0.5,True
college_physics,high_school_government_and_politics,1,0.0,True
college_physics,high_school_government_and_politics,3,0.0,True
college_physics,high_school_government_and_politics,5,0.25,True
college_physics,high_school_government_and_politics,10,0.42857142857142855,True
college_physics,high_school_macroeconomics,1,1.0,True
college_physics,high_school_macroeconomics,3,0.5,True
college_physics,high_school_macroeconomics,5,0.8,True
college_physics,high_school_macroeconomics,10,0.46153846153846156,True
college_physics,high_school_mathematics,1,1.0,True
college_physics,high_school_mathematics,3,0.5,True
college_physics,high_school_mathematics,5,0.8,True
college_physics,high_school_mathematics,10,0.46153846153846156,True
college_physics,high_school_microeconomics,1,1.0,True
college_physics,high_school_microeconomics,3,0.5,True
college_physics,high_school_microeconomics,5,0.6,True
college_physics,high_school_microeconomics,10,0.5833333333333334,True
college_physics,high_school_physics,1,1.0,True
college_physics,high_school_physics,3,0.6666666666666666,True
college_physics,high_school_physics,5,0.8,True
college_physics,high_school_physics,10,0.46153846153846156,True
college_physics,high_school_psychology,1,1.0,True
college_physics,high_school_psychology,3,0.2,True
college_physics,high_school_psychology,5,0.42857142857142855,True
college_physics,high_school_psychology,10,0.38461538461538464,True
college_physics,high_school_statistics,1,1.0,True
college_physics,high_school_statistics,3,0.5,True
college_physics,high_school_statistics,5,0.5,True
college_physics,high_school_statistics,10,0.46153846153846156,True
college_physics,high_school_us_history,1,1.0,True
college_physics,high_school_us_history,3,0.2,True
college_physics,high_school_us_history,5,0.2857142857142857,True
college_physics,high_school_us_history,10,0.5833333333333334,True
college_physics,high_school_world_history,1,0.0,True
college_physics,high_school_world_history,3,0.2,True
college_physics,high_school_world_history,5,0.2857142857142857,True
college_physics,high_school_world_history,10,0.5,True
college_physics,human_aging,1,1.0,True
college_physics,human_aging,3,0.5,True
college_physics,human_aging,5,0.2857142857142857,True
college_physics,human_aging,10,0.38461538461538464,True
college_physics,human_sexuality,1,1.0,True
college_physics,human_sexuality,3,0.5,True
college_physics,human_sexuality,5,0.3333333333333333,True
college_physics,human_sexuality,10,0.42857142857142855,True
college_physics,international_law,1,0.0,True
college_physics,international_law,3,0.6666666666666666,True
college_physics,international_law,5,0.2857142857142857,True
college_physics,international_law,10,0.46153846153846156,True
college_physics,jurisprudence,1,0.0,True
college_physics,jurisprudence,3,0.2,True
college_physics,jurisprudence,5,0.125,True
college_physics,jurisprudence,10,0.38461538461538464,True
college_physics,logical_fallacies,1,0.0,True
college_physics,logical_fallacies,3,1.0,True
college_physics,logical_fallacies,5,0.8,True
college_physics,logical_fallacies,10,0.5833333333333334,True
college_physics,machine_learning,1,0.0,True
college_physics,machine_learning,3,0.5,True
college_physics,machine_learning,5,1.0,True
college_physics,machine_learning,10,0.46153846153846156,True
college_physics,management,1,0.0,True
college_physics,management,3,0.0,True
college_physics,management,5,0.14285714285714285,True
college_physics,management,10,0.46153846153846156,True
college_physics,marketing,1,0.0,True
college_physics,marketing,3,0.5,True
college_physics,marketing,5,0.8,True
college_physics,marketing,10,0.38461538461538464,True
college_physics,medical_genetics,1,1.0,True
college_physics,medical_genetics,3,0.5,True
college_physics,medical_genetics,5,0.5,True
college_physics,medical_genetics,10,0.38461538461538464,True
college_physics,miscellaneous,1,1.0,True
college_physics,miscellaneous,3,1.0,True
college_physics,miscellaneous,5,0.8,True
college_physics,miscellaneous,10,0.5,True
college_physics,moral_disputes,1,1.0,True
college_physics,moral_disputes,3,0.6666666666666666,True
college_physics,moral_disputes,5,0.6,True
college_physics,moral_disputes,10,0.46153846153846156,True
college_physics,moral_scenarios,1,0.0,True
college_physics,moral_scenarios,3,0.2,True
college_physics,moral_scenarios,5,0.2857142857142857,True
college_physics,moral_scenarios,10,0.5833333333333334,True
college_physics,nutrition,1,0.0,True
college_physics,nutrition,3,1.0,True
college_physics,nutrition,5,0.5,True
college_physics,nutrition,10,0.46153846153846156,True
college_physics,philosophy,1,1.0,True
college_physics,philosophy,3,0.5,True
college_physics,philosophy,5,0.5,True
college_physics,philosophy,10,0.5833333333333334,True
college_physics,prehistory,1,0.0,True
college_physics,prehistory,3,1.0,True
college_physics,prehistory,5,0.8,True
college_physics,prehistory,10,0.5833333333333334,True
college_physics,professional_accounting,1,1.0,True
college_physics,professional_accounting,3,1.0,True
college_physics,professional_accounting,5,0.8,True
college_physics,professional_accounting,10,0.38461538461538464,True
college_physics,professional_law,1,1.0,True
college_physics,professional_law,3,0.5,True
college_physics,professional_law,5,0.5,True
college_physics,professional_law,10,0.46153846153846156,True
college_physics,professional_medicine,1,1.0,True
college_physics,professional_medicine,3,0.5,True
college_physics,professional_medicine,5,0.5,True
college_physics,professional_medicine,10,0.46153846153846156,True
college_physics,professional_psychology,1,1.0,True
college_physics,professional_psychology,3,0.5,True
college_physics,professional_psychology,5,0.8,True
college_physics,professional_psychology,10,0.5833333333333334,True
college_physics,public_relations,1,0.0,True
college_physics,public_relations,3,0.5,True
college_physics,public_relations,5,0.5,True
college_physics,public_relations,10,0.5454545454545454,True
college_physics,security_studies,1,0.0,True
college_physics,security_studies,3,0.2,True
college_physics,security_studies,5,0.2857142857142857,True
college_physics,security_studies,10,0.46153846153846156,True
college_physics,sociology,1,1.0,True
college_physics,sociology,3,1.0,True
college_physics,sociology,5,0.8,True
college_physics,sociology,10,0.5,True
college_physics,us_foreign_policy,1,0.0,True
college_physics,us_foreign_policy,3,0.0,True
college_physics,us_foreign_policy,5,0.125,True
college_physics,us_foreign_policy,10,0.5,True
college_physics,virology,1,0.0,True
college_physics,virology,3,0.25,True
college_physics,virology,5,0.14285714285714285,True
college_physics,virology,10,0.46153846153846156,True
college_physics,world_religions,1,0.0,True
college_physics,world_religions,3,0.25,True
college_physics,world_religions,5,0.3333333333333333,True
college_physics,world_religions,10,0.46153846153846156,True
computer_security,conceptual_physics,1,0.0,True
computer_security,conceptual_physics,3,0.5,True
computer_security,conceptual_physics,5,0.6666666666666666,True
computer_security,conceptual_physics,10,0.46153846153846156,True
computer_security,econometrics,1,1.0,True
computer_security,econometrics,3,0.2,True
computer_security,econometrics,5,0.6666666666666666,True
computer_security,econometrics,10,0.38461538461538464,True
computer_security,electrical_engineering,1,0.0,True
computer_security,electrical_engineering,3,0.5,True
computer_security,electrical_engineering,5,0.5,True
computer_security,electrical_engineering,10,0.46153846153846156,True
computer_security,elementary_mathematics,1,0.0,True
computer_security,elementary_mathematics,3,0.5,True
computer_security,elementary_mathematics,5,0.42857142857142855,True
computer_security,elementary_mathematics,10,0.26666666666666666,True
computer_security,formal_logic,1,0.0,True
computer_security,formal_logic,3,0.5,True
computer_security,formal_logic,5,0.2857142857142857,True
computer_security,formal_logic,10,0.35714285714285715,True
computer_security,global_facts,1,0.0,True
computer_security,global_facts,3,0.25,True
computer_security,global_facts,5,0.25,True
computer_security,global_facts,10,0.2857142857142857,True
computer_security,high_school_biology,1,0.0,True
computer_security,high_school_biology,3,0.5,True
computer_security,high_school_biology,5,0.5714285714285714,True
computer_security,high_school_biology,10,0.2857142857142857,True
computer_security,high_school_chemistry,1,0.0,True
computer_security,high_school_chemistry,3,0.5,True
computer_security,high_school_chemistry,5,0.5,True
computer_security,high_school_chemistry,10,0.35714285714285715,True
computer_security,high_school_computer_science,1,1.0,True
computer_security,high_school_computer_science,3,0.5,True
computer_security,high_school_computer_science,5,0.25,True
computer_security,high_school_computer_science,10,0.35714285714285715,True
computer_security,high_school_european_history,1,1.0,True
computer_security,high_school_european_history,3,0.16666666666666666,True
computer_security,high_school_european_history,5,0.125,True
computer_security,high_school_european_history,10,0.35714285714285715,True
computer_security,high_school_geography,1,1.0,True
computer_security,high_school_geography,3,0.25,True
computer_security,high_school_geography,5,0.375,True
computer_security,high_school_geography,10,0.38461538461538464,True
computer_security,high_school_government_and_politics,1,1.0,True
computer_security,high_school_government_and_politics,3,0.25,True
computer_security,high_school_government_and_politics,5,0.1,True
computer_security,high_school_government_and_politics,10,0.3333333333333333,True
computer_security,high_school_macroeconomics,1,0.0,True
computer_security,high_school_macroeconomics,3,0.5,True
computer_security,high_school_macroeconomics,5,0.42857142857142855,True
computer_security,high_school_macroeconomics,10,0.35714285714285715,True
computer_security,high_school_mathematics,1,0.0,True
computer_security,high_school_mathematics,3,0.5,True
computer_security,high_school_mathematics,5,0.42857142857142855,True
computer_security,high_school_mathematics,10,0.26666666666666666,True
computer_security,high_school_microeconomics,1,0.0,True
computer_security,high_school_microeconomics,3,0.5,True
computer_security,high_school_microeconomics,5,0.2857142857142857,True
computer_security,high_school_microeconomics,10,0.26666666666666666,True
computer_security,high_school_physics,1,0.0,True
computer_security,high_school_physics,3,0.25,True
computer_security,high_school_physics,5,0.42857142857142855,True
computer_security,high_school_physics,10,0.35714285714285715,True
computer_security,high_school_psychology,1,0.0,True
computer_security,high_school_psychology,3,0.5,True
computer_security,high_school_psychology,5,0.2222222222222222,True
computer_security,high_school_psychology,10,0.38461538461538464,True
computer_security,high_school_statistics,1,0.0,True
computer_security,high_school_statistics,3,0.5,True
computer_security,high_school_statistics,5,0.42857142857142855,True
computer_security,high_school_statistics,10,0.46153846153846156,True
computer_security,high_school_us_history,1,0.0,True
computer_security,high_school_us_history,3,0.2,True
computer_security,high_school_us_history,5,0.42857142857142855,True
computer_security,high_school_us_history,10,0.35714285714285715,True
computer_security,high_school_world_history,1,1.0,True
computer_security,high_school_world_history,3,0.0,True
computer_security,high_school_world_history,5,0.25,True
computer_security,high_school_world_history,10,0.38461538461538464,True
computer_security,human_aging,1,0.0,True
computer_security,human_aging,3,0.2,True
computer_security,human_aging,5,0.25,True
computer_security,human_aging,10,0.38461538461538464,True
computer_security,human_sexuality,1,0.0,True
computer_security,human_sexuality,3,0.5,True
computer_security,human_sexuality,5,0.5,True
computer_security,human_sexuality,10,0.42857142857142855,True
computer_security,international_law,1,1.0,True
computer_security,international_law,3,0.25,True
computer_security,international_law,5,0.1111111111111111,True
computer_security,international_law,10,0.26666666666666666,True
computer_security,jurisprudence,1,1.0,True
computer_security,jurisprudence,3,0.2,True
computer_security,jurisprudence,5,0.1111111111111111,True
computer_security,jurisprudence,10,0.2,True
computer_security,logical_fallacies,1,0.0,True
computer_security,logical_fallacies,3,0.2,True
computer_security,logical_fallacies,5,0.42857142857142855,True
computer_security,logical_fallacies,10,0.5833333333333334,True
computer_security,machine_learning,1,0.0,True
computer_security,machine_learning,3,0.5,True
computer_security,machine_learning,5,0.5,True
computer_security,machine_learning,10,0.26666666666666666,True
computer_security,management,1,1.0,True
computer_security,management,3,0.16666666666666666,True
computer_security,management,5,0.2857142857142857,True
computer_security,management,10,0.35714285714285715,True
computer_security,marketing,1,0.0,True
computer_security,marketing,3,0.2,True
computer_security,marketing,5,0.42857142857142855,True
computer_security,marketing,10,0.38461538461538464,True
computer_security,medical_genetics,1,0.0,True
computer_security,medical_genetics,3,0.2,True
computer_security,medical_genetics,5,0.25,True
computer_security,medical_genetics,10,0.2857142857142857,True
computer_security,miscellaneous,1,0.0,True
computer_security,miscellaneous,3,0.2,True
computer_security,miscellaneous,5,0.42857142857142855,True
computer_security,miscellaneous,10,0.38461538461538464,True
computer_security,moral_disputes,1,0.0,True
computer_security,moral_disputes,3,0.25,True
computer_security,moral_disputes,5,0.2857142857142857,True
computer_security,moral_disputes,10,0.46153846153846156,True
computer_security,moral_scenarios,1,0.0,True
computer_security,moral_scenarios,3,0.0,True
computer_security,moral_scenarios,5,0.25,True
computer_security,moral_scenarios,10,0.26666666666666666,True
computer_security,nutrition,1,0.0,True
computer_security,nutrition,3,0.2,True
computer_security,nutrition,5,0.25,True
computer_security,nutrition,10,0.35714285714285715,True
computer_security,philosophy,1,0.0,True
computer_security,philosophy,3,0.2,True
computer_security,philosophy,5,0.42857142857142855,True
computer_security,philosophy,10,0.5833333333333334,True
computer_security,prehistory,1,0.0,True
computer_security,prehistory,3,0.2,True
computer_security,prehistory,5,0.6666666666666666,True
computer_security,prehistory,10,0.35714285714285715,True
computer_security,professional_accounting,1,0.0,True
computer_security,professional_accounting,3,0.2,True
computer_security,professional_accounting,5,0.42857142857142855,True
computer_security,professional_accounting,10,0.2,True
computer_security,professional_law,1,0.0,True
computer_security,professional_law,3,0.5,True
computer_security,professional_law,5,0.25,True
computer_security,professional_law,10,0.26666666666666666,True
computer_security,professional_medicine,1,0.0,True
computer_security,professional_medicine,3,0.2,True
computer_security,professional_medicine,5,0.25,True
computer_security,professional_medicine,10,0.35714285714285715,True
computer_security,professional_psychology,1,0.0,True
computer_security,professional_psychology,3,0.2,True
computer_security,professional_psychology,5,0.6666666666666666,True
computer_security,professional_psychology,10,0.46153846153846156,True
computer_security,public_relations,1,0.0,True
computer_security,public_relations,3,0.5,True
computer_security,public_relations,5,0.42857142857142855,True
computer_security,public_relations,10,0.3076923076923077,True
computer_security,security_studies,1,0.0,True
computer_security,security_studies,3,0.0,True
computer_security,security_studies,5,0.1111111111111111,True
computer_security,security_studies,10,0.35714285714285715,True
computer_security,sociology,1,0.0,True
computer_security,sociology,3,0.2,True
computer_security,sociology,5,0.6666666666666666,True
computer_security,sociology,10,0.38461538461538464,True
computer_security,us_foreign_policy,1,0.0,True
computer_security,us_foreign_policy,3,0.3333333333333333,True
computer_security,us_foreign_policy,5,0.1111111111111111,True
computer_security,us_foreign_policy,10,0.38461538461538464,True
computer_security,virology,1,1.0,True
computer_security,virology,3,0.25,True
computer_security,virology,5,0.5,True
computer_security,virology,10,0.35714285714285715,True
computer_security,world_religions,1,0.0,True
computer_security,world_religions,3,0.25,True
computer_security,world_religions,5,0.2857142857142857,True
computer_security,world_religions,10,0.35714285714285715,True
conceptual_physics,econometrics,1,0.0,True
conceptual_physics,econometrics,3,0.5,True
conceptual_physics,econometrics,5,1.0,True
conceptual_physics,econometrics,10,0.7272727272727273,True
conceptual_physics,electrical_engineering,1,1.0,True
conceptual_physics,electrical_engineering,3,1.0,True
conceptual_physics,electrical_engineering,5,0.8,True
conceptual_physics,electrical_engineering,10,0.5384615384615384,True
conceptual_physics,elementary_mathematics,1,1.0,True
conceptual_physics,elementary_mathematics,3,1.0,True
conceptual_physics,elementary_mathematics,5,0.6666666666666666,True
conceptual_physics,elementary_mathematics,10,0.5384615384615384,True
conceptual_physics,formal_logic,1,1.0,True
conceptual_physics,formal_logic,3,1.0,True
conceptual_physics,formal_logic,5,0.5,True
conceptual_physics,formal_logic,10,0.6666666666666666,True
conceptual_physics,global_facts,1,0.0,True
conceptual_physics,global_facts,3,0.6666666666666666,True
conceptual_physics,global_facts,5,0.42857142857142855,True
conceptual_physics,global_facts,10,0.46153846153846156,True
conceptual_physics,high_school_biology,1,1.0,True
conceptual_physics,high_school_biology,3,0.2,True
conceptual_physics,high_school_biology,5,0.8333333333333334,True
conceptual_physics,high_school_biology,10,0.5833333333333334,True
conceptual_physics,high_school_chemistry,1,1.0,True
conceptual_physics,high_school_chemistry,3,1.0,True
conceptual_physics,high_school_chemistry,5,0.8,True
conceptual_physics,high_school_chemistry,10,0.6666666666666666,True
conceptual_physics,high_school_computer_science,1,0.0,True
conceptual_physics,high_school_computer_science,3,1.0,True
conceptual_physics,high_school_computer_science,5,0.42857142857142855,True
conceptual_physics,high_school_computer_science,10,0.5384615384615384,True
conceptual_physics,high_school_european_history,1,0.0,True
conceptual_physics,high_school_european_history,3,0.4,True
conceptual_physics,high_school_european_history,5,0.2857142857142857,True
conceptual_physics,high_school_european_history,10,0.6666666666666666,True
conceptual_physics,high_school_geography,1,0.0,True
conceptual_physics,high_school_geography,3,0.6666666666666666,True
conceptual_physics,high_school_geography,5,0.375,True
conceptual_physics,high_school_geography,10,0.7272727272727273,True
conceptual_physics,high_school_government_and_politics,1,0.0,True
conceptual_physics,high_school_government_and_politics,3,0.25,True
conceptual_physics,high_school_government_and_politics,5,0.2222222222222222,True
conceptual_physics,high_school_government_and_politics,10,0.75,True
conceptual_physics,high_school_macroeconomics,1,1.0,True
conceptual_physics,high_school_macroeconomics,3,1.0,True
conceptual_physics,high_school_macroeconomics,5,0.6666666666666666,True
conceptual_physics,high_school_macroeconomics,10,0.6666666666666666,True
conceptual_physics,high_school_mathematics,1,1.0,True
conceptual_physics,high_school_mathematics,3,1.0,True
conceptual_physics,high_school_mathematics,5,0.6666666666666666,True
conceptual_physics,high_school_mathematics,10,0.3333333333333333,True
conceptual_physics,high_school_microeconomics,1,1.0,True
conceptual_physics,high_school_microeconomics,3,1.0,True
conceptual_physics,high_school_microeconomics,5,0.5,True
conceptual_physics,high_school_microeconomics,10,0.5384615384615384,True
conceptual_physics,high_school_physics,1,1.0,True
conceptual_physics,high_school_physics,3,0.6666666666666666,True
conceptual_physics,high_school_physics,5,0.6666666666666666,True
conceptual_physics,high_school_physics,10,0.6666666666666666,True
conceptual_physics,high_school_psychology,1,1.0,True
conceptual_physics,high_school_psychology,3,0.5,True
conceptual_physics,high_school_psychology,5,0.375,True
conceptual_physics,high_school_psychology,10,0.7272727272727273,True
conceptual_physics,high_school_statistics,1,1.0,True
conceptual_physics,high_school_statistics,3,1.0,True
conceptual_physics,high_school_statistics,5,0.6666666666666666,True
conceptual_physics,high_school_statistics,10,0.8181818181818182,True
conceptual_physics,high_school_us_history,1,1.0,True
conceptual_physics,high_school_us_history,3,0.2,True
conceptual_physics,high_school_us_history,5,0.25,True
conceptual_physics,high_school_us_history,10,0.6666666666666666,True
conceptual_physics,high_school_world_history,1,0.0,True
conceptual_physics,high_school_world_history,3,0.2,True
conceptual_physics,high_school_world_history,5,0.25,True
conceptual_physics,high_school_world_history,10,0.7272727272727273,True
conceptual_physics,human_aging,1,1.0,True
conceptual_physics,human_aging,3,0.5,True
conceptual_physics,human_aging,5,0.25,True
conceptual_physics,human_aging,10,0.7272727272727273,True
conceptual_physics,human_sexuality,1,1.0,True
conceptual_physics,human_sexuality,3,0.2,True
conceptual_physics,human_sexuality,5,0.5,True
conceptual_physics,human_sexuality,10,0.4,True
conceptual_physics,international_law,1,0.0,True
conceptual_physics,international_law,3,0.6666666666666666,True
conceptual_physics,international_law,5,0.25,True
conceptual_physics,international_law,10,0.42857142857142855,True
conceptual_physics,jurisprudence,1,0.0,True
conceptual_physics,jurisprudence,3,0.2,True
conceptual_physics,jurisprudence,5,0.1111111111111111,True
conceptual_physics,jurisprudence,10,0.46153846153846156,True
conceptual_physics,logical_fallacies,1,0.0,True
conceptual_physics,logical_fallacies,3,0.5,True
conceptual_physics,logical_fallacies,5,0.6666666666666666,True
conceptual_physics,logical_fallacies,10,0.5384615384615384,True
conceptual_physics,machine_learning,1,0.0,True
conceptual_physics,machine_learning,3,1.0,True
conceptual_physics,machine_learning,5,0.8,True
conceptual_physics,machine_learning,10,0.5384615384615384,True
conceptual_physics,management,1,0.0,True
conceptual_physics,management,3,0.16666666666666666,True
conceptual_physics,management,5,0.125,True
conceptual_physics,management,10,0.5384615384615384,True
conceptual_physics,marketing,1,0.0,True
conceptual_physics,marketing,3,0.5,True
conceptual_physics,marketing,5,0.6666666666666666,True
conceptual_physics,marketing,10,0.5833333333333334,True
conceptual_physics,medical_genetics,1,1.0,True
conceptual_physics,medical_genetics,3,0.5,True
conceptual_physics,medical_genetics,5,0.42857142857142855,True
conceptual_physics,medical_genetics,10,0.5833333333333334,True
conceptual_physics,miscellaneous,1,1.0,True
conceptual_physics,miscellaneous,3,0.5,True
conceptual_physics,miscellaneous,5,0.6666666666666666,True
conceptual_physics,miscellaneous,10,0.5833333333333334,True
conceptual_physics,moral_disputes,1,1.0,True
conceptual_physics,moral_disputes,3,0.6666666666666666,True
conceptual_physics,moral_disputes,5,0.5,True
conceptual_physics,moral_disputes,10,0.8181818181818182,True
conceptual_physics,moral_scenarios,1,0.0,True
conceptual_physics,moral_scenarios,3,0.2,True
conceptual_physics,moral_scenarios,5,0.42857142857142855,True
conceptual_physics,moral_scenarios,10,0.6666666666666666,True
conceptual_physics,nutrition,1,0.0,True
conceptual_physics,nutrition,3,0.5,True
conceptual_physics,nutrition,5,0.42857142857142855,True
conceptual_physics,nutrition,10,0.5384615384615384,True
conceptual_physics,philosophy,1,1.0,True
conceptual_physics,philosophy,3,0.5,True
conceptual_physics,philosophy,5,0.42857142857142855,True
conceptual_physics,philosophy,10,0.8181818181818182,True
conceptual_physics,prehistory,1,0.0,True
conceptual_physics,prehistory,3,0.5,True
conceptual_physics,prehistory,5,0.6666666666666666,True
conceptual_physics,prehistory,10,0.6666666666666666,True
conceptual_physics,professional_accounting,1,1.0,True
conceptual_physics,professional_accounting,3,0.5,True
conceptual_physics,professional_accounting,5,0.6666666666666666,True
conceptual_physics,professional_accounting,10,0.46153846153846156,True
conceptual_physics,professional_law,1,1.0,True
conceptual_physics,professional_law,3,1.0,True
conceptual_physics,professional_law,5,0.42857142857142855,True
conceptual_physics,professional_law,10,0.6666666666666666,True
conceptual_physics,professional_medicine,1,1.0,True
conceptual_physics,professional_medicine,3,0.5,True
conceptual_physics,professional_medicine,5,0.42857142857142855,True
conceptual_physics,professional_medicine,10,0.5384615384615384,True
conceptual_physics,professional_psychology,1,1.0,True
conceptual_physics,professional_psychology,3,0.2,True
conceptual_physics,professional_psychology,5,0.6666666666666666,True
conceptual_physics,professional_psychology,10,0.6666666666666666,True
conceptual_physics,public_relations,1,0.0,True
conceptual_physics,public_relations,3,0.5,True
conceptual_physics,public_relations,5,0.6666666666666666,True
conceptual_physics,public_relations,10,0.38461538461538464,True
conceptual_physics,security_studies,1,0.0,True
conceptual_physics,security_studies,3,0.2,True
conceptual_physics,security_studies,5,0.25,True
conceptual_physics,security_studies,10,0.5384615384615384,True
conceptual_physics,sociology,1,1.0,True
conceptual_physics,sociology,3,0.5,True
conceptual_physics,sociology,5,0.6666666666666666,True
conceptual_physics,sociology,10,0.5833333333333334,True
conceptual_physics,us_foreign_policy,1,0.0,True
conceptual_physics,us_foreign_policy,3,0.3333333333333333,True
conceptual_physics,us_foreign_policy,5,0.1111111111111111,True
conceptual_physics,us_foreign_policy,10,0.35714285714285715,True
conceptual_physics,virology,1,0.0,True
conceptual_physics,virology,3,0.25,True
conceptual_physics,virology,5,0.2857142857142857,True
conceptual_physics,virology,10,0.42857142857142855,True
conceptual_physics,world_religions,1,0.0,True
conceptual_physics,world_religions,3,0.25,True
conceptual_physics,world_religions,5,0.2857142857142857,True
conceptual_physics,world_religions,10,0.5384615384615384,True
econometrics,electrical_engineering,1,0.0,True
econometrics,electrical_engineering,3,0.5,True
econometrics,electrical_engineering,5,0.8,True
econometrics,electrical_engineering,10,0.5833333333333334,True
econometrics,elementary_mathematics,1,0.0,True
econometrics,elementary_mathematics,3,0.5,True
econometrics,elementary_mathematics,5,0.6666666666666666,True
econometrics,elementary_mathematics,10,0.5833333333333334,True
econometrics,formal_logic,1,0.0,True
econometrics,formal_logic,3,0.5,True
econometrics,formal_logic,5,0.5,True
econometrics,formal_logic,10,0.7272727272727273,True
econometrics,global_facts,1,0.0,True
econometrics,global_facts,3,0.6666666666666666,True
econometrics,global_facts,5,0.42857142857142855,True
econometrics,global_facts,10,0.6363636363636364,True
econometrics,high_school_biology,1,0.0,True
econometrics,high_school_biology,3,0.5,True
econometrics,high_school_biology,5,0.8333333333333334,True
econometrics,high_school_biology,10,0.8,True
econometrics,high_school_chemistry,1,0.0,True
econometrics,high_school_chemistry,3,0.5,True
econometrics,high_school_chemistry,5,0.8,True
econometrics,high_school_chemistry,10,0.9,True
econometrics,high_school_computer_science,1,1.0,True
econometrics,high_school_computer_science,3,0.5,True
econometrics,high_school_computer_science,5,0.42857142857142855,True
econometrics,high_school_computer_science,10,0.7272727272727273,True
econometrics,high_school_european_history,1,1.0,True
econometrics,high_school_european_history,3,0.16666666666666666,True
econometrics,high_school_european_history,5,0.2857142857142857,True
econometrics,high_school_european_history,10,0.5833333333333334,True
econometrics,high_school_geography,1,1.0,True
econometrics,high_school_geography,3,0.6666666666666666,True
econometrics,high_school_geography,5,0.375,True
econometrics,high_school_geography,10,0.6363636363636364,True
econometrics,high_school_government_and_politics,1,1.0,True
econometrics,high_school_government_and_politics,3,0.0,True
econometrics,high_school_government_and_politics,5,0.2222222222222222,True
econometrics,high_school_government_and_politics,10,0.6666666666666666,True
econometrics,high_school_macroeconomics,1,0.0,True
econometrics,high_school_macroeconomics,3,0.5,True
econometrics,high_school_macroeconomics,5,0.6666666666666666,True
econometrics,high_school_macroeconomics,10,0.9,True
econometrics,high_school_mathematics,1,0.0,True
econometrics,high_school_mathematics,3,0.5,True
econometrics,high_school_mathematics,5,0.6666666666666666,True
econometrics,high_school_mathematics,10,0.35714285714285715,True
econometrics,high_school_microeconomics,1,0.0,True
econometrics,high_school_microeconomics,3,0.5,True
econometrics,high_school_microeconomics,5,0.5,True
econometrics,high_school_microeconomics,10,0.7272727272727273,True
econometrics,high_school_physics,1,0.0,True
econometrics,high_school_physics,3,0.6666666666666666,True
econometrics,high_school_physics,5,0.6666666666666666,True
econometrics,high_school_physics,10,0.7272727272727273,True
econometrics,high_school_psychology,1,0.0,True
econometrics,high_school_psychology,3,0.2,True
econometrics,high_school_psychology,5,0.375,True
econometrics,high_school_psychology,10,0.8,True
econometrics,high_school_statistics,1,0.0,True
econometrics,high_school_statistics,3,0.5,True
econometrics,high_school_statistics,5,0.6666666666666666,True
econometrics,high_school_statistics,10,0.9,True
econometrics,high_school_us_history,1,0.0,True
econometrics,high_school_us_history,3,0.2,True
econometrics,high_school_us_history,5,0.25,True
econometrics,high_school_us_history,10,0.7272727272727273,True
econometrics,high_school_world_history,1,1.0,True
econometrics,high_school_world_history,3,0.2,True
econometrics,high_school_world_history,5,0.25,True
econometrics,high_school_world_history,10,0.8,True
econometrics,human_aging,1,0.0,True
econometrics,human_aging,3,0.5,True
econometrics,human_aging,5,0.25,True
econometrics,human_aging,10,0.6363636363636364,True
econometrics,human_sexuality,1,0.0,True
econometrics,human_sexuality,3,0.5,True
econometrics,human_sexuality,5,0.5,True
econometrics,human_sexuality,10,0.42857142857142855,True
econometrics,international_law,1,1.0,True
econometrics,international_law,3,0.6666666666666666,True
econometrics,international_law,5,0.25,True
econometrics,international_law,10,0.46153846153846156,True
econometrics,jurisprudence,1,1.0,True
econometrics,jurisprudence,3,0.2,True
econometrics,jurisprudence,5,0.1111111111111111,True
econometrics,jurisprudence,10,0.6363636363636364,True
econometrics,logical_fallacies,1,0.0,True
econometrics,logical_fallacies,3,1.0,True
econometrics,logical_fallacies,5,0.6666666666666666,True
econometrics,logical_fallacies,10,0.46153846153846156,True
econometrics,machine_learning,1,0.0,True
econometrics,machine_learning,3,0.5,True
econometrics,machine_learning,5,0.8,True
econometrics,machine_learning,10,0.7272727272727273,True
econometrics,management,1,1.0,True
econometrics,management,3,0.0,True
econometrics,management,5,0.125,True
econometrics,management,10,0.7272727272727273,True
econometrics,marketing,1,0.0,True
econometrics,marketing,3,0.5,True
econometrics,marketing,5,0.6666666666666666,True
econometrics,marketing,10,0.5,True
econometrics,medical_genetics,1,0.0,True
econometrics,medical_genetics,3,0.5,True
econometrics,medical_genetics,5,0.42857142857142855,True
econometrics,medical_genetics,10,0.8,True
econometrics,miscellaneous,1,0.0,True
econometrics,miscellaneous,3,1.0,True
econometrics,miscellaneous,5,0.6666666666666666,True
econometrics,miscellaneous,10,0.6363636363636364,True
econometrics,moral_disputes,1,0.0,True
econometrics,moral_disputes,3,0.6666666666666666,True
econometrics,moral_disputes,5,0.5,True
econometrics,moral_disputes,10,0.9,True
econometrics,moral_scenarios,1,0.0,True
econometrics,moral_scenarios,3,0.2,True
econometrics,moral_scenarios,5,0.42857142857142855,True
econometrics,moral_scenarios,10,0.7272727272727273,True
econometrics,nutrition,1,0.0,True
econometrics,nutrition,3,1.0,True
econometrics,nutrition,5,0.42857142857142855,True
econometrics,nutrition,10,0.7272727272727273,True
econometrics,philosophy,1,0.0,True
econometrics,philosophy,3,0.5,True
econometrics,philosophy,5,0.42857142857142855,True
econometrics,philosophy,10,0.7272727272727273,True
econometrics,prehistory,1,0.0,True
econometrics,prehistory,3,1.0,True
econometrics,prehistory,5,0.6666666666666666,True
econometrics,prehistory,10,0.9,True
econometrics,professional_accounting,1,0.0,True
econometrics,professional_accounting,3,1.0,True
econometrics,professional_accounting,5,0.6666666666666666,True
econometrics,professional_accounting,10,0.6363636363636364,True
econometrics,professional_law,1,0.0,True
econometrics,professional_law,3,0.5,True
econometrics,professional_law,5,0.42857142857142855,True
econometrics,professional_law,10,0.7272727272727273,True
econometrics,professional_medicine,1,0.0,True
econometrics,professional_medicine,3,0.5,True
econometrics,professional_medicine,5,0.42857142857142855,True
econometrics,professional_medicine,10,0.7272727272727273,True
econometrics,professional_psychology,1,0.0,True
econometrics,professional_psychology,3,0.5,True
econometrics,professional_psychology,5,0.6666666666666666,True
econometrics,professional_psychology,10,0.9,True
econometrics,public_relations,1,0.0,True
econometrics,public_relations,3,0.5,True
econometrics,public_relations,5,0.6666666666666666,True
econometrics,public_relations,10,0.3076923076923077,True
econometrics,security_studies,1,0.0,True
econometrics,security_studies,3,0.2,True
econometrics,security_studies,5,0.25,True
econometrics,security_studies,10,0.7272727272727273,True
econometrics,sociology,1,0.0,True
econometrics,sociology,3,1.0,True
econometrics,sociology,5,0.6666666666666666,True
econometrics,sociology,10,0.8,True
econometrics,us_foreign_policy,1,0.0,True
econometrics,us_foreign_policy,3,0.0,True
econometrics,us_foreign_policy,5,0.1111111111111111,True
econometrics,us_foreign_policy,10,0.2857142857142857,True
econometrics,virology,1,1.0,True
econometrics,virology,3,0.25,True
econometrics,virology,5,0.2857142857142857,True
econometrics,virology,10,0.46153846153846156,True
econometrics,world_religions,1,0.0,True
econometrics,world_religions,3,0.25,True
econometrics,world_religions,5,0.2857142857142857,True
econometrics,world_religions,10,0.5833333333333334,True
electrical_engineering,elementary_mathematics,1,1.0,True
electrical_engineering,elementary_mathematics,3,1.0,True
electrical_engineering,elementary_mathematics,5,0.8,True
electrical_engineering,elementary_mathematics,10,0.5384615384615384,True
electrical_engineering,formal_logic,1,1.0,True
electrical_engineering,formal_logic,3,1.0,True
electrical_engineering,formal_logic,5,0.6,True
electrical_engineering,formal_logic,10,0.5384615384615384,True
electrical_engineering,global_facts,1,0.0,True
electrical_engineering,global_facts,3,0.6666666666666666,True
electrical_engineering,global_facts,5,0.5,True
electrical_engineering,global_facts,10,0.5833333333333334,True
electrical_engineering,high_school_biology,1,1.0,True
electrical_engineering,high_school_biology,3,0.2,True
electrical_engineering,high_school_biology,5,0.6666666666666666,True
electrical_engineering,high_school_biology,10,0.46153846153846156,True
electrical_engineering,high_school_chemistry,1,1.0,True
electrical_engineering,high_school_chemistry,3,1.0,True
electrical_engineering,high_school_chemistry,5,1.0,True
electrical_engineering,high_school_chemistry,10,0.5384615384615384,True
electrical_engineering,high_school_computer_science,1,0.0,True
electrical_engineering,high_school_computer_science,3,1.0,True
electrical_engineering,high_school_computer_science,5,0.5,True
electrical_engineering,high_school_computer_science,10,0.5384615384615384,True
electrical_engineering,high_school_european_history,1,0.0,True
electrical_engineering,high_school_european_history,3,0.4,True
electrical_engineering,high_school_european_history,5,0.3333333333333333,True
electrical_engineering,high_school_european_history,10,0.42857142857142855,True
electrical_engineering,high_school_geography,1,0.0,True
electrical_engineering,high_school_geography,3,0.6666666666666666,True
electrical_engineering,high_school_geography,5,0.42857142857142855,True
electrical_engineering,high_school_geography,10,0.5833333333333334,True
electrical_engineering,high_school_government_and_politics,1,0.0,True
electrical_engineering,high_school_government_and_politics,3,0.25,True
electrical_engineering,high_school_government_and_politics,5,0.25,True
electrical_engineering,high_school_government_and_politics,10,0.5,True
electrical_engineering,high_school_macroeconomics,1,1.0,True
electrical_engineering,high_school_macroeconomics,3,1.0,True
electrical_engineering,high_school_macroeconomics,5,0.8,True
electrical_engineering,high_school_macroeconomics,10,0.5384615384615384,True
electrical_engineering,high_school_mathematics,1,1.0,True
electrical_engineering,high_school_mathematics,3,1.0,True
electrical_engineering,high_school_mathematics,5,0.8,True
electrical_engineering,high_school_mathematics,10,0.42857142857142855,True
electrical_engineering,high_school_microeconomics,1,1.0,True
electrical_engineering,high_school_microeconomics,3,1.0,True
electrical_engineering,high_school_microeconomics,5,0.6,True
electrical_engineering,high_school_microeconomics,10,0.42857142857142855,True
electrical_engineering,high_school_physics,1,1.0,True
electrical_engineering,high_school_physics,3,0.6666666666666666,True
electrical_engineering,high_school_physics,5,0.8,True
electrical_engineering,high_school_physics,10,0.42857142857142855,True
electrical_engineering,high_school_psychology,1,1.0,True
electrical_engineering,high_school_psychology,3,0.5,True
electrical_engineering,high_school_psychology,5,0.42857142857142855,True
electrical_engineering,high_school_psychology,10,0.46153846153846156,True
electrical_engineering,high_school_statistics,1,1.0,True
electrical_engineering,high_school_statistics,3,1.0,True
electrical_engineering,high_school_statistics,5,0.5,True
electrical_engineering,high_school_statistics,10,0.5384615384615384,True
electrical_engineering,high_school_us_history,1,1.0,True
electrical_engineering,high_school_us_history,3,0.2,True
electrical_engineering,high_school_us_history,5,0.2857142857142857,True
electrical_engineering,high_school_us_history,10,0.6666666666666666,True
electrical_engineering,high_school_world_history,1,0.0,True
electrical_engineering,high_school_world_history,3,0.2,True
electrical_engineering,high_school_world_history,5,0.2857142857142857,True
electrical_engineering,high_school_world_history,10,0.5833333333333334,True
electrical_engineering,human_aging,1,1.0,True
electrical_engineering,human_aging,3,0.5,True
electrical_engineering,human_aging,5,0.2857142857142857,True
electrical_engineering,human_aging,10,0.46153846153846156,True
electrical_engineering,human_sexuality,1,1.0,True
electrical_engineering,human_sexuality,3,0.2,True
electrical_engineering,human_sexuality,5,0.3333333333333333,True
electrical_engineering,human_sexuality,10,0.75,True
electrical_engineering,international_law,1,0.0,True
electrical_engineering,international_law,3,0.6666666666666666,True
electrical_engineering,international_law,5,0.2857142857142857,True
electrical_engineering,international_law,10,0.6666666666666666,True
electrical_engineering,jurisprudence,1,0.0,True
electrical_engineering,jurisprudence,3,0.2,True
electrical_engineering,jurisprudence,5,0.125,True
electrical_engineering,jurisprudence,10,0.46153846153846156,True
electrical_engineering,logical_fallacies,1,0.0,True
electrical_engineering,logical_fallacies,3,0.5,True
electrical_engineering,logical_fallacies,5,0.8,True
electrical_engineering,logical_fallacies,10,0.8181818181818182,True
electrical_engineering,machine_learning,1,0.0,True
electrical_engineering,machine_learning,3,1.0,True
electrical_engineering,machine_learning,5,1.0,True
electrical_engineering,machine_learning,10,0.5384615384615384,True
electrical_engineering,management,1,0.0,True
electrical_engineering,management,3,0.16666666666666666,True
electrical_engineering,management,5,0.14285714285714285,True
electrical_engineering,management,10,0.42857142857142855,True
electrical_engineering,marketing,1,0.0,True
electrical_engineering,marketing,3,0.5,True
electrical_engineering,marketing,5,0.8,True
electrical_engineering,marketing,10,0.5833333333333334,True
electrical_engineering,medical_genetics,1,1.0,True
electrical_engineering,medical_genetics,3,0.5,True
electrical_engineering,medical_genetics,5,0.5,True
electrical_engineering,medical_genetics,10,0.46153846153846156,True
electrical_engineering,miscellaneous,1,1.0,True
electrical_engineering,miscellaneous,3,0.5,True
electrical_engineering,miscellaneous,5,0.8,True
electrical_engineering,miscellaneous,10,0.5833333333333334,True
electrical_engineering,moral_disputes,1,1.0,True
electrical_engineering,moral_disputes,3,0.6666666666666666,True
electrical_engineering,moral_disputes,5,0.6,True
electrical_engineering,moral_disputes,10,0.5384615384615384,True
electrical_engineering,moral_scenarios,1,0.0,True
electrical_engineering,moral_scenarios,3,0.2,True
electrical_engineering,moral_scenarios,5,0.2857142857142857,True
electrical_engineering,moral_scenarios,10,0.42857142857142855,True
electrical_engineering,nutrition,1,0.0,True
electrical_engineering,nutrition,3,0.5,True
electrical_engineering,nutrition,5,0.5,True
electrical_engineering,nutrition,10,0.6666666666666666,True
electrical_engineering,philosophy,1,1.0,True
electrical_engineering,philosophy,3,0.5,True
electrical_engineering,philosophy,5,0.5,True
electrical_engineering,philosophy,10,0.6666666666666666,True
electrical_engineering,prehistory,1,0.0,True
electrical_engineering,prehistory,3,0.5,True
electrical_engineering,prehistory,5,0.8,True
electrical_engineering,prehistory,10,0.6666666666666666,True
electrical_engineering,professional_accounting,1,1.0,True
electrical_engineering,professional_accounting,3,0.5,True
electrical_engineering,professional_accounting,5,0.8,True
electrical_engineering,professional_accounting,10,0.46153846153846156,True
electrical_engineering,professional_law,1,1.0,True
electrical_engineering,professional_law,3,1.0,True
electrical_engineering,professional_law,5,0.5,True
electrical_engineering,professional_law,10,0.42857142857142855,True
electrical_engineering,professional_medicine,1,1.0,True
electrical_engineering,professional_medicine,3,0.5,True
electrical_engineering,professional_medicine,5,0.5,True
electrical_engineering,professional_medicine,10,0.5384615384615384,True
electrical_engineering,professional_psychology,1,1.0,True
electrical_engineering,professional_psychology,3,0.2,True
electrical_engineering,professional_psychology,5,0.8,True
electrical_engineering,professional_psychology,10,0.6666666666666666,True
electrical_engineering,public_relations,1,0.0,True
electrical_engineering,public_relations,3,0.5,True
electrical_engineering,public_relations,5,0.5,True
electrical_engineering,public_relations,10,0.5,True
electrical_engineering,security_studies,1,0.0,True
electrical_engineering,security_studies,3,0.2,True
electrical_engineering,security_studies,5,0.2857142857142857,True
electrical_engineering,security_studies,10,0.6666666666666666,True
electrical_engineering,sociology,1,1.0,True
electrical_engineering,sociology,3,0.5,True
electrical_engineering,sociology,5,0.8,True
electrical_engineering,sociology,10,0.5833333333333334,True
electrical_engineering,us_foreign_policy,1,0.0,True
electrical_engineering,us_foreign_policy,3,0.3333333333333333,True
electrical_engineering,us_foreign_policy,5,0.125,True
electrical_engineering,us_foreign_policy,10,0.46153846153846156,True
electrical_engineering,virology,1,0.0,True
electrical_engineering,virology,3,0.25,True
electrical_engineering,virology,5,0.14285714285714285,True
electrical_engineering,virology,10,0.5384615384615384,True
electrical_engineering,world_religions,1,0.0,True
electrical_engineering,world_religions,3,0.25,True
electrical_engineering,world_religions,5,0.3333333333333333,True
electrical_engineering,world_religions,10,0.5384615384615384,True
elementary_mathematics,formal_logic,1,1.0,True
elementary_mathematics,formal_logic,3,1.0,True
elementary_mathematics,formal_logic,5,0.5,True
elementary_mathematics,formal_logic,10,0.42857142857142855,True
elementary_mathematics,global_facts,1,0.0,True
elementary_mathematics,global_facts,3,0.6666666666666666,True
elementary_mathematics,global_facts,5,0.42857142857142855,True
elementary_mathematics,global_facts,10,0.5833333333333334,True
elementary_mathematics,high_school_biology,1,1.0,True
elementary_mathematics,high_school_biology,3,0.2,True
elementary_mathematics,high_school_biology,5,0.5714285714285714,True
elementary_mathematics,high_school_biology,10,0.5833333333333334,True
elementary_mathematics,high_school_chemistry,1,1.0,True
elementary_mathematics,high_school_chemistry,3,1.0,True
elementary_mathematics,high_school_chemistry,5,0.8,True
elementary_mathematics,high_school_chemistry,10,0.6666666666666666,True
elementary_mathematics,high_school_computer_science,1,0.0,True
elementary_mathematics,high_school_computer_science,3,1.0,True
elementary_mathematics,high_school_computer_science,5,0.42857142857142855,True
elementary_mathematics,high_school_computer_science,10,0.5384615384615384,True
elementary_mathematics,high_school_european_history,1,0.0,True
elementary_mathematics,high_school_european_history,3,0.4,True
elementary_mathematics,high_school_european_history,5,0.5,True
elementary_mathematics,high_school_european_history,10,0.5384615384615384,True
elementary_mathematics,high_school_geography,1,0.0,True
elementary_mathematics,high_school_geography,3,0.6666666666666666,True
elementary_mathematics,high_school_geography,5,0.375,True
elementary_mathematics,high_school_geography,10,0.5833333333333334,True
elementary_mathematics,high_school_government_and_politics,1,0.0,True
elementary_mathematics,high_school_government_and_politics,3,0.25,True
elementary_mathematics,high_school_government_and_politics,5,0.2222222222222222,True
elementary_mathematics,high_school_government_and_politics,10,0.5,True
elementary_mathematics,high_school_macroeconomics,1,1.0,True
elementary_mathematics,high_school_macroeconomics,3,1.0,True
elementary_mathematics,high_school_macroeconomics,5,0.6666666666666666,True
elementary_mathematics,high_school_macroeconomics,10,0.6666666666666666,True
elementary_mathematics,high_school_mathematics,1,1.0,True
elementary_mathematics,high_school_mathematics,3,1.0,True
elementary_mathematics,high_school_mathematics,5,0.6666666666666666,True
elementary_mathematics,high_school_mathematics,10,0.5384615384615384,True
elementary_mathematics,high_school_microeconomics,1,1.0,True
elementary_mathematics,high_school_microeconomics,3,1.0,True
elementary_mathematics,high_school_microeconomics,5,0.5,True
elementary_mathematics,high_school_microeconomics,10,0.6666666666666666,True
elementary_mathematics,high_school_physics,1,1.0,True
elementary_mathematics,high_school_physics,3,0.6666666666666666,True
elementary_mathematics,high_school_physics,5,0.6666666666666666,True
elementary_mathematics,high_school_physics,10,0.6666666666666666,True
elementary_mathematics,high_school_psychology,1,1.0,True
elementary_mathematics,high_school_psychology,3,0.5,True
elementary_mathematics,high_school_psychology,5,0.375,True
elementary_mathematics,high_school_psychology,10,0.46153846153846156,True
elementary_mathematics,high_school_statistics,1,1.0,True
elementary_mathematics,high_school_statistics,3,1.0,True
elementary_mathematics,high_school_statistics,5,0.42857142857142855,True
elementary_mathematics,high_school_statistics,10,0.5384615384615384,True
elementary_mathematics,high_school_us_history,1,1.0,True
elementary_mathematics,high_school_us_history,3,0.2,True
elementary_mathematics,high_school_us_history,5,0.25,True
elementary_mathematics,high_school_us_history,10,0.6666666666666666,True
elementary_mathematics,high_school_world_history,1,0.0,True
elementary_mathematics,high_school_world_history,3,0.2,True
elementary_mathematics,high_school_world_history,5,0.25,True
elementary_mathematics,high_school_world_history,10,0.5833333333333334,True
elementary_mathematics,human_aging,1,1.0,True
elementary_mathematics,human_aging,3,0.5,True
elementary_mathematics,human_aging,5,0.25,True
elementary_mathematics,human_aging,10,0.46153846153846156,True
elementary_mathematics,human_sexuality,1,1.0,True
elementary_mathematics,human_sexuality,3,0.2,True
elementary_mathematics,human_sexuality,5,0.2857142857142857,True
elementary_mathematics,human_sexuality,10,0.4,True
elementary_mathematics,international_law,1,0.0,True
elementary_mathematics,international_law,3,0.6666666666666666,True
elementary_mathematics,international_law,5,0.42857142857142855,True
elementary_mathematics,international_law,10,0.5384615384615384,True
elementary_mathematics,jurisprudence,1,0.0,True
elementary_mathematics,jurisprudence,3,0.2,True
elementary_mathematics,jurisprudence,5,0.25,True
elementary_mathematics,jurisprudence,10,0.5833333333333334,True
elementary_mathematics,logical_fallacies,1,0.0,True
elementary_mathematics,logical_fallacies,3,0.5,True
elementary_mathematics,logical_fallacies,5,0.6666666666666666,True
elementary_mathematics,logical_fallacies,10,0.42857142857142855,True
elementary_mathematics,machine_learning,1,0.0,True
elementary_mathematics,machine_learning,3,1.0,True
elementary_mathematics,machine_learning,5,0.8,True
elementary_mathematics,machine_learning,10,0.6666666666666666,True
elementary_mathematics,management,1,0.0,True
elementary_mathematics,management,3,0.16666666666666666,True
elementary_mathematics,management,5,0.125,True
elementary_mathematics,management,10,0.42857142857142855,True
elementary_mathematics,marketing,1,0.0,True
elementary_mathematics,marketing,3,0.5,True
elementary_mathematics,marketing,5,0.6666666666666666,True
elementary_mathematics,marketing,10,0.46153846153846156,True
elementary_mathematics,medical_genetics,1,1.0,True
elementary_mathematics,medical_genetics,3,0.5,True
elementary_mathematics,medical_genetics,5,0.42857142857142855,True
elementary_mathematics,medical_genetics,10,0.5833333333333334,True
elementary_mathematics,miscellaneous,1,1.0,True
elementary_mathematics,miscellaneous,3,0.5,True
elementary_mathematics,miscellaneous,5,0.6666666666666666,True
elementary_mathematics,miscellaneous,10,0.46153846153846156,True
elementary_mathematics,moral_disputes,1,1.0,True
elementary_mathematics,moral_disputes,3,0.6666666666666666,True
elementary_mathematics,moral_disputes,5,0.5,True
elementary_mathematics,moral_disputes,10,0.5384615384615384,True
elementary_mathematics,moral_scenarios,1,0.0,True
elementary_mathematics,moral_scenarios,3,0.2,True
elementary_mathematics,moral_scenarios,5,0.25,True
elementary_mathematics,moral_scenarios,10,0.5384615384615384,True
elementary_mathematics,nutrition,1,0.0,True
elementary_mathematics,nutrition,3,0.5,True
elementary_mathematics,nutrition,5,0.42857142857142855,True
elementary_mathematics,nutrition,10,0.42857142857142855,True
elementary_mathematics,philosophy,1,1.0,True
elementary_mathematics,philosophy,3,0.5,True
elementary_mathematics,philosophy,5,0.42857142857142855,True
elementary_mathematics,philosophy,10,0.5384615384615384,True
elementary_mathematics,prehistory,1,0.0,True
elementary_mathematics,prehistory,3,0.5,True
elementary_mathematics,prehistory,5,0.6666666666666666,True
elementary_mathematics,prehistory,10,0.6666666666666666,True
elementary_mathematics,professional_accounting,1,1.0,True
elementary_mathematics,professional_accounting,3,0.5,True
elementary_mathematics,professional_accounting,5,0.6666666666666666,True
elementary_mathematics,professional_accounting,10,0.5833333333333334,True
elementary_mathematics,professional_law,1,1.0,True
elementary_mathematics,professional_law,3,1.0,True
elementary_mathematics,professional_law,5,0.42857142857142855,True
elementary_mathematics,professional_law,10,0.6666666666666666,True
elementary_mathematics,professional_medicine,1,1.0,True
elementary_mathematics,professional_medicine,3,0.5,True
elementary_mathematics,professional_medicine,5,0.42857142857142855,True
elementary_mathematics,professional_medicine,10,0.5384615384615384,True
elementary_mathematics,professional_psychology,1,1.0,True
elementary_mathematics,professional_psychology,3,0.2,True
elementary_mathematics,professional_psychology,5,0.6666666666666666,True
elementary_mathematics,professional_psychology,10,0.5384615384615384,True
elementary_mathematics,public_relations,1,0.0,True
elementary_mathematics,public_relations,3,0.5,True
elementary_mathematics,public_relations,5,0.42857142857142855,True
elementary_mathematics,public_relations,10,0.5,True
elementary_mathematics,security_studies,1,0.0,True
elementary_mathematics,security_studies,3,0.2,True
elementary_mathematics,security_studies,5,0.25,True
elementary_mathematics,security_studies,10,0.42857142857142855,True
elementary_mathematics,sociology,1,1.0,True
elementary_mathematics,sociology,3,0.5,True
elementary_mathematics,sociology,5,0.6666666666666666,True
elementary_mathematics,sociology,10,0.46153846153846156,True
elementary_mathematics,us_foreign_policy,1,0.0,True
elementary_mathematics,us_foreign_policy,3,0.3333333333333333,True
elementary_mathematics,us_foreign_policy,5,0.25,True
elementary_mathematics,us_foreign_policy,10,0.35714285714285715,True
elementary_mathematics,virology,1,0.0,True
elementary_mathematics,virology,3,0.25,True
elementary_mathematics,virology,5,0.125,True
elementary_mathematics,virology,10,0.5384615384615384,True
elementary_mathematics,world_religions,1,0.0,True
elementary_mathematics,world_religions,3,0.25,True
elementary_mathematics,world_religions,5,0.2857142857142857,True
elementary_mathematics,world_religions,10,0.42857142857142855,True
formal_logic,global_facts,1,0.0,True
formal_logic,global_facts,3,0.6666666666666666,True
formal_logic,global_facts,5,0.8,True
formal_logic,global_facts,10,0.7272727272727273,True
formal_logic,high_school_biology,1,1.0,True
formal_logic,high_school_biology,3,0.2,True
formal_logic,high_school_biology,5,0.42857142857142855,True
formal_logic,high_school_biology,10,0.5833333333333334,True
formal_logic,high_school_chemistry,1,1.0,True
formal_logic,high_school_chemistry,3,1.0,True
formal_logic,high_school_chemistry,5,0.6,True
formal_logic,high_school_chemistry,10,0.6666666666666666,True
formal_logic,high_school_computer_science,1,0.0,True
formal_logic,high_school_computer_science,3,1.0,True
formal_logic,high_school_computer_science,5,0.8,True
formal_logic,high_school_computer_science,10,0.8181818181818182,True
formal_logic,high_school_european_history,1,0.0,True
formal_logic,high_school_european_history,3,0.4,True
formal_logic,high_school_european_history,5,0.3333333333333333,True
formal_logic,high_school_european_history,10,0.5384615384615384,True
formal_logic,high_school_geography,1,0.0,True
formal_logic,high_school_geography,3,0.6666666666666666,True
formal_logic,high_school_geography,5,0.25,True
formal_logic,high_school_geography,10,0.46153846153846156,True
formal_logic,high_school_government_and_politics,1,0.0,True
formal_logic,high_school_government_and_politics,3,0.25,True
formal_logic,high_school_government_and_politics,5,0.25,True
formal_logic,high_school_government_and_politics,10,0.75,True
formal_logic,high_school_macroeconomics,1,1.0,True
formal_logic,high_school_macroeconomics,3,1.0,True
formal_logic,high_school_macroeconomics,5,0.5,True
formal_logic,high_school_macroeconomics,10,0.6666666666666666,True
formal_logic,high_school_mathematics,1,1.0,True
formal_logic,high_school_mathematics,3,1.0,True
formal_logic,high_school_mathematics,5,0.5,True
formal_logic,high_school_mathematics,10,0.3333333333333333,True
formal_logic,high_school_microeconomics,1,1.0,True
formal_logic,high_school_microeconomics,3,1.0,True
formal_logic,high_school_microeconomics,5,0.6,True
formal_logic,high_school_microeconomics,10,0.5384615384615384,True
formal_logic,high_school_physics,1,1.0,True
formal_logic,high_school_physics,3,0.6666666666666666,True
formal_logic,high_school_physics,5,0.8,True
formal_logic,high_school_physics,10,0.5384615384615384,True
formal_logic,high_school_psychology,1,1.0,True
formal_logic,high_school_psychology,3,0.5,True
formal_logic,high_school_psychology,5,0.6666666666666666,True
formal_logic,high_school_psychology,10,0.7272727272727273,True
formal_logic,high_school_statistics,1,1.0,True
formal_logic,high_school_statistics,3,1.0,True
formal_logic,high_school_statistics,5,0.5,True
formal_logic,high_school_statistics,10,0.6666666666666666,True
formal_logic,high_school_us_history,1,1.0,True
formal_logic,high_school_us_history,3,0.2,True
formal_logic,high_school_us_history,5,0.2857142857142857,True
formal_logic,high_school_us_history,10,0.5384615384615384,True
formal_logic,high_school_world_history,1,0.0,True
formal_logic,high_school_world_history,3,0.2,True
formal_logic,high_school_world_history,5,0.2857142857142857,True
formal_logic,high_school_world_history,10,0.5833333333333334,True
formal_logic,human_aging,1,1.0,True
formal_logic,human_aging,3,0.5,True
formal_logic,human_aging,5,0.5,True
formal_logic,human_aging,10,0.5833333333333334,True
formal_logic,human_sexuality,1,1.0,True
formal_logic,human_sexuality,3,0.2,True
formal_logic,human_sexuality,5,0.14285714285714285,True
formal_logic,human_sexuality,10,0.4,True
formal_logic,international_law,1,0.0,True
formal_logic,international_law,3,0.6666666666666666,True
formal_logic,international_law,5,0.5,True
formal_logic,international_law,10,0.42857142857142855,True
formal_logic,jurisprudence,1,0.0,True
formal_logic,jurisprudence,3,0.2,True
formal_logic,jurisprudence,5,0.2857142857142857,True
formal_logic,jurisprudence,10,0.5833333333333334,True
formal_logic,logical_fallacies,1,0.0,True
formal_logic,logical_fallacies,3,0.5,True
formal_logic,logical_fallacies,5,0.5,True
formal_logic,logical_fallacies,10,0.42857142857142855,True
formal_logic,machine_learning,1,0.0,True
formal_logic,machine_learning,3,1.0,True
formal_logic,machine_learning,5,0.6,True
formal_logic,machine_learning,10,0.6666666666666666,True
formal_logic,management,1,0.0,True
formal_logic,management,3,0.16666666666666666,True
formal_logic,management,5,0.3333333333333333,True
formal_logic,management,10,0.5384615384615384,True
formal_logic,marketing,1,0.0,True
formal_logic,marketing,3,0.5,True
formal_logic,marketing,5,0.5,True
formal_logic,marketing,10,0.46153846153846156,True
formal_logic,medical_genetics,1,1.0,True
formal_logic,medical_genetics,3,0.5,True
formal_logic,medical_genetics,5,0.8,True
formal_logic,medical_genetics,10,0.7272727272727273,True
formal_logic,miscellaneous,1,1.0,True
formal_logic,miscellaneous,3,0.5,True
formal_logic,miscellaneous,5,0.5,True
formal_logic,miscellaneous,10,0.5833333333333334,True
formal_logic,moral_disputes,1,1.0,True
formal_logic,moral_disputes,3,0.6666666666666666,True
formal_logic,moral_disputes,5,0.3333333333333333,True
formal_logic,moral_disputes,10,0.6666666666666666,True
formal_logic,moral_scenarios,1,0.0,True
formal_logic,moral_scenarios,3,0.2,True
formal_logic,moral_scenarios,5,0.2857142857142857,True
formal_logic,moral_scenarios,10,0.6666666666666666,True
formal_logic,nutrition,1,0.0,True
formal_logic,nutrition,3,0.5,True
formal_logic,nutrition,5,0.5,True
formal_logic,nutrition,10,0.8181818181818182,True
formal_logic,philosophy,1,1.0,True
formal_logic,philosophy,3,0.5,True
formal_logic,philosophy,5,0.2857142857142857,True
formal_logic,philosophy,10,0.6666666666666666,True
formal_logic,prehistory,1,0.0,True
formal_logic,prehistory,3,0.5,True
formal_logic,prehistory,5,0.5,True
formal_logic,prehistory,10,0.6666666666666666,True
formal_logic,professional_accounting,1,1.0,True
formal_logic,professional_accounting,3,0.5,True
formal_logic,professional_accounting,5,0.5,True
formal_logic,professional_accounting,10,0.5833333333333334,True
formal_logic,professional_law,1,1.0,True
formal_logic,professional_law,3,1.0,True
formal_logic,professional_law,5,0.8,True
formal_logic,professional_law,10,0.6666666666666666,True
formal_logic,professional_medicine,1,1.0,True
formal_logic,professional_medicine,3,0.5,True
formal_logic,professional_medicine,5,0.8,True
formal_logic,professional_medicine,10,0.8181818181818182,True
formal_logic,professional_psychology,1,1.0,True
formal_logic,professional_psychology,3,0.2,True
formal_logic,professional_psychology,5,0.5,True
formal_logic,professional_psychology,10,0.8181818181818182,True
formal_logic,public_relations,1,0.0,True
formal_logic,public_relations,3,0.5,True
formal_logic,public_relations,5,0.5,True
formal_logic,public_relations,10,0.38461538461538464,True
formal_logic,security_studies,1,0.0,True
formal_logic,security_studies,3,0.2,True
formal_logic,security_studies,5,0.5,True
formal_logic,security_studies,10,0.8181818181818182,True
formal_logic,sociology,1,1.0,True
formal_logic,sociology,3,0.5,True
formal_logic,sociology,5,0.5,True
formal_logic,sociology,10,0.9,True
formal_logic,us_foreign_policy,1,0.0,True
formal_logic,us_foreign_policy,3,0.3333333333333333,True
formal_logic,us_foreign_policy,5,0.125,True
formal_logic,us_foreign_policy,10,0.35714285714285715,True
formal_logic,virology,1,0.0,True
formal_logic,virology,3,0.25,True
formal_logic,virology,5,0.14285714285714285,True
formal_logic,virology,10,0.42857142857142855,True
formal_logic,world_religions,1,0.0,True
formal_logic,world_religions,3,0.25,True
formal_logic,world_religions,5,0.3333333333333333,True
formal_logic,world_religions,10,0.6666666666666666,True
global_facts,high_school_biology,1,0.0,True
global_facts,high_school_biology,3,0.25,True
global_facts,high_school_biology,5,0.375,True
global_facts,high_school_biology,10,0.6363636363636364,True
global_facts,high_school_chemistry,1,0.0,True
global_facts,high_school_chemistry,3,0.6666666666666666,True
global_facts,high_school_chemistry,5,0.5,True
global_facts,high_school_chemistry,10,0.5833333333333334,True
global_facts,high_school_computer_science,1,0.0,True
global_facts,high_school_computer_science,3,0.6666666666666666,True
global_facts,high_school_computer_science,5,1.0,True
global_facts,high_school_computer_science,10,0.7272727272727273,True
global_facts,high_school_european_history,1,0.0,True
global_facts,high_school_european_history,3,0.2,True
global_facts,high_school_european_history,5,0.2857142857142857,True
global_facts,high_school_european_history,10,0.35714285714285715,True
global_facts,high_school_geography,1,0.0,True
global_facts,high_school_geography,3,1.0,True
global_facts,high_school_geography,5,0.375,True
global_facts,high_school_geography,10,0.5,True
global_facts,high_school_government_and_politics,1,0.0,True
global_facts,high_school_government_and_politics,3,0.0,True
global_facts,high_school_government_and_politics,5,0.375,True
global_facts,high_school_government_and_politics,10,0.6666666666666666,True
global_facts,high_school_macroeconomics,1,0.0,True
global_facts,high_school_macroeconomics,3,0.6666666666666666,True
global_facts,high_school_macroeconomics,5,0.42857142857142855,True
global_facts,high_school_macroeconomics,10,0.5833333333333334,True
global_facts,high_school_mathematics,1,0.0,True
global_facts,high_school_mathematics,3,0.6666666666666666,True
global_facts,high_school_mathematics,5,0.42857142857142855,True
global_facts,high_school_mathematics,10,0.35714285714285715,True
global_facts,high_school_microeconomics,1,0.0,True
global_facts,high_school_microeconomics,3,0.6666666666666666,True
global_facts,high_school_microeconomics,5,0.5,True
global_facts,high_school_microeconomics,10,0.5833333333333334,True
global_facts,high_school_physics,1,0.0,True
global_facts,high_school_physics,3,1.0,True
global_facts,high_school_physics,5,0.6666666666666666,True
global_facts,high_school_physics,10,0.5833333333333334,True
global_facts,high_school_psychology,1,0.0,True
global_facts,high_school_psychology,3,0.25,True
global_facts,high_school_psychology,5,0.8333333333333334,True
global_facts,high_school_psychology,10,0.6363636363636364,True
global_facts,high_school_statistics,1,0.0,True
global_facts,high_school_statistics,3,0.6666666666666666,True
global_facts,high_school_statistics,5,0.42857142857142855,True
global_facts,high_school_statistics,10,0.5833333333333334,True
global_facts,high_school_us_history,1,0.0,True
global_facts,high_school_us_history,3,0.25,True
global_facts,high_school_us_history,5,0.42857142857142855,True
global_facts,high_school_us_history,10,0.5833333333333334,True
global_facts,high_school_world_history,1,0.0,True
global_facts,high_school_world_history,3,0.25,True
global_facts,high_school_world_history,5,0.42857142857142855,True
global_facts,high_school_world_history,10,0.5,True
global_facts,human_aging,1,0.0,True
global_facts,human_aging,3,0.6666666666666666,True
global_facts,human_aging,5,0.42857142857142855,True
global_facts,human_aging,10,0.5,True
global_facts,human_sexuality,1,0.0,True
global_facts,human_sexuality,3,0.25,True
global_facts,human_sexuality,5,0.125,True
global_facts,human_sexuality,10,0.42857142857142855,True
global_facts,international_law,1,0.0,True
global_facts,international_law,3,1.0,True
global_facts,international_law,5,0.6666666666666666,True
global_facts,international_law,10,0.46153846153846156,True
global_facts,jurisprudence,1,0.0,True
global_facts,jurisprudence,3,0.25,True
global_facts,jurisprudence,5,0.42857142857142855,True
global_facts,jurisprudence,10,0.6363636363636364,True
global_facts,logical_fallacies,1,1.0,True
global_facts,logical_fallacies,3,0.6666666666666666,True
global_facts,logical_fallacies,5,0.42857142857142855,True
global_facts,logical_fallacies,10,0.46153846153846156,True
global_facts,machine_learning,1,1.0,True
global_facts,machine_learning,3,0.6666666666666666,True
global_facts,machine_learning,5,0.5,True
global_facts,machine_learning,10,0.7272727272727273,True
global_facts,management,1,0.0,True
global_facts,management,3,0.0,True
global_facts,management,5,0.5,True
global_facts,management,10,0.46153846153846156,True
global_facts,marketing,1,1.0,True
global_facts,marketing,3,0.25,True
global_facts,marketing,5,0.42857142857142855,True
global_facts,marketing,10,0.5,True
global_facts,medical_genetics,1,0.0,True
global_facts,medical_genetics,3,0.6666666666666666,True
global_facts,medical_genetics,5,1.0,True
global_facts,medical_genetics,10,0.6363636363636364,True
global_facts,miscellaneous,1,0.0,True
global_facts,miscellaneous,3,0.6666666666666666,True
global_facts,miscellaneous,5,0.42857142857142855,True
global_facts,miscellaneous,10,0.5,True
global_facts,moral_disputes,1,0.0,True
global_facts,moral_disputes,3,1.0,True
global_facts,moral_disputes,5,0.2857142857142857,True
global_facts,moral_disputes,10,0.5833333333333334,True
global_facts,moral_scenarios,1,1.0,True
global_facts,moral_scenarios,3,0.25,True
global_facts,moral_scenarios,5,0.42857142857142855,True
global_facts,moral_scenarios,10,0.5833333333333334,True
global_facts,nutrition,1,1.0,True
global_facts,nutrition,3,0.6666666666666666,True
global_facts,nutrition,5,0.6666666666666666,True
global_facts,nutrition,10,0.7272727272727273,True
global_facts,philosophy,1,0.0,True
global_facts,philosophy,3,0.6666666666666666,True
global_facts,philosophy,5,0.25,True
global_facts,philosophy,10,0.5833333333333334,True
global_facts,prehistory,1,1.0,True
global_facts,prehistory,3,0.6666666666666666,True
global_facts,prehistory,5,0.42857142857142855,True
global_facts,prehistory,10,0.7272727272727273,True
global_facts,professional_accounting,1,0.0,True
global_facts,professional_accounting,3,0.6666666666666666,True
global_facts,professional_accounting,5,0.42857142857142855,True
global_facts,professional_accounting,10,0.6363636363636364,True
global_facts,professional_law,1,0.0,True
global_facts,professional_law,3,0.6666666666666666,True
global_facts,professional_law,5,1.0,True
global_facts,professional_law,10,0.5833333333333334,True
global_facts,professional_medicine,1,0.0,True
global_facts,professional_medicine,3,0.6666666666666666,True
global_facts,professional_medicine,5,1.0,True
global_facts,professional_medicine,10,0.7272727272727273,True
global_facts,professional_psychology,1,0.0,True
global_facts,professional_psychology,3,0.25,True
global_facts,professional_psychology,5,0.42857142857142855,True
global_facts,professional_psychology,10,0.7272727272727273,True
global_facts,public_relations,1,0.0,True
global_facts,public_relations,3,0.6666666666666666,True
global_facts,public_relations,5,0.42857142857142855,True
global_facts,public_relations,10,0.4166666666666667,True
global_facts,security_studies,1,0.0,True
global_facts,security_studies,3,0.25,True
global_facts,security_studies,5,0.6666666666666666,True
global_facts,security_studies,10,0.7272727272727273,True
global_facts,sociology,1,0.0,True
global_facts,sociology,3,0.6666666666666666,True
global_facts,sociology,5,0.42857142857142855,True
global_facts,sociology,10,0.8,True
global_facts,us_foreign_policy,1,0.0,True
global_facts,us_foreign_policy,3,0.0,True
global_facts,us_foreign_policy,5,0.1111111111111111,True
global_facts,us_foreign_policy,10,0.38461538461538464,True
global_facts,virology,1,0.0,True
global_facts,virology,3,0.3333333333333333,True
global_facts,virology,5,0.125,True
global_facts,virology,10,0.46153846153846156,True
global_facts,world_religions,1,0.0,True
global_facts,world_religions,3,0.3333333333333333,True
global_facts,world_religions,5,0.2857142857142857,True
global_facts,world_religions,10,0.7272727272727273,True
high_school_biology,high_school_chemistry,1,1.0,True
high_school_biology,high_school_chemistry,3,0.2,True
high_school_biology,high_school_chemistry,5,0.6666666666666666,True
high_school_biology,high_school_chemistry,10,0.7272727272727273,True
high_school_biology,high_school_computer_science,1,0.0,True
high_school_biology,high_school_computer_science,3,0.2,True
high_school_biology,high_school_computer_science,5,0.375,True
high_school_biology,high_school_computer_science,10,0.5833333333333334,True
high_school_biology,high_school_european_history,1,0.0,True
high_school_biology,high_school_european_history,3,0.0,True
high_school_biology,high_school_european_history,5,0.25,True
high_school_biology,high_school_european_history,10,0.5833333333333334,True
high_school_biology,high_school_geography,1,0.0,True
high_school_biology,high_school_geography,3,0.25,True
high_school_biology,high_school_geography,5,0.3333333333333333,True
high_school_biology,high_school_geography,10,0.5,True
high_school_biology,high_school_government_and_politics,1,0.0,True
high_school_biology,high_school_government_and_politics,3,0.0,True
high_school_biology,high_school_government_and_politics,5,0.3333333333333333,True
high_school_biology,high_school_government_and_politics,10,0.5384615384615384,True
high_school_biology,high_school_macroeconomics,1,1.0,True
high_school_biology,high_school_macroeconomics,3,0.2,True
high_school_biology,high_school_macroeconomics,5,0.8333333333333334,True
high_school_biology,high_school_macroeconomics,10,0.7272727272727273,True
high_school_biology,high_school_mathematics,1,1.0,True
high_school_biology,high_school_mathematics,3,0.2,True
high_school_biology,high_school_mathematics,5,0.5714285714285714,True
high_school_biology,high_school_mathematics,10,0.35714285714285715,True
high_school_biology,high_school_microeconomics,1,1.0,True
high_school_biology,high_school_microeconomics,3,0.2,True
high_school_biology,high_school_microeconomics,5,0.6666666666666666,True
high_school_biology,high_school_microeconomics,10,0.9,True
high_school_biology,high_school_physics,1,1.0,True
high_school_biology,high_school_physics,3,0.25,True
high_school_biology,high_school_physics,5,0.5714285714285714,True
high_school_biology,high_school_physics,10,0.7272727272727273,True
high_school_biology,high_school_psychology,1,1.0,True
high_school_biology,high_school_psychology,3,0.2,True
high_school_biology,high_school_psychology,5,0.5,True
high_school_biology,high_school_psychology,10,0.6363636363636364,True
high_school_biology,high_school_statistics,1,1.0,True
high_school_biology,high_school_statistics,3,0.2,True
high_school_biology,high_school_statistics,5,0.8333333333333334,True
high_school_biology,high_school_statistics,10,0.7272727272727273,True
high_school_biology,high_school_us_history,1,1.0,True
high_school_biology,high_school_us_history,3,0.2,True
high_school_biology,high_school_us_history,5,0.2222222222222222,True
high_school_biology,high_school_us_history,10,0.5833333333333334,True
high_school_biology,high_school_world_history,1,0.0,True
high_school_biology,high_school_world_history,3,0.0,True
high_school_biology,high_school_world_history,5,0.2222222222222222,True
high_school_biology,high_school_world_history,10,0.6363636363636364,True
high_school_biology,human_aging,1,1.0,True
high_school_biology,human_aging,3,0.2,True
high_school_biology,human_aging,5,0.2222222222222222,True
high_school_biology,human_aging,10,0.5,True
high_school_biology,human_sexuality,1,1.0,True
high_school_biology,human_sexuality,3,1.0,True
high_school_biology,human_sexuality,5,0.42857142857142855,True
high_school_biology,human_sexuality,10,0.3333333333333333,True
high_school_biology,international_law,1,0.0,True
high_school_biology,international_law,3,0.25,True
high_school_biology,international_law,5,0.2222222222222222,True
high_school_biology,international_law,10,0.35714285714285715,True
high_school_biology,jurisprudence,1,0.0,True
high_school_biology,jurisprudence,3,0.2,True
high_school_biology,jurisprudence,5,0.1,True
high_school_biology,jurisprudence,10,0.6363636363636364,True
high_school_biology,logical_fallacies,1,0.0,True
high_school_biology,logical_fallacies,3,0.5,True
high_school_biology,logical_fallacies,5,0.5714285714285714,True
high_school_biology,logical_fallacies,10,0.35714285714285715,True
high_school_biology,machine_learning,1,0.0,True
high_school_biology,machine_learning,3,0.2,True
high_school_biology,machine_learning,5,0.6666666666666666,True
high_school_biology,machine_learning,10,0.5833333333333334,True
high_school_biology,management,1,0.0,True
high_school_biology,management,3,0.0,True
high_school_biology,management,5,0.1111111111111111,True
high_school_biology,management,10,0.7272727272727273,True
high_school_biology,marketing,1,0.0,True
high_school_biology,marketing,3,0.2,True
high_school_biology,marketing,5,0.5714285714285714,True
high_school_biology,marketing,10,0.38461538461538464,True
high_school_biology,medical_genetics,1,1.0,True
high_school_biology,medical_genetics,3,0.2,True
high_school_biology,medical_genetics,5,0.375,True
high_school_biology,medical_genetics,10,0.6363636363636364,True
high_school_biology,miscellaneous,1,1.0,True
high_school_biology,miscellaneous,3,0.5,True
high_school_biology,miscellaneous,5,0.5714285714285714,True
high_school_biology,miscellaneous,10,0.5,True
high_school_biology,moral_disputes,1,1.0,True
high_school_biology,moral_disputes,3,0.25,True
high_school_biology,moral_disputes,5,0.6666666666666666,True
high_school_biology,moral_disputes,10,0.7272727272727273,True
high_school_biology,moral_scenarios,1,0.0,True
high_school_biology,moral_scenarios,3,0.0,True
high_school_biology,moral_scenarios,5,0.375,True
high_school_biology,moral_scenarios,10,0.9,True
high_school_biology,nutrition,1,0.0,True
high_school_biology,nutrition,3,0.5,True
high_school_biology,nutrition,5,0.375,True
high_school_biology,nutrition,10,0.5833333333333334,True
high_school_biology,philosophy,1,1.0,True
high_school_biology,philosophy,3,0.2,True
high_school_biology,philosophy,5,0.375,True
high_school_biology,philosophy,10,0.5833333333333334,True
high_school_biology,prehistory,1,0.0,True
high_school_biology,prehistory,3,0.5,True
high_school_biology,prehistory,5,0.5714285714285714,True
high_school_biology,prehistory,10,0.7272727272727273,True
high_school_biology,professional_accounting,1,1.0,True
high_school_biology,professional_accounting,3,0.5,True
high_school_biology,professional_accounting,5,0.5714285714285714,True
high_school_biology,professional_accounting,10,0.6363636363636364,True
high_school_biology,professional_law,1,1.0,True
high_school_biology,professional_law,3,0.2,True
high_school_biology,professional_law,5,0.375,True
high_school_biology,professional_law,10,0.7272727272727273,True
high_school_biology,professional_medicine,1,1.0,True
high_school_biology,professional_medicine,3,0.2,True
high_school_biology,professional_medicine,5,0.375,True
high_school_biology,professional_medicine,10,0.5833333333333334,True
high_school_biology,professional_psychology,1,1.0,True
high_school_biology,professional_psychology,3,0.5,True
high_school_biology,professional_psychology,5,0.5714285714285714,True
high_school_biology,professional_psychology,10,0.7272727272727273,True
high_school_biology,public_relations,1,0.0,True
high_school_biology,public_relations,3,0.5,True
high_school_biology,public_relations,5,0.5714285714285714,True
high_school_biology,public_relations,10,0.3076923076923077,True
high_school_biology,security_studies,1,0.0,True
high_school_biology,security_studies,3,0.0,True
high_school_biology,security_studies,5,0.2222222222222222,True
high_school_biology,security_studies,10,0.5833333333333334,True
high_school_biology,sociology,1,1.0,True
high_school_biology,sociology,3,0.5,True
high_school_biology,sociology,5,0.5714285714285714,True
high_school_biology,sociology,10,0.6363636363636364,True
high_school_biology,us_foreign_policy,1,0.0,True
high_school_biology,us_foreign_policy,3,0.0,True
high_school_biology,us_foreign_policy,5,0.1,True
high_school_biology,us_foreign_policy,10,0.2857142857142857,True
high_school_biology,virology,1,0.0,True
high_school_biology,virology,3,0.25,True
high_school_biology,virology,5,0.25,True
high_school_biology,virology,10,0.35714285714285715,True
high_school_biology,world_religions,1,0.0,True
high_school_biology,world_religions,3,0.25,True
high_school_biology,world_religions,5,0.25,True
high_school_biology,world_religions,10,0.46153846153846156,True
high_school_chemistry,high_school_computer_science,1,0.0,True
high_school_chemistry,high_school_computer_science,3,1.0,True
high_school_chemistry,high_school_computer_science,5,0.5,True
high_school_chemistry,high_school_computer_science,10,0.6666666666666666,True
high_school_chemistry,high_school_european_history,1,0.0,True
high_school_chemistry,high_school_european_history,3,0.4,True
high_school_chemistry,high_school_european_history,5,0.3333333333333333,True
high_school_chemistry,high_school_european_history,10,0.6666666666666666,True
high_school_chemistry,high_school_geography,1,0.0,True
high_school_chemistry,high_school_geography,3,0.6666666666666666,True
high_school_chemistry,high_school_geography,5,0.42857142857142855,True
high_school_chemistry,high_school_geography,10,0.5833333333333334,True
high_school_chemistry,high_school_government_and_politics,1,0.0,True
high_school_chemistry,high_school_government_and_politics,3,0.25,True
high_school_chemistry,high_school_government_and_politics,5,0.25,True
high_school_chemistry,high_school_government_and_politics,10,0.6153846153846154,True
high_school_chemistry,high_school_macroeconomics,1,1.0,True
high_school_chemistry,high_school_macroeconomics,3,1.0,True
high_school_chemistry,high_school_macroeconomics,5,0.8,True
high_school_chemistry,high_school_macroeconomics,10,1.0,True
high_school_chemistry,high_school_mathematics,1,1.0,True
high_school_chemistry,high_school_mathematics,3,1.0,True
high_school_chemistry,high_school_mathematics,5,0.8,True
high_school_chemistry,high_school_mathematics,10,0.42857142857142855,True
high_school_chemistry,high_school_microeconomics,1,1.0,True
high_school_chemistry,high_school_microeconomics,3,1.0,True
high_school_chemistry,high_school_microeconomics,5,0.6,True
high_school_chemistry,high_school_microeconomics,10,0.8181818181818182,True
high_school_chemistry,high_school_physics,1,1.0,True
high_school_chemistry,high_school_physics,3,0.6666666666666666,True
high_school_chemistry,high_school_physics,5,0.8,True
high_school_chemistry,high_school_physics,10,0.8181818181818182,True
high_school_chemistry,high_school_psychology,1,1.0,True
high_school_chemistry,high_school_psychology,3,0.5,True
high_school_chemistry,high_school_psychology,5,0.42857142857142855,True
high_school_chemistry,high_school_psychology,10,0.7272727272727273,True
high_school_chemistry,high_school_statistics,1,1.0,True
high_school_chemistry,high_school_statistics,3,1.0,True
high_school_chemistry,high_school_statistics,5,0.5,True
high_school_chemistry,high_school_statistics,10,0.8181818181818182,True
high_school_chemistry,high_school_us_history,1,1.0,True
high_school_chemistry,high_school_us_history,3,0.2,True
high_school_chemistry,high_school_us_history,5,0.2857142857142857,True
high_school_chemistry,high_school_us_history,10,0.6666666666666666,True
high_school_chemistry,high_school_world_history,1,0.0,True
high_school_chemistry,high_school_world_history,3,0.2,True
high_school_chemistry,high_school_world_history,5,0.2857142857142857,True
high_school_chemistry,high_school_world_history,10,0.7272727272727273,True
high_school_chemistry,human_aging,1,1.0,True
high_school_chemistry,human_aging,3,0.5,True
high_school_chemistry,human_aging,5,0.2857142857142857,True
high_school_chemistry,human_aging,10,0.5833333333333334,True
high_school_chemistry,human_sexuality,1,1.0,True
high_school_chemistry,human_sexuality,3,0.2,True
high_school_chemistry,human_sexuality,5,0.3333333333333333,True
high_school_chemistry,human_sexuality,10,0.4,True
high_school_chemistry,international_law,1,0.0,True
high_school_chemistry,international_law,3,0.6666666666666666,True
high_school_chemistry,international_law,5,0.2857142857142857,True
high_school_chemistry,international_law,10,0.5384615384615384,True
high_school_chemistry,jurisprudence,1,0.0,True
high_school_chemistry,jurisprudence,3,0.2,True
high_school_chemistry,jurisprudence,5,0.125,True
high_school_chemistry,jurisprudence,10,0.7272727272727273,True
high_school_chemistry,logical_fallacies,1,0.0,True
high_school_chemistry,logical_fallacies,3,0.5,True
high_school_chemistry,logical_fallacies,5,0.8,True
high_school_chemistry,logical_fallacies,10,0.42857142857142855,True
high_school_chemistry,machine_learning,1,0.0,True
high_school_chemistry,machine_learning,3,1.0,True
high_school_chemistry,machine_learning,5,1.0,True
high_school_chemistry,machine_learning,10,0.8181818181818182,True
high_school_chemistry,management,1,0.0,True
high_school_chemistry,management,3,0.16666666666666666,True
high_school_chemistry,management,5,0.14285714285714285,True
high_school_chemistry,management,10,0.6666666666666666,True
high_school_chemistry,marketing,1,0.0,True
high_school_chemistry,marketing,3,0.5,True
high_school_chemistry,marketing,5,0.8,True
high_school_chemistry,marketing,10,0.46153846153846156,True
high_school_chemistry,medical_genetics,1,1.0,True
high_school_chemistry,medical_genetics,3,0.5,True
high_school_chemistry,medical_genetics,5,0.5,True
high_school_chemistry,medical_genetics,10,0.9,True
high_school_chemistry,miscellaneous,1,1.0,True
high_school_chemistry,miscellaneous,3,0.5,True
high_school_chemistry,miscellaneous,5,0.8,True
high_school_chemistry,miscellaneous,10,0.5833333333333334,True
high_school_chemistry,moral_disputes,1,1.0,True
high_school_chemistry,moral_disputes,3,0.6666666666666666,True
high_school_chemistry,moral_disputes,5,0.6,True
high_school_chemistry,moral_disputes,10,0.8181818181818182,True
high_school_chemistry,moral_scenarios,1,0.0,True
high_school_chemistry,moral_scenarios,3,0.2,True
high_school_chemistry,moral_scenarios,5,0.2857142857142857,True
high_school_chemistry,moral_scenarios,10,0.6666666666666666,True
high_school_chemistry,nutrition,1,0.0,True
high_school_chemistry,nutrition,3,0.5,True
high_school_chemistry,nutrition,5,0.5,True
high_school_chemistry,nutrition,10,0.6666666666666666,True
high_school_chemistry,philosophy,1,1.0,True
high_school_chemistry,philosophy,3,0.5,True
high_school_chemistry,philosophy,5,0.5,True
high_school_chemistry,philosophy,10,0.6666666666666666,True
high_school_chemistry,prehistory,1,0.0,True
high_school_chemistry,prehistory,3,0.5,True
high_school_chemistry,prehistory,5,0.8,True
high_school_chemistry,prehistory,10,0.8181818181818182,True
high_school_chemistry,professional_accounting,1,1.0,True
high_school_chemistry,professional_accounting,3,0.5,True
high_school_chemistry,professional_accounting,5,0.8,True
high_school_chemistry,professional_accounting,10,0.7272727272727273,True
high_school_chemistry,professional_law,1,1.0,True
high_school_chemistry,professional_law,3,1.0,True
high_school_chemistry,professional_law,5,0.5,True
high_school_chemistry,professional_law,10,0.8181818181818182,True
high_school_chemistry,professional_medicine,1,1.0,True
high_school_chemistry,professional_medicine,3,0.5,True
high_school_chemistry,professional_medicine,5,0.5,True
high_school_chemistry,professional_medicine,10,0.8181818181818182,True
high_school_chemistry,professional_psychology,1,1.0,True
high_school_chemistry,professional_psychology,3,0.2,True
high_school_chemistry,professional_psychology,5,0.8,True
high_school_chemistry,professional_psychology,10,0.8181818181818182,True
high_school_chemistry,public_relations,1,0.0,True
high_school_chemistry,public_relations,3,0.5,True
high_school_chemistry,public_relations,5,0.5,True
high_school_chemistry,public_relations,10,0.38461538461538464,True
high_school_chemistry,security_studies,1,0.0,True
high_school_chemistry,security_studies,3,0.2,True
high_school_chemistry,security_studies,5,0.2857142857142857,True
high_school_chemistry,security_studies,10,0.6666666666666666,True
high_school_chemistry,sociology,1,1.0,True
high_school_chemistry,sociology,3,0.5,True
high_school_chemistry,sociology,5,0.8,True
high_school_chemistry,sociology,10,0.7272727272727273,True
high_school_chemistry,us_foreign_policy,1,0.0,True
high_school_chemistry,us_foreign_policy,3,0.3333333333333333,True
high_school_chemistry,us_foreign_policy,5,0.125,True
high_school_chemistry,us_foreign_policy,10,0.35714285714285715,True
high_school_chemistry,virology,1,0.0,True
high_school_chemistry,virology,3,0.25,True
high_school_chemistry,virology,5,0.14285714285714285,True
high_school_chemistry,virology,10,0.42857142857142855,True
high_school_chemistry,world_religions,1,0.0,True
high_school_chemistry,world_religions,3,0.25,True
high_school_chemistry,world_religions,5,0.3333333333333333,True
high_school_chemistry,world_religions,10,0.5384615384615384,True
high_school_computer_science,high_school_european_history,1,1.0,True
high_school_computer_science,high_school_european_history,3,0.4,True
high_school_computer_science,high_school_european_history,5,0.2857142857142857,True
high_school_computer_science,high_school_european_history,10,0.42857142857142855,True
high_school_computer_science,high_school_geography,1,1.0,True
high_school_computer_science,high_school_geography,3,0.6666666666666666,True
high_school_computer_science,high_school_geography,5,0.375,True
high_school_computer_science,high_school_geography,10,0.46153846153846156,True
high_school_computer_science,high_school_government_and_politics,1,1.0,True
high_school_computer_science,high_school_government_and_politics,3,0.25,True
high_school_computer_science,high_school_government_and_politics,5,0.375,True
high_school_computer_science,high_school_government_and_politics,10,0.6153846153846154,True
high_school_computer_science,high_school_macroeconomics,1,0.0,True
high_school_computer_science,high_school_macroeconomics,3,1.0,True
high_school_computer_science,high_school_macroeconomics,5,0.42857142857142855,True
high_school_computer_science,high_school_macroeconomics,10,0.6666666666666666,True
high_school_computer_science,high_school_mathematics,1,0.0,True
high_school_computer_science,high_school_mathematics,3,1.0,True
high_school_computer_science,high_school_mathematics,5,0.42857142857142855,True
high_school_computer_science,high_school_mathematics,10,0.42857142857142855,True
high_school_computer_science,high_school_microeconomics,1,0.0,True
high_school_computer_science,high_school_microeconomics,3,1.0,True
high_school_computer_science,high_school_microeconomics,5,0.5,True
high_school_computer_science,high_school_microeconomics,10,0.5384615384615384,True
high_school_computer_science,high_school_physics,1,0.0,True
high_school_computer_science,high_school_physics,3,0.6666666666666666,True
high_school_computer_science,high_school_physics,5,0.6666666666666666,True
high_school_computer_science,high_school_physics,10,0.5384615384615384,True
high_school_computer_science,high_school_psychology,1,0.0,True
high_school_computer_science,high_school_psychology,3,0.5,True
high_school_computer_science,high_school_psychology,5,0.8333333333333334,True
high_school_computer_science,high_school_psychology,10,0.7272727272727273,True
high_school_computer_science,high_school_statistics,1,0.0,True
high_school_computer_science,high_school_statistics,3,1.0,True
high_school_computer_science,high_school_statistics,5,0.42857142857142855,True
high_school_computer_science,high_school_statistics,10,0.6666666666666666,True
high_school_computer_science,high_school_us_history,1,0.0,True
high_school_computer_science,high_school_us_history,3,0.2,True
high_school_computer_science,high_school_us_history,5,0.42857142857142855,True
high_school_computer_science,high_school_us_history,10,0.5384615384615384,True
high_school_computer_science,high_school_world_history,1,1.0,True
high_school_computer_science,high_school_world_history,3,0.2,True
high_school_computer_science,high_school_world_history,5,0.42857142857142855,True
high_school_computer_science,high_school_world_history,10,0.5833333333333334,True
high_school_computer_science,human_aging,1,0.0,True
high_school_computer_science,human_aging,3,0.5,True
high_school_computer_science,human_aging,5,0.42857142857142855,True
high_school_computer_science,human_aging,10,0.5833333333333334,True
high_school_computer_science,human_sexuality,1,0.0,True
high_school_computer_science,human_sexuality,3,0.2,True
high_school_computer_science,human_sexuality,5,0.125,True
high_school_computer_science,human_sexuality,10,0.4,True
high_school_computer_science,international_law,1,1.0,True
high_school_computer_science,international_law,3,0.6666666666666666,True
high_school_computer_science,international_law,5,0.6666666666666666,True
high_school_computer_science,international_law,10,0.42857142857142855,True
high_school_computer_science,jurisprudence,1,1.0,True
high_school_computer_science,jurisprudence,3,0.2,True
high_school_computer_science,jurisprudence,5,0.42857142857142855,True
high_school_computer_science,jurisprudence,10,0.5833333333333334,True
high_school_computer_science,logical_fallacies,1,0.0,True
high_school_computer_science,logical_fallacies,3,0.5,True
high_school_computer_science,logical_fallacies,5,0.42857142857142855,True
high_school_computer_science,logical_fallacies,10,0.42857142857142855,True
high_school_computer_science,machine_learning,1,0.0,True
high_school_computer_science,machine_learning,3,1.0,True
high_school_computer_science,machine_learning,5,0.5,True
high_school_computer_science,machine_learning,10,0.6666666666666666,True
high_school_computer_science,management,1,1.0,True
high_school_computer_science,management,3,0.16666666666666666,True
high_school_computer_science,management,5,0.5,True
high_school_computer_science,management,10,0.5384615384615384,True
high_school_computer_science,marketing,1,0.0,True
high_school_computer_science,marketing,3,0.5,True
high_school_computer_science,marketing,5,0.42857142857142855,True
high_school_computer_science,marketing,10,0.46153846153846156,True
high_school_computer_science,medical_genetics,1,0.0,True
high_school_computer_science,medical_genetics,3,0.5,True
high_school_computer_science,medical_genetics,5,1.0,True
high_school_computer_science,medical_genetics,10,0.7272727272727273,True
high_school_computer_science,miscellaneous,1,0.0,True
high_school_computer_science,miscellaneous,3,0.5,True
high_school_computer_science,miscellaneous,5,0.42857142857142855,True
high_school_computer_science,miscellaneous,10,0.46153846153846156,True
high_school_computer_science,moral_disputes,1,0.0,True
high_school_computer_science,moral_disputes,3,0.6666666666666666,True
high_school_computer_science,moral_disputes,5,0.2857142857142857,True
high_school_computer_science,moral_disputes,10,0.6666666666666666,True
high_school_computer_science,moral_scenarios,1,0.0,True
high_school_computer_science,moral_scenarios,3,0.2,True
high_school_computer_science,moral_scenarios,5,0.42857142857142855,True
high_school_computer_science,moral_scenarios,10,0.5384615384615384,True
high_school_computer_science,nutrition,1,0.0,True
high_school_computer_science,nutrition,3,0.5,True
high_school_computer_science,nutrition,5,0.6666666666666666,True
high_school_computer_science,nutrition,10,0.8181818181818182,True
high_school_computer_science,philosophy,1,0.0,True
high_school_computer_science,philosophy,3,0.5,True
high_school_computer_science,philosophy,5,0.25,True
high_school_computer_science,philosophy,10,0.6666666666666666,True
high_school_computer_science,prehistory,1,0.0,True
high_school_computer_science,prehistory,3,0.5,True
high_school_computer_science,prehistory,5,0.42857142857142855,True
high_school_computer_science,prehistory,10,0.6666666666666666,True
high_school_computer_science,professional_accounting,1,0.0,True
high_school_computer_science,professional_accounting,3,0.5,True
high_school_computer_science,professional_accounting,5,0.42857142857142855,True
high_school_computer_science,professional_accounting,10,0.5833333333333334,True
high_school_computer_science,professional_law,1,0.0,True
high_school_computer_science,professional_law,3,1.0,True
high_school_computer_science,professional_law,5,1.0,True
high_school_computer_science,professional_law,10,0.5384615384615384,True
high_school_computer_science,professional_medicine,1,0.0,True
high_school_computer_science,professional_medicine,3,0.5,True
high_school_computer_science,professional_medicine,5,1.0,True
high_school_computer_science,professional_medicine,10,0.8181818181818182,True
high_school_computer_science,professional_psychology,1,0.0,True
high_school_computer_science,professional_psychology,3,0.2,True
high_school_computer_science,professional_psychology,5,0.42857142857142855,True
high_school_computer_science,professional_psychology,10,0.8181818181818182,True
high_school_computer_science,public_relations,1,0.0,True
high_school_computer_science,public_relations,3,0.5,True
high_school_computer_science,public_relations,5,0.42857142857142855,True
high_school_computer_science,public_relations,10,0.2857142857142857,True
high_school_computer_science,security_studies,1,0.0,True
high_school_computer_science,security_studies,3,0.2,True
high_school_computer_science,security_studies,5,0.6666666666666666,True
high_school_computer_science,security_studies,10,0.8181818181818182,True
high_school_computer_science,sociology,1,0.0,True
high_school_computer_science,sociology,3,0.5,True
high_school_computer_science,sociology,5,0.42857142857142855,True
high_school_computer_science,sociology,10,0.9,True
high_school_computer_science,us_foreign_policy,1,0.0,True
high_school_computer_science,us_foreign_policy,3,0.3333333333333333,True
high_school_computer_science,us_foreign_policy,5,0.1111111111111111,True
high_school_computer_science,us_foreign_policy,10,0.35714285714285715,True
high_school_computer_science,virology,1,1.0,True
high_school_computer_science,virology,3,0.25,True
high_school_computer_science,virology,5,0.125,True
high_school_computer_science,virology,10,0.5384615384615384,True
high_school_computer_science,world_religions,1,0.0,True
high_school_computer_science,world_religions,3,0.25,True
high_school_computer_science,world_religions,5,0.2857142857142857,True
high_school_computer_science,world_religions,10,0.6666666666666666,True
high_school_european_history,high_school_geography,1,1.0,True
high_school_european_history,high_school_geography,3,0.2,True
high_school_european_history,high_school_geography,5,0.1111111111111111,True
high_school_european_history,high_school_geography,10,0.46153846153846156,True
high_school_european_history,high_school_government_and_politics,1,1.0,True
high_school_european_history,high_school_government_and_politics,3,0.2,True
high_school_european_history,high_school_government_and_politics,5,0.42857142857142855,True
high_school_european_history,high_school_government_and_politics,10,0.5,True
high_school_european_history,high_school_macroeconomics,1,0.0,True
high_school_european_history,high_school_macroeconomics,3,0.4,True
high_school_european_history,high_school_macroeconomics,5,0.2857142857142857,True
high_school_european_history,high_school_macroeconomics,10,0.6666666666666666,True
high_school_european_history,high_school_mathematics,1,0.0,True
high_school_european_history,high_school_mathematics,3,0.4,True
high_school_european_history,high_school_mathematics,5,0.2857142857142857,True
high_school_european_history,high_school_mathematics,10,0.5384615384615384,True
high_school_european_history,high_school_microeconomics,1,0.0,True
high_school_european_history,high_school_microeconomics,3,0.4,True
high_school_european_history,high_school_microeconomics,5,0.3333333333333333,True
high_school_european_history,high_school_microeconomics,10,0.6666666666666666,True
high_school_european_history,high_school_physics,1,0.0,True
high_school_european_history,high_school_physics,3,0.2,True
high_school_european_history,high_school_physics,5,0.2857142857142857,True
high_school_european_history,high_school_physics,10,0.5384615384615384,True
high_school_european_history,high_school_psychology,1,0.0,True
high_school_european_history,high_school_psychology,3,0.16666666666666666,True
high_school_european_history,high_school_psychology,5,0.25,True
high_school_european_history,high_school_psychology,10,0.46153846153846156,True
high_school_european_history,high_school_statistics,1,0.0,True
high_school_european_history,high_school_statistics,3,0.4,True
high_school_european_history,high_school_statistics,5,0.2857142857142857,True
high_school_european_history,high_school_statistics,10,0.5384615384615384,True
high_school_european_history,high_school_us_history,1,0.0,True
high_school_european_history,high_school_us_history,3,0.0,True
high_school_european_history,high_school_us_history,5,0.0,True
high_school_european_history,high_school_us_history,10,0.5384615384615384,True
high_school_european_history,high_school_world_history,1,1.0,True
high_school_european_history,high_school_world_history,3,0.16666666666666666,True
high_school_european_history,high_school_world_history,5,0.125,True
high_school_european_history,high_school_world_history,10,0.5833333333333334,True
high_school_european_history,human_aging,1,0.0,True
high_school_european_history,human_aging,3,0.16666666666666666,True
high_school_european_history,human_aging,5,0.125,True
high_school_european_history,human_aging,10,0.46153846153846156,True
high_school_european_history,human_sexuality,1,0.0,True
high_school_european_history,human_sexuality,3,0.0,True
high_school_european_history,human_sexuality,5,0.0,True
high_school_european_history,human_sexuality,10,0.3125,True
high_school_european_history,international_law,1,1.0,True
high_school_european_history,international_law,3,0.2,True
high_school_european_history,international_law,5,0.2857142857142857,True
high_school_european_history,international_law,10,0.42857142857142855,True
high_school_european_history,jurisprudence,1,1.0,True
high_school_european_history,jurisprudence,3,0.0,True
high_school_european_history,jurisprudence,5,0.125,True
high_school_european_history,jurisprudence,10,0.46153846153846156,True
high_school_european_history,logical_fallacies,1,0.0,True
high_school_european_history,logical_fallacies,3,0.16666666666666666,True
high_school_european_history,logical_fallacies,5,0.2857142857142857,True
high_school_european_history,logical_fallacies,10,0.42857142857142855,True
high_school_european_history,machine_learning,1,0.0,True
high_school_european_history,machine_learning,3,0.4,True
high_school_european_history,machine_learning,5,0.3333333333333333,True
high_school_european_history,machine_learning,10,0.5384615384615384,True
high_school_european_history,management,1,1.0,True
high_school_european_history,management,3,0.14285714285714285,True
high_school_european_history,management,5,0.14285714285714285,True
high_school_european_history,management,10,0.5384615384615384,True
high_school_european_history,marketing,1,0.0,True
high_school_european_history,marketing,3,0.4,True
high_school_european_history,marketing,5,0.2857142857142857,True
high_school_european_history,marketing,10,0.35714285714285715,True
high_school_european_history,medical_genetics,1,0.0,True
high_school_european_history,medical_genetics,3,0.16666666666666666,True
high_school_european_history,medical_genetics,5,0.2857142857142857,True
high_school_european_history,medical_genetics,10,0.5833333333333334,True
high_school_european_history,miscellaneous,1,0.0,True
high_school_european_history,miscellaneous,3,0.16666666666666666,True
high_school_european_history,miscellaneous,5,0.5,True
high_school_european_history,miscellaneous,10,0.5833333333333334,True
high_school_european_history,moral_disputes,1,0.0,True
high_school_european_history,moral_disputes,3,0.2,True
high_school_european_history,moral_disputes,5,0.14285714285714285,True
high_school_european_history,moral_disputes,10,0.5384615384615384,True
high_school_european_history,moral_scenarios,1,0.0,True
high_school_european_history,moral_scenarios,3,0.16666666666666666,True
high_school_european_history,moral_scenarios,5,0.125,True
high_school_european_history,moral_scenarios,10,0.6666666666666666,True
high_school_european_history,nutrition,1,0.0,True
high_school_european_history,nutrition,3,0.16666666666666666,True
high_school_european_history,nutrition,5,0.125,True
high_school_european_history,nutrition,10,0.42857142857142855,True
high_school_european_history,philosophy,1,0.0,True
high_school_european_history,philosophy,3,0.16666666666666666,True
high_school_european_history,philosophy,5,0.125,True
high_school_european_history,philosophy,10,0.5384615384615384,True
high_school_european_history,prehistory,1,0.0,True
high_school_european_history,prehistory,3,0.16666666666666666,True
high_school_european_history,prehistory,5,0.2857142857142857,True
high_school_european_history,prehistory,10,0.5384615384615384,True
high_school_european_history,professional_accounting,1,0.0,True
high_school_european_history,professional_accounting,3,0.16666666666666666,True
high_school_european_history,professional_accounting,5,0.2857142857142857,True
high_school_european_history,professional_accounting,10,0.46153846153846156,True
high_school_european_history,professional_law,1,0.0,True
high_school_european_history,professional_law,3,0.4,True
high_school_european_history,professional_law,5,0.2857142857142857,True
high_school_european_history,professional_law,10,0.6666666666666666,True
high_school_european_history,professional_medicine,1,0.0,True
high_school_european_history,professional_medicine,3,0.16666666666666666,True
high_school_european_history,professional_medicine,5,0.2857142857142857,True
high_school_european_history,professional_medicine,10,0.5384615384615384,True
high_school_european_history,professional_psychology,1,0.0,True
high_school_european_history,professional_psychology,3,0.0,True
high_school_european_history,professional_psychology,5,0.2857142857142857,True
high_school_european_history,professional_psychology,10,0.5384615384615384,True
high_school_european_history,public_relations,1,0.0,True
high_school_european_history,public_relations,3,0.16666666666666666,True
high_school_european_history,public_relations,5,0.5,True
high_school_european_history,public_relations,10,0.5,True
high_school_european_history,security_studies,1,0.0,True
high_school_european_history,security_studies,3,0.16666666666666666,True
high_school_european_history,security_studies,5,0.2857142857142857,True
high_school_european_history,security_studies,10,0.42857142857142855,True
high_school_european_history,sociology,1,0.0,True
high_school_european_history,sociology,3,0.16666666666666666,True
high_school_european_history,sociology,5,0.2857142857142857,True
high_school_european_history,sociology,10,0.46153846153846156,True
high_school_european_history,us_foreign_policy,1,0.0,True
high_school_european_history,us_foreign_policy,3,0.25,True
high_school_european_history,us_foreign_policy,5,0.2857142857142857,True
high_school_european_history,us_foreign_policy,10,0.46153846153846156,True
high_school_european_history,virology,1,1.0,True
high_school_european_history,virology,3,0.0,True
high_school_european_history,virology,5,0.0,True
high_school_european_history,virology,10,0.3333333333333333,True
high_school_european_history,world_religions,1,0.0,True
high_school_european_history,world_religions,3,0.0,True
high_school_european_history,world_religions,5,0.14285714285714285,True
high_school_european_history,world_religions,10,0.3333333333333333,True
high_school_geography,high_school_government_and_politics,1,1.0,True
high_school_geography,high_school_government_and_politics,3,0.0,True
high_school_geography,high_school_government_and_politics,5,0.3333333333333333,True
high_school_geography,high_school_government_and_politics,10,0.6666666666666666,True
high_school_geography,high_school_macroeconomics,1,0.0,True
high_school_geography,high_school_macroeconomics,3,0.6666666666666666,True
high_school_geography,high_school_macroeconomics,5,0.375,True
high_school_geography,high_school_macroeconomics,10,0.5833333333333334,True
high_school_geography,high_school_mathematics,1,0.0,True
high_school_geography,high_school_mathematics,3,0.6666666666666666,True
high_school_geography,high_school_mathematics,5,0.375,True
high_school_geography,high_school_mathematics,10,0.35714285714285715,True
high_school_geography,high_school_microeconomics,1,0.0,True
high_school_geography,high_school_microeconomics,3,0.6666666666666666,True
high_school_geography,high_school_microeconomics,5,0.25,True
high_school_geography,high_school_microeconomics,10,0.46153846153846156,True
high_school_geography,high_school_physics,1,0.0,True
high_school_geography,high_school_physics,3,1.0,True
high_school_geography,high_school_physics,5,0.375,True
high_school_geography,high_school_physics,10,0.5833333333333334,True
high_school_geography,high_school_psychology,1,0.0,True
high_school_geography,high_school_psychology,3,0.25,True
high_school_geography,high_school_psychology,5,0.3333333333333333,True
high_school_geography,high_school_psychology,10,0.6363636363636364,True
high_school_geography,high_school_statistics,1,0.0,True
high_school_geography,high_school_statistics,3,0.6666666666666666,True
high_school_geography,high_school_statistics,5,0.2222222222222222,True
high_school_geography,high_school_statistics,10,0.7272727272727273,True
high_school_geography,high_school_us_history,1,0.0,True
high_school_geography,high_school_us_history,3,0.25,True
high_school_geography,high_school_us_history,5,0.5714285714285714,True
high_school_geography,high_school_us_history,10,0.7272727272727273,True
high_school_geography,high_school_world_history,1,1.0,True
high_school_geography,high_school_world_history,3,0.25,True
high_school_geography,high_school_world_history,5,0.5714285714285714,True
high_school_geography,high_school_world_history,10,0.6363636363636364,True
high_school_geography,human_aging,1,0.0,True
high_school_geography,human_aging,3,0.6666666666666666,True
high_school_geography,human_aging,5,0.375,True
high_school_geography,human_aging,10,0.6363636363636364,True
high_school_geography,human_sexuality,1,0.0,True
high_school_geography,human_sexuality,3,0.25,True
high_school_geography,human_sexuality,5,0.25,True
high_school_geography,human_sexuality,10,0.42857142857142855,True
high_school_geography,international_law,1,1.0,True
high_school_geography,international_law,3,1.0,True
high_school_geography,international_law,5,0.375,True
high_school_geography,international_law,10,0.5833333333333334,True
high_school_geography,jurisprudence,1,1.0,True
high_school_geography,jurisprudence,3,0.25,True
high_school_geography,jurisprudence,5,0.2222222222222222,True
high_school_geography,jurisprudence,10,0.38461538461538464,True
high_school_geography,logical_fallacies,1,0.0,True
high_school_geography,logical_fallacies,3,0.6666666666666666,True
high_school_geography,logical_fallacies,5,0.375,True
high_school_geography,logical_fallacies,10,0.5833333333333334,True
high_school_geography,machine_learning,1,0.0,True
high_school_geography,machine_learning,3,0.6666666666666666,True
high_school_geography,machine_learning,5,0.42857142857142855,True
high_school_geography,machine_learning,10,0.5833333333333334,True
high_school_geography,management,1,1.0,True
high_school_geography,management,3,0.0,True
high_school_geography,management,5,0.25,True
high_school_geography,management,10,0.46153846153846156,True
high_school_geography,marketing,1,0.0,True
high_school_geography,marketing,3,0.25,True
high_school_geography,marketing,5,0.5714285714285714,True
high_school_geography,marketing,10,0.6363636363636364,True
high_school_geography,medical_genetics,1,0.0,True
high_school_geography,medical_genetics,3,0.6666666666666666,True
high_school_geography,medical_genetics,5,0.375,True
high_school_geography,medical_genetics,10,0.5,True
high_school_geography,miscellaneous,1,0.0,True
high_school_geography,miscellaneous,3,0.6666666666666666,True
high_school_geography,miscellaneous,5,0.375,True
high_school_geography,miscellaneous,10,0.5,True
high_school_geography,moral_disputes,1,0.0,True
high_school_geography,moral_disputes,3,1.0,True
high_school_geography,moral_disputes,5,0.42857142857142855,True
high_school_geography,moral_disputes,10,0.7272727272727273,True
high_school_geography,moral_scenarios,1,0.0,True
high_school_geography,moral_scenarios,3,0.25,True
high_school_geography,moral_scenarios,5,0.375,True
high_school_geography,moral_scenarios,10,0.46153846153846156,True
high_school_geography,nutrition,1,0.0,True
high_school_geography,nutrition,3,0.6666666666666666,True
high_school_geography,nutrition,5,0.5714285714285714,True
high_school_geography,nutrition,10,0.46153846153846156,True
high_school_geography,philosophy,1,0.0,True
high_school_geography,philosophy,3,0.6666666666666666,True
high_school_geography,philosophy,5,0.5714285714285714,True
high_school_geography,philosophy,10,0.7272727272727273,True
high_school_geography,prehistory,1,0.0,True
high_school_geography,prehistory,3,0.6666666666666666,True
high_school_geography,prehistory,5,0.5714285714285714,True
high_school_geography,prehistory,10,0.7272727272727273,True
high_school_geography,professional_accounting,1,0.0,True
high_school_geography,professional_accounting,3,0.6666666666666666,True
high_school_geography,professional_accounting,5,0.375,True
high_school_geography,professional_accounting,10,0.38461538461538464,True
high_school_geography,professional_law,1,0.0,True
high_school_geography,professional_law,3,0.6666666666666666,True
high_school_geography,professional_law,5,0.375,True
high_school_geography,professional_law,10,0.46153846153846156,True
high_school_geography,professional_medicine,1,0.0,True
high_school_geography,professional_medicine,3,0.6666666666666666,True
high_school_geography,professional_medicine,5,0.375,True
high_school_geography,professional_medicine,10,0.46153846153846156,True
high_school_geography,professional_psychology,1,0.0,True
high_school_geography,professional_psychology,3,0.25,True
high_school_geography,professional_psychology,5,0.5714285714285714,True
high_school_geography,professional_psychology,10,0.5833333333333334,True
high_school_geography,public_relations,1,0.0,True
high_school_geography,public_relations,3,0.6666666666666666,True
high_school_geography,public_relations,5,0.2222222222222222,True
high_school_geography,public_relations,10,0.3076923076923077,True
high_school_geography,security_studies,1,0.0,True
high_school_geography,security_studies,3,0.25,True
high_school_geography,security_studies,5,0.2222222222222222,True
high_school_geography,security_studies,10,0.46153846153846156,True
high_school_geography,sociology,1,0.0,True
high_school_geography,sociology,3,0.6666666666666666,True
high_school_geography,sociology,5,0.5714285714285714,True
high_school_geography,sociology,10,0.5,True
high_school_geography,us_foreign_policy,1,0.0,True
high_school_geography,us_foreign_policy,3,0.0,True
high_school_geography,us_foreign_policy,5,0.0,True
high_school_geography,us_foreign_policy,10,0.38461538461538464,True
high_school_geography,virology,1,1.0,True
high_school_geography,virology,3,0.3333333333333333,True
high_school_geography,virology,5,0.25,True
high_school_geography,virology,10,0.46153846153846156,True
high_school_geography,world_religions,1,0.0,True
high_school_geography,world_religions,3,0.3333333333333333,True
high_school_geography,world_religions,5,0.42857142857142855,True
high_school_geography,world_religions,10,0.5833333333333334,True
high_school_government_and_politics,high_school_macroeconomics,1,0.0,True
high_school_government_and_politics,high_school_macroeconomics,3,0.25,True
high_school_government_and_politics,high_school_macroeconomics,5,0.375,True
high_school_government_and_politics,high_school_macroeconomics,10,0.6153846153846154,True
high_school_government_and_politics,high_school_mathematics,1,0.0,True
high_school_government_and_politics,high_school_mathematics,3,0.25,True
high_school_government_and_politics,high_school_mathematics,5,0.2222222222222222,True
high_school_government_and_politics,high_school_mathematics,10,0.4,True
high_school_government_and_politics,high_school_microeconomics,1,0.0,True
high_school_government_and_politics,high_school_microeconomics,3,0.25,True
high_school_government_and_politics,high_school_microeconomics,5,0.42857142857142855,True
high_school_government_and_politics,high_school_microeconomics,10,0.5,True
high_school_government_and_politics,high_school_physics,1,0.0,True
high_school_government_and_politics,high_school_physics,3,0.0,True
high_school_government_and_politics,high_school_physics,5,0.2222222222222222,True
high_school_government_and_politics,high_school_physics,10,0.6153846153846154,True
high_school_government_and_politics,high_school_psychology,1,0.0,True
high_school_government_and_politics,high_school_psychology,3,0.25,True
high_school_government_and_politics,high_school_psychology,5,0.5,True
high_school_government_and_politics,high_school_psychology,10,0.8181818181818182,True
high_school_government_and_politics,high_school_statistics,1,0.0,True
high_school_government_and_politics,high_school_statistics,3,0.25,True
high_school_government_and_politics,high_school_statistics,5,0.375,True
high_school_government_and_politics,high_school_statistics,10,0.75,True
high_school_government_and_politics,high_school_us_history,1,0.0,True
high_school_government_and_politics,high_school_us_history,3,0.0,True
high_school_government_and_politics,high_school_us_history,5,0.1,True
high_school_government_and_politics,high_school_us_history,10,0.6153846153846154,True
high_school_government_and_politics,high_school_world_history,1,1.0,True
high_school_government_and_politics,high_school_world_history,3,0.0,True
high_school_government_and_politics,high_school_world_history,5,0.2222222222222222,True
high_school_government_and_politics,high_school_world_history,10,0.5384615384615384,True
high_school_government_and_politics,human_aging,1,0.0,True
high_school_government_and_politics,human_aging,3,0.0,True
high_school_government_and_politics,human_aging,5,0.1,True
high_school_government_and_politics,human_aging,10,0.6666666666666666,True
high_school_government_and_politics,human_sexuality,1,0.0,True
high_school_government_and_politics,human_sexuality,3,0.0,True
high_school_government_and_politics,human_sexuality,5,0.0,True
high_school_government_and_politics,human_sexuality,10,0.375,True
high_school_government_and_politics,international_law,1,1.0,True
high_school_government_and_politics,international_law,3,0.0,True
high_school_government_and_politics,international_law,5,0.2222222222222222,True
high_school_government_and_politics,international_law,10,0.4,True
high_school_government_and_politics,jurisprudence,1,1.0,True
high_school_government_and_politics,jurisprudence,3,0.0,True
high_school_government_and_politics,jurisprudence,5,0.1,True
high_school_government_and_politics,jurisprudence,10,0.5384615384615384,True
high_school_government_and_politics,logical_fallacies,1,0.0,True
high_school_government_and_politics,logical_fallacies,3,0.0,True
high_school_government_and_politics,logical_fallacies,5,0.2222222222222222,True
high_school_government_and_politics,logical_fallacies,10,0.5,True
high_school_government_and_politics,machine_learning,1,0.0,True
high_school_government_and_politics,machine_learning,3,0.25,True
high_school_government_and_politics,machine_learning,5,0.25,True
high_school_government_and_politics,machine_learning,10,0.75,True
high_school_government_and_politics,management,1,1.0,True
high_school_government_and_politics,management,3,0.2,True
high_school_government_and_politics,management,5,0.25,True
high_school_government_and_politics,management,10,0.5,True
high_school_government_and_politics,marketing,1,0.0,True
high_school_government_and_politics,marketing,3,0.25,True
high_school_government_and_politics,marketing,5,0.375,True
high_school_government_and_politics,marketing,10,0.6666666666666666,True
high_school_government_and_politics,medical_genetics,1,0.0,True
high_school_government_and_politics,medical_genetics,3,0.0,True
high_school_government_and_politics,medical_genetics,5,0.375,True
high_school_government_and_politics,medical_genetics,10,0.6666666666666666,True
high_school_government_and_politics,miscellaneous,1,0.0,True
high_school_government_and_politics,miscellaneous,3,0.0,True
high_school_government_and_politics,miscellaneous,5,0.375,True
high_school_government_and_politics,miscellaneous,10,0.6666666666666666,True
high_school_government_and_politics,moral_disputes,1,0.0,True
high_school_government_and_politics,moral_disputes,3,0.0,True
high_school_government_and_politics,moral_disputes,5,0.25,True
high_school_government_and_politics,moral_disputes,10,0.75,True
high_school_government_and_politics,moral_scenarios,1,0.0,True
high_school_government_and_politics,moral_scenarios,3,0.0,True
high_school_government_and_politics,moral_scenarios,5,0.2222222222222222,True
high_school_government_and_politics,moral_scenarios,10,0.6153846153846154,True
high_school_government_and_politics,nutrition,1,0.0,True
high_school_government_and_politics,nutrition,3,0.0,True
high_school_government_and_politics,nutrition,5,0.2222222222222222,True
high_school_government_and_politics,nutrition,10,0.6153846153846154,True
high_school_government_and_politics,philosophy,1,0.0,True
high_school_government_and_politics,philosophy,3,0.0,True
high_school_government_and_politics,philosophy,5,0.1,True
high_school_government_and_politics,philosophy,10,0.6153846153846154,True
high_school_government_and_politics,prehistory,1,0.0,True
high_school_government_and_politics,prehistory,3,0.0,True
high_school_government_and_politics,prehistory,5,0.2222222222222222,True
high_school_government_and_politics,prehistory,10,0.75,True
high_school_government_and_politics,professional_accounting,1,0.0,True
high_school_government_and_politics,professional_accounting,3,0.0,True
high_school_government_and_politics,professional_accounting,5,0.2222222222222222,True
high_school_government_and_politics,professional_accounting,10,0.5384615384615384,True
high_school_government_and_politics,professional_law,1,0.0,True
high_school_government_and_politics,professional_law,3,0.25,True
high_school_government_and_politics,professional_law,5,0.375,True
high_school_government_and_politics,professional_law,10,0.6153846153846154,True
high_school_government_and_politics,professional_medicine,1,0.0,True
high_school_government_and_politics,professional_medicine,3,0.0,True
high_school_government_and_politics,professional_medicine,5,0.375,True
high_school_government_and_politics,professional_medicine,10,0.6153846153846154,True
high_school_government_and_politics,professional_psychology,1,0.0,True
high_school_government_and_politics,professional_psychology,3,0.0,True
high_school_government_and_politics,professional_psychology,5,0.2222222222222222,True
high_school_government_and_politics,professional_psychology,10,0.6153846153846154,True
high_school_government_and_politics,public_relations,1,0.0,True
high_school_government_and_politics,public_relations,3,0.0,True
high_school_government_and_politics,public_relations,5,0.375,True
high_school_government_and_politics,public_relations,10,0.35714285714285715,True
high_school_government_and_politics,security_studies,1,0.0,True
high_school_government_and_politics,security_studies,3,0.0,True
high_school_government_and_politics,security_studies,5,0.375,True
high_school_government_and_politics,security_studies,10,0.6153846153846154,True
high_school_government_and_politics,sociology,1,0.0,True
high_school_government_and_politics,sociology,3,0.0,True
high_school_government_and_politics,sociology,5,0.2222222222222222,True
high_school_government_and_politics,sociology,10,0.6666666666666666,True
high_school_government_and_politics,us_foreign_policy,1,0.0,True
high_school_government_and_politics,us_foreign_policy,3,0.5,True
high_school_government_and_politics,us_foreign_policy,5,0.1,True
high_school_government_and_politics,us_foreign_policy,10,0.42857142857142855,True
high_school_government_and_politics,virology,1,1.0,True
high_school_government_and_politics,virology,3,0.0,True
high_school_government_and_politics,virology,5,0.0,True
high_school_government_and_politics,virology,10,0.4,True
high_school_government_and_politics,world_religions,1,0.0,True
high_school_government_and_politics,world_religions,3,0.0,True
high_school_government_and_politics,world_religions,5,0.1111111111111111,True
high_school_government_and_politics,world_religions,10,0.75,True
high_school_macroeconomics,high_school_mathematics,1,1.0,True
high_school_macroeconomics,high_school_mathematics,3,1.0,True
high_school_macroeconomics,high_school_mathematics,5,0.6666666666666666,True
high_school_macroeconomics,high_school_mathematics,10,0.42857142857142855,True
high_school_macroeconomics,high_school_microeconomics,1,1.0,True
high_school_macroeconomics,high_school_microeconomics,3,1.0,True
high_school_macroeconomics,high_school_microeconomics,5,0.8,True
high_school_macroeconomics,high_school_microeconomics,10,0.8181818181818182,True
high_school_macroeconomics,high_school_physics,1,1.0,True
high_school_macroeconomics,high_school_physics,3,0.6666666666666666,True
high_school_macroeconomics,high_school_physics,5,0.6666666666666666,True
high_school_macroeconomics,high_school_physics,10,0.8181818181818182,True
high_school_macroeconomics,high_school_psychology,1,1.0,True
high_school_macroeconomics,high_school_psychology,3,0.5,True
high_school_macroeconomics,high_school_psychology,5,0.5714285714285714,True
high_school_macroeconomics,high_school_psychology,10,0.7272727272727273,True
high_school_macroeconomics,high_school_statistics,1,1.0,True
high_school_macroeconomics,high_school_statistics,3,1.0,True
high_school_macroeconomics,high_school_statistics,5,0.6666666666666666,True
high_school_macroeconomics,high_school_statistics,10,0.8181818181818182,True
high_school_macroeconomics,high_school_us_history,1,1.0,True
high_school_macroeconomics,high_school_us_history,3,0.2,True
high_school_macroeconomics,high_school_us_history,5,0.25,True
high_school_macroeconomics,high_school_us_history,10,0.6666666666666666,True
high_school_macroeconomics,high_school_world_history,1,0.0,True
high_school_macroeconomics,high_school_world_history,3,0.2,True
high_school_macroeconomics,high_school_world_history,5,0.25,True
high_school_macroeconomics,high_school_world_history,10,0.7272727272727273,True
high_school_macroeconomics,human_aging,1,1.0,True
high_school_macroeconomics,human_aging,3,0.5,True
high_school_macroeconomics,human_aging,5,0.25,True
high_school_macroeconomics,human_aging,10,0.5833333333333334,True
high_school_macroeconomics,human_sexuality,1,1.0,True
high_school_macroeconomics,human_sexuality,3,0.2,True
high_school_macroeconomics,human_sexuality,5,0.2857142857142857,True
high_school_macroeconomics,human_sexuality,10,0.4,True
high_school_macroeconomics,international_law,1,0.0,True
high_school_macroeconomics,international_law,3,0.6666666666666666,True
high_school_macroeconomics,international_law,5,0.25,True
high_school_macroeconomics,international_law,10,0.5384615384615384,True
high_school_macroeconomics,jurisprudence,1,0.0,True
high_school_macroeconomics,jurisprudence,3,0.2,True
high_school_macroeconomics,jurisprudence,5,0.1111111111111111,True
high_school_macroeconomics,jurisprudence,10,0.7272727272727273,True
high_school_macroeconomics,logical_fallacies,1,0.0,True
high_school_macroeconomics,logical_fallacies,3,0.5,True
high_school_macroeconomics,logical_fallacies,5,0.6666666666666666,True
high_school_macroeconomics,logical_fallacies,10,0.42857142857142855,True
high_school_macroeconomics,machine_learning,1,0.0,True
high_school_macroeconomics,machine_learning,3,1.0,True
high_school_macroeconomics,machine_learning,5,0.8,True
high_school_macroeconomics,machine_learning,10,0.8181818181818182,True
high_school_macroeconomics,management,1,0.0,True
high_school_macroeconomics,management,3,0.16666666666666666,True
high_school_macroeconomics,management,5,0.125,True
high_school_macroeconomics,management,10,0.6666666666666666,True
high_school_macroeconomics,marketing,1,0.0,True
high_school_macroeconomics,marketing,3,0.5,True
high_school_macroeconomics,marketing,5,0.6666666666666666,True
high_school_macroeconomics,marketing,10,0.46153846153846156,True
high_school_macroeconomics,medical_genetics,1,1.0,True
high_school_macroeconomics,medical_genetics,3,0.5,True
high_school_macroeconomics,medical_genetics,5,0.42857142857142855,True
high_school_macroeconomics,medical_genetics,10,0.9,True
high_school_macroeconomics,miscellaneous,1,1.0,True
high_school_macroeconomics,miscellaneous,3,0.5,True
high_school_macroeconomics,miscellaneous,5,0.6666666666666666,True
high_school_macroeconomics,miscellaneous,10,0.5833333333333334,True
high_school_macroeconomics,moral_disputes,1,1.0,True
high_school_macroeconomics,moral_disputes,3,0.6666666666666666,True
high_school_macroeconomics,moral_disputes,5,0.8,True
high_school_macroeconomics,moral_disputes,10,0.8181818181818182,True
high_school_macroeconomics,moral_scenarios,1,0.0,True
high_school_macroeconomics,moral_scenarios,3,0.2,True
high_school_macroeconomics,moral_scenarios,5,0.25,True
high_school_macroeconomics,moral_scenarios,10,0.6666666666666666,True
high_school_macroeconomics,nutrition,1,0.0,True
high_school_macroeconomics,nutrition,3,0.5,True
high_school_macroeconomics,nutrition,5,0.42857142857142855,True
high_school_macroeconomics,nutrition,10,0.6666666666666666,True
high_school_macroeconomics,philosophy,1,1.0,True
high_school_macroeconomics,philosophy,3,0.5,True
high_school_macroeconomics,philosophy,5,0.42857142857142855,True
high_school_macroeconomics,philosophy,10,0.6666666666666666,True
high_school_macroeconomics,prehistory,1,0.0,True
high_school_macroeconomics,prehistory,3,0.5,True
high_school_macroeconomics,prehistory,5,0.6666666666666666,True
high_school_macroeconomics,prehistory,10,0.8181818181818182,True
high_school_macroeconomics,professional_accounting,1,1.0,True
high_school_macroeconomics,professional_accounting,3,0.5,True
high_school_macroeconomics,professional_accounting,5,0.6666666666666666,True
high_school_macroeconomics,professional_accounting,10,0.7272727272727273,True
high_school_macroeconomics,professional_law,1,1.0,True
high_school_macroeconomics,professional_law,3,1.0,True
high_school_macroeconomics,professional_law,5,0.42857142857142855,True
high_school_macroeconomics,professional_law,10,0.8181818181818182,True
high_school_macroeconomics,professional_medicine,1,1.0,True
high_school_macroeconomics,professional_medicine,3,0.5,True
high_school_macroeconomics,professional_medicine,5,0.42857142857142855,True
high_school_macroeconomics,professional_medicine,10,0.8181818181818182,True
high_school_macroeconomics,professional_psychology,1,1.0,True
high_school_macroeconomics,professional_psychology,3,0.2,True
high_school_macroeconomics,professional_psychology,5,0.6666666666666666,True
high_school_macroeconomics,professional_psychology,10,0.8181818181818182,True
high_school_macroeconomics,public_relations,1,0.0,True
high_school_macroeconomics,public_relations,3,0.5,True
high_school_macroeconomics,public_relations,5,0.42857142857142855,True
high_school_macroeconomics,public_relations,10,0.38461538461538464,True
high_school_macroeconomics,security_studies,1,0.0,True
high_school_macroeconomics,security_studies,3,0.2,True
high_school_macroeconomics,security_studies,5,0.25,True
high_school_macroeconomics,security_studies,10,0.6666666666666666,True
high_school_macroeconomics,sociology,1,1.0,True
high_school_macroeconomics,sociology,3,0.5,True
high_school_macroeconomics,sociology,5,0.6666666666666666,True
high_school_macroeconomics,sociology,10,0.7272727272727273,True
high_school_macroeconomics,us_foreign_policy,1,0.0,True
high_school_macroeconomics,us_foreign_policy,3,0.3333333333333333,True
high_school_macroeconomics,us_foreign_policy,5,0.1111111111111111,True
high_school_macroeconomics,us_foreign_policy,10,0.35714285714285715,True
high_school_macroeconomics,virology,1,0.0,True
high_school_macroeconomics,virology,3,0.25,True
high_school_macroeconomics,virology,5,0.125,True
high_school_macroeconomics,virology,10,0.42857142857142855,True
high_school_macroeconomics,world_religions,1,0.0,True
high_school_macroeconomics,world_religions,3,0.25,True
high_school_macroeconomics,world_religions,5,0.2857142857142857,True
high_school_macroeconomics,world_religions,10,0.5384615384615384,True
high_school_mathematics,high_school_microeconomics,1,1.0,True
high_school_mathematics,high_school_microeconomics,3,1.0,True
high_school_mathematics,high_school_microeconomics,5,0.5,True
high_school_mathematics,high_school_microeconomics,10,0.42857142857142855,True
high_school_mathematics,high_school_physics,1,1.0,True
high_school_mathematics,high_school_physics,3,0.6666666666666666,True
high_school_mathematics,high_school_physics,5,0.6666666666666666,True
high_school_mathematics,high_school_physics,10,0.3333333333333333,True
high_school_mathematics,high_school_psychology,1,1.0,True
high_school_mathematics,high_school_psychology,3,0.5,True
high_school_mathematics,high_school_psychology,5,0.375,True
high_school_mathematics,high_school_psychology,10,0.35714285714285715,True
high_school_mathematics,high_school_statistics,1,1.0,True
high_school_mathematics,high_school_statistics,3,1.0,True
high_school_mathematics,high_school_statistics,5,0.42857142857142855,True
high_school_mathematics,high_school_statistics,10,0.3333333333333333,True
high_school_mathematics,high_school_us_history,1,1.0,True
high_school_mathematics,high_school_us_history,3,0.2,True
high_school_mathematics,high_school_us_history,5,0.25,True
high_school_mathematics,high_school_us_history,10,0.42857142857142855,True
high_school_mathematics,high_school_world_history,1,0.0,True
high_school_mathematics,high_school_world_history,3,0.2,True
high_school_mathematics,high_school_world_history,5,0.25,True
high_school_mathematics,high_school_world_history,10,0.35714285714285715,True
high_school_mathematics,human_aging,1,1.0,True
high_school_mathematics,human_aging,3,0.5,True
high_school_mathematics,human_aging,5,0.25,True
high_school_mathematics,human_aging,10,0.35714285714285715,True
high_school_mathematics,human_sexuality,1,1.0,True
high_school_mathematics,human_sexuality,3,0.2,True
high_school_mathematics,human_sexuality,5,0.2857142857142857,True
high_school_mathematics,human_sexuality,10,0.3125,True
high_school_mathematics,international_law,1,0.0,True
high_school_mathematics,international_law,3,0.6666666666666666,True
high_school_mathematics,international_law,5,0.25,True
high_school_mathematics,international_law,10,0.3333333333333333,True
high_school_mathematics,jurisprudence,1,0.0,True
high_school_mathematics,jurisprudence,3,0.2,True
high_school_mathematics,jurisprudence,5,0.1111111111111111,True
high_school_mathematics,jurisprudence,10,0.35714285714285715,True
high_school_mathematics,logical_fallacies,1,0.0,True
high_school_mathematics,logical_fallacies,3,0.5,True
high_school_mathematics,logical_fallacies,5,0.6666666666666666,True
high_school_mathematics,logical_fallacies,10,0.42857142857142855,True
high_school_mathematics,machine_learning,1,0.0,True
high_school_mathematics,machine_learning,3,1.0,True
high_school_mathematics,machine_learning,5,0.8,True
high_school_mathematics,machine_learning,10,0.5384615384615384,True
high_school_mathematics,management,1,0.0,True
high_school_mathematics,management,3,0.16666666666666666,True
high_school_mathematics,management,5,0.125,True
high_school_mathematics,management,10,0.3333333333333333,True
high_school_mathematics,marketing,1,0.0,True
high_school_mathematics,marketing,3,0.5,True
high_school_mathematics,marketing,5,0.6666666666666666,True
high_school_mathematics,marketing,10,0.46153846153846156,True
high_school_mathematics,medical_genetics,1,1.0,True
high_school_mathematics,medical_genetics,3,0.5,True
high_school_mathematics,medical_genetics,5,0.42857142857142855,True
high_school_mathematics,medical_genetics,10,0.46153846153846156,True
high_school_mathematics,miscellaneous,1,1.0,True
high_school_mathematics,miscellaneous,3,0.5,True
high_school_mathematics,miscellaneous,5,0.6666666666666666,True
high_school_mathematics,miscellaneous,10,0.46153846153846156,True
high_school_mathematics,moral_disputes,1,1.0,True
high_school_mathematics,moral_disputes,3,0.6666666666666666,True
high_school_mathematics,moral_disputes,5,0.5,True
high_school_mathematics,moral_disputes,10,0.3333333333333333,True
high_school_mathematics,moral_scenarios,1,0.0,True
high_school_mathematics,moral_scenarios,3,0.2,True
high_school_mathematics,moral_scenarios,5,0.25,True
high_school_mathematics,moral_scenarios,10,0.3333333333333333,True
high_school_mathematics,nutrition,1,0.0,True
high_school_mathematics,nutrition,3,0.5,True
high_school_mathematics,nutrition,5,0.42857142857142855,True
high_school_mathematics,nutrition,10,0.3333333333333333,True
high_school_mathematics,philosophy,1,1.0,True
high_school_mathematics,philosophy,3,0.5,True
high_school_mathematics,philosophy,5,0.42857142857142855,True
high_school_mathematics,philosophy,10,0.3333333333333333,True
high_school_mathematics,prehistory,1,0.0,True
high_school_mathematics,prehistory,3,0.5,True
high_school_mathematics,prehistory,5,0.6666666666666666,True
high_school_mathematics,prehistory,10,0.42857142857142855,True
high_school_mathematics,professional_accounting,1,1.0,True
high_school_mathematics,professional_accounting,3,0.5,True
high_school_mathematics,professional_accounting,5,0.6666666666666666,True
high_school_mathematics,professional_accounting,10,0.35714285714285715,True
high_school_mathematics,professional_law,1,1.0,True
high_school_mathematics,professional_law,3,1.0,True
high_school_mathematics,professional_law,5,0.42857142857142855,True
high_school_mathematics,professional_law,10,0.3333333333333333,True
high_school_mathematics,professional_medicine,1,1.0,True
high_school_mathematics,professional_medicine,3,0.5,True
high_school_mathematics,professional_medicine,5,0.42857142857142855,True
high_school_mathematics,professional_medicine,10,0.42857142857142855,True
high_school_mathematics,professional_psychology,1,1.0,True
high_school_mathematics,professional_psychology,3,0.2,True
high_school_mathematics,professional_psychology,5,0.6666666666666666,True
high_school_mathematics,professional_psychology,10,0.3333333333333333,True
high_school_mathematics,public_relations,1,0.0,True
high_school_mathematics,public_relations,3,0.5,True
high_school_mathematics,public_relations,5,0.42857142857142855,True
high_school_mathematics,public_relations,10,0.38461538461538464,True
high_school_mathematics,security_studies,1,0.0,True
high_school_mathematics,security_studies,3,0.2,True
high_school_mathematics,security_studies,5,0.25,True
high_school_mathematics,security_studies,10,0.3333333333333333,True
high_school_mathematics,sociology,1,1.0,True
high_school_mathematics,sociology,3,0.5,True
high_school_mathematics,sociology,5,0.6666666666666666,True
high_school_mathematics,sociology,10,0.35714285714285715,True
high_school_mathematics,us_foreign_policy,1,0.0,True
high_school_mathematics,us_foreign_policy,3,0.3333333333333333,True
high_school_mathematics,us_foreign_policy,5,0.1111111111111111,True
high_school_mathematics,us_foreign_policy,10,0.5833333333333334,True
high_school_mathematics,virology,1,0.0,True
high_school_mathematics,virology,3,0.25,True
high_school_mathematics,virology,5,0.125,True
high_school_mathematics,virology,10,0.42857142857142855,True
high_school_mathematics,world_religions,1,0.0,True
high_school_mathematics,world_religions,3,0.25,True
high_school_mathematics,world_religions,5,0.2857142857142857,True
high_school_mathematics,world_religions,10,0.3333333333333333,True
high_school_microeconomics,high_school_physics,1,1.0,True
high_school_microeconomics,high_school_physics,3,0.6666666666666666,True
high_school_microeconomics,high_school_physics,5,0.5,True
high_school_microeconomics,high_school_physics,10,0.8181818181818182,True
high_school_microeconomics,high_school_psychology,1,1.0,True
high_school_microeconomics,high_school_psychology,3,0.5,True
high_school_microeconomics,high_school_psychology,5,0.6666666666666666,True
high_school_microeconomics,high_school_psychology,10,0.5833333333333334,True
high_school_microeconomics,high_school_statistics,1,1.0,True
high_school_microeconomics,high_school_statistics,3,1.0,True
high_school_microeconomics,high_school_statistics,5,0.8,True
high_school_microeconomics,high_school_statistics,10,0.6666666666666666,True
high_school_microeconomics,high_school_us_history,1,1.0,True
high_school_microeconomics,high_school_us_history,3,0.2,True
high_school_microeconomics,high_school_us_history,5,0.125,True
high_school_microeconomics,high_school_us_history,10,0.5384615384615384,True
high_school_microeconomics,high_school_world_history,1,0.0,True
high_school_microeconomics,high_school_world_history,3,0.2,True
high_school_microeconomics,high_school_world_history,5,0.125,True
high_school_microeconomics,high_school_world_history,10,0.5833333333333334,True
high_school_microeconomics,human_aging,1,1.0,True
high_school_microeconomics,human_aging,3,0.5,True
high_school_microeconomics,human_aging,5,0.2857142857142857,True
high_school_microeconomics,human_aging,10,0.46153846153846156,True
high_school_microeconomics,human_sexuality,1,1.0,True
high_school_microeconomics,human_sexuality,3,0.2,True
high_school_microeconomics,human_sexuality,5,0.14285714285714285,True
high_school_microeconomics,human_sexuality,10,0.3125,True
high_school_microeconomics,international_law,1,0.0,True
high_school_microeconomics,international_law,3,0.6666666666666666,True
high_school_microeconomics,international_law,5,0.2857142857142857,True
high_school_microeconomics,international_law,10,0.42857142857142855,True
high_school_microeconomics,jurisprudence,1,0.0,True
high_school_microeconomics,jurisprudence,3,0.2,True
high_school_microeconomics,jurisprudence,5,0.125,True
high_school_microeconomics,jurisprudence,10,0.7272727272727273,True
high_school_microeconomics,logical_fallacies,1,0.0,True
high_school_microeconomics,logical_fallacies,3,0.5,True
high_school_microeconomics,logical_fallacies,5,0.5,True
high_school_microeconomics,logical_fallacies,10,0.3333333333333333,True
high_school_microeconomics,machine_learning,1,0.0,True
high_school_microeconomics,machine_learning,3,1.0,True
high_school_microeconomics,machine_learning,5,0.6,True
high_school_microeconomics,machine_learning,10,0.6666666666666666,True
high_school_microeconomics,management,1,0.0,True
high_school_microeconomics,management,3,0.16666666666666666,True
high_school_microeconomics,management,5,0.14285714285714285,True
high_school_microeconomics,management,10,0.6666666666666666,True
high_school_microeconomics,marketing,1,0.0,True
high_school_microeconomics,marketing,3,0.5,True
high_school_microeconomics,marketing,5,0.5,True
high_school_microeconomics,marketing,10,0.35714285714285715,True
high_school_microeconomics,medical_genetics,1,1.0,True
high_school_microeconomics,medical_genetics,3,0.5,True
high_school_microeconomics,medical_genetics,5,0.5,True
high_school_microeconomics,medical_genetics,10,0.7272727272727273,True
high_school_microeconomics,miscellaneous,1,1.0,True
high_school_microeconomics,miscellaneous,3,0.5,True
high_school_microeconomics,miscellaneous,5,0.5,True
high_school_microeconomics,miscellaneous,10,0.46153846153846156,True
high_school_microeconomics,moral_disputes,1,1.0,True
high_school_microeconomics,moral_disputes,3,0.6666666666666666,True
high_school_microeconomics,moral_disputes,5,0.6,True
high_school_microeconomics,moral_disputes,10,0.6666666666666666,True
high_school_microeconomics,moral_scenarios,1,0.0,True
high_school_microeconomics,moral_scenarios,3,0.2,True
high_school_microeconomics,moral_scenarios,5,0.125,True
high_school_microeconomics,moral_scenarios,10,0.8181818181818182,True
high_school_microeconomics,nutrition,1,0.0,True
high_school_microeconomics,nutrition,3,0.5,True
high_school_microeconomics,nutrition,5,0.2857142857142857,True
high_school_microeconomics,nutrition,10,0.5384615384615384,True
high_school_microeconomics,philosophy,1,1.0,True
high_school_microeconomics,philosophy,3,0.5,True
high_school_microeconomics,philosophy,5,0.2857142857142857,True
high_school_microeconomics,philosophy,10,0.5384615384615384,True
high_school_microeconomics,prehistory,1,0.0,True
high_school_microeconomics,prehistory,3,0.5,True
high_school_microeconomics,prehistory,5,0.5,True
high_school_microeconomics,prehistory,10,0.6666666666666666,True
high_school_microeconomics,professional_accounting,1,1.0,True
high_school_microeconomics,professional_accounting,3,0.5,True
high_school_microeconomics,professional_accounting,5,0.5,True
high_school_microeconomics,professional_accounting,10,0.7272727272727273,True
high_school_microeconomics,professional_law,1,1.0,True
high_school_microeconomics,professional_law,3,1.0,True
high_school_microeconomics,professional_law,5,0.5,True
high_school_microeconomics,professional_law,10,0.8181818181818182,True
high_school_microeconomics,professional_medicine,1,1.0,True
high_school_microeconomics,professional_medicine,3,0.5,True
high_school_microeconomics,professional_medicine,5,0.5,True
high_school_microeconomics,professional_medicine,10,0.6666666666666666,True
high_school_microeconomics,professional_psychology,1,1.0,True
high_school_microeconomics,professional_psychology,3,0.2,True
high_school_microeconomics,professional_psychology,5,0.5,True
high_school_microeconomics,professional_psychology,10,0.6666666666666666,True
high_school_microeconomics,public_relations,1,0.0,True
high_school_microeconomics,public_relations,3,0.5,True
high_school_microeconomics,public_relations,5,0.5,True
high_school_microeconomics,public_relations,10,0.38461538461538464,True
high_school_microeconomics,security_studies,1,0.0,True
high_school_microeconomics,security_studies,3,0.2,True
high_school_microeconomics,security_studies,5,0.2857142857142857,True
high_school_microeconomics,security_studies,10,0.5384615384615384,True
high_school_microeconomics,sociology,1,1.0,True
high_school_microeconomics,sociology,3,0.5,True
high_school_microeconomics,sociology,5,0.5,True
high_school_microeconomics,sociology,10,0.5833333333333334,True
high_school_microeconomics,us_foreign_policy,1,0.0,True
high_school_microeconomics,us_foreign_policy,3,0.3333333333333333,True
high_school_microeconomics,us_foreign_policy,5,0.125,True
high_school_microeconomics,us_foreign_policy,10,0.35714285714285715,True
high_school_microeconomics,virology,1,0.0,True
high_school_microeconomics,virology,3,0.25,True
high_school_microeconomics,virology,5,0.14285714285714285,True
high_school_microeconomics,virology,10,0.3333333333333333,True
high_school_microeconomics,world_religions,1,0.0,True
high_school_microeconomics,world_religions,3,0.25,True
high_school_microeconomics,world_religions,5,0.3333333333333333,True
high_school_microeconomics,world_religions,10,0.42857142857142855,True
high_school_physics,high_school_psychology,1,1.0,True
high_school_physics,high_school_psychology,3,0.25,True
high_school_physics,high_school_psychology,5,0.5714285714285714,True
high_school_physics,high_school_psychology,10,0.7272727272727273,True
high_school_physics,high_school_statistics,1,1.0,True
high_school_physics,high_school_statistics,3,0.6666666666666666,True
high_school_physics,high_school_statistics,5,0.42857142857142855,True
high_school_physics,high_school_statistics,10,0.8181818181818182,True
high_school_physics,high_school_us_history,1,1.0,True
high_school_physics,high_school_us_history,3,0.25,True
high_school_physics,high_school_us_history,5,0.42857142857142855,True
high_school_physics,high_school_us_history,10,0.5384615384615384,True
high_school_physics,high_school_world_history,1,0.0,True
high_school_physics,high_school_world_history,3,0.25,True
high_school_physics,high_school_world_history,5,0.42857142857142855,True
high_school_physics,high_school_world_history,10,0.5833333333333334,True
high_school_physics,human_aging,1,1.0,True
high_school_physics,human_aging,3,0.6666666666666666,True
high_school_physics,human_aging,5,0.42857142857142855,True
high_school_physics,human_aging,10,0.5833333333333334,True
high_school_physics,human_sexuality,1,1.0,True
high_school_physics,human_sexuality,3,0.25,True
high_school_physics,human_sexuality,5,0.2857142857142857,True
high_school_physics,human_sexuality,10,0.3125,True
high_school_physics,international_law,1,0.0,True
high_school_physics,international_law,3,1.0,True
high_school_physics,international_law,5,0.42857142857142855,True
high_school_physics,international_law,10,0.42857142857142855,True
high_school_physics,jurisprudence,1,0.0,True
high_school_physics,jurisprudence,3,0.25,True
high_school_physics,jurisprudence,5,0.25,True
high_school_physics,jurisprudence,10,0.7272727272727273,True
high_school_physics,logical_fallacies,1,0.0,True
high_school_physics,logical_fallacies,3,0.6666666666666666,True
high_school_physics,logical_fallacies,5,0.6666666666666666,True
high_school_physics,logical_fallacies,10,0.42857142857142855,True
high_school_physics,machine_learning,1,0.0,True
high_school_physics,machine_learning,3,0.6666666666666666,True
high_school_physics,machine_learning,5,0.8,True
high_school_physics,machine_learning,10,0.6666666666666666,True
high_school_physics,management,1,0.0,True
high_school_physics,management,3,0.0,True
high_school_physics,management,5,0.2857142857142857,True
high_school_physics,management,10,0.5384615384615384,True
high_school_physics,marketing,1,0.0,True
high_school_physics,marketing,3,0.25,True
high_school_physics,marketing,5,0.6666666666666666,True
high_school_physics,marketing,10,0.46153846153846156,True
high_school_physics,medical_genetics,1,1.0,True
high_school_physics,medical_genetics,3,0.6666666666666666,True
high_school_physics,medical_genetics,5,0.6666666666666666,True
high_school_physics,medical_genetics,10,0.7272727272727273,True
high_school_physics,miscellaneous,1,1.0,True
high_school_physics,miscellaneous,3,0.6666666666666666,True
high_school_physics,miscellaneous,5,0.6666666666666666,True
high_school_physics,miscellaneous,10,0.46153846153846156,True
high_school_physics,moral_disputes,1,1.0,True
high_school_physics,moral_disputes,3,1.0,True
high_school_physics,moral_disputes,5,0.5,True
high_school_physics,moral_disputes,10,0.8181818181818182,True
high_school_physics,moral_scenarios,1,0.0,True
high_school_physics,moral_scenarios,3,0.25,True
high_school_physics,moral_scenarios,5,0.42857142857142855,True
high_school_physics,moral_scenarios,10,0.6666666666666666,True
high_school_physics,nutrition,1,0.0,True
high_school_physics,nutrition,3,0.6666666666666666,True
high_school_physics,nutrition,5,0.6666666666666666,True
high_school_physics,nutrition,10,0.5384615384615384,True
high_school_physics,philosophy,1,1.0,True
high_school_physics,philosophy,3,0.6666666666666666,True
high_school_physics,philosophy,5,0.42857142857142855,True
high_school_physics,philosophy,10,0.6666666666666666,True
high_school_physics,prehistory,1,0.0,True
high_school_physics,prehistory,3,0.6666666666666666,True
high_school_physics,prehistory,5,0.6666666666666666,True
high_school_physics,prehistory,10,0.6666666666666666,True
high_school_physics,professional_accounting,1,1.0,True
high_school_physics,professional_accounting,3,0.6666666666666666,True
high_school_physics,professional_accounting,5,0.6666666666666666,True
high_school_physics,professional_accounting,10,0.7272727272727273,True
high_school_physics,professional_law,1,1.0,True
high_school_physics,professional_law,3,0.6666666666666666,True
high_school_physics,professional_law,5,0.6666666666666666,True
high_school_physics,professional_law,10,0.8181818181818182,True
high_school_physics,professional_medicine,1,1.0,True
high_school_physics,professional_medicine,3,0.6666666666666666,True
high_school_physics,professional_medicine,5,0.6666666666666666,True
high_school_physics,professional_medicine,10,0.6666666666666666,True
high_school_physics,professional_psychology,1,1.0,True
high_school_physics,professional_psychology,3,0.25,True
high_school_physics,professional_psychology,5,0.6666666666666666,True
high_school_physics,professional_psychology,10,0.6666666666666666,True
high_school_physics,public_relations,1,0.0,True
high_school_physics,public_relations,3,0.6666666666666666,True
high_school_physics,public_relations,5,0.42857142857142855,True
high_school_physics,public_relations,10,0.38461538461538464,True
high_school_physics,security_studies,1,0.0,True
high_school_physics,security_studies,3,0.25,True
high_school_physics,security_studies,5,0.42857142857142855,True
high_school_physics,security_studies,10,0.5384615384615384,True
high_school_physics,sociology,1,1.0,True
high_school_physics,sociology,3,0.6666666666666666,True
high_school_physics,sociology,5,0.6666666666666666,True
high_school_physics,sociology,10,0.5833333333333334,True
high_school_physics,us_foreign_policy,1,0.0,True
high_school_physics,us_foreign_policy,3,0.0,True
high_school_physics,us_foreign_policy,5,0.1111111111111111,True
high_school_physics,us_foreign_policy,10,0.35714285714285715,True
high_school_physics,virology,1,0.0,True
high_school_physics,virology,3,0.3333333333333333,True
high_school_physics,virology,5,0.125,True
high_school_physics,virology,10,0.3333333333333333,True
high_school_physics,world_religions,1,0.0,True
high_school_physics,world_religions,3,0.3333333333333333,True
high_school_physics,world_religions,5,0.2857142857142857,True
high_school_physics,world_religions,10,0.5384615384615384,True
high_school_psychology,high_school_statistics,1,1.0,True
high_school_psychology,high_school_statistics,3,0.5,True
high_school_psychology,high_school_statistics,5,0.5714285714285714,True
high_school_psychology,high_school_statistics,10,0.9,True
high_school_psychology,high_school_us_history,1,1.0,True
high_school_psychology,high_school_us_history,3,0.2,True
high_school_psychology,high_school_us_history,5,0.375,True
high_school_psychology,high_school_us_history,10,0.5833333333333334,True
high_school_psychology,high_school_world_history,1,0.0,True
high_school_psychology,high_school_world_history,3,0.0,True
high_school_psychology,high_school_world_history,5,0.375,True
high_school_psychology,high_school_world_history,10,0.6363636363636364,True
high_school_psychology,human_aging,1,1.0,True
high_school_psychology,human_aging,3,0.2,True
high_school_psychology,human_aging,5,0.375,True
high_school_psychology,human_aging,10,0.8,True
high_school_psychology,human_sexuality,1,1.0,True
high_school_psychology,human_sexuality,3,0.2,True
high_school_psychology,human_sexuality,5,0.1111111111111111,True
high_school_psychology,human_sexuality,10,0.3333333333333333,True
high_school_psychology,international_law,1,0.0,True
high_school_psychology,international_law,3,0.25,True
high_school_psychology,international_law,5,0.5714285714285714,True
high_school_psychology,international_law,10,0.35714285714285715,True
high_school_psychology,jurisprudence,1,0.0,True
high_school_psychology,jurisprudence,3,0.2,True
high_school_psychology,jurisprudence,5,0.375,True
high_school_psychology,jurisprudence,10,0.6363636363636364,True
high_school_psychology,logical_fallacies,1,0.0,True
high_school_psychology,logical_fallacies,3,0.2,True
high_school_psychology,logical_fallacies,5,0.375,True
high_school_psychology,logical_fallacies,10,0.46153846153846156,True
high_school_psychology,machine_learning,1,0.0,True
high_school_psychology,machine_learning,3,0.5,True
high_school_psychology,machine_learning,5,0.42857142857142855,True
high_school_psychology,machine_learning,10,0.7272727272727273,True
high_school_psychology,management,1,0.0,True
high_school_psychology,management,3,0.16666666666666666,True
high_school_psychology,management,5,0.42857142857142855,True
high_school_psychology,management,10,0.5833333333333334,True
high_school_psychology,marketing,1,0.0,True
high_school_psychology,marketing,3,0.2,True
high_school_psychology,marketing,5,0.375,True
high_school_psychology,marketing,10,0.6363636363636364,True
high_school_psychology,medical_genetics,1,1.0,True
high_school_psychology,medical_genetics,3,0.2,True
high_school_psychology,medical_genetics,5,0.8333333333333334,True
high_school_psychology,medical_genetics,10,0.8,True
high_school_psychology,miscellaneous,1,1.0,True
high_school_psychology,miscellaneous,3,0.2,True
high_school_psychology,miscellaneous,5,0.375,True
high_school_psychology,miscellaneous,10,0.5,True
high_school_psychology,moral_disputes,1,1.0,True
high_school_psychology,moral_disputes,3,0.25,True
high_school_psychology,moral_disputes,5,0.42857142857142855,True
high_school_psychology,moral_disputes,10,0.9,True
high_school_psychology,moral_scenarios,1,0.0,True
high_school_psychology,moral_scenarios,3,0.0,True
high_school_psychology,moral_scenarios,5,0.375,True
high_school_psychology,moral_scenarios,10,0.5833333333333334,True
high_school_psychology,nutrition,1,0.0,True
high_school_psychology,nutrition,3,0.2,True
high_school_psychology,nutrition,5,0.5714285714285714,True
high_school_psychology,nutrition,10,0.7272727272727273,True
high_school_psychology,philosophy,1,1.0,True
high_school_psychology,philosophy,3,0.2,True
high_school_psychology,philosophy,5,0.2222222222222222,True
high_school_psychology,philosophy,10,0.7272727272727273,True
high_school_psychology,prehistory,1,0.0,True
high_school_psychology,prehistory,3,0.2,True
high_school_psychology,prehistory,5,0.375,True
high_school_psychology,prehistory,10,0.7272727272727273,True
high_school_psychology,professional_accounting,1,1.0,True
high_school_psychology,professional_accounting,3,0.2,True
high_school_psychology,professional_accounting,5,0.375,True
high_school_psychology,professional_accounting,10,0.6363636363636364,True
high_school_psychology,professional_law,1,1.0,True
high_school_psychology,professional_law,3,0.5,True
high_school_psychology,professional_law,5,0.8333333333333334,True
high_school_psychology,professional_law,10,0.5833333333333334,True
high_school_psychology,professional_medicine,1,1.0,True
high_school_psychology,professional_medicine,3,0.2,True
high_school_psychology,professional_medicine,5,0.8333333333333334,True
high_school_psychology,professional_medicine,10,0.7272727272727273,True
high_school_psychology,professional_psychology,1,1.0,True
high_school_psychology,professional_psychology,3,0.2,True
high_school_psychology,professional_psychology,5,0.375,True
high_school_psychology,professional_psychology,10,0.7272727272727273,True
high_school_psychology,public_relations,1,0.0,True
high_school_psychology,public_relations,3,0.2,True
high_school_psychology,public_relations,5,0.375,True
high_school_psychology,public_relations,10,0.21428571428571427,True
high_school_psychology,security_studies,1,0.0,True
high_school_psychology,security_studies,3,0.0,True
high_school_psychology,security_studies,5,0.5714285714285714,True
high_school_psychology,security_studies,10,0.7272727272727273,True
high_school_psychology,sociology,1,1.0,True
high_school_psychology,sociology,3,0.2,True
high_school_psychology,sociology,5,0.375,True
high_school_psychology,sociology,10,0.8,True
high_school_psychology,us_foreign_policy,1,0.0,True
high_school_psychology,us_foreign_policy,3,0.3333333333333333,True
high_school_psychology,us_foreign_policy,5,0.1,True
high_school_psychology,us_foreign_policy,10,0.38461538461538464,True
high_school_psychology,virology,1,0.0,True
high_school_psychology,virology,3,0.25,True
high_school_psychology,virology,5,0.1111111111111111,True
high_school_psychology,virology,10,0.35714285714285715,True
high_school_psychology,world_religions,1,0.0,True
high_school_psychology,world_religions,3,0.25,True
high_school_psychology,world_religions,5,0.25,True
high_school_psychology,world_religions,10,0.7272727272727273,True
high_school_statistics,high_school_us_history,1,1.0,True
high_school_statistics,high_school_us_history,3,0.2,True
high_school_statistics,high_school_us_history,5,0.1111111111111111,True
high_school_statistics,high_school_us_history,10,0.6666666666666666,True
high_school_statistics,high_school_world_history,1,0.0,True
high_school_statistics,high_school_world_history,3,0.2,True
high_school_statistics,high_school_world_history,5,0.1111111111111111,True
high_school_statistics,high_school_world_history,10,0.7272727272727273,True
high_school_statistics,human_aging,1,1.0,True
high_school_statistics,human_aging,3,0.5,True
high_school_statistics,human_aging,5,0.25,True
high_school_statistics,human_aging,10,0.7272727272727273,True
high_school_statistics,human_sexuality,1,1.0,True
high_school_statistics,human_sexuality,3,0.2,True
high_school_statistics,human_sexuality,5,0.2857142857142857,True
high_school_statistics,human_sexuality,10,0.4,True
high_school_statistics,international_law,1,0.0,True
high_school_statistics,international_law,3,0.6666666666666666,True
high_school_statistics,international_law,5,0.25,True
high_school_statistics,international_law,10,0.42857142857142855,True
high_school_statistics,jurisprudence,1,0.0,True
high_school_statistics,jurisprudence,3,0.2,True
high_school_statistics,jurisprudence,5,0.1111111111111111,True
high_school_statistics,jurisprudence,10,0.5833333333333334,True
high_school_statistics,logical_fallacies,1,0.0,True
high_school_statistics,logical_fallacies,3,0.5,True
high_school_statistics,logical_fallacies,5,0.42857142857142855,True
high_school_statistics,logical_fallacies,10,0.5384615384615384,True
high_school_statistics,machine_learning,1,0.0,True
high_school_statistics,machine_learning,3,1.0,True
high_school_statistics,machine_learning,5,0.5,True
high_school_statistics,machine_learning,10,0.6666666666666666,True
high_school_statistics,management,1,0.0,True
high_school_statistics,management,3,0.16666666666666666,True
high_school_statistics,management,5,0.125,True
high_school_statistics,management,10,0.6666666666666666,True
high_school_statistics,marketing,1,0.0,True
high_school_statistics,marketing,3,0.5,True
high_school_statistics,marketing,5,0.42857142857142855,True
high_school_statistics,marketing,10,0.5833333333333334,True
high_school_statistics,medical_genetics,1,1.0,True
high_school_statistics,medical_genetics,3,0.5,True
high_school_statistics,medical_genetics,5,0.42857142857142855,True
high_school_statistics,medical_genetics,10,0.7272727272727273,True
high_school_statistics,miscellaneous,1,1.0,True
high_school_statistics,miscellaneous,3,0.5,True
high_school_statistics,miscellaneous,5,0.42857142857142855,True
high_school_statistics,miscellaneous,10,0.5833333333333334,True
high_school_statistics,moral_disputes,1,1.0,True
high_school_statistics,moral_disputes,3,0.6666666666666666,True
high_school_statistics,moral_disputes,5,0.5,True
high_school_statistics,moral_disputes,10,1.0,True
high_school_statistics,moral_scenarios,1,0.0,True
high_school_statistics,moral_scenarios,3,0.2,True
high_school_statistics,moral_scenarios,5,0.25,True
high_school_statistics,moral_scenarios,10,0.6666666666666666,True
high_school_statistics,nutrition,1,0.0,True
high_school_statistics,nutrition,3,0.5,True
high_school_statistics,nutrition,5,0.25,True
high_school_statistics,nutrition,10,0.6666666666666666,True
high_school_statistics,philosophy,1,1.0,True
high_school_statistics,philosophy,3,0.5,True
high_school_statistics,philosophy,5,0.25,True
high_school_statistics,philosophy,10,0.8181818181818182,True
high_school_statistics,prehistory,1,0.0,True
high_school_statistics,prehistory,3,0.5,True
high_school_statistics,prehistory,5,0.42857142857142855,True
high_school_statistics,prehistory,10,0.8181818181818182,True
high_school_statistics,professional_accounting,1,1.0,True
high_school_statistics,professional_accounting,3,0.5,True
high_school_statistics,professional_accounting,5,0.42857142857142855,True
high_school_statistics,professional_accounting,10,0.5833333333333334,True
high_school_statistics,professional_law,1,1.0,True
high_school_statistics,professional_law,3,1.0,True
high_school_statistics,professional_law,5,0.42857142857142855,True
high_school_statistics,professional_law,10,0.6666666666666666,True
high_school_statistics,professional_medicine,1,1.0,True
high_school_statistics,professional_medicine,3,0.5,True
high_school_statistics,professional_medicine,5,0.42857142857142855,True
high_school_statistics,professional_medicine,10,0.6666666666666666,True
high_school_statistics,professional_psychology,1,1.0,True
high_school_statistics,professional_psychology,3,0.2,True
high_school_statistics,professional_psychology,5,0.42857142857142855,True
high_school_statistics,professional_psychology,10,0.8181818181818182,True
high_school_statistics,public_relations,1,0.0,True
high_school_statistics,public_relations,3,0.5,True
high_school_statistics,public_relations,5,0.6666666666666666,True
high_school_statistics,public_relations,10,0.2857142857142857,True
high_school_statistics,security_studies,1,0.0,True
high_school_statistics,security_studies,3,0.2,True
high_school_statistics,security_studies,5,0.25,True
high_school_statistics,security_studies,10,0.6666666666666666,True
high_school_statistics,sociology,1,1.0,True
high_school_statistics,sociology,3,0.5,True
high_school_statistics,sociology,5,0.42857142857142855,True
high_school_statistics,sociology,10,0.7272727272727273,True
high_school_statistics,us_foreign_policy,1,0.0,True
high_school_statistics,us_foreign_policy,3,0.3333333333333333,True
high_school_statistics,us_foreign_policy,5,0.1111111111111111,True
high_school_statistics,us_foreign_policy,10,0.35714285714285715,True
high_school_statistics,virology,1,0.0,True
high_school_statistics,virology,3,0.25,True
high_school_statistics,virology,5,0.2857142857142857,True
high_school_statistics,virology,10,0.42857142857142855,True
high_school_statistics,world_religions,1,0.0,True
high_school_statistics,world_religions,3,0.25,True
high_school_statistics,world_religions,5,0.2857142857142857,True
high_school_statistics,world_religions,10,0.6666666666666666,True
high_school_us_history,high_school_world_history,1,0.0,True
high_school_us_history,high_school_world_history,3,0.5,True
high_school_us_history,high_school_world_history,5,0.6666666666666666,True
high_school_us_history,high_school_world_history,10,0.7272727272727273,True
high_school_us_history,human_aging,1,1.0,True
high_school_us_history,human_aging,3,0.5,True
high_school_us_history,human_aging,5,0.42857142857142855,True
high_school_us_history,human_aging,10,0.5833333333333334,True
high_school_us_history,human_sexuality,1,1.0,True
high_school_us_history,human_sexuality,3,0.2,True
high_school_us_history,human_sexuality,5,0.2857142857142857,True
high_school_us_history,human_sexuality,10,0.5,True
high_school_us_history,international_law,1,0.0,True
high_school_us_history,international_law,3,0.25,True
high_school_us_history,international_law,5,0.42857142857142855,True
high_school_us_history,international_law,10,0.5384615384615384,True
high_school_us_history,jurisprudence,1,0.0,True
high_school_us_history,jurisprudence,3,0.2,True
high_school_us_history,jurisprudence,5,0.42857142857142855,True
high_school_us_history,jurisprudence,10,0.46153846153846156,True
high_school_us_history,logical_fallacies,1,0.0,True
high_school_us_history,logical_fallacies,3,0.2,True
high_school_us_history,logical_fallacies,5,0.25,True
high_school_us_history,logical_fallacies,10,0.5384615384615384,True
high_school_us_history,machine_learning,1,0.0,True
high_school_us_history,machine_learning,3,0.2,True
high_school_us_history,machine_learning,5,0.2857142857142857,True
high_school_us_history,machine_learning,10,0.6666666666666666,True
high_school_us_history,management,1,0.0,True
high_school_us_history,management,3,0.4,True
high_school_us_history,management,5,0.5,True
high_school_us_history,management,10,0.5384615384615384,True
high_school_us_history,marketing,1,0.0,True
high_school_us_history,marketing,3,0.0,True
high_school_us_history,marketing,5,0.25,True
high_school_us_history,marketing,10,0.5833333333333334,True
high_school_us_history,medical_genetics,1,1.0,True
high_school_us_history,medical_genetics,3,0.2,True
high_school_us_history,medical_genetics,5,0.42857142857142855,True
high_school_us_history,medical_genetics,10,0.5833333333333334,True
high_school_us_history,miscellaneous,1,1.0,True
high_school_us_history,miscellaneous,3,0.2,True
high_school_us_history,miscellaneous,5,0.25,True
high_school_us_history,miscellaneous,10,0.5833333333333334,True
high_school_us_history,moral_disputes,1,1.0,True
high_school_us_history,moral_disputes,3,0.25,True
high_school_us_history,moral_disputes,5,0.2857142857142857,True
high_school_us_history,moral_disputes,10,0.6666666666666666,True
high_school_us_history,moral_scenarios,1,0.0,True
high_school_us_history,moral_scenarios,3,0.2,True
high_school_us_history,moral_scenarios,5,0.42857142857142855,True
high_school_us_history,moral_scenarios,10,0.5384615384615384,True
high_school_us_history,nutrition,1,0.0,True
high_school_us_history,nutrition,3,0.2,True
high_school_us_history,nutrition,5,0.6666666666666666,True
high_school_us_history,nutrition,10,0.5384615384615384,True
high_school_us_history,philosophy,1,1.0,True
high_school_us_history,philosophy,3,0.5,True
high_school_us_history,philosophy,5,0.42857142857142855,True
high_school_us_history,philosophy,10,0.6666666666666666,True
high_school_us_history,prehistory,1,0.0,True
high_school_us_history,prehistory,3,0.2,True
high_school_us_history,prehistory,5,0.42857142857142855,True
high_school_us_history,prehistory,10,0.8181818181818182,True
high_school_us_history,professional_accounting,1,1.0,True
high_school_us_history,professional_accounting,3,0.2,True
high_school_us_history,professional_accounting,5,0.25,True
high_school_us_history,professional_accounting,10,0.46153846153846156,True
high_school_us_history,professional_law,1,1.0,True
high_school_us_history,professional_law,3,0.2,True
high_school_us_history,professional_law,5,0.42857142857142855,True
high_school_us_history,professional_law,10,0.5384615384615384,True
high_school_us_history,professional_medicine,1,1.0,True
high_school_us_history,professional_medicine,3,0.5,True
high_school_us_history,professional_medicine,5,0.42857142857142855,True
high_school_us_history,professional_medicine,10,0.5384615384615384,True
high_school_us_history,professional_psychology,1,1.0,True
high_school_us_history,professional_psychology,3,0.5,True
high_school_us_history,professional_psychology,5,0.42857142857142855,True
high_school_us_history,professional_psychology,10,0.6666666666666666,True
high_school_us_history,public_relations,1,0.0,True
high_school_us_history,public_relations,3,0.2,True
high_school_us_history,public_relations,5,0.1111111111111111,True
high_school_us_history,public_relations,10,0.38461538461538464,True
high_school_us_history,security_studies,1,0.0,True
high_school_us_history,security_studies,3,0.2,True
high_school_us_history,security_studies,5,0.25,True
high_school_us_history,security_studies,10,0.5384615384615384,True
high_school_us_history,sociology,1,1.0,True
high_school_us_history,sociology,3,0.2,True
high_school_us_history,sociology,5,0.42857142857142855,True
high_school_us_history,sociology,10,0.5833333333333334,True
high_school_us_history,us_foreign_policy,1,0.0,True
high_school_us_history,us_foreign_policy,3,0.0,True
high_school_us_history,us_foreign_policy,5,0.0,True
high_school_us_history,us_foreign_policy,10,0.35714285714285715,True
high_school_us_history,virology,1,0.0,True
high_school_us_history,virology,3,0.25,True
high_school_us_history,virology,5,0.2857142857142857,True
high_school_us_history,virology,10,0.5384615384615384,True
high_school_us_history,world_religions,1,0.0,True
high_school_us_history,world_religions,3,0.25,True
high_school_us_history,world_religions,5,0.2857142857142857,True
high_school_us_history,world_religions,10,0.5384615384615384,True
high_school_world_history,human_aging,1,0.0,True
high_school_world_history,human_aging,3,0.5,True
high_school_world_history,human_aging,5,0.42857142857142855,True
high_school_world_history,human_aging,10,0.8,True
high_school_world_history,human_sexuality,1,0.0,True
high_school_world_history,human_sexuality,3,0.0,True
high_school_world_history,human_sexuality,5,0.125,True
high_school_world_history,human_sexuality,10,0.42857142857142855,True
high_school_world_history,international_law,1,1.0,True
high_school_world_history,international_law,3,0.25,True
high_school_world_history,international_law,5,0.42857142857142855,True
high_school_world_history,international_law,10,0.46153846153846156,True
high_school_world_history,jurisprudence,1,1.0,True
high_school_world_history,jurisprudence,3,0.0,True
high_school_world_history,jurisprudence,5,0.25,True
high_school_world_history,jurisprudence,10,0.5,True
high_school_world_history,logical_fallacies,1,0.0,True
high_school_world_history,logical_fallacies,3,0.2,True
high_school_world_history,logical_fallacies,5,0.25,True
high_school_world_history,logical_fallacies,10,0.46153846153846156,True
high_school_world_history,machine_learning,1,0.0,True
high_school_world_history,machine_learning,3,0.2,True
high_school_world_history,machine_learning,5,0.2857142857142857,True
high_school_world_history,machine_learning,10,0.5833333333333334,True
high_school_world_history,management,1,1.0,True
high_school_world_history,management,3,0.4,True
high_school_world_history,management,5,0.5,True
high_school_world_history,management,10,0.7272727272727273,True
high_school_world_history,marketing,1,0.0,True
high_school_world_history,marketing,3,0.2,True
high_school_world_history,marketing,5,0.25,True
high_school_world_history,marketing,10,0.5,True
high_school_world_history,medical_genetics,1,0.0,True
high_school_world_history,medical_genetics,3,0.2,True
high_school_world_history,medical_genetics,5,0.42857142857142855,True
high_school_world_history,medical_genetics,10,0.6363636363636364,True
high_school_world_history,miscellaneous,1,0.0,True
high_school_world_history,miscellaneous,3,0.2,True
high_school_world_history,miscellaneous,5,0.25,True
high_school_world_history,miscellaneous,10,0.5,True
high_school_world_history,moral_disputes,1,0.0,True
high_school_world_history,moral_disputes,3,0.25,True
high_school_world_history,moral_disputes,5,0.2857142857142857,True
high_school_world_history,moral_disputes,10,0.7272727272727273,True
high_school_world_history,moral_scenarios,1,0.0,True
high_school_world_history,moral_scenarios,3,0.5,True
high_school_world_history,moral_scenarios,5,0.6666666666666666,True
high_school_world_history,moral_scenarios,10,0.5833333333333334,True
high_school_world_history,nutrition,1,0.0,True
high_school_world_history,nutrition,3,0.2,True
high_school_world_history,nutrition,5,0.6666666666666666,True
high_school_world_history,nutrition,10,0.5833333333333334,True
high_school_world_history,philosophy,1,0.0,True
high_school_world_history,philosophy,3,0.5,True
high_school_world_history,philosophy,5,0.42857142857142855,True
high_school_world_history,philosophy,10,0.7272727272727273,True
high_school_world_history,prehistory,1,0.0,True
high_school_world_history,prehistory,3,0.2,True
high_school_world_history,prehistory,5,0.42857142857142855,True
high_school_world_history,prehistory,10,0.7272727272727273,True
high_school_world_history,professional_accounting,1,0.0,True
high_school_world_history,professional_accounting,3,0.2,True
high_school_world_history,professional_accounting,5,0.25,True
high_school_world_history,professional_accounting,10,0.5,True
high_school_world_history,professional_law,1,0.0,True
high_school_world_history,professional_law,3,0.2,True
high_school_world_history,professional_law,5,0.42857142857142855,True
high_school_world_history,professional_law,10,0.5833333333333334,True
high_school_world_history,professional_medicine,1,0.0,True
high_school_world_history,professional_medicine,3,0.5,True
high_school_world_history,professional_medicine,5,0.42857142857142855,True
high_school_world_history,professional_medicine,10,0.5833333333333334,True
high_school_world_history,professional_psychology,1,0.0,True
high_school_world_history,professional_psychology,3,0.2,True
high_school_world_history,professional_psychology,5,0.42857142857142855,True
high_school_world_history,professional_psychology,10,0.7272727272727273,True
high_school_world_history,public_relations,1,0.0,True
high_school_world_history,public_relations,3,0.2,True
high_school_world_history,public_relations,5,0.1111111111111111,True
high_school_world_history,public_relations,10,0.3076923076923077,True
high_school_world_history,security_studies,1,0.0,True
high_school_world_history,security_studies,3,0.5,True
high_school_world_history,security_studies,5,0.42857142857142855,True
high_school_world_history,security_studies,10,0.5833333333333334,True
high_school_world_history,sociology,1,0.0,True
high_school_world_history,sociology,3,0.2,True
high_school_world_history,sociology,5,0.42857142857142855,True
high_school_world_history,sociology,10,0.6363636363636364,True
high_school_world_history,us_foreign_policy,1,0.0,True
high_school_world_history,us_foreign_policy,3,0.0,True
high_school_world_history,us_foreign_policy,5,0.0,True
high_school_world_history,us_foreign_policy,10,0.2857142857142857,True
high_school_world_history,virology,1,1.0,True
high_school_world_history,virology,3,0.0,True
high_school_world_history,virology,5,0.125,True
high_school_world_history,virology,10,0.46153846153846156,True
high_school_world_history,world_religions,1,0.0,True
high_school_world_history,world_religions,3,0.0,True
high_school_world_history,world_religions,5,0.2857142857142857,True
high_school_world_history,world_religions,10,0.46153846153846156,True
human_aging,human_sexuality,1,1.0,True
human_aging,human_sexuality,3,0.2,True
human_aging,human_sexuality,5,0.125,True
human_aging,human_sexuality,10,0.3333333333333333,True
human_aging,international_law,1,0.0,True
human_aging,international_law,3,0.6666666666666666,True
human_aging,international_law,5,0.42857142857142855,True
human_aging,international_law,10,0.35714285714285715,True
human_aging,jurisprudence,1,0.0,True
human_aging,jurisprudence,3,0.2,True
human_aging,jurisprudence,5,0.25,True
human_aging,jurisprudence,10,0.5,True
human_aging,logical_fallacies,1,0.0,True
human_aging,logical_fallacies,3,0.5,True
human_aging,logical_fallacies,5,0.25,True
human_aging,logical_fallacies,10,0.46153846153846156,True
human_aging,machine_learning,1,0.0,True
human_aging,machine_learning,3,0.5,True
human_aging,machine_learning,5,0.2857142857142857,True
human_aging,machine_learning,10,0.5833333333333334,True
human_aging,management,1,0.0,True
human_aging,management,3,0.16666666666666666,True
human_aging,management,5,0.2857142857142857,True
human_aging,management,10,0.5833333333333334,True
human_aging,marketing,1,0.0,True
human_aging,marketing,3,0.2,True
human_aging,marketing,5,0.25,True
human_aging,marketing,10,0.6363636363636364,True
human_aging,medical_genetics,1,1.0,True
human_aging,medical_genetics,3,0.5,True
human_aging,medical_genetics,5,0.42857142857142855,True
human_aging,medical_genetics,10,0.6363636363636364,True
human_aging,miscellaneous,1,1.0,True
human_aging,miscellaneous,3,0.5,True
human_aging,miscellaneous,5,0.25,True
human_aging,miscellaneous,10,0.38461538461538464,True
human_aging,moral_disputes,1,1.0,True
human_aging,moral_disputes,3,0.6666666666666666,True
human_aging,moral_disputes,5,0.2857142857142857,True
human_aging,moral_disputes,10,0.7272727272727273,True
human_aging,moral_scenarios,1,0.0,True
human_aging,moral_scenarios,3,0.5,True
human_aging,moral_scenarios,5,0.25,True
human_aging,moral_scenarios,10,0.46153846153846156,True
human_aging,nutrition,1,0.0,True
human_aging,nutrition,3,0.5,True
human_aging,nutrition,5,0.42857142857142855,True
human_aging,nutrition,10,0.5833333333333334,True
human_aging,philosophy,1,1.0,True
human_aging,philosophy,3,0.5,True
human_aging,philosophy,5,0.42857142857142855,True
human_aging,philosophy,10,0.7272727272727273,True
human_aging,prehistory,1,0.0,True
human_aging,prehistory,3,0.5,True
human_aging,prehistory,5,0.42857142857142855,True
human_aging,prehistory,10,0.5833333333333334,True
human_aging,professional_accounting,1,1.0,True
human_aging,professional_accounting,3,0.5,True
human_aging,professional_accounting,5,0.25,True
human_aging,professional_accounting,10,0.5,True
human_aging,professional_law,1,1.0,True
human_aging,professional_law,3,0.5,True
human_aging,professional_law,5,0.42857142857142855,True
human_aging,professional_law,10,0.46153846153846156,True
human_aging,professional_medicine,1,1.0,True
human_aging,professional_medicine,3,1.0,True
human_aging,professional_medicine,5,0.42857142857142855,True
human_aging,professional_medicine,10,0.5833333333333334,True
human_aging,professional_psychology,1,1.0,True
human_aging,professional_psychology,3,0.2,True
human_aging,professional_psychology,5,0.42857142857142855,True
human_aging,professional_psychology,10,0.5833333333333334,True
human_aging,public_relations,1,0.0,True
human_aging,public_relations,3,0.5,True
human_aging,public_relations,5,0.25,True
human_aging,public_relations,10,0.21428571428571427,True
human_aging,security_studies,1,0.0,True
human_aging,security_studies,3,0.5,True
human_aging,security_studies,5,0.25,True
human_aging,security_studies,10,0.5833333333333334,True
human_aging,sociology,1,1.0,True
human_aging,sociology,3,0.5,True
human_aging,sociology,5,0.42857142857142855,True
human_aging,sociology,10,0.6363636363636364,True
human_aging,us_foreign_policy,1,0.0,True
human_aging,us_foreign_policy,3,0.0,True
human_aging,us_foreign_policy,5,0.0,True
human_aging,us_foreign_policy,10,0.38461538461538464,True
human_aging,virology,1,0.0,True
human_aging,virology,3,0.25,True
human_aging,virology,5,0.2857142857142857,True
human_aging,virology,10,0.35714285714285715,True
human_aging,world_religions,1,0.0,True
human_aging,world_religions,3,0.25,True
human_aging,world_religions,5,0.5,True
human_aging,world_religions,10,0.5833333333333334,True
human_sexuality,international_law,1,0.0,True
human_sexuality,international_law,3,0.25,True
human_sexuality,international_law,5,0.125,True
human_sexuality,international_law,10,0.5,True
human_sexuality,jurisprudence,1,0.0,True
human_sexuality,jurisprudence,3,0.2,True
human_sexuality,jurisprudence,5,0.125,True
human_sexuality,jurisprudence,10,0.3333333333333333,True
human_sexuality,logical_fallacies,1,0.0,True
human_sexuality,logical_fallacies,3,0.5,True
human_sexuality,logical_fallacies,5,0.2857142857142857,True
human_sexuality,logical_fallacies,10,0.6153846153846154,True
human_sexuality,machine_learning,1,0.0,True
human_sexuality,machine_learning,3,0.2,True
human_sexuality,machine_learning,5,0.3333333333333333,True
human_sexuality,machine_learning,10,0.4,True
human_sexuality,management,1,0.0,True
human_sexuality,management,3,0.0,True
human_sexuality,management,5,0.0,True
human_sexuality,management,10,0.4,True
human_sexuality,marketing,1,0.0,True
human_sexuality,marketing,3,0.2,True
human_sexuality,marketing,5,0.2857142857142857,True
human_sexuality,marketing,10,0.5384615384615384,True
human_sexuality,medical_genetics,1,1.0,True
human_sexuality,medical_genetics,3,0.2,True
human_sexuality,medical_genetics,5,0.125,True
human_sexuality,medical_genetics,10,0.3333333333333333,True
human_sexuality,miscellaneous,1,1.0,True
human_sexuality,miscellaneous,3,0.5,True
human_sexuality,miscellaneous,5,0.2857142857142857,True
human_sexuality,miscellaneous,10,0.42857142857142855,True
human_sexuality,moral_disputes,1,1.0,True
human_sexuality,moral_disputes,3,0.25,True
human_sexuality,moral_disputes,5,0.3333333333333333,True
human_sexuality,moral_disputes,10,0.4,True
human_sexuality,moral_scenarios,1,0.0,True
human_sexuality,moral_scenarios,3,0.0,True
human_sexuality,moral_scenarios,5,0.2857142857142857,True
human_sexuality,moral_scenarios,10,0.3125,True
human_sexuality,nutrition,1,0.0,True
human_sexuality,nutrition,3,0.5,True
human_sexuality,nutrition,5,0.2857142857142857,True
human_sexuality,nutrition,10,0.5,True
human_sexuality,philosophy,1,1.0,True
human_sexuality,philosophy,3,0.2,True
human_sexuality,philosophy,5,0.2857142857142857,True
human_sexuality,philosophy,10,0.5,True
human_sexuality,prehistory,1,0.0,True
human_sexuality,prehistory,3,0.5,True
human_sexuality,prehistory,5,0.2857142857142857,True
human_sexuality,prehistory,10,0.5,True
human_sexuality,professional_accounting,1,1.0,True
human_sexuality,professional_accounting,3,0.5,True
human_sexuality,professional_accounting,5,0.2857142857142857,True
human_sexuality,professional_accounting,10,0.3333333333333333,True
human_sexuality,professional_law,1,1.0,True
human_sexuality,professional_law,3,0.2,True
human_sexuality,professional_law,5,0.125,True
human_sexuality,professional_law,10,0.3125,True
human_sexuality,professional_medicine,1,1.0,True
human_sexuality,professional_medicine,3,0.2,True
human_sexuality,professional_medicine,5,0.125,True
human_sexuality,professional_medicine,10,0.4,True
human_sexuality,professional_psychology,1,1.0,True
human_sexuality,professional_psychology,3,0.5,True
human_sexuality,professional_psychology,5,0.2857142857142857,True
human_sexuality,professional_psychology,10,0.5,True
human_sexuality,public_relations,1,0.0,True
human_sexuality,public_relations,3,0.5,True
human_sexuality,public_relations,5,0.2857142857142857,True
human_sexuality,public_relations,10,0.35714285714285715,True
human_sexuality,security_studies,1,0.0,True
human_sexuality,security_studies,3,0.0,True
human_sexuality,security_studies,5,0.125,True
human_sexuality,security_studies,10,0.5,True
human_sexuality,sociology,1,1.0,True
human_sexuality,sociology,3,0.5,True
human_sexuality,sociology,5,0.2857142857142857,True
human_sexuality,sociology,10,0.42857142857142855,True
human_sexuality,us_foreign_policy,1,0.0,True
human_sexuality,us_foreign_policy,3,0.0,True
human_sexuality,us_foreign_policy,5,0.125,True
human_sexuality,us_foreign_policy,10,0.3333333333333333,True
human_sexuality,virology,1,0.0,True
human_sexuality,virology,3,0.25,True
human_sexuality,virology,5,0.6,True
human_sexuality,virology,10,0.5,True
human_sexuality,world_religions,1,0.0,True
human_sexuality,world_religions,3,0.25,True
human_sexuality,world_religions,5,0.14285714285714285,True
human_sexuality,world_religions,10,0.4,True
international_law,jurisprudence,1,1.0,True
international_law,jurisprudence,3,0.25,True
international_law,jurisprudence,5,0.6666666666666666,True
international_law,jurisprudence,10,0.46153846153846156,True
international_law,logical_fallacies,1,0.0,True
international_law,logical_fallacies,3,0.6666666666666666,True
international_law,logical_fallacies,5,0.25,True
international_law,logical_fallacies,10,0.5384615384615384,True
international_law,machine_learning,1,0.0,True
international_law,machine_learning,3,0.6666666666666666,True
international_law,machine_learning,5,0.2857142857142857,True
international_law,machine_learning,10,0.5384615384615384,True
international_law,management,1,1.0,True
international_law,management,3,0.0,True
international_law,management,5,0.2857142857142857,True
international_law,management,10,0.3333333333333333,True
international_law,marketing,1,0.0,True
international_law,marketing,3,0.25,True
international_law,marketing,5,0.25,True
international_law,marketing,10,0.35714285714285715,True
international_law,medical_genetics,1,0.0,True
international_law,medical_genetics,3,0.6666666666666666,True
international_law,medical_genetics,5,0.6666666666666666,True
international_law,medical_genetics,10,0.46153846153846156,True
international_law,miscellaneous,1,0.0,True
international_law,miscellaneous,3,0.6666666666666666,True
international_law,miscellaneous,5,0.25,True
international_law,miscellaneous,10,0.35714285714285715,True
international_law,moral_disputes,1,0.0,True
international_law,moral_disputes,3,1.0,True
international_law,moral_disputes,5,0.2857142857142857,True
international_law,moral_disputes,10,0.42857142857142855,True
international_law,moral_scenarios,1,0.0,True
international_law,moral_scenarios,3,0.25,True
international_law,moral_scenarios,5,0.42857142857142855,True
international_law,moral_scenarios,10,0.3333333333333333,True
international_law,nutrition,1,0.0,True
international_law,nutrition,3,0.6666666666666666,True
international_law,nutrition,5,0.6666666666666666,True
international_law,nutrition,10,0.5384615384615384,True
international_law,philosophy,1,0.0,True
international_law,philosophy,3,0.6666666666666666,True
international_law,philosophy,5,0.25,True
international_law,philosophy,10,0.5384615384615384,True
international_law,prehistory,1,0.0,True
international_law,prehistory,3,0.6666666666666666,True
international_law,prehistory,5,0.25,True
international_law,prehistory,10,0.5384615384615384,True
international_law,professional_accounting,1,0.0,True
international_law,professional_accounting,3,0.6666666666666666,True
international_law,professional_accounting,5,0.25,True
international_law,professional_accounting,10,0.46153846153846156,True
international_law,professional_law,1,0.0,True
international_law,professional_law,3,0.6666666666666666,True
international_law,professional_law,5,0.6666666666666666,True
international_law,professional_law,10,0.42857142857142855,True
international_law,professional_medicine,1,0.0,True
international_law,professional_medicine,3,0.6666666666666666,True
international_law,professional_medicine,5,0.6666666666666666,True
international_law,professional_medicine,10,0.5384615384615384,True
international_law,professional_psychology,1,0.0,True
international_law,professional_psychology,3,0.25,True
international_law,professional_psychology,5,0.25,True
international_law,professional_psychology,10,0.5384615384615384,True
international_law,public_relations,1,0.0,True
international_law,public_relations,3,0.6666666666666666,True
international_law,public_relations,5,0.25,True
international_law,public_relations,10,0.5,True
international_law,security_studies,1,0.0,True
international_law,security_studies,3,0.25,True
international_law,security_studies,5,0.42857142857142855,True
international_law,security_studies,10,0.5384615384615384,True
international_law,sociology,1,0.0,True
international_law,sociology,3,0.6666666666666666,True
international_law,sociology,5,0.25,True
international_law,sociology,10,0.46153846153846156,True
international_law,us_foreign_policy,1,0.0,True
international_law,us_foreign_policy,3,0.0,True
international_law,us_foreign_policy,5,0.1111111111111111,True
international_law,us_foreign_policy,10,0.35714285714285715,True
international_law,virology,1,1.0,True
international_law,virology,3,0.3333333333333333,True
international_law,virology,5,0.125,True
international_law,virology,10,0.5384615384615384,True
international_law,world_religions,1,0.0,True
international_law,world_religions,3,0.3333333333333333,True
international_law,world_religions,5,0.2857142857142857,True
international_law,world_religions,10,0.5384615384615384,True
jurisprudence,logical_fallacies,1,0.0,True
jurisprudence,logical_fallacies,3,0.2,True
jurisprudence,logical_fallacies,5,0.25,True
jurisprudence,logical_fallacies,10,0.35714285714285715,True
jurisprudence,machine_learning,1,0.0,True
jurisprudence,machine_learning,3,0.2,True
jurisprudence,machine_learning,5,0.125,True
jurisprudence,machine_learning,10,0.7272727272727273,True
jurisprudence,management,1,1.0,True
jurisprudence,management,3,0.16666666666666666,True
jurisprudence,management,5,0.2857142857142857,True
jurisprudence,management,10,0.46153846153846156,True
jurisprudence,marketing,1,0.0,True
jurisprudence,marketing,3,0.0,True
jurisprudence,marketing,5,0.1111111111111111,True
jurisprudence,marketing,10,0.38461538461538464,True
jurisprudence,medical_genetics,1,0.0,True
jurisprudence,medical_genetics,3,0.5,True
jurisprudence,medical_genetics,5,0.42857142857142855,True
jurisprudence,medical_genetics,10,0.8,True
jurisprudence,miscellaneous,1,0.0,True
jurisprudence,miscellaneous,3,0.2,True
jurisprudence,miscellaneous,5,0.1111111111111111,True
jurisprudence,miscellaneous,10,0.38461538461538464,True
jurisprudence,moral_disputes,1,0.0,True
jurisprudence,moral_disputes,3,0.25,True
jurisprudence,moral_disputes,5,0.125,True
jurisprudence,moral_disputes,10,0.5833333333333334,True
jurisprudence,moral_scenarios,1,0.0,True
jurisprudence,moral_scenarios,3,0.2,True
jurisprudence,moral_scenarios,5,0.25,True
jurisprudence,moral_scenarios,10,0.5833333333333334,True
jurisprudence,nutrition,1,0.0,True
jurisprudence,nutrition,3,0.2,True
jurisprudence,nutrition,5,0.42857142857142855,True
jurisprudence,nutrition,10,0.7272727272727273,True
jurisprudence,philosophy,1,0.0,True
jurisprudence,philosophy,3,0.2,True
jurisprudence,philosophy,5,0.1111111111111111,True
jurisprudence,philosophy,10,0.46153846153846156,True
jurisprudence,prehistory,1,0.0,True
jurisprudence,prehistory,3,0.2,True
jurisprudence,prehistory,5,0.1111111111111111,True
jurisprudence,prehistory,10,0.5833333333333334,True
jurisprudence,professional_accounting,1,0.0,True
jurisprudence,professional_accounting,3,0.2,True
jurisprudence,professional_accounting,5,0.25,True
jurisprudence,professional_accounting,10,1.0,True
jurisprudence,professional_law,1,0.0,True
jurisprudence,professional_law,3,0.2,True
jurisprudence,professional_law,5,0.42857142857142855,True
jurisprudence,professional_law,10,0.7272727272727273,True
jurisprudence,professional_medicine,1,0.0,True
jurisprudence,professional_medicine,3,0.2,True
jurisprudence,professional_medicine,5,0.42857142857142855,True
jurisprudence,professional_medicine,10,0.7272727272727273,True
jurisprudence,professional_psychology,1,0.0,True
jurisprudence,professional_psychology,3,0.2,True
jurisprudence,professional_psychology,5,0.1111111111111111,True
jurisprudence,professional_psychology,10,0.5833333333333334,True
jurisprudence,public_relations,1,0.0,True
jurisprudence,public_relations,3,0.2,True
jurisprudence,public_relations,5,0.1111111111111111,True
jurisprudence,public_relations,10,0.3076923076923077,True
jurisprudence,security_studies,1,0.0,True
jurisprudence,security_studies,3,0.0,True
jurisprudence,security_studies,5,0.25,True
jurisprudence,security_studies,10,0.7272727272727273,True
jurisprudence,sociology,1,0.0,True
jurisprudence,sociology,3,0.2,True
jurisprudence,sociology,5,0.1111111111111111,True
jurisprudence,sociology,10,0.6363636363636364,True
jurisprudence,us_foreign_policy,1,0.0,True
jurisprudence,us_foreign_policy,3,0.0,True
jurisprudence,us_foreign_policy,5,0.1111111111111111,True
jurisprudence,us_foreign_policy,10,0.2857142857142857,True
jurisprudence,virology,1,1.0,True
jurisprudence,virology,3,0.25,True
jurisprudence,virology,5,0.125,True
jurisprudence,virology,10,0.26666666666666666,True
jurisprudence,world_religions,1,0.0,True
jurisprudence,world_religions,3,0.25,True
jurisprudence,world_religions,5,0.125,True
jurisprudence,world_religions,10,0.46153846153846156,True
logical_fallacies,machine_learning,1,1.0,True
logical_fallacies,machine_learning,3,0.5,True
logical_fallacies,machine_learning,5,0.8,True
logical_fallacies,machine_learning,10,0.42857142857142855,True
logical_fallacies,management,1,0.0,True
logical_fallacies,management,3,0.0,True
logical_fallacies,management,5,0.125,True
logical_fallacies,management,10,0.3333333333333333,True
logical_fallacies,marketing,1,1.0,True
logical_fallacies,marketing,3,0.5,True
logical_fallacies,marketing,5,0.6666666666666666,True
logical_fallacies,marketing,10,0.5833333333333334,True
logical_fallacies,medical_genetics,1,0.0,True
logical_fallacies,medical_genetics,3,0.5,True
logical_fallacies,medical_genetics,5,0.42857142857142855,True
logical_fallacies,medical_genetics,10,0.35714285714285715,True
logical_fallacies,miscellaneous,1,0.0,True
logical_fallacies,miscellaneous,3,1.0,True
logical_fallacies,miscellaneous,5,0.6666666666666666,True
logical_fallacies,miscellaneous,10,0.5833333333333334,True
logical_fallacies,moral_disputes,1,0.0,True
logical_fallacies,moral_disputes,3,0.6666666666666666,True
logical_fallacies,moral_disputes,5,0.5,True
logical_fallacies,moral_disputes,10,0.5384615384615384,True
logical_fallacies,moral_scenarios,1,1.0,True
logical_fallacies,moral_scenarios,3,0.2,True
logical_fallacies,moral_scenarios,5,0.25,True
logical_fallacies,moral_scenarios,10,0.3333333333333333,True
logical_fallacies,nutrition,1,1.0,True
logical_fallacies,nutrition,3,1.0,True
logical_fallacies,nutrition,5,0.42857142857142855,True
logical_fallacies,nutrition,10,0.5384615384615384,True
logical_fallacies,philosophy,1,0.0,True
logical_fallacies,philosophy,3,0.5,True
logical_fallacies,philosophy,5,0.42857142857142855,True
logical_fallacies,philosophy,10,0.6666666666666666,True
logical_fallacies,prehistory,1,1.0,True
logical_fallacies,prehistory,3,1.0,True
logical_fallacies,prehistory,5,0.6666666666666666,True
logical_fallacies,prehistory,10,0.5384615384615384,True
logical_fallacies,professional_accounting,1,0.0,True
logical_fallacies,professional_accounting,3,1.0,True
logical_fallacies,professional_accounting,5,1.0,True
logical_fallacies,professional_accounting,10,0.35714285714285715,True
logical_fallacies,professional_law,1,0.0,True
logical_fallacies,professional_law,3,0.5,True
logical_fallacies,professional_law,5,0.42857142857142855,True
logical_fallacies,professional_law,10,0.3333333333333333,True
logical_fallacies,professional_medicine,1,0.0,True
logical_fallacies,professional_medicine,3,0.5,True
logical_fallacies,professional_medicine,5,0.42857142857142855,True
logical_fallacies,professional_medicine,10,0.42857142857142855,True
logical_fallacies,professional_psychology,1,0.0,True
logical_fallacies,professional_psychology,3,0.5,True
logical_fallacies,professional_psychology,5,0.6666666666666666,True
logical_fallacies,professional_psychology,10,0.5384615384615384,True
logical_fallacies,public_relations,1,0.0,True
logical_fallacies,public_relations,3,0.5,True
logical_fallacies,public_relations,5,0.42857142857142855,True
logical_fallacies,public_relations,10,0.5,True
logical_fallacies,security_studies,1,0.0,True
logical_fallacies,security_studies,3,0.2,True
logical_fallacies,security_studies,5,0.25,True
logical_fallacies,security_studies,10,0.5384615384615384,True
logical_fallacies,sociology,1,0.0,True
logical_fallacies,sociology,3,1.0,True
logical_fallacies,sociology,5,0.6666666666666666,True
logical_fallacies,sociology,10,0.46153846153846156,True
logical_fallacies,us_foreign_policy,1,0.0,True
logical_fallacies,us_foreign_policy,3,0.0,True
logical_fallacies,us_foreign_policy,5,0.1111111111111111,True
logical_fallacies,us_foreign_policy,10,0.5833333333333334,True
logical_fallacies,virology,1,0.0,True
logical_fallacies,virology,3,0.25,True
logical_fallacies,virology,5,0.125,True
logical_fallacies,virology,10,0.42857142857142855,True
logical_fallacies,world_religions,1,0.0,True
logical_fallacies,world_religions,3,0.25,True
logical_fallacies,world_religions,5,0.2857142857142857,True
logical_fallacies,world_religions,10,0.5384615384615384,True
machine_learning,management,1,0.0,True
machine_learning,management,3,0.16666666666666666,True
machine_learning,management,5,0.14285714285714285,True
machine_learning,management,10,0.5384615384615384,True
machine_learning,marketing,1,1.0,True
machine_learning,marketing,3,0.5,True
machine_learning,marketing,5,0.8,True
machine_learning,marketing,10,0.5833333333333334,True
machine_learning,medical_genetics,1,0.0,True
machine_learning,medical_genetics,3,0.5,True
machine_learning,medical_genetics,5,0.5,True
machine_learning,medical_genetics,10,0.9,True
machine_learning,miscellaneous,1,0.0,True
machine_learning,miscellaneous,3,0.5,True
machine_learning,miscellaneous,5,0.8,True
machine_learning,miscellaneous,10,0.5833333333333334,True
machine_learning,moral_disputes,1,0.0,True
machine_learning,moral_disputes,3,0.6666666666666666,True
machine_learning,moral_disputes,5,0.6,True
machine_learning,moral_disputes,10,0.6666666666666666,True
machine_learning,moral_scenarios,1,1.0,True
machine_learning,moral_scenarios,3,0.2,True
machine_learning,moral_scenarios,5,0.2857142857142857,True
machine_learning,moral_scenarios,10,0.5384615384615384,True
machine_learning,nutrition,1,1.0,True
machine_learning,nutrition,3,0.5,True
machine_learning,nutrition,5,0.5,True
machine_learning,nutrition,10,0.6666666666666666,True
machine_learning,philosophy,1,0.0,True
machine_learning,philosophy,3,0.5,True
machine_learning,philosophy,5,0.5,True
machine_learning,philosophy,10,0.5384615384615384,True
machine_learning,prehistory,1,1.0,True
machine_learning,prehistory,3,0.5,True
machine_learning,prehistory,5,0.8,True
machine_learning,prehistory,10,0.8181818181818182,True
machine_learning,professional_accounting,1,0.0,True
machine_learning,professional_accounting,3,0.5,True
machine_learning,professional_accounting,5,0.8,True
machine_learning,professional_accounting,10,0.7272727272727273,True
machine_learning,professional_law,1,0.0,True
machine_learning,professional_law,3,1.0,True
machine_learning,professional_law,5,0.5,True
machine_learning,professional_law,10,0.6666666666666666,True
machine_learning,professional_medicine,1,0.0,True
machine_learning,professional_medicine,3,0.5,True
machine_learning,professional_medicine,5,0.5,True
machine_learning,professional_medicine,10,0.8181818181818182,True
machine_learning,professional_psychology,1,0.0,True
machine_learning,professional_psychology,3,0.2,True
machine_learning,professional_psychology,5,0.8,True
machine_learning,professional_psychology,10,0.6666666666666666,True
machine_learning,public_relations,1,0.0,True
machine_learning,public_relations,3,0.5,True
machine_learning,public_relations,5,0.5,True
machine_learning,public_relations,10,0.38461538461538464,True
machine_learning,security_studies,1,0.0,True
machine_learning,security_studies,3,0.2,True
machine_learning,security_studies,5,0.2857142857142857,True
machine_learning,security_studies,10,0.6666666666666666,True
machine_learning,sociology,1,0.0,True
machine_learning,sociology,3,0.5,True
machine_learning,sociology,5,0.8,True
machine_learning,sociology,10,0.7272727272727273,True
machine_learning,us_foreign_policy,1,0.0,True
machine_learning,us_foreign_policy,3,0.3333333333333333,True
machine_learning,us_foreign_policy,5,0.125,True
machine_learning,us_foreign_policy,10,0.46153846153846156,True
machine_learning,virology,1,0.0,True
machine_learning,virology,3,0.25,True
machine_learning,virology,5,0.14285714285714285,True
machine_learning,virology,10,0.42857142857142855,True
machine_learning,world_religions,1,0.0,True
machine_learning,world_religions,3,0.25,True
machine_learning,world_religions,5,0.3333333333333333,True
machine_learning,world_religions,10,0.6666666666666666,True
management,marketing,1,0.0,True
management,marketing,3,0.16666666666666666,True
management,marketing,5,0.125,True
management,marketing,10,0.35714285714285715,True
management,medical_genetics,1,0.0,True
management,medical_genetics,3,0.16666666666666666,True
management,medical_genetics,5,0.5,True
management,medical_genetics,10,0.5833333333333334,True
management,miscellaneous,1,0.0,True
management,miscellaneous,3,0.0,True
management,miscellaneous,5,0.125,True
management,miscellaneous,10,0.46153846153846156,True
management,moral_disputes,1,0.0,True
management,moral_disputes,3,0.0,True
management,moral_disputes,5,0.0,True
management,moral_disputes,10,0.6666666666666666,True
management,moral_scenarios,1,0.0,True
management,moral_scenarios,3,0.4,True
management,moral_scenarios,5,0.2857142857142857,True
management,moral_scenarios,10,0.6666666666666666,True
management,nutrition,1,0.0,True
management,nutrition,3,0.0,True
management,nutrition,5,0.2857142857142857,True
management,nutrition,10,0.5384615384615384,True
management,philosophy,1,0.0,True
management,philosophy,3,0.16666666666666666,True
management,philosophy,5,0.125,True
management,philosophy,10,0.5384615384615384,True
management,prehistory,1,0.0,True
management,prehistory,3,0.0,True
management,prehistory,5,0.2857142857142857,True
management,prehistory,10,0.6666666666666666,True
management,professional_accounting,1,0.0,True
management,professional_accounting,3,0.0,True
management,professional_accounting,5,0.125,True
management,professional_accounting,10,0.46153846153846156,True
management,professional_law,1,0.0,True
management,professional_law,3,0.16666666666666666,True
management,professional_law,5,0.5,True
management,professional_law,10,0.5384615384615384,True
management,professional_medicine,1,0.0,True
management,professional_medicine,3,0.16666666666666666,True
management,professional_medicine,5,0.5,True
management,professional_medicine,10,0.5384615384615384,True
management,professional_psychology,1,0.0,True
management,professional_psychology,3,0.16666666666666666,True
management,professional_psychology,5,0.2857142857142857,True
management,professional_psychology,10,0.6666666666666666,True
management,public_relations,1,0.0,True
management,public_relations,3,0.0,True
management,public_relations,5,0.125,True
management,public_relations,10,0.2,True
management,security_studies,1,0.0,True
management,security_studies,3,0.16666666666666666,True
management,security_studies,5,0.5,True
management,security_studies,10,0.5384615384615384,True
management,sociology,1,0.0,True
management,sociology,3,0.0,True
management,sociology,5,0.2857142857142857,True
management,sociology,10,0.5833333333333334,True
management,us_foreign_policy,1,0.0,True
management,us_foreign_policy,3,0.25,True
management,us_foreign_policy,5,0.125,True
management,us_foreign_policy,10,0.26666666666666666,True
management,virology,1,1.0,True
management,virology,3,0.0,True
management,virology,5,0.14285714285714285,True
management,virology,10,0.42857142857142855,True
management,world_religions,1,0.0,True
management,world_religions,3,0.0,True
management,world_religions,5,0.14285714285714285,True
management,world_religions,10,0.42857142857142855,True
marketing,medical_genetics,1,0.0,True
marketing,medical_genetics,3,0.2,True
marketing,medical_genetics,5,0.42857142857142855,True
marketing,medical_genetics,10,0.5,True
marketing,miscellaneous,1,0.0,True
marketing,miscellaneous,3,0.5,True
marketing,miscellaneous,5,0.6666666666666666,True
marketing,miscellaneous,10,0.5,True
marketing,moral_disputes,1,0.0,True
marketing,moral_disputes,3,0.25,True
marketing,moral_disputes,5,0.5,True
marketing,moral_disputes,10,0.5833333333333334,True
marketing,moral_scenarios,1,1.0,True
marketing,moral_scenarios,3,0.2,True
marketing,moral_scenarios,5,0.25,True
marketing,moral_scenarios,10,0.35714285714285715,True
marketing,nutrition,1,1.0,True
marketing,nutrition,3,0.5,True
marketing,nutrition,5,0.42857142857142855,True
marketing,nutrition,10,0.46153846153846156,True
marketing,philosophy,1,0.0,True
marketing,philosophy,3,0.2,True
marketing,philosophy,5,0.42857142857142855,True
marketing,philosophy,10,0.5833333333333334,True
marketing,prehistory,1,1.0,True
marketing,prehistory,3,0.5,True
marketing,prehistory,5,0.6666666666666666,True
marketing,prehistory,10,0.5833333333333334,True
marketing,professional_accounting,1,0.0,True
marketing,professional_accounting,3,0.5,True
marketing,professional_accounting,5,0.6666666666666666,True
marketing,professional_accounting,10,0.38461538461538464,True
marketing,professional_law,1,0.0,True
marketing,professional_law,3,0.5,True
marketing,professional_law,5,0.42857142857142855,True
marketing,professional_law,10,0.35714285714285715,True
marketing,professional_medicine,1,0.0,True
marketing,professional_medicine,3,0.2,True
marketing,professional_medicine,5,0.42857142857142855,True
marketing,professional_medicine,10,0.46153846153846156,True
marketing,professional_psychology,1,0.0,True
marketing,professional_psychology,3,0.2,True
marketing,professional_psychology,5,0.6666666666666666,True
marketing,professional_psychology,10,0.46153846153846156,True
marketing,public_relations,1,0.0,True
marketing,public_relations,3,0.2,True
marketing,public_relations,5,0.42857142857142855,True
marketing,public_relations,10,0.3076923076923077,True
marketing,security_studies,1,0.0,True
marketing,security_studies,3,0.2,True
marketing,security_studies,5,0.25,True
marketing,security_studies,10,0.46153846153846156,True
marketing,sociology,1,0.0,True
marketing,sociology,3,0.5,True
marketing,sociology,5,0.6666666666666666,True
marketing,sociology,10,0.5,True
marketing,us_foreign_policy,1,0.0,True
marketing,us_foreign_policy,3,0.3333333333333333,True
marketing,us_foreign_policy,5,0.1111111111111111,True
marketing,us_foreign_policy,10,0.5,True
marketing,virology,1,0.0,True
marketing,virology,3,0.0,True
marketing,virology,5,0.125,True
marketing,virology,10,0.35714285714285715,True
marketing,world_religions,1,0.0,True
marketing,world_religions,3,0.0,True
marketing,world_religions,5,0.2857142857142857,True
marketing,world_religions,10,0.5833333333333334,True
medical_genetics,miscellaneous,1,1.0,True
medical_genetics,miscellaneous,3,0.5,True
medical_genetics,miscellaneous,5,0.42857142857142855,True
medical_genetics,miscellaneous,10,0.5,True
medical_genetics,moral_disputes,1,1.0,True
medical_genetics,moral_disputes,3,0.6666666666666666,True
medical_genetics,moral_disputes,5,0.2857142857142857,True
medical_genetics,moral_disputes,10,0.7272727272727273,True
medical_genetics,moral_scenarios,1,0.0,True
medical_genetics,moral_scenarios,3,0.5,True
medical_genetics,moral_scenarios,5,0.42857142857142855,True
medical_genetics,moral_scenarios,10,0.5833333333333334,True
medical_genetics,nutrition,1,0.0,True
medical_genetics,nutrition,3,0.5,True
medical_genetics,nutrition,5,0.6666666666666666,True
medical_genetics,nutrition,10,0.7272727272727273,True
medical_genetics,philosophy,1,1.0,True
medical_genetics,philosophy,3,0.5,True
medical_genetics,philosophy,5,0.25,True
medical_genetics,philosophy,10,0.5833333333333334,True
medical_genetics,prehistory,1,0.0,True
medical_genetics,prehistory,3,0.5,True
medical_genetics,prehistory,5,0.42857142857142855,True
medical_genetics,prehistory,10,0.7272727272727273,True
medical_genetics,professional_accounting,1,1.0,True
medical_genetics,professional_accounting,3,0.5,True
medical_genetics,professional_accounting,5,0.42857142857142855,True
medical_genetics,professional_accounting,10,0.8,True
medical_genetics,professional_law,1,1.0,True
medical_genetics,professional_law,3,0.5,True
medical_genetics,professional_law,5,1.0,True
medical_genetics,professional_law,10,0.7272727272727273,True
medical_genetics,professional_medicine,1,1.0,True
medical_genetics,professional_medicine,3,0.5,True
medical_genetics,professional_medicine,5,1.0,True
medical_genetics,professional_medicine,10,0.9,True
medical_genetics,professional_psychology,1,1.0,True
medical_genetics,professional_psychology,3,0.2,True
medical_genetics,professional_psychology,5,0.42857142857142855,True
medical_genetics,professional_psychology,10,0.7272727272727273,True
medical_genetics,public_relations,1,0.0,True
medical_genetics,public_relations,3,0.5,True
medical_genetics,public_relations,5,0.42857142857142855,True
medical_genetics,public_relations,10,0.3076923076923077,True
medical_genetics,security_studies,1,0.0,True
medical_genetics,security_studies,3,0.2,True
medical_genetics,security_studies,5,0.6666666666666666,True
medical_genetics,security_studies,10,0.7272727272727273,True
medical_genetics,sociology,1,1.0,True
medical_genetics,sociology,3,0.5,True
medical_genetics,sociology,5,0.42857142857142855,True
medical_genetics,sociology,10,0.8,True
medical_genetics,us_foreign_policy,1,0.0,True
medical_genetics,us_foreign_policy,3,0.0,True
medical_genetics,us_foreign_policy,5,0.1111111111111111,True
medical_genetics,us_foreign_policy,10,0.38461538461538464,True
medical_genetics,virology,1,0.0,True
medical_genetics,virology,3,0.25,True
medical_genetics,virology,5,0.125,True
medical_genetics,virology,10,0.35714285714285715,True
medical_genetics,world_religions,1,0.0,True
medical_genetics,world_religions,3,0.25,True
medical_genetics,world_religions,5,0.2857142857142857,True
medical_genetics,world_religions,10,0.5833333333333334,True
miscellaneous,moral_disputes,1,1.0,True
miscellaneous,moral_disputes,3,0.6666666666666666,True
miscellaneous,moral_disputes,5,0.5,True
miscellaneous,moral_disputes,10,0.5833333333333334,True
miscellaneous,moral_scenarios,1,0.0,True
miscellaneous,moral_scenarios,3,0.2,True
miscellaneous,moral_scenarios,5,0.25,True
miscellaneous,moral_scenarios,10,0.5833333333333334,True
miscellaneous,nutrition,1,0.0,True
miscellaneous,nutrition,3,1.0,True
miscellaneous,nutrition,5,0.42857142857142855,True
miscellaneous,nutrition,10,0.46153846153846156,True
miscellaneous,philosophy,1,1.0,True
miscellaneous,philosophy,3,0.5,True
miscellaneous,philosophy,5,0.42857142857142855,True
miscellaneous,philosophy,10,0.46153846153846156,True
miscellaneous,prehistory,1,0.0,True
miscellaneous,prehistory,3,1.0,True
miscellaneous,prehistory,5,0.6666666666666666,True
miscellaneous,prehistory,10,0.7272727272727273,True
miscellaneous,professional_accounting,1,1.0,True
miscellaneous,professional_accounting,3,1.0,True
miscellaneous,professional_accounting,5,0.6666666666666666,True
miscellaneous,professional_accounting,10,0.38461538461538464,True
miscellaneous,professional_law,1,1.0,True
miscellaneous,professional_law,3,0.5,True
miscellaneous,professional_law,5,0.42857142857142855,True
miscellaneous,professional_law,10,0.5833333333333334,True
miscellaneous,professional_medicine,1,1.0,True
miscellaneous,professional_medicine,3,0.5,True
miscellaneous,professional_medicine,5,0.42857142857142855,True
miscellaneous,professional_medicine,10,0.46153846153846156,True
miscellaneous,professional_psychology,1,1.0,True
miscellaneous,professional_psychology,3,0.5,True
miscellaneous,professional_psychology,5,0.6666666666666666,True
miscellaneous,professional_psychology,10,0.5833333333333334,True
miscellaneous,public_relations,1,0.0,True
miscellaneous,public_relations,3,0.5,True
miscellaneous,public_relations,5,0.6666666666666666,True
miscellaneous,public_relations,10,0.5454545454545454,True
miscellaneous,security_studies,1,0.0,True
miscellaneous,security_studies,3,0.2,True
miscellaneous,security_studies,5,0.25,True
miscellaneous,security_studies,10,0.46153846153846156,True
miscellaneous,sociology,1,1.0,True
miscellaneous,sociology,3,1.0,True
miscellaneous,sociology,5,0.6666666666666666,True
miscellaneous,sociology,10,0.5,True
miscellaneous,us_foreign_policy,1,0.0,True
miscellaneous,us_foreign_policy,3,0.0,True
miscellaneous,us_foreign_policy,5,0.1111111111111111,True
miscellaneous,us_foreign_policy,10,0.38461538461538464,True
miscellaneous,virology,1,0.0,True
miscellaneous,virology,3,0.25,True
miscellaneous,virology,5,0.125,True
miscellaneous,virology,10,0.35714285714285715,True
miscellaneous,world_religions,1,0.0,True
miscellaneous,world_religions,3,0.25,True
miscellaneous,world_religions,5,0.2857142857142857,True
miscellaneous,world_religions,10,0.46153846153846156,True
moral_disputes,moral_scenarios,1,0.0,True
moral_disputes,moral_scenarios,3,0.25,True
moral_disputes,moral_scenarios,5,0.2857142857142857,True
moral_disputes,moral_scenarios,10,0.6666666666666666,True
moral_disputes,nutrition,1,0.0,True
moral_disputes,nutrition,3,0.6666666666666666,True
moral_disputes,nutrition,5,0.5,True
moral_disputes,nutrition,10,0.6666666666666666,True
moral_disputes,philosophy,1,1.0,True
moral_disputes,philosophy,3,0.6666666666666666,True
moral_disputes,philosophy,5,0.5,True
moral_disputes,philosophy,10,0.8181818181818182,True
moral_disputes,prehistory,1,0.0,True
moral_disputes,prehistory,3,0.6666666666666666,True
moral_disputes,prehistory,5,0.5,True
moral_disputes,prehistory,10,0.8181818181818182,True
moral_disputes,professional_accounting,1,1.0,True
moral_disputes,professional_accounting,3,0.6666666666666666,True
moral_disputes,professional_accounting,5,0.5,True
moral_disputes,professional_accounting,10,0.5833333333333334,True
moral_disputes,professional_law,1,1.0,True
moral_disputes,professional_law,3,0.6666666666666666,True
moral_disputes,professional_law,5,0.2857142857142857,True
moral_disputes,professional_law,10,0.6666666666666666,True
moral_disputes,professional_medicine,1,1.0,True
moral_disputes,professional_medicine,3,0.6666666666666666,True
moral_disputes,professional_medicine,5,0.2857142857142857,True
moral_disputes,professional_medicine,10,0.6666666666666666,True
moral_disputes,professional_psychology,1,1.0,True
moral_disputes,professional_psychology,3,0.25,True
moral_disputes,professional_psychology,5,0.5,True
moral_disputes,professional_psychology,10,0.8181818181818182,True
moral_disputes,public_relations,1,0.0,True
moral_disputes,public_relations,3,0.6666666666666666,True
moral_disputes,public_relations,5,0.2857142857142857,True
moral_disputes,public_relations,10,0.2857142857142857,True
moral_disputes,security_studies,1,0.0,True
moral_disputes,security_studies,3,0.25,True
moral_disputes,security_studies,5,0.125,True
moral_disputes,security_studies,10,0.6666666666666666,True
moral_disputes,sociology,1,1.0,True
moral_disputes,sociology,3,0.6666666666666666,True
moral_disputes,sociology,5,0.5,True
moral_disputes,sociology,10,0.7272727272727273,True
moral_disputes,us_foreign_policy,1,0.0,True
moral_disputes,us_foreign_policy,3,0.0,True
moral_disputes,us_foreign_policy,5,0.0,True
moral_disputes,us_foreign_policy,10,0.35714285714285715,True
moral_disputes,virology,1,0.0,True
moral_disputes,virology,3,0.3333333333333333,True
moral_disputes,virology,5,0.14285714285714285,True
moral_disputes,virology,10,0.42857142857142855,True
moral_disputes,world_religions,1,0.0,True
moral_disputes,world_religions,3,0.3333333333333333,True
moral_disputes,world_religions,5,0.3333333333333333,True
moral_disputes,world_religions,10,0.6666666666666666,True
moral_scenarios,nutrition,1,1.0,True
moral_scenarios,nutrition,3,0.2,True
moral_scenarios,nutrition,5,0.6666666666666666,True
moral_scenarios,nutrition,10,0.5384615384615384,True
moral_scenarios,philosophy,1,0.0,True
moral_scenarios,philosophy,3,0.2,True
moral_scenarios,philosophy,5,0.25,True
moral_scenarios,philosophy,10,0.5384615384615384,True
moral_scenarios,prehistory,1,1.0,True
moral_scenarios,prehistory,3,0.2,True
moral_scenarios,prehistory,5,0.25,True
moral_scenarios,prehistory,10,0.6666666666666666,True
moral_scenarios,professional_accounting,1,0.0,True
moral_scenarios,professional_accounting,3,0.2,True
moral_scenarios,professional_accounting,5,0.25,True
moral_scenarios,professional_accounting,10,0.5833333333333334,True
moral_scenarios,professional_law,1,0.0,True
moral_scenarios,professional_law,3,0.2,True
moral_scenarios,professional_law,5,0.42857142857142855,True
moral_scenarios,professional_law,10,0.8181818181818182,True
moral_scenarios,professional_medicine,1,0.0,True
moral_scenarios,professional_medicine,3,0.5,True
moral_scenarios,professional_medicine,5,0.42857142857142855,True
moral_scenarios,professional_medicine,10,0.5384615384615384,True
moral_scenarios,professional_psychology,1,0.0,True
moral_scenarios,professional_psychology,3,0.0,True
moral_scenarios,professional_psychology,5,0.25,True
moral_scenarios,professional_psychology,10,0.6666666666666666,True
moral_scenarios,public_relations,1,0.0,True
moral_scenarios,public_relations,3,0.2,True
moral_scenarios,public_relations,5,0.25,True
moral_scenarios,public_relations,10,0.38461538461538464,True
moral_scenarios,security_studies,1,0.0,True
moral_scenarios,security_studies,3,0.5,True
moral_scenarios,security_studies,5,0.42857142857142855,True
moral_scenarios,security_studies,10,0.5384615384615384,True
moral_scenarios,sociology,1,0.0,True
moral_scenarios,sociology,3,0.2,True
moral_scenarios,sociology,5,0.25,True
moral_scenarios,sociology,10,0.5833333333333334,True
moral_scenarios,us_foreign_policy,1,0.0,True
moral_scenarios,us_foreign_policy,3,0.0,True
moral_scenarios,us_foreign_policy,5,0.0,True
moral_scenarios,us_foreign_policy,10,0.26666666666666666,True
moral_scenarios,virology,1,0.0,True
moral_scenarios,virology,3,0.0,True
moral_scenarios,virology,5,0.125,True
moral_scenarios,virology,10,0.3333333333333333,True
moral_scenarios,world_religions,1,0.0,True
moral_scenarios,world_religions,3,0.0,True
moral_scenarios,world_religions,5,0.125,True
moral_scenarios,world_religions,10,0.42857142857142855,True
nutrition,philosophy,1,0.0,True
nutrition,philosophy,3,0.5,True
nutrition,philosophy,5,0.42857142857142855,True
nutrition,philosophy,10,0.6666666666666666,True
nutrition,prehistory,1,1.0,True
nutrition,prehistory,3,1.0,True
nutrition,prehistory,5,0.42857142857142855,True
nutrition,prehistory,10,0.6666666666666666,True
nutrition,professional_accounting,1,0.0,True
nutrition,professional_accounting,3,1.0,True
nutrition,professional_accounting,5,0.42857142857142855,True
nutrition,professional_accounting,10,0.7272727272727273,True
nutrition,professional_law,1,0.0,True
nutrition,professional_law,3,0.5,True
nutrition,professional_law,5,0.6666666666666666,True
nutrition,professional_law,10,0.5384615384615384,True
nutrition,professional_medicine,1,0.0,True
nutrition,professional_medicine,3,0.5,True
nutrition,professional_medicine,5,0.6666666666666666,True
nutrition,professional_medicine,10,0.8181818181818182,True
nutrition,professional_psychology,1,0.0,True
nutrition,professional_psychology,3,0.5,True
nutrition,professional_psychology,5,0.42857142857142855,True
nutrition,professional_psychology,10,0.8181818181818182,True
nutrition,public_relations,1,0.0,True
nutrition,public_relations,3,0.5,True
nutrition,public_relations,5,0.25,True
nutrition,public_relations,10,0.2857142857142857,True
nutrition,security_studies,1,0.0,True
nutrition,security_studies,3,0.2,True
nutrition,security_studies,5,0.42857142857142855,True
nutrition,security_studies,10,1.0,True
nutrition,sociology,1,0.0,True
nutrition,sociology,3,1.0,True
nutrition,sociology,5,0.42857142857142855,True
nutrition,sociology,10,0.9,True
nutrition,us_foreign_policy,1,0.0,True
nutrition,us_foreign_policy,3,0.0,True
nutrition,us_foreign_policy,5,0.0,True
nutrition,us_foreign_policy,10,0.35714285714285715,True
nutrition,virology,1,0.0,True
nutrition,virology,3,0.25,True
nutrition,virology,5,0.125,True
nutrition,virology,10,0.42857142857142855,True
nutrition,world_religions,1,0.0,True
nutrition,world_religions,3,0.25,True
nutrition,world_religions,5,0.2857142857142857,True
nutrition,world_religions,10,0.6666666666666666,True
philosophy,prehistory,1,0.0,True
philosophy,prehistory,3,0.5,True
philosophy,prehistory,5,0.6666666666666666,True
philosophy,prehistory,10,0.6666666666666666,True
philosophy,professional_accounting,1,1.0,True
philosophy,professional_accounting,3,0.5,True
philosophy,professional_accounting,5,0.42857142857142855,True
philosophy,professional_accounting,10,0.46153846153846156,True
philosophy,professional_law,1,1.0,True
philosophy,professional_law,3,0.5,True
philosophy,professional_law,5,0.25,True
philosophy,professional_law,10,0.5384615384615384,True
philosophy,professional_medicine,1,1.0,True
philosophy,professional_medicine,3,0.5,True
philosophy,professional_medicine,5,0.25,True
philosophy,professional_medicine,10,0.6666666666666666,True
philosophy,professional_psychology,1,1.0,True
philosophy,professional_psychology,3,0.5,True
philosophy,professional_psychology,5,0.6666666666666666,True
philosophy,professional_psychology,10,0.8181818181818182,True
philosophy,public_relations,1,0.0,True
philosophy,public_relations,3,0.5,True
philosophy,public_relations,5,0.25,True
philosophy,public_relations,10,0.38461538461538464,True
philosophy,security_studies,1,0.0,True
philosophy,security_studies,3,0.2,True
philosophy,security_studies,5,0.1111111111111111,True
philosophy,security_studies,10,0.6666666666666666,True
philosophy,sociology,1,1.0,True
philosophy,sociology,3,0.5,True
philosophy,sociology,5,0.6666666666666666,True
philosophy,sociology,10,0.7272727272727273,True
philosophy,us_foreign_policy,1,0.0,True
philosophy,us_foreign_policy,3,0.0,True
philosophy,us_foreign_policy,5,0.1111111111111111,True
philosophy,us_foreign_policy,10,0.46153846153846156,True
philosophy,virology,1,0.0,True
philosophy,virology,3,0.25,True
philosophy,virology,5,0.2857142857142857,True
philosophy,virology,10,0.5384615384615384,True
philosophy,world_religions,1,0.0,True
philosophy,world_religions,3,0.25,True
philosophy,world_religions,5,0.8,True
philosophy,world_religions,10,0.6666666666666666,True
prehistory,professional_accounting,1,0.0,True
prehistory,professional_accounting,3,1.0,True
prehistory,professional_accounting,5,0.6666666666666666,True
prehistory,professional_accounting,10,0.5833333333333334,True
prehistory,professional_law,1,0.0,True
prehistory,professional_law,3,0.5,True
prehistory,professional_law,5,0.42857142857142855,True
prehistory,professional_law,10,0.6666666666666666,True
prehistory,professional_medicine,1,0.0,True
prehistory,professional_medicine,3,0.5,True
prehistory,professional_medicine,5,0.42857142857142855,True
prehistory,professional_medicine,10,0.6666666666666666,True
prehistory,professional_psychology,1,0.0,True
prehistory,professional_psychology,3,0.5,True
prehistory,professional_psychology,5,1.0,True
prehistory,professional_psychology,10,0.8181818181818182,True
prehistory,public_relations,1,0.0,True
prehistory,public_relations,3,0.5,True
prehistory,public_relations,5,0.42857142857142855,True
prehistory,public_relations,10,0.38461538461538464,True
prehistory,security_studies,1,0.0,True
prehistory,security_studies,3,0.2,True
prehistory,security_studies,5,0.25,True
prehistory,security_studies,10,0.6666666666666666,True
prehistory,sociology,1,0.0,True
prehistory,sociology,3,1.0,True
prehistory,sociology,5,1.0,True
prehistory,sociology,10,0.7272727272727273,True
prehistory,us_foreign_policy,1,0.0,True
prehistory,us_foreign_policy,3,0.0,True
prehistory,us_foreign_policy,5,0.1111111111111111,True
prehistory,us_foreign_policy,10,0.35714285714285715,True
prehistory,virology,1,0.0,True
prehistory,virology,3,0.25,True
prehistory,virology,5,0.2857142857142857,True
prehistory,virology,10,0.5384615384615384,True
prehistory,world_religions,1,0.0,True
prehistory,world_religions,3,0.25,True
prehistory,world_religions,5,0.5,True
prehistory,world_religions,10,0.6666666666666666,True
professional_accounting,professional_law,1,1.0,True
professional_accounting,professional_law,3,0.5,True
professional_accounting,professional_law,5,0.42857142857142855,True
professional_accounting,professional_law,10,0.7272727272727273,True
professional_accounting,professional_medicine,1,1.0,True
professional_accounting,professional_medicine,3,0.5,True
professional_accounting,professional_medicine,5,0.42857142857142855,True
professional_accounting,professional_medicine,10,0.7272727272727273,True
professional_accounting,professional_psychology,1,1.0,True
professional_accounting,professional_psychology,3,0.5,True
professional_accounting,professional_psychology,5,0.6666666666666666,True
professional_accounting,professional_psychology,10,0.5833333333333334,True
professional_accounting,public_relations,1,0.0,True
professional_accounting,public_relations,3,0.5,True
professional_accounting,public_relations,5,0.42857142857142855,True
professional_accounting,public_relations,10,0.3076923076923077,True
professional_accounting,security_studies,1,0.0,True
professional_accounting,security_studies,3,0.2,True
professional_accounting,security_studies,5,0.25,True
professional_accounting,security_studies,10,0.7272727272727273,True
professional_accounting,sociology,1,1.0,True
professional_accounting,sociology,3,1.0,True
professional_accounting,sociology,5,0.6666666666666666,True
professional_accounting,sociology,10,0.6363636363636364,True
professional_accounting,us_foreign_policy,1,0.0,True
professional_accounting,us_foreign_policy,3,0.0,True
professional_accounting,us_foreign_policy,5,0.1111111111111111,True
professional_accounting,us_foreign_policy,10,0.2857142857142857,True
professional_accounting,virology,1,0.0,True
professional_accounting,virology,3,0.25,True
professional_accounting,virology,5,0.125,True
professional_accounting,virology,10,0.26666666666666666,True
professional_accounting,world_religions,1,0.0,True
professional_accounting,world_religions,3,0.25,True
professional_accounting,world_religions,5,0.2857142857142857,True
professional_accounting,world_religions,10,0.46153846153846156,True
professional_law,professional_medicine,1,1.0,True
professional_law,professional_medicine,3,0.5,True
professional_law,professional_medicine,5,1.0,True
professional_law,professional_medicine,10,0.6666666666666666,True
professional_law,professional_psychology,1,1.0,True
professional_law,professional_psychology,3,0.2,True
professional_law,professional_psychology,5,0.42857142857142855,True
professional_law,professional_psychology,10,0.6666666666666666,True
professional_law,public_relations,1,0.0,True
professional_law,public_relations,3,0.5,True
professional_law,public_relations,5,0.42857142857142855,True
professional_law,public_relations,10,0.5,True
professional_law,security_studies,1,0.0,True
professional_law,security_studies,3,0.2,True
professional_law,security_studies,5,0.6666666666666666,True
professional_law,security_studies,10,0.5384615384615384,True
professional_law,sociology,1,1.0,True
professional_law,sociology,3,0.5,True
professional_law,sociology,5,0.42857142857142855,True
professional_law,sociology,10,0.5833333333333334,True
professional_law,us_foreign_policy,1,0.0,True
professional_law,us_foreign_policy,3,0.3333333333333333,True
professional_law,us_foreign_policy,5,0.1111111111111111,True
professional_law,us_foreign_policy,10,0.26666666666666666,True
professional_law,virology,1,0.0,True
professional_law,virology,3,0.25,True
professional_law,virology,5,0.125,True
professional_law,virology,10,0.3333333333333333,True
professional_law,world_religions,1,0.0,True
professional_law,world_religions,3,0.25,True
professional_law,world_religions,5,0.2857142857142857,True
professional_law,world_religions,10,0.42857142857142855,True
professional_medicine,professional_psychology,1,1.0,True
professional_medicine,professional_psychology,3,0.2,True
professional_medicine,professional_psychology,5,0.42857142857142855,True
professional_medicine,professional_psychology,10,0.8181818181818182,True
professional_medicine,public_relations,1,0.0,True
professional_medicine,public_relations,3,0.5,True
professional_medicine,public_relations,5,0.42857142857142855,True
professional_medicine,public_relations,10,0.38461538461538464,True
professional_medicine,security_studies,1,0.0,True
professional_medicine,security_studies,3,0.5,True
professional_medicine,security_studies,5,0.6666666666666666,True
professional_medicine,security_studies,10,0.8181818181818182,True
professional_medicine,sociology,1,1.0,True
professional_medicine,sociology,3,0.5,True
professional_medicine,sociology,5,0.42857142857142855,True
professional_medicine,sociology,10,0.9,True
professional_medicine,us_foreign_policy,1,0.0,True
professional_medicine,us_foreign_policy,3,0.0,True
professional_medicine,us_foreign_policy,5,0.1111111111111111,True
professional_medicine,us_foreign_policy,10,0.46153846153846156,True
professional_medicine,virology,1,0.0,True
professional_medicine,virology,3,0.25,True
professional_medicine,virology,5,0.125,True
professional_medicine,virology,10,0.42857142857142855,True
professional_medicine,world_religions,1,0.0,True
professional_medicine,world_religions,3,0.25,True
professional_medicine,world_religions,5,0.2857142857142857,True
professional_medicine,world_religions,10,0.6666666666666666,True
professional_psychology,public_relations,1,0.0,True
professional_psychology,public_relations,3,0.2,True
professional_psychology,public_relations,5,0.42857142857142855,True
professional_psychology,public_relations,10,0.38461538461538464,True
professional_psychology,security_studies,1,0.0,True
professional_psychology,security_studies,3,0.0,True
professional_psychology,security_studies,5,0.25,True
professional_psychology,security_studies,10,0.8181818181818182,True
professional_psychology,sociology,1,1.0,True
professional_psychology,sociology,3,0.5,True
professional_psychology,sociology,5,1.0,True
professional_psychology,sociology,10,0.9,True
professional_psychology,us_foreign_policy,1,0.0,True
professional_psychology,us_foreign_policy,3,0.0,True
professional_psychology,us_foreign_policy,5,0.1111111111111111,True
professional_psychology,us_foreign_policy,10,0.35714285714285715,True
professional_psychology,virology,1,0.0,True
professional_psychology,virology,3,0.25,True
professional_psychology,virology,5,0.2857142857142857,True
professional_psychology,virology,10,0.5384615384615384,True
professional_psychology,world_religions,1,0.0,True
professional_psychology,world_religions,3,0.25,True
professional_psychology,world_religions,5,0.5,True
professional_psychology,world_religions,10,0.6666666666666666,True
public_relations,security_studies,1,0.0,True
public_relations,security_studies,3,0.2,True
public_relations,security_studies,5,0.25,True
public_relations,security_studies,10,0.2857142857142857,True
public_relations,sociology,1,0.0,True
public_relations,sociology,3,0.5,True
public_relations,sociology,5,0.42857142857142855,True
public_relations,sociology,10,0.3076923076923077,True
public_relations,us_foreign_policy,1,0.0,True
public_relations,us_foreign_policy,3,0.0,True
public_relations,us_foreign_policy,5,0.1111111111111111,True
public_relations,us_foreign_policy,10,0.4166666666666667,True
public_relations,virology,1,0.0,True
public_relations,virology,3,0.25,True
public_relations,virology,5,0.2857142857142857,True
public_relations,virology,10,0.38461538461538464,True
public_relations,world_religions,1,0.0,True
public_relations,world_religions,3,0.25,True
public_relations,world_religions,5,0.2857142857142857,True
public_relations,world_religions,10,0.38461538461538464,True
security_studies,sociology,1,0.0,True
security_studies,sociology,3,0.2,True
security_studies,sociology,5,0.25,True
security_studies,sociology,10,0.9,True
security_studies,us_foreign_policy,1,0.0,True
security_studies,us_foreign_policy,3,0.0,True
security_studies,us_foreign_policy,5,0.25,True
security_studies,us_foreign_policy,10,0.35714285714285715,True
security_studies,virology,1,0.0,True
security_studies,virology,3,0.25,True
security_studies,virology,5,0.125,True
security_studies,virology,10,0.42857142857142855,True
security_studies,world_religions,1,0.0,True
security_studies,world_religions,3,0.0,True
security_studies,world_religions,5,0.125,True
security_studies,world_religions,10,0.6666666666666666,True
sociology,us_foreign_policy,1,0.0,True
sociology,us_foreign_policy,3,0.0,True
sociology,us_foreign_policy,5,0.1111111111111111,True
sociology,us_foreign_policy,10,0.38461538461538464,True
sociology,virology,1,0.0,True
sociology,virology,3,0.25,True
sociology,virology,5,0.2857142857142857,True
sociology,virology,10,0.46153846153846156,True
sociology,world_religions,1,0.0,True
sociology,world_religions,3,0.25,True
sociology,world_religions,5,0.5,True
sociology,world_religions,10,0.7272727272727273,True
us_foreign_policy,virology,1,0.0,True
us_foreign_policy,virology,3,0.0,True
us_foreign_policy,virology,5,0.125,True
us_foreign_policy,virology,10,0.26666666666666666,True
us_foreign_policy,world_religions,1,0.0,True
us_foreign_policy,world_religions,3,0.0,True
us_foreign_policy,world_religions,5,0.125,True
us_foreign_policy,world_religions,10,0.46153846153846156,True
virology,world_religions,1,0.0,True
virology,world_religions,3,0.3333333333333333,True
virology,world_religions,5,0.3333333333333333,True
virology,world_religions,10,0.5384615384615384,True
