split,policy_id,claim_family,effect_size,effective_n,family_correlation,multiplicity,benchmark_count,false_license_rate,false_license_upper_95,true_license_power,abstention_rate,false_block_rate,decision_regret,coverage,license_precision,license_recall,licensed_count,true_supported_count,null_count,observation_count
POLICY_DEVELOPMENT,BALANCED,ITEM_DIAGNOSTICS,0.0,12,0.05,1,1,0.0,0.0,0.0,1.0,1.0,0.0,1.0,0.0,0.0,0,0,1,1
POLICY_DEVELOPMENT,BALANCED,ITEM_DIAGNOSTICS,0.0,12,0.05,1,5,0.0,0.0,0.0,1.0,1.0,0.0,1.0,0.0,0.0,0,0,1,1
POLICY_DEVELOPMENT,BALANCED,ITEM_DIAGNOSTICS,0.0,12,0.05,12,3,0.0,0.0,0.0,1.0,1.0,0.0,0.7916666666666666,0.0,0.0,0,0,24,24
POLICY_DEVELOPMENT,BALANCED,ITEM_DIAGNOSTICS,0.0,12,0.05,40,1,0.0,0.0,0.0,1.0,1.0,0.0,0.9,0.0,0.0,0,0,120,120
POLICY_DEVELOPMENT,BALANCED,ITEM_DIAGNOSTICS,0.0,12,0.45,1,1,0.0,0.0,0.0,1.0,1.0,0.0,1.0,0.0,0.0,0,0,1,1
POLICY_DEVELOPMENT,BALANCED,ITEM_DIAGNOSTICS,0.0,12,0.45,1,3,0.0,0.0,0.0,1.0,1.0,0.0,1.0,0.0,0.0,0,0,3,3
POLICY_DEVELOPMENT,BALANCED,ITEM_DIAGNOSTICS,0.0,12,0.45,12,1,0.0,0.0,0.0,1.0,1.0,0.0,0.4166666666666667,0.0,0.0,0,0,12,12
POLICY_DEVELOPMENT,BALANCED,ITEM_DIAGNOSTICS,0.0,12,0.45,12,5,0.0,0.0,0.0,1.0,1.0,0.0,1.0,0.0,0.0,0,0,12,12
POLICY_DEVELOPMENT,BALANCED,ITEM_DIAGNOSTICS,0.0,12,0.45,40,5,0.0,0.0,0.0,1.0,1.0,0.0,0.85,0.0,0.0,0,0,40,40
POLICY_DEVELOPMENT,BALANCED,ITEM_DIAGNOSTICS,0.0,36,0.05,1,3,0.0,0.0,0.0,1.0,1.0,0.0,0.6666666666666666,0.0,0.0,0,0,3,3
POLICY_DEVELOPMENT,BALANCED,ITEM_DIAGNOSTICS,0.0,36,0.05,12,1,0.0,0.0,0.0,1.0,1.0,0.0,0.8333333333333334,0.0,0.0,0,0,12,12
POLICY_DEVELOPMENT,BALANCED,ITEM_DIAGNOSTICS,0.0,36,0.05,40,1,0.0,0.0,0.0,1.0,1.0,0.0,0.8,0.0,0.0,0,0,40,40
POLICY_DEVELOPMENT,BALANCED,ITEM_DIAGNOSTICS,0.0,36,0.05,40,5,0.0,0.0,0.0,1.0,1.0,0.0,0.875,0.0,0.0,0,0,40,40
POLICY_DEVELOPMENT,BALANCED,ITEM_DIAGNOSTICS,0.0,36,0.45,1,1,0.0,0.0,0.0,1.0,1.0,0.0,1.0,0.0,0.0,0,0,2,2
POLICY_DEVELOPMENT,BALANCED,ITEM_DIAGNOSTICS,0.0,36,0.45,12,3,0.0,0.0,0.0,1.0,1.0,0.0,0.8333333333333334,0.0,0.0,0,0,12,12
POLICY_DEVELOPMENT,BALANCED,ITEM_DIAGNOSTICS,0.0,36,0.45,12,5,0.0,0.0,0.0,1.0,1.0,0.0,0.9166666666666666,0.0,0.0,0,0,24,24
POLICY_DEVELOPMENT,BALANCED,ITEM_DIAGNOSTICS,0.0,36,0.45,40,1,0.0,0.0,0.0,1.0,1.0,0.0,0.975,0.0,0.0,0,0,40,40
POLICY_DEVELOPMENT,BALANCED,ITEM_DIAGNOSTICS,0.0,36,0.45,40,3,0.0,0.0,0.0,1.0,1.0,0.0,0.9,0.0,0.0,0,0,40,40
POLICY_DEVELOPMENT,BALANCED,ITEM_DIAGNOSTICS,0.0,96,0.05,1,1,0.0,0.0,0.0,1.0,1.0,0.0,0.5,0.0,0.0,0,0,2,2
POLICY_DEVELOPMENT,BALANCED,ITEM_DIAGNOSTICS,0.0,96,0.05,1,3,0.0,0.0,0.0,1.0,1.0,0.0,1.0,0.0,0.0,0,0,1,1
POLICY_DEVELOPMENT,BALANCED,ITEM_DIAGNOSTICS,0.0,96,0.05,12,5,0.0,0.0,0.0,1.0,1.0,0.0,0.9444444444444444,0.0,0.0,0,0,36,36
POLICY_DEVELOPMENT,BALANCED,ITEM_DIAGNOSTICS,0.0,96,0.05,40,3,0.0,0.0,0.0,1.0,1.0,0.0,0.9,0.0,0.0,0,0,40,40
POLICY_DEVELOPMENT,BALANCED,ITEM_DIAGNOSTICS,0.0,96,0.45,1,3,0.0,0.0,0.0,1.0,1.0,0.0,1.0,0.0,0.0,0,0,2,2
POLICY_DEVELOPMENT,BALANCED,ITEM_DIAGNOSTICS,0.0,96,0.45,12,3,0.0,0.0,0.0,1.0,1.0,0.0,1.0,0.0,0.0,0,0,12,12
POLICY_DEVELOPMENT,BALANCED,ITEM_DIAGNOSTICS,0.0,96,0.45,40,1,0.0,0.0,0.0,1.0,1.0,0.0,0.8666666666666667,0.0,0.0,0,0,120,120
POLICY_DEVELOPMENT,BALANCED,ITEM_DIAGNOSTICS,0.025,12,0.05,1,1,0.0,0.0,0.0,1.0,1.0,0.0,1.0,0.0,0.0,0,1,0,1
POLICY_DEVELOPMENT,BALANCED,ITEM_DIAGNOSTICS,0.025,12,0.05,12,3,0.0,0.0,0.0,1.0,1.0,0.0,0.9166666666666666,0.0,0.0,0,6,6,12
POLICY_DEVELOPMENT,BALANCED,ITEM_DIAGNOSTICS,0.025,12,0.05,12,5,0.0,0.0,0.0,1.0,1.0,0.0,0.75,0.0,0.0,0,12,12,24
POLICY_DEVELOPMENT,BALANCED,ITEM_DIAGNOSTICS,0.025,12,0.05,40,1,0.0,0.0,0.0,1.0,1.0,0.0,0.9083333333333333,0.0,0.0,0,60,60,120
POLICY_DEVELOPMENT,BALANCED,ITEM_DIAGNOSTICS,0.025,12,0.85,1,1,0.0,0.0,0.0,1.0,1.0,0.0,1.0,0.0,0.0,0,1,0,1
POLICY_DEVELOPMENT,BALANCED,ITEM_DIAGNOSTICS,0.025,12,0.85,1,3,0.0,0.0,0.0,1.0,1.0,0.0,1.0,0.0,0.0,0,3,0,3
POLICY_DEVELOPMENT,BALANCED,ITEM_DIAGNOSTICS,0.025,12,0.85,12,1,0.0,0.0,0.0,1.0,1.0,0.0,1.0,0.0,0.0,0,6,6,12
POLICY_DEVELOPMENT,BALANCED,ITEM_DIAGNOSTICS,0.025,12,0.85,12,5,0.0,0.0,0.0,1.0,1.0,0.0,1.0,0.0,0.0,0,6,6,12
POLICY_DEVELOPMENT,BALANCED,ITEM_DIAGNOSTICS,0.025,12,0.85,40,5,0.0,0.0,0.0,1.0,1.0,0.0,1.0,0.0,0.0,0,20,20,40
POLICY_DEVELOPMENT,BALANCED,ITEM_DIAGNOSTICS,0.025,36,0.05,1,3,0.0,0.0,0.0,1.0,1.0,0.0,0.5,0.0,0.0,0,2,0,2
POLICY_DEVELOPMENT,BALANCED,ITEM_DIAGNOSTICS,0.025,36,0.05,12,1,0.0,0.0,0.0,1.0,1.0,0.0,0.8333333333333334,0.0,0.0,0,6,6,12
POLICY_DEVELOPMENT,BALANCED,ITEM_DIAGNOSTICS,0.025,36,0.05,12,3,0.0,0.0,0.0,1.0,1.0,0.0,0.8333333333333334,0.0,0.0,0,6,6,12
POLICY_DEVELOPMENT,BALANCED,ITEM_DIAGNOSTICS,0.025,36,0.05,40,1,0.0,0.0,0.0,1.0,1.0,0.0,0.875,0.0,0.0,0,20,20,40
POLICY_DEVELOPMENT,BALANCED,ITEM_DIAGNOSTICS,0.025,36,0.05,40,5,0.0,0.0,0.0,1.0,1.0,0.0,0.825,0.0,0.0,0,20,20,40
POLICY_DEVELOPMENT,BALANCED,ITEM_DIAGNOSTICS,0.025,36,0.85,1,1,0.0,0.0,0.0,1.0,1.0,0.0,0.5,0.0,0.0,0,2,0,2
POLICY_DEVELOPMENT,BALANCED,ITEM_DIAGNOSTICS,0.025,36,0.85,12,5,0.0,0.0,0.2222222222222222,0.8888888888888888,0.7777777777777778,0.017778990327928717,1.0,1.0,0.2222222222222222,4,18,18,36
POLICY_DEVELOPMENT,BALANCED,ITEM_DIAGNOSTICS,0.025,36,0.85,40,1,0.0,0.0,0.0,1.0,1.0,0.0,0.75,0.0,0.0,0,20,20,40
POLICY_DEVELOPMENT,BALANCED,ITEM_DIAGNOSTICS,0.025,36,0.85,40,3,0.0,0.0,0.0,1.0,1.0,0.0,1.0,0.0,0.0,0,20,20,40
POLICY_DEVELOPMENT,BALANCED,ITEM_DIAGNOSTICS,0.025,96,0.05,1,1,0.0,0.0,0.0,1.0,1.0,0.0,1.0,0.0,0.0,0,2,0,2
POLICY_DEVELOPMENT,BALANCED,ITEM_DIAGNOSTICS,0.025,96,0.05,1,3,0.0,0.0,0.0,1.0,1.0,0.0,1.0,0.0,0.0,0,1,0,1
POLICY_DEVELOPMENT,BALANCED,ITEM_DIAGNOSTICS,0.025,96,0.05,12,5,0.0,0.0,0.0,1.0,1.0,0.0,0.8611111111111112,0.0,0.0,0,18,18,36
POLICY_DEVELOPMENT,BALANCED,ITEM_DIAGNOSTICS,0.025,96,0.05,40,3,0.0,0.0,0.65,0.675,0.35,0.006591453586010946,0.925,1.0,0.65,13,20,20,40
POLICY_DEVELOPMENT,BALANCED,ITEM_DIAGNOSTICS,0.025,96,0.85,1,5,0.0,0.0,0.0,1.0,1.0,0.0,1.0,0.0,0.0,0,1,0,1
POLICY_DEVELOPMENT,BALANCED,ITEM_DIAGNOSTICS,0.025,96,0.85,12,3,0.0,0.0,0.0,1.0,1.0,0.0,0.75,0.0,0.0,0,12,12,24
POLICY_DEVELOPMENT,BALANCED,ITEM_DIAGNOSTICS,0.025,96,0.85,40,1,0.0,0.0,0.0,1.0,1.0,0.0,0.8583333333333333,0.0,0.0,0,60,60,120
POLICY_DEVELOPMENT,BALANCED,ITEM_DIAGNOSTICS,0.06,12,0.45,1,1,0.0,0.0,0.0,1.0,1.0,0.0,0.0,0.0,0.0,0,1,0,1
POLICY_DEVELOPMENT,BALANCED,ITEM_DIAGNOSTICS,0.06,12,0.45,12,3,0.0,0.0,0.0,1.0,1.0,0.0,1.0,0.0,0.0,0,6,6,12
POLICY_DEVELOPMENT,BALANCED,ITEM_DIAGNOSTICS,0.06,12,0.45,12,5,0.0,0.0,0.0,1.0,1.0,0.0,0.9166666666666666,0.0,0.0,0,12,12,24
POLICY_DEVELOPMENT,BALANCED,ITEM_DIAGNOSTICS,0.06,12,0.45,40,1,0.0,0.0,0.0,1.0,1.0,0.0,0.9875,0.0,0.0,0,40,40,80
POLICY_DEVELOPMENT,BALANCED,ITEM_DIAGNOSTICS,0.06,12,0.45,40,3,0.0,0.0,0.0,1.0,1.0,0.0,1.0,0.0,0.0,0,20,20,40
POLICY_DEVELOPMENT,BALANCED,ITEM_DIAGNOSTICS,0.06,12,0.85,1,3,0.0,0.0,0.0,1.0,1.0,0.0,0.75,0.0,0.0,0,4,0,4
POLICY_DEVELOPMENT,BALANCED,ITEM_DIAGNOSTICS,0.06,12,0.85,12,1,0.0,0.0,0.0,1.0,1.0,0.0,1.0,0.0,0.0,0,6,6,12
POLICY_DEVELOPMENT,BALANCED,ITEM_DIAGNOSTICS,0.06,12,0.85,40,5,0.0,0.0,0.0,1.0,1.0,0.0,0.825,0.0,0.0,0,40,40,80
POLICY_DEVELOPMENT,BALANCED,ITEM_DIAGNOSTICS,0.06,36,0.45,1,3,0.0,0.0,0.0,1.0,1.0,0.0,1.0,0.0,0.0,0,2,0,2
POLICY_DEVELOPMENT,BALANCED,ITEM_DIAGNOSTICS,0.06,36,0.45,12,3,0.0,0.0,1.0,0.5,0.0,0.0058191816176726635,1.0,1.0,1.0,6,6,6,12
POLICY_DEVELOPMENT,BALANCED,ITEM_DIAGNOSTICS,0.06,36,0.45,40,1,0.0,0.0,0.0,1.0,1.0,0.0,0.95,0.0,0.0,0,40,40,80
POLICY_DEVELOPMENT,BALANCED,ITEM_DIAGNOSTICS,0.06,36,0.45,40,5,0.0,0.0,0.0,1.0,1.0,0.0,0.975,0.0,0.0,0,20,20,40
POLICY_DEVELOPMENT,BALANCED,ITEM_DIAGNOSTICS,0.06,36,0.85,1,1,0.0,0.0,0.5,0.5,0.5,0.0037498551755947712,1.0,1.0,0.5,1,2,0,2
POLICY_DEVELOPMENT,BALANCED,ITEM_DIAGNOSTICS,0.06,36,0.85,12,5,0.0,0.0,0.3333333333333333,0.8333333333333334,0.6666666666666667,0.00656578949656502,0.9722222222222222,1.0,0.3333333333333333,6,18,18,36
POLICY_DEVELOPMENT,BALANCED,ITEM_DIAGNOSTICS,0.06,36,0.85,40,3,0.0,0.0,0.475,0.7625,0.525,0.03921670636030759,0.4875,1.0,0.475,19,40,40,80
POLICY_DEVELOPMENT,BALANCED,ITEM_DIAGNOSTICS,0.06,96,0.45,1,1,0.0,0.0,0.0,1.0,1.0,0.0,1.0,0.0,0.0,0,1,0,1
POLICY_DEVELOPMENT,BALANCED,ITEM_DIAGNOSTICS,0.06,96,0.45,1,3,0.0,0.0,0.0,1.0,1.0,0.0,1.0,0.0,0.0,0,2,0,2
POLICY_DEVELOPMENT,BALANCED,ITEM_DIAGNOSTICS,0.06,96,0.45,12,5,0.0,0.0,0.0,1.0,1.0,0.0,1.0,0.0,0.0,0,12,12,24
POLICY_DEVELOPMENT,BALANCED,ITEM_DIAGNOSTICS,0.06,96,0.45,40,3,0.0,0.0,0.0,1.0,1.0,0.0,0.725,0.0,0.0,0,20,20,40
POLICY_DEVELOPMENT,BALANCED,ITEM_DIAGNOSTICS,0.06,96,0.45,40,5,0.0,0.0,0.0,1.0,1.0,0.0,1.0,0.0,0.0,0,20,20,40
POLICY_DEVELOPMENT,BALANCED,ITEM_DIAGNOSTICS,0.06,96,0.85,1,5,0.0,0.0,0.0,1.0,1.0,0.0,1.0,0.0,0.0,0,1,0,1
POLICY_DEVELOPMENT,BALANCED,ITEM_DIAGNOSTICS,0.06,96,0.85,12,3,0.0,0.0,0.5,0.75,0.5,0.005541659784338783,0.7916666666666666,1.0,0.5,6,12,12,24
POLICY_DEVELOPMENT,BALANCED,ITEM_DIAGNOSTICS,0.06,96,0.85,40,1,0.0,0.0,0.6666666666666666,0.6666666666666667,0.33333333333333337,0.007297281834270078,0.9833333333333333,1.0,0.6666666666666666,40,60,60,120
POLICY_DEVELOPMENT,BALANCED,PRIMARY_PAIRWISE,0.0,12,0.05,1,1,0.0,0.0,0.0,1.0,1.0,0.0,1.0,0.0,0.0,0,0,1,1
POLICY_DEVELOPMENT,BALANCED,PRIMARY_PAIRWISE,0.0,12,0.05,1,5,0.0,0.0,0.0,1.0,1.0,0.0,1.0,0.0,0.0,0,0,1,1
POLICY_DEVELOPMENT,BALANCED,PRIMARY_PAIRWISE,0.0,12,0.05,12,3,0.0,0.0,0.0,1.0,1.0,0.0,0.75,0.0,0.0,0,0,24,24
POLICY_DEVELOPMENT,BALANCED,PRIMARY_PAIRWISE,0.0,12,0.05,40,1,0.0,0.0,0.0,1.0,1.0,0.0,0.8416666666666667,0.0,0.0,0,0,120,120
POLICY_DEVELOPMENT,BALANCED,PRIMARY_PAIRWISE,0.0,12,0.45,1,1,0.0,0.0,0.0,1.0,1.0,0.0,0.0,0.0,0.0,0,0,1,1
POLICY_DEVELOPMENT,BALANCED,PRIMARY_PAIRWISE,0.0,12,0.45,1,3,0.0,0.0,0.0,1.0,1.0,0.0,0.6666666666666666,0.0,0.0,0,0,3,3
POLICY_DEVELOPMENT,BALANCED,PRIMARY_PAIRWISE,0.0,12,0.45,12,1,0.0,0.0,0.0,1.0,1.0,0.0,0.9166666666666666,0.0,0.0,0,0,12,12
POLICY_DEVELOPMENT,BALANCED,PRIMARY_PAIRWISE,0.0,12,0.45,12,5,0.0,0.0,0.0,1.0,1.0,0.0,0.75,0.0,0.0,0,0,12,12
POLICY_DEVELOPMENT,BALANCED,PRIMARY_PAIRWISE,0.0,12,0.45,40,5,0.0,0.0,0.0,1.0,1.0,0.0,0.825,0.0,0.0,0,0,40,40
POLICY_DEVELOPMENT,BALANCED,PRIMARY_PAIRWISE,0.0,36,0.05,1,3,0.0,0.0,0.0,1.0,1.0,0.0,0.6666666666666666,0.0,0.0,0,0,3,3
POLICY_DEVELOPMENT,BALANCED,PRIMARY_PAIRWISE,0.0,36,0.05,12,1,0.0,0.0,0.0,1.0,1.0,0.0,0.9166666666666666,0.0,0.0,0,0,12,12
POLICY_DEVELOPMENT,BALANCED,PRIMARY_PAIRWISE,0.0,36,0.05,40,1,0.0,0.0,0.0,1.0,1.0,0.0,0.85,0.0,0.0,0,0,40,40
POLICY_DEVELOPMENT,BALANCED,PRIMARY_PAIRWISE,0.0,36,0.05,40,5,0.0,0.0,0.0,1.0,1.0,0.0,0.95,0.0,0.0,0,0,40,40
POLICY_DEVELOPMENT,BALANCED,PRIMARY_PAIRWISE,0.0,36,0.45,1,1,0.0,0.0,0.0,1.0,1.0,0.0,1.0,0.0,0.0,0,0,2,2
POLICY_DEVELOPMENT,BALANCED,PRIMARY_PAIRWISE,0.0,36,0.45,12,3,0.0,0.0,0.0,1.0,1.0,0.0,0.9166666666666666,0.0,0.0,0,0,12,12
POLICY_DEVELOPMENT,BALANCED,PRIMARY_PAIRWISE,0.0,36,0.45,12,5,0.0,0.0,0.0,1.0,1.0,0.0,0.8333333333333334,0.0,0.0,0,0,24,24
POLICY_DEVELOPMENT,BALANCED,PRIMARY_PAIRWISE,0.0,36,0.45,40,1,0.0,0.0,0.0,1.0,1.0,0.0,1.0,0.0,0.0,0,0,40,40
POLICY_DEVELOPMENT,BALANCED,PRIMARY_PAIRWISE,0.0,36,0.45,40,3,0.0,0.0,0.0,1.0,1.0,0.0,0.85,0.0,0.0,0,0,40,40
POLICY_DEVELOPMENT,BALANCED,PRIMARY_PAIRWISE,0.0,96,0.05,1,1,0.0,0.0,0.0,1.0,1.0,0.0,1.0,0.0,0.0,0,0,2,2
POLICY_DEVELOPMENT,BALANCED,PRIMARY_PAIRWISE,0.0,96,0.05,1,3,0.0,0.0,0.0,1.0,1.0,0.0,1.0,0.0,0.0,0,0,1,1
POLICY_DEVELOPMENT,BALANCED,PRIMARY_PAIRWISE,0.0,96,0.05,12,5,0.0,0.0,0.0,1.0,1.0,0.0,0.9444444444444444,0.0,0.0,0,0,36,36
POLICY_DEVELOPMENT,BALANCED,PRIMARY_PAIRWISE,0.0,96,0.05,40,3,0.0,0.0,0.0,1.0,1.0,0.0,0.9,0.0,0.0,0,0,40,40
POLICY_DEVELOPMENT,BALANCED,PRIMARY_PAIRWISE,0.0,96,0.45,1,3,0.0,0.0,0.0,1.0,1.0,0.0,1.0,0.0,0.0,0,0,2,2
POLICY_DEVELOPMENT,BALANCED,PRIMARY_PAIRWISE,0.0,96,0.45,12,3,0.0,0.0,0.0,1.0,1.0,0.0,0.8333333333333334,0.0,0.0,0,0,12,12
POLICY_DEVELOPMENT,BALANCED,PRIMARY_PAIRWISE,0.0,96,0.45,40,1,0.0,0.0,0.0,1.0,1.0,0.0,0.8083333333333333,0.0,0.0,0,0,120,120
POLICY_DEVELOPMENT,BALANCED,PRIMARY_PAIRWISE,0.025,12,0.05,1,1,0.0,0.0,0.0,1.0,1.0,0.0,1.0,0.0,0.0,0,1,0,1
POLICY_DEVELOPMENT,BALANCED,PRIMARY_PAIRWISE,0.025,12,0.05,12,3,0.0,0.0,0.0,1.0,1.0,0.0,1.0,0.0,0.0,0,6,6,12
POLICY_DEVELOPMENT,BALANCED,PRIMARY_PAIRWISE,0.025,12,0.05,12,5,0.0,0.0,0.0,1.0,1.0,0.0,0.8333333333333334,0.0,0.0,0,12,12,24
POLICY_DEVELOPMENT,BALANCED,PRIMARY_PAIRWISE,0.025,12,0.05,40,1,0.0,0.0,0.0,1.0,1.0,0.0,0.9333333333333333,0.0,0.0,0,60,60,120
POLICY_DEVELOPMENT,BALANCED,PRIMARY_PAIRWISE,0.025,12,0.85,1,1,0.0,0.0,0.0,1.0,1.0,0.0,1.0,0.0,0.0,0,1,0,1
POLICY_DEVELOPMENT,BALANCED,PRIMARY_PAIRWISE,0.025,12,0.85,1,3,0.0,0.0,0.0,1.0,1.0,0.0,1.0,0.0,0.0,0,3,0,3
POLICY_DEVELOPMENT,BALANCED,PRIMARY_PAIRWISE,0.025,12,0.85,12,1,0.0,0.0,0.0,1.0,1.0,0.0,0.4166666666666667,0.0,0.0,0,6,6,12
POLICY_DEVELOPMENT,BALANCED,PRIMARY_PAIRWISE,0.025,12,0.85,12,5,0.0,0.0,0.0,1.0,1.0,0.0,1.0,0.0,0.0,0,6,6,12
POLICY_DEVELOPMENT,BALANCED,PRIMARY_PAIRWISE,0.025,12,0.85,40,5,0.0,0.0,0.0,1.0,1.0,0.0,1.0,0.0,0.0,0,20,20,40
POLICY_DEVELOPMENT,BALANCED,PRIMARY_PAIRWISE,0.025,36,0.05,1,3,0.0,0.0,0.0,1.0,1.0,0.0,1.0,0.0,0.0,0,2,0,2
POLICY_DEVELOPMENT,BALANCED,PRIMARY_PAIRWISE,0.025,36,0.05,12,1,0.0,0.0,0.0,1.0,1.0,0.0,0.8333333333333334,0.0,0.0,0,6,6,12
POLICY_DEVELOPMENT,BALANCED,PRIMARY_PAIRWISE,0.025,36,0.05,12,3,0.0,0.0,0.0,1.0,1.0,0.0,1.0,0.0,0.0,0,6,6,12
POLICY_DEVELOPMENT,BALANCED,PRIMARY_PAIRWISE,0.025,36,0.05,40,1,0.05,0.14551858457912786,0.0,0.975,1.0,0.10392408686114205,0.875,0.0,0.0,1,20,20,40
POLICY_DEVELOPMENT,BALANCED,PRIMARY_PAIRWISE,0.025,36,0.05,40,5,0.0,0.0,0.0,1.0,1.0,0.0,0.925,0.0,0.0,0,20,20,40
POLICY_DEVELOPMENT,BALANCED,PRIMARY_PAIRWISE,0.025,36,0.85,1,1,0.0,0.0,0.0,1.0,1.0,0.0,1.0,0.0,0.0,0,2,0,2
POLICY_DEVELOPMENT,BALANCED,PRIMARY_PAIRWISE,0.025,36,0.85,12,5,0.0,0.0,0.0,1.0,1.0,0.0,1.0,0.0,0.0,0,18,18,36
POLICY_DEVELOPMENT,BALANCED,PRIMARY_PAIRWISE,0.025,36,0.85,40,1,0.0,0.0,0.0,1.0,1.0,0.0,0.975,0.0,0.0,0,20,20,40
POLICY_DEVELOPMENT,BALANCED,PRIMARY_PAIRWISE,0.025,36,0.85,40,3,0.0,0.0,0.0,1.0,1.0,0.0,1.0,0.0,0.0,0,20,20,40
POLICY_DEVELOPMENT,BALANCED,PRIMARY_PAIRWISE,0.025,96,0.05,1,1,0.0,0.0,0.5,0.5,0.5,0.005174563259012485,1.0,1.0,0.5,1,2,0,2
POLICY_DEVELOPMENT,BALANCED,PRIMARY_PAIRWISE,0.025,96,0.05,1,3,0.0,0.0,0.0,1.0,1.0,0.0,0.0,0.0,0.0,0,1,0,1
POLICY_DEVELOPMENT,BALANCED,PRIMARY_PAIRWISE,0.025,96,0.05,12,5,0.0,0.0,0.0,1.0,1.0,0.0,0.8611111111111112,0.0,0.0,0,18,18,36
POLICY_DEVELOPMENT,BALANCED,PRIMARY_PAIRWISE,0.025,96,0.05,40,3,0.0,0.0,0.5,0.75,0.5,0.002651005528087014,0.925,1.0,0.5,10,20,20,40
POLICY_DEVELOPMENT,BALANCED,PRIMARY_PAIRWISE,0.025,96,0.85,1,5,0.0,0.0,0.0,1.0,1.0,0.0,1.0,0.0,0.0,0,1,0,1
POLICY_DEVELOPMENT,BALANCED,PRIMARY_PAIRWISE,0.025,96,0.85,12,3,0.0,0.0,0.0,1.0,1.0,0.0,1.0,0.0,0.0,0,12,12,24
POLICY_DEVELOPMENT,BALANCED,PRIMARY_PAIRWISE,0.025,96,0.85,40,1,0.0,0.0,0.0,1.0,1.0,0.0,0.9833333333333333,0.0,0.0,0,60,60,120
POLICY_DEVELOPMENT,BALANCED,PRIMARY_PAIRWISE,0.06,12,0.45,1,1,0.0,0.0,0.0,1.0,1.0,0.0,1.0,0.0,0.0,0,1,0,1
POLICY_DEVELOPMENT,BALANCED,PRIMARY_PAIRWISE,0.06,12,0.45,12,3,0.0,0.0,0.0,1.0,1.0,0.0,1.0,0.0,0.0,0,6,6,12
POLICY_DEVELOPMENT,BALANCED,PRIMARY_PAIRWISE,0.06,12,0.45,12,5,0.0,0.0,0.0,1.0,1.0,0.0,0.8333333333333334,0.0,0.0,0,12,12,24
POLICY_DEVELOPMENT,BALANCED,PRIMARY_PAIRWISE,0.06,12,0.45,40,1,0.0,0.0,0.0,1.0,1.0,0.0,0.95,0.0,0.0,0,40,40,80
POLICY_DEVELOPMENT,BALANCED,PRIMARY_PAIRWISE,0.06,12,0.45,40,3,0.0,0.0,0.0,1.0,1.0,0.0,0.95,0.0,0.0,0,20,20,40
POLICY_DEVELOPMENT,BALANCED,PRIMARY_PAIRWISE,0.06,12,0.85,1,3,0.0,0.0,0.0,1.0,1.0,0.0,1.0,0.0,0.0,0,4,0,4
POLICY_DEVELOPMENT,BALANCED,PRIMARY_PAIRWISE,0.06,12,0.85,12,1,0.0,0.0,0.0,1.0,1.0,0.0,1.0,0.0,0.0,0,6,6,12
POLICY_DEVELOPMENT,BALANCED,PRIMARY_PAIRWISE,0.06,12,0.85,40,5,0.0,0.0,0.0,1.0,1.0,0.0,1.0,0.0,0.0,0,40,40,80
POLICY_DEVELOPMENT,BALANCED,PRIMARY_PAIRWISE,0.06,36,0.45,1,3,0.0,0.0,0.0,1.0,1.0,0.0,1.0,0.0,0.0,0,2,0,2
POLICY_DEVELOPMENT,BALANCED,PRIMARY_PAIRWISE,0.06,36,0.45,12,3,0.0,0.0,1.0,0.5,0.0,0.009440751072763804,0.8333333333333334,1.0,1.0,6,6,6,12
POLICY_DEVELOPMENT,BALANCED,PRIMARY_PAIRWISE,0.06,36,0.45,40,1,0.0,0.0,0.0,1.0,1.0,0.0,0.975,0.0,0.0,0,40,40,80
POLICY_DEVELOPMENT,BALANCED,PRIMARY_PAIRWISE,0.06,36,0.45,40,5,0.0,0.0,0.0,1.0,1.0,0.0,0.775,0.0,0.0,0,20,20,40
POLICY_DEVELOPMENT,BALANCED,PRIMARY_PAIRWISE,0.06,36,0.85,1,1,0.0,0.0,0.0,1.0,1.0,0.0,0.0,0.0,0.0,0,2,0,2
POLICY_DEVELOPMENT,BALANCED,PRIMARY_PAIRWISE,0.06,36,0.85,12,5,0.0,0.0,0.3333333333333333,0.8333333333333334,0.6666666666666667,0.004879753967227129,1.0,1.0,0.3333333333333333,6,18,18,36
POLICY_DEVELOPMENT,BALANCED,PRIMARY_PAIRWISE,0.06,36,0.85,40,3,0.0,0.0,0.0,1.0,1.0,0.0,0.9875,0.0,0.0,0,40,40,80
POLICY_DEVELOPMENT,BALANCED,PRIMARY_PAIRWISE,0.06,96,0.45,1,1,0.0,0.0,0.0,1.0,1.0,0.0,0.0,0.0,0.0,0,1,0,1
POLICY_DEVELOPMENT,BALANCED,PRIMARY_PAIRWISE,0.06,96,0.45,1,3,0.0,0.0,0.0,1.0,1.0,0.0,1.0,0.0,0.0,0,2,0,2
POLICY_DEVELOPMENT,BALANCED,PRIMARY_PAIRWISE,0.06,96,0.45,12,5,0.0,0.0,0.0,1.0,1.0,0.0,1.0,0.0,0.0,0,12,12,24
POLICY_DEVELOPMENT,BALANCED,PRIMARY_PAIRWISE,0.06,96,0.45,40,3,0.0,0.0,0.95,0.525,0.050000000000000044,0.011974587792569134,0.8,1.0,0.95,19,20,20,40
POLICY_DEVELOPMENT,BALANCED,PRIMARY_PAIRWISE,0.06,96,0.45,40,5,0.0,0.0,0.0,1.0,1.0,0.0,0.95,0.0,0.0,0,20,20,40
POLICY_DEVELOPMENT,BALANCED,PRIMARY_PAIRWISE,0.06,96,0.85,1,5,0.0,0.0,0.0,1.0,1.0,0.0,1.0,0.0,0.0,0,1,0,1
POLICY_DEVELOPMENT,BALANCED,PRIMARY_PAIRWISE,0.06,96,0.85,12,3,0.0,0.0,0.5,0.75,0.5,0.025560194447515294,0.7083333333333334,1.0,0.5,6,12,12,24
POLICY_DEVELOPMENT,BALANCED,PRIMARY_PAIRWISE,0.06,96,0.85,40,1,0.0,0.0,0.95,0.525,0.050000000000000044,0.0056069239351110274,1.0,1.0,0.95,57,60,60,120
POLICY_DEVELOPMENT,BALANCED,REPAIR,0.0,12,0.05,1,3,0.0,0.0,0.0,1.0,1.0,0.0,0.0,0.0,0.0,0,0,1,1
POLICY_DEVELOPMENT,BALANCED,REPAIR,0.0,12,0.05,1,5,0.0,0.0,0.0,1.0,1.0,0.0,1.0,0.0,0.0,0,0,2,2
POLICY_DEVELOPMENT,BALANCED,REPAIR,0.0,12,0.05,12,1,0.0,0.0,0.0,1.0,1.0,0.0,0.8333333333333334,0.0,0.0,0,0,12,12
POLICY_DEVELOPMENT,BALANCED,REPAIR,0.0,12,0.05,12,3,0.0,0.0,0.0,1.0,1.0,0.0,1.0,0.0,0.0,0,0,12,12
POLICY_DEVELOPMENT,BALANCED,REPAIR,0.0,12,0.05,40,1,0.0,0.0,0.0,1.0,1.0,0.0,0.8625,0.0,0.0,0,0,80,80
POLICY_DEVELOPMENT,BALANCED,REPAIR,0.0,12,0.85,1,1,0.0,0.0,0.0,1.0,1.0,0.0,1.0,0.0,0.0,0,0,1,1
POLICY_DEVELOPMENT,BALANCED,REPAIR,0.0,12,0.85,12,1,0.0,0.0,0.0,1.0,1.0,0.0,1.0,0.0,0.0,0,0,12,12
POLICY_DEVELOPMENT,BALANCED,REPAIR,0.0,12,0.85,12,5,0.0,0.0,0.0,1.0,1.0,0.0,1.0,0.0,0.0,0,0,12,12
POLICY_DEVELOPMENT,BALANCED,REPAIR,0.0,12,0.85,40,3,0.0,0.0,0.0,1.0,1.0,0.0,0.85,0.0,0.0,0,0,120,120
POLICY_DEVELOPMENT,BALANCED,REPAIR,0.0,36,0.05,1,3,0.0,0.0,0.0,1.0,1.0,0.0,1.0,0.0,0.0,0,0,1,1
POLICY_DEVELOPMENT,BALANCED,REPAIR,0.0,36,0.05,12,1,0.0,0.0,0.0,1.0,1.0,0.0,0.9444444444444444,0.0,0.0,0,0,36,36
POLICY_DEVELOPMENT,BALANCED,REPAIR,0.0,36,0.05,40,3,0.0,0.0,0.0,1.0,1.0,0.0,0.925,0.0,0.0,0,0,80,80
POLICY_DEVELOPMENT,BALANCED,REPAIR,0.0,36,0.85,1,5,0.0,0.0,0.0,1.0,1.0,0.0,1.0,0.0,0.0,0,0,3,3
POLICY_DEVELOPMENT,BALANCED,REPAIR,0.0,36,0.85,12,3,0.0,0.0,0.0,1.0,1.0,0.0,1.0,0.0,0.0,0,0,12,12
POLICY_DEVELOPMENT,BALANCED,REPAIR,0.0,36,0.85,40,1,0.0,0.0,0.0,1.0,1.0,0.0,1.0,0.0,0.0,0,0,80,80
POLICY_DEVELOPMENT,BALANCED,REPAIR,0.0,36,0.85,40,3,0.0,0.0,0.0,1.0,1.0,0.0,1.0,0.0,0.0,0,0,40,40
POLICY_DEVELOPMENT,BALANCED,REPAIR,0.0,96,0.05,1,1,0.0,0.0,0.0,1.0,1.0,0.0,1.0,0.0,0.0,0,0,1,1
POLICY_DEVELOPMENT,BALANCED,REPAIR,0.0,96,0.05,1,5,0.0,0.0,0.0,1.0,1.0,0.0,1.0,0.0,0.0,0,0,1,1
POLICY_DEVELOPMENT,BALANCED,REPAIR,0.0,96,0.05,12,5,0.0,0.0,0.0,1.0,1.0,0.0,1.0,0.0,0.0,0,0,12,12
POLICY_DEVELOPMENT,BALANCED,REPAIR,0.0,96,0.05,40,1,0.0,0.0,0.0,1.0,1.0,0.0,0.975,0.0,0.0,0,0,40,40
POLICY_DEVELOPMENT,BALANCED,REPAIR,0.0,96,0.05,40,3,0.0,0.0,0.0,1.0,1.0,0.0,0.925,0.0,0.0,0,0,120,120
POLICY_DEVELOPMENT,BALANCED,REPAIR,0.0,96,0.85,1,3,0.0,0.0,0.0,1.0,1.0,0.0,0.5,0.0,0.0,0,0,2,2
POLICY_DEVELOPMENT,BALANCED,REPAIR,0.0,96,0.85,12,1,0.0,0.0,0.0,1.0,1.0,0.0,1.0,0.0,0.0,0,0,36,36
POLICY_DEVELOPMENT,BALANCED,REPAIR,0.0,96,0.85,40,1,0.0,0.0,0.0,1.0,1.0,0.0,0.5,0.0,0.0,0,0,40,40
POLICY_DEVELOPMENT,BALANCED,REPAIR,0.0,96,0.85,40,5,0.0,0.0,0.0,1.0,1.0,0.0,0.95,0.0,0.0,0,0,40,40
POLICY_DEVELOPMENT,BALANCED,REPAIR,0.025,12,0.45,1,5,0.0,0.0,0.0,1.0,1.0,0.0,1.0,0.0,0.0,0,3,0,3
POLICY_DEVELOPMENT,BALANCED,REPAIR,0.025,12,0.45,12,1,0.0,0.0,0.0,1.0,1.0,0.0,0.9166666666666666,0.0,0.0,0,6,6,12
POLICY_DEVELOPMENT,BALANCED,REPAIR,0.025,12,0.45,12,3,0.0,0.0,0.0,1.0,1.0,0.0,0.6666666666666666,0.0,0.0,0,6,6,12
POLICY_DEVELOPMENT,BALANCED,REPAIR,0.025,12,0.45,40,1,0.0,0.0,0.0,1.0,1.0,0.0,0.9625,0.0,0.0,0,40,40,80
POLICY_DEVELOPMENT,BALANCED,REPAIR,0.025,12,0.85,1,1,0.0,0.0,0.0,1.0,1.0,0.0,1.0,0.0,0.0,0,1,0,1
POLICY_DEVELOPMENT,BALANCED,REPAIR,0.025,12,0.85,1,3,0.0,0.0,0.0,1.0,1.0,0.0,1.0,0.0,0.0,0,1,0,1
POLICY_DEVELOPMENT,BALANCED,REPAIR,0.025,12,0.85,12,1,0.0,0.0,0.0,1.0,1.0,0.0,1.0,0.0,0.0,0,6,6,12
POLICY_DEVELOPMENT,BALANCED,REPAIR,0.025,12,0.85,12,5,0.0,0.0,0.0,1.0,1.0,0.0,1.0,0.0,0.0,0,6,6,12
POLICY_DEVELOPMENT,BALANCED,REPAIR,0.025,12,0.85,40,3,0.0,0.0,0.0,1.0,1.0,0.0,1.0,0.0,0.0,0,40,40,80
POLICY_DEVELOPMENT,BALANCED,REPAIR,0.025,36,0.45,1,3,0.0,0.0,0.0,1.0,1.0,0.0,1.0,0.0,0.0,0,2,0,2
POLICY_DEVELOPMENT,BALANCED,REPAIR,0.025,36,0.45,12,1,0.0,0.0,0.0,1.0,1.0,0.0,0.8888888888888888,0.0,0.0,0,18,18,36
POLICY_DEVELOPMENT,BALANCED,REPAIR,0.025,36,0.45,40,5,0.0,0.0,0.0,1.0,1.0,0.0,0.825,0.0,0.0,0,20,20,40
POLICY_DEVELOPMENT,BALANCED,REPAIR,0.025,36,0.85,1,5,0.0,0.0,0.0,1.0,1.0,0.0,1.0,0.0,0.0,0,3,0,3
POLICY_DEVELOPMENT,BALANCED,REPAIR,0.025,36,0.85,12,3,0.0,0.0,0.0,1.0,1.0,0.0,1.0,0.0,0.0,0,6,6,12
POLICY_DEVELOPMENT,BALANCED,REPAIR,0.025,36,0.85,40,1,0.0,0.0,0.0,1.0,1.0,0.0,1.0,0.0,0.0,0,40,40,80
POLICY_DEVELOPMENT,BALANCED,REPAIR,0.025,36,0.85,40,3,0.7,0.9008402350128081,1.0,0.15000000000000002,0.0,0.09681463948276982,0.025,0.5882352941176471,1.0,34,20,20,40
POLICY_DEVELOPMENT,BALANCED,REPAIR,0.025,96,0.45,1,1,0.0,0.0,0.0,1.0,1.0,0.0,1.0,0.0,0.0,0,1,0,1
POLICY_DEVELOPMENT,BALANCED,REPAIR,0.025,96,0.45,1,5,0.0,0.0,0.0,1.0,1.0,0.0,1.0,0.0,0.0,0,1,0,1
POLICY_DEVELOPMENT,BALANCED,REPAIR,0.025,96,0.45,12,5,0.0,0.0,0.0,1.0,1.0,0.0,1.0,0.0,0.0,0,6,6,12
POLICY_DEVELOPMENT,BALANCED,REPAIR,0.025,96,0.45,40,1,0.0,0.0,0.0,1.0,1.0,0.0,0.95,0.0,0.0,0,20,20,40
POLICY_DEVELOPMENT,BALANCED,REPAIR,0.025,96,0.45,40,3,0.0,0.0,0.11666666666666667,0.9416666666666667,0.8833333333333333,0.019317373514943594,0.9583333333333334,1.0,0.11666666666666667,7,60,60,120
POLICY_DEVELOPMENT,BALANCED,REPAIR,0.025,96,0.85,1,3,0.0,0.0,1.0,0.0,0.0,0.009458475758098411,1.0,1.0,1.0,1,1,0,1
POLICY_DEVELOPMENT,BALANCED,REPAIR,0.025,96,0.85,1,5,0.0,0.0,0.5,0.5,0.5,0.013226428053576877,0.5,1.0,0.5,1,2,0,2
POLICY_DEVELOPMENT,BALANCED,REPAIR,0.025,96,0.85,12,1,0.0,0.0,0.1111111111111111,0.9444444444444444,0.8888888888888888,0.006061892564915532,0.8888888888888888,1.0,0.1111111111111111,2,18,18,36
POLICY_DEVELOPMENT,BALANCED,REPAIR,0.025,96,0.85,40,1,0.0,0.0,0.0,1.0,1.0,0.0,1.0,0.0,0.0,0,20,20,40
POLICY_DEVELOPMENT,BALANCED,REPAIR,0.06,12,0.05,1,3,0.0,0.0,0.0,1.0,1.0,0.0,1.0,0.0,0.0,0,1,0,1
POLICY_DEVELOPMENT,BALANCED,REPAIR,0.06,12,0.05,12,1,0.0,0.0,0.0,1.0,1.0,0.0,0.875,0.0,0.0,0,12,12,24
POLICY_DEVELOPMENT,BALANCED,REPAIR,0.06,12,0.05,12,5,0.0,0.0,0.0,1.0,1.0,0.0,1.0,0.0,0.0,0,6,6,12
POLICY_DEVELOPMENT,BALANCED,REPAIR,0.06,12,0.05,40,3,0.0,0.0,0.0,1.0,1.0,0.0,0.9,0.0,0.0,0,40,40,80
POLICY_DEVELOPMENT,BALANCED,REPAIR,0.06,12,0.45,1,5,0.0,0.0,0.0,1.0,1.0,0.0,0.6666666666666666,0.0,0.0,0,3,0,3
POLICY_DEVELOPMENT,BALANCED,REPAIR,0.06,12,0.45,12,3,0.0,0.0,0.0,1.0,1.0,0.0,0.9583333333333334,0.0,0.0,0,12,12,24
POLICY_DEVELOPMENT,BALANCED,REPAIR,0.06,12,0.45,40,1,0.0,0.0,0.0,1.0,1.0,0.0,0.9625,0.0,0.0,0,40,40,80
POLICY_DEVELOPMENT,BALANCED,REPAIR,0.06,36,0.05,1,5,0.0,0.0,0.0,1.0,1.0,0.0,1.0,0.0,0.0,0,2,0,2
POLICY_DEVELOPMENT,BALANCED,REPAIR,0.06,36,0.05,12,3,0.0,0.0,0.0,1.0,1.0,0.0,1.0,0.0,0.0,0,6,6,12
POLICY_DEVELOPMENT,BALANCED,REPAIR,0.06,36,0.05,12,5,0.0,0.0,0.0,1.0,1.0,0.0,1.0,0.0,0.0,0,6,6,12
POLICY_DEVELOPMENT,BALANCED,REPAIR,0.06,36,0.05,40,1,0.0,0.0,0.0,1.0,1.0,0.0,0.95,0.0,0.0,0,20,20,40
POLICY_DEVELOPMENT,BALANCED,REPAIR,0.06,36,0.05,40,3,0.0,0.0,0.0,1.0,1.0,0.0,0.9375,0.0,0.0,0,40,40,80
POLICY_DEVELOPMENT,BALANCED,REPAIR,0.06,36,0.45,1,3,0.0,0.0,0.0,1.0,1.0,0.0,1.0,0.0,0.0,0,2,0,2
POLICY_DEVELOPMENT,BALANCED,REPAIR,0.06,36,0.45,12,1,0.0,0.0,0.2777777777777778,0.8611111111111112,0.7222222222222222,0.01127042225864025,0.9166666666666666,1.0,0.2777777777777778,5,18,18,36
POLICY_DEVELOPMENT,BALANCED,REPAIR,0.06,36,0.45,40,5,0.0,0.0,0.0,1.0,1.0,0.0,0.875,0.0,0.0,0,20,20,40
POLICY_DEVELOPMENT,BALANCED,REPAIR,0.06,96,0.05,1,3,0.0,0.0,0.0,1.0,1.0,0.0,0.0,0.0,0.0,0,1,0,1
POLICY_DEVELOPMENT,BALANCED,REPAIR,0.06,96,0.05,1,5,0.0,0.0,0.0,1.0,1.0,0.0,0.5,0.0,0.0,0,2,0,2
POLICY_DEVELOPMENT,BALANCED,REPAIR,0.06,96,0.05,12,1,0.08333333333333333,0.23971309426686854,0.5,0.7083333333333333,0.5,0.008375479579790904,0.875,0.8571428571428571,0.5,7,12,12,24
POLICY_DEVELOPMENT,BALANCED,REPAIR,0.06,96,0.05,12,3,0.0,0.0,0.0,1.0,1.0,0.0,0.9166666666666666,0.0,0.0,0,6,6,12
POLICY_DEVELOPMENT,BALANCED,REPAIR,0.06,96,0.05,40,1,0.0,0.0,0.0,1.0,1.0,0.0,0.9,0.0,0.0,0,20,20,40
POLICY_DEVELOPMENT,BALANCED,REPAIR,0.06,96,0.45,1,1,0.0,0.0,0.0,1.0,1.0,0.0,1.0,0.0,0.0,0,1,0,1
POLICY_DEVELOPMENT,BALANCED,REPAIR,0.06,96,0.45,12,5,0.0,0.0,0.25,0.875,0.75,0.019214870816608807,0.7083333333333334,1.0,0.25,3,12,12,24
POLICY_DEVELOPMENT,BALANCED,REPAIR,0.06,96,0.45,40,3,0.0,0.0,0.75,0.625,0.25,0.007511823465076365,0.925,1.0,0.75,60,80,80,160
POLICY_DEVELOPMENT,BALANCED,THRESHOLD_PASS,0.0,12,0.05,1,3,0.0,0.0,0.0,1.0,1.0,0.0,1.0,0.0,0.0,0,0,1,1
POLICY_DEVELOPMENT,BALANCED,THRESHOLD_PASS,0.0,12,0.05,1,5,0.0,0.0,0.0,1.0,1.0,0.0,1.0,0.0,0.0,0,0,2,2
POLICY_DEVELOPMENT,BALANCED,THRESHOLD_PASS,0.0,12,0.05,12,1,0.0,0.0,0.0,1.0,1.0,0.0,0.75,0.0,0.0,0,0,12,12
POLICY_DEVELOPMENT,BALANCED,THRESHOLD_PASS,0.0,12,0.05,12,3,0.0,0.0,0.0,1.0,1.0,0.0,0.9166666666666666,0.0,0.0,0,0,12,12
POLICY_DEVELOPMENT,BALANCED,THRESHOLD_PASS,0.0,12,0.05,40,1,0.0,0.0,0.0,1.0,1.0,0.0,0.925,0.0,0.0,0,0,80,80
POLICY_DEVELOPMENT,BALANCED,THRESHOLD_PASS,0.0,12,0.85,1,1,0.0,0.0,0.0,1.0,1.0,0.0,1.0,0.0,0.0,0,0,1,1
POLICY_DEVELOPMENT,BALANCED,THRESHOLD_PASS,0.0,12,0.85,12,1,0.0,0.0,0.0,1.0,1.0,0.0,1.0,0.0,0.0,0,0,12,12
POLICY_DEVELOPMENT,BALANCED,THRESHOLD_PASS,0.0,12,0.85,12,5,0.0,0.0,0.0,1.0,1.0,0.0,1.0,0.0,0.0,0,0,12,12
POLICY_DEVELOPMENT,BALANCED,THRESHOLD_PASS,0.0,12,0.85,40,3,0.0,0.0,0.0,1.0,1.0,0.0,0.9333333333333333,0.0,0.0,0,0,120,120
POLICY_DEVELOPMENT,BALANCED,THRESHOLD_PASS,0.0,36,0.05,1,3,0.0,0.0,0.0,1.0,1.0,0.0,1.0,0.0,0.0,0,0,1,1
POLICY_DEVELOPMENT,BALANCED,THRESHOLD_PASS,0.0,36,0.05,12,1,0.0,0.0,0.0,1.0,1.0,0.0,0.9166666666666666,0.0,0.0,0,0,36,36
POLICY_DEVELOPMENT,BALANCED,THRESHOLD_PASS,0.0,36,0.05,40,3,0.0125,0.036846393470080945,0.0,0.9875,1.0,0.04649618834902028,0.875,0.0,0.0,1,0,80,80
POLICY_DEVELOPMENT,BALANCED,THRESHOLD_PASS,0.0,36,0.85,1,5,0.0,0.0,0.0,1.0,1.0,0.0,0.6666666666666666,0.0,0.0,0,0,3,3
POLICY_DEVELOPMENT,BALANCED,THRESHOLD_PASS,0.0,36,0.85,12,3,0.0,0.0,0.0,1.0,1.0,0.0,0.6666666666666666,0.0,0.0,0,0,12,12
POLICY_DEVELOPMENT,BALANCED,THRESHOLD_PASS,0.0,36,0.85,40,1,0.0,0.0,0.0,1.0,1.0,0.0,1.0,0.0,0.0,0,0,80,80
POLICY_DEVELOPMENT,BALANCED,THRESHOLD_PASS,0.0,36,0.85,40,3,0.0,0.0,0.0,1.0,1.0,0.0,1.0,0.0,0.0,0,0,40,40
POLICY_DEVELOPMENT,BALANCED,THRESHOLD_PASS,0.0,96,0.05,1,1,0.0,0.0,0.0,1.0,1.0,0.0,1.0,0.0,0.0,0,0,1,1
POLICY_DEVELOPMENT,BALANCED,THRESHOLD_PASS,0.0,96,0.05,1,5,0.0,0.0,0.0,1.0,1.0,0.0,1.0,0.0,0.0,0,0,1,1
POLICY_DEVELOPMENT,BALANCED,THRESHOLD_PASS,0.0,96,0.05,12,5,0.0,0.0,0.0,1.0,1.0,0.0,0.8333333333333334,0.0,0.0,0,0,12,12
POLICY_DEVELOPMENT,BALANCED,THRESHOLD_PASS,0.0,96,0.05,40,1,0.0,0.0,0.0,1.0,1.0,0.0,0.9,0.0,0.0,0,0,40,40
POLICY_DEVELOPMENT,BALANCED,THRESHOLD_PASS,0.0,96,0.05,40,3,0.0,0.0,0.0,1.0,1.0,0.0,0.875,0.0,0.0,0,0,120,120
POLICY_DEVELOPMENT,BALANCED,THRESHOLD_PASS,0.0,96,0.85,1,3,0.0,0.0,0.0,1.0,1.0,0.0,1.0,0.0,0.0,0,0,2,2
POLICY_DEVELOPMENT,BALANCED,THRESHOLD_PASS,0.0,96,0.85,12,1,0.0,0.0,0.0,1.0,1.0,0.0,0.7777777777777778,0.0,0.0,0,0,36,36
POLICY_DEVELOPMENT,BALANCED,THRESHOLD_PASS,0.0,96,0.85,40,1,0.0,0.0,0.0,1.0,1.0,0.0,1.0,0.0,0.0,0,0,40,40
POLICY_DEVELOPMENT,BALANCED,THRESHOLD_PASS,0.0,96,0.85,40,5,0.0,0.0,0.0,1.0,1.0,0.0,1.0,0.0,0.0,0,0,40,40
POLICY_DEVELOPMENT,BALANCED,THRESHOLD_PASS,0.025,12,0.45,1,5,0.0,0.0,0.0,1.0,1.0,0.0,1.0,0.0,0.0,0,3,0,3
POLICY_DEVELOPMENT,BALANCED,THRESHOLD_PASS,0.025,12,0.45,12,1,0.0,0.0,0.0,1.0,1.0,0.0,1.0,0.0,0.0,0,6,6,12
POLICY_DEVELOPMENT,BALANCED,THRESHOLD_PASS,0.025,12,0.45,12,3,0.0,0.0,0.0,1.0,1.0,0.0,1.0,0.0,0.0,0,6,6,12
POLICY_DEVELOPMENT,BALANCED,THRESHOLD_PASS,0.025,12,0.45,40,1,0.0,0.0,0.0,1.0,1.0,0.0,0.975,0.0,0.0,0,40,40,80
POLICY_DEVELOPMENT,BALANCED,THRESHOLD_PASS,0.025,12,0.85,1,1,0.0,0.0,0.0,1.0,1.0,0.0,1.0,0.0,0.0,0,1,0,1
POLICY_DEVELOPMENT,BALANCED,THRESHOLD_PASS,0.025,12,0.85,1,3,0.0,0.0,0.0,1.0,1.0,0.0,1.0,0.0,0.0,0,1,0,1
POLICY_DEVELOPMENT,BALANCED,THRESHOLD_PASS,0.025,12,0.85,12,1,0.0,0.0,0.0,1.0,1.0,0.0,1.0,0.0,0.0,0,6,6,12
POLICY_DEVELOPMENT,BALANCED,THRESHOLD_PASS,0.025,12,0.85,12,5,0.0,0.0,0.0,1.0,1.0,0.0,1.0,0.0,0.0,0,6,6,12
POLICY_DEVELOPMENT,BALANCED,THRESHOLD_PASS,0.025,12,0.85,40,3,0.0,0.0,0.0,1.0,1.0,0.0,1.0,0.0,0.0,0,40,40,80
POLICY_DEVELOPMENT,BALANCED,THRESHOLD_PASS,0.025,36,0.45,1,3,0.0,0.0,0.0,1.0,1.0,0.0,1.0,0.0,0.0,0,2,0,2
POLICY_DEVELOPMENT,BALANCED,THRESHOLD_PASS,0.025,36,0.45,12,1,0.0,0.0,0.0,1.0,1.0,0.0,0.9166666666666666,0.0,0.0,0,18,18,36
POLICY_DEVELOPMENT,BALANCED,THRESHOLD_PASS,0.025,36,0.45,40,5,0.0,0.0,0.0,1.0,1.0,0.0,0.525,0.0,0.0,0,20,20,40
POLICY_DEVELOPMENT,BALANCED,THRESHOLD_PASS,0.025,36,0.85,1,5,0.0,0.0,0.0,1.0,1.0,0.0,1.0,0.0,0.0,0,3,0,3
POLICY_DEVELOPMENT,BALANCED,THRESHOLD_PASS,0.025,36,0.85,12,3,0.0,0.0,0.0,1.0,1.0,0.0,1.0,0.0,0.0,0,6,6,12
POLICY_DEVELOPMENT,BALANCED,THRESHOLD_PASS,0.025,36,0.85,40,1,0.0,0.0,0.0,1.0,1.0,0.0,1.0,0.0,0.0,0,40,40,80
POLICY_DEVELOPMENT,BALANCED,THRESHOLD_PASS,0.025,36,0.85,40,3,0.0,0.0,0.0,1.0,1.0,0.0,1.0,0.0,0.0,0,20,20,40
POLICY_DEVELOPMENT,BALANCED,THRESHOLD_PASS,0.025,96,0.45,1,1,0.0,0.0,0.0,1.0,1.0,0.0,1.0,0.0,0.0,0,1,0,1
POLICY_DEVELOPMENT,BALANCED,THRESHOLD_PASS,0.025,96,0.45,1,5,0.0,0.0,0.0,1.0,1.0,0.0,1.0,0.0,0.0,0,1,0,1
POLICY_DEVELOPMENT,BALANCED,THRESHOLD_PASS,0.025,96,0.45,12,5,0.0,0.0,0.6666666666666666,0.6666666666666667,0.33333333333333337,0.0038646854566546695,0.9166666666666666,1.0,0.6666666666666666,4,6,6,12
POLICY_DEVELOPMENT,BALANCED,THRESHOLD_PASS,0.025,96,0.45,40,1,0.0,0.0,0.0,1.0,1.0,0.0,0.975,0.0,0.0,0,20,20,40
POLICY_DEVELOPMENT,BALANCED,THRESHOLD_PASS,0.025,96,0.45,40,3,0.0,0.0,0.11666666666666667,0.9416666666666667,0.8833333333333333,0.01942327479789711,0.75,1.0,0.11666666666666667,7,60,60,120
POLICY_DEVELOPMENT,BALANCED,THRESHOLD_PASS,0.025,96,0.85,1,3,0.0,0.0,0.0,1.0,1.0,0.0,0.0,0.0,0.0,0,1,0,1
POLICY_DEVELOPMENT,BALANCED,THRESHOLD_PASS,0.025,96,0.85,1,5,0.0,0.0,0.5,0.5,0.5,0.00439704273845477,1.0,1.0,0.5,1,2,0,2
POLICY_DEVELOPMENT,BALANCED,THRESHOLD_PASS,0.025,96,0.85,12,1,0.0,0.0,0.0,1.0,1.0,0.0,0.9722222222222222,0.0,0.0,0,18,18,36
POLICY_DEVELOPMENT,BALANCED,THRESHOLD_PASS,0.025,96,0.85,40,1,0.0,0.0,0.0,1.0,1.0,0.0,1.0,0.0,0.0,0,20,20,40
POLICY_DEVELOPMENT,BALANCED,THRESHOLD_PASS,0.06,12,0.05,1,3,0.0,0.0,0.0,1.0,1.0,0.0,1.0,0.0,0.0,0,1,0,1
POLICY_DEVELOPMENT,BALANCED,THRESHOLD_PASS,0.06,12,0.05,12,1,0.0,0.0,0.0,1.0,1.0,0.0,1.0,0.0,0.0,0,12,12,24
POLICY_DEVELOPMENT,BALANCED,THRESHOLD_PASS,0.06,12,0.05,12,5,0.0,0.0,0.0,1.0,1.0,0.0,1.0,0.0,0.0,0,6,6,12
POLICY_DEVELOPMENT,BALANCED,THRESHOLD_PASS,0.06,12,0.05,40,3,0.0,0.0,0.0,1.0,1.0,0.0,0.8875,0.0,0.0,0,40,40,80
POLICY_DEVELOPMENT,BALANCED,THRESHOLD_PASS,0.06,12,0.45,1,5,0.0,0.0,0.0,1.0,1.0,0.0,1.0,0.0,0.0,0,3,0,3
POLICY_DEVELOPMENT,BALANCED,THRESHOLD_PASS,0.06,12,0.45,12,3,0.0,0.0,0.0,1.0,1.0,0.0,0.9166666666666666,0.0,0.0,0,12,12,24
POLICY_DEVELOPMENT,BALANCED,THRESHOLD_PASS,0.06,12,0.45,40,1,0.0,0.0,0.0,1.0,1.0,0.0,0.8875,0.0,0.0,0,40,40,80
POLICY_DEVELOPMENT,BALANCED,THRESHOLD_PASS,0.06,36,0.05,1,5,0.0,0.0,0.0,1.0,1.0,0.0,1.0,0.0,0.0,0,2,0,2
POLICY_DEVELOPMENT,BALANCED,THRESHOLD_PASS,0.06,36,0.05,12,3,0.0,0.0,1.0,0.5,0.0,0.02233492787198728,0.8333333333333334,1.0,1.0,6,6,6,12
POLICY_DEVELOPMENT,BALANCED,THRESHOLD_PASS,0.06,36,0.05,12,5,0.0,0.0,0.0,1.0,1.0,0.0,1.0,0.0,0.0,0,6,6,12
POLICY_DEVELOPMENT,BALANCED,THRESHOLD_PASS,0.06,36,0.05,40,1,0.0,0.0,0.0,1.0,1.0,0.0,0.9,0.0,0.0,0,20,20,40
POLICY_DEVELOPMENT,BALANCED,THRESHOLD_PASS,0.06,36,0.05,40,3,0.0,0.0,0.0,1.0,1.0,0.0,0.875,0.0,0.0,0,40,40,80
POLICY_DEVELOPMENT,BALANCED,THRESHOLD_PASS,0.06,36,0.45,1,3,0.0,0.0,0.5,0.5,0.5,0.007924377238418087,1.0,1.0,0.5,1,2,0,2
POLICY_DEVELOPMENT,BALANCED,THRESHOLD_PASS,0.06,36,0.45,12,1,0.0,0.0,0.5,0.75,0.5,0.014087561956648132,1.0,1.0,0.5,9,18,18,36
POLICY_DEVELOPMENT,BALANCED,THRESHOLD_PASS,0.06,36,0.45,40,5,0.0,0.0,0.0,1.0,1.0,0.0,0.95,0.0,0.0,0,20,20,40
POLICY_DEVELOPMENT,BALANCED,THRESHOLD_PASS,0.06,96,0.05,1,3,0.0,0.0,0.0,1.0,1.0,0.0,1.0,0.0,0.0,0,1,0,1
POLICY_DEVELOPMENT,BALANCED,THRESHOLD_PASS,0.06,96,0.05,1,5,0.0,0.0,0.5,0.5,0.5,0.008948420451572216,1.0,1.0,0.5,1,2,0,2
POLICY_DEVELOPMENT,BALANCED,THRESHOLD_PASS,0.06,96,0.05,12,1,0.0,0.0,0.5,0.75,0.5,0.012607526331963952,0.9166666666666666,1.0,0.5,6,12,12,24
POLICY_DEVELOPMENT,BALANCED,THRESHOLD_PASS,0.06,96,0.05,12,3,0.0,0.0,1.0,0.5,0.0,0.009648437861733939,0.9166666666666666,1.0,1.0,6,6,6,12
POLICY_DEVELOPMENT,BALANCED,THRESHOLD_PASS,0.06,96,0.05,40,1,0.0,0.0,0.0,1.0,1.0,0.0,0.9,0.0,0.0,0,20,20,40
POLICY_DEVELOPMENT,BALANCED,THRESHOLD_PASS,0.06,96,0.45,1,1,0.0,0.0,0.0,1.0,1.0,0.0,1.0,0.0,0.0,0,1,0,1
POLICY_DEVELOPMENT,BALANCED,THRESHOLD_PASS,0.06,96,0.45,12,5,0.0,0.0,0.4166666666666667,0.7916666666666666,0.5833333333333333,0.010219463645258088,0.875,1.0,0.4166666666666667,5,12,12,24
POLICY_DEVELOPMENT,BALANCED,THRESHOLD_PASS,0.06,96,0.45,40,3,0.0,0.0,0.725,0.6375,0.275,0.00991606339858134,0.93125,1.0,0.725,58,80,80,160
POLICY_DEVELOPMENT,BALANCED,TOP_K,0.0,12,0.45,1,3,0.0,0.0,0.0,1.0,1.0,0.0,1.0,0.0,0.0,0,0,1,1
POLICY_DEVELOPMENT,BALANCED,TOP_K,0.0,12,0.45,12,1,0.0,0.0,0.0,1.0,1.0,0.0,1.0,0.0,0.0,0,0,24,24
POLICY_DEVELOPMENT,BALANCED,TOP_K,0.0,12,0.45,12,3,0.0,0.0,0.0,1.0,1.0,0.0,0.75,0.0,0.0,0,0,12,12
POLICY_DEVELOPMENT,BALANCED,TOP_K,0.0,12,0.45,40,5,0.0,0.0,0.0,1.0,1.0,0.0,0.8166666666666667,0.0,0.0,0,0,120,120
POLICY_DEVELOPMENT,BALANCED,TOP_K,0.0,12,0.85,1,1,0.0,0.0,0.0,1.0,1.0,0.0,1.0,0.0,0.0,0,0,3,3
POLICY_DEVELOPMENT,BALANCED,TOP_K,0.0,12,0.85,12,3,0.0,0.0,0.0,1.0,1.0,0.0,1.0,0.0,0.0,0,0,24,24
POLICY_DEVELOPMENT,BALANCED,TOP_K,0.0,12,0.85,40,3,0.0,0.0,0.0,1.0,1.0,0.0,0.925,0.0,0.0,0,0,40,40
POLICY_DEVELOPMENT,BALANCED,TOP_K,0.0,36,0.45,1,1,0.0,0.0,0.0,1.0,1.0,0.0,1.0,0.0,0.0,0,0,3,3
POLICY_DEVELOPMENT,BALANCED,TOP_K,0.0,36,0.45,12,1,0.0,0.0,0.0,1.0,1.0,0.0,1.0,0.0,0.0,0,0,12,12
POLICY_DEVELOPMENT,BALANCED,TOP_K,0.0,36,0.45,12,5,0.0,0.0,0.0,1.0,1.0,0.0,0.6666666666666666,0.0,0.0,0,0,12,12
POLICY_DEVELOPMENT,BALANCED,TOP_K,0.0,36,0.45,40,3,0.1875,0.27303097026808476,0.0,0.8125,1.0,0.07302542030352832,0.6875,0.0,0.0,15,0,80,80
POLICY_DEVELOPMENT,BALANCED,TOP_K,0.0,36,0.85,1,5,0.0,0.0,0.0,1.0,1.0,0.0,1.0,0.0,0.0,0,0,1,1
POLICY_DEVELOPMENT,BALANCED,TOP_K,0.0,36,0.85,12,1,0.0,0.0,0.0,1.0,1.0,0.0,1.0,0.0,0.0,0,0,12,12
POLICY_DEVELOPMENT,BALANCED,TOP_K,0.0,36,0.85,12,3,0.0,0.0,0.0,1.0,1.0,0.0,1.0,0.0,0.0,0,0,36,36
POLICY_DEVELOPMENT,BALANCED,TOP_K,0.0,36,0.85,40,1,0.0,0.0,0.0,1.0,1.0,0.0,0.9,0.0,0.0,0,0,40,40
POLICY_DEVELOPMENT,BALANCED,TOP_K,0.0,36,0.85,40,5,0.0,0.0,0.0,1.0,1.0,0.0,0.975,0.0,0.0,0,0,40,40
POLICY_DEVELOPMENT,BALANCED,TOP_K,0.0,96,0.45,1,1,0.0,0.0,0.0,1.0,1.0,0.0,1.0,0.0,0.0,0,0,1,1
POLICY_DEVELOPMENT,BALANCED,TOP_K,0.0,96,0.45,1,5,0.0,0.0,0.0,1.0,1.0,0.0,1.0,0.0,0.0,0,0,1,1
POLICY_DEVELOPMENT,BALANCED,TOP_K,0.0,96,0.45,12,3,0.0,0.0,0.0,1.0,1.0,0.0,0.8611111111111112,0.0,0.0,0,0,36,36
POLICY_DEVELOPMENT,BALANCED,TOP_K,0.0,96,0.45,40,1,0.0,0.0,0.0,1.0,1.0,0.0,0.925,0.0,0.0,0,0,40,40
POLICY_DEVELOPMENT,BALANCED,TOP_K,0.0,96,0.85,1,1,0.0,0.0,0.0,1.0,1.0,0.0,1.0,0.0,0.0,0,0,1,1
POLICY_DEVELOPMENT,BALANCED,TOP_K,0.0,96,0.85,1,3,0.0,0.0,0.0,1.0,1.0,0.0,1.0,0.0,0.0,0,0,1,1
POLICY_DEVELOPMENT,BALANCED,TOP_K,0.0,96,0.85,12,1,0.0,0.0,0.0,1.0,1.0,0.0,0.9583333333333334,0.0,0.0,0,0,24,24
POLICY_DEVELOPMENT,BALANCED,TOP_K,0.0,96,0.85,40,3,0.0,0.0,0.0,1.0,1.0,0.0,0.55,0.0,0.0,0,0,40,40
POLICY_DEVELOPMENT,BALANCED,TOP_K,0.0,96,0.85,40,5,0.0,0.0,0.0,1.0,1.0,0.0,1.0,0.0,0.0,0,0,80,80
POLICY_DEVELOPMENT,BALANCED,TOP_K,0.025,12,0.05,1,1,0.0,0.0,0.0,1.0,1.0,0.0,0.6666666666666666,0.0,0.0,0,3,0,3
POLICY_DEVELOPMENT,BALANCED,TOP_K,0.025,12,0.05,12,5,0.0,0.0,0.0,1.0,1.0,0.0,0.8333333333333334,0.0,0.0,0,6,6,12
POLICY_DEVELOPMENT,BALANCED,TOP_K,0.025,12,0.05,40,3,0.0,0.0,0.0,1.0,1.0,0.0,0.9625,0.0,0.0,0,40,40,80
POLICY_DEVELOPMENT,BALANCED,TOP_K,0.025,12,0.45,1,3,0.0,0.0,0.0,1.0,1.0,0.0,1.0,0.0,0.0,0,1,0,1
POLICY_DEVELOPMENT,BALANCED,TOP_K,0.025,12,0.45,12,1,0.0,0.0,0.0,1.0,1.0,0.0,1.0,0.0,0.0,0,12,12,24
POLICY_DEVELOPMENT,BALANCED,TOP_K,0.025,12,0.45,12,3,0.0,0.0,0.0,1.0,1.0,0.0,0.75,0.0,0.0,0,6,6,12
POLICY_DEVELOPMENT,BALANCED,TOP_K,0.025,12,0.45,40,5,0.0,0.0,0.0,1.0,1.0,0.0,0.875,0.0,0.0,0,60,60,120
POLICY_DEVELOPMENT,BALANCED,TOP_K,0.025,36,0.05,1,5,0.0,0.0,1.0,0.0,0.0,0.01333099787634151,1.0,1.0,1.0,1,1,0,1
POLICY_DEVELOPMENT,BALANCED,TOP_K,0.025,36,0.05,12,1,0.0,0.0,0.0,1.0,1.0,0.0,0.9166666666666666,0.0,0.0,0,6,6,12
POLICY_DEVELOPMENT,BALANCED,TOP_K,0.025,36,0.05,12,3,0.0,0.0,0.0,1.0,1.0,0.0,0.9166666666666666,0.0,0.0,0,18,18,36
POLICY_DEVELOPMENT,BALANCED,TOP_K,0.025,36,0.05,40,1,0.0,0.0,0.0,1.0,1.0,0.0,0.975,0.0,0.0,0,20,20,40
POLICY_DEVELOPMENT,BALANCED,TOP_K,0.025,36,0.05,40,5,0.0,0.0,0.0,1.0,1.0,0.0,0.925,0.0,0.0,0,20,20,40
POLICY_DEVELOPMENT,BALANCED,TOP_K,0.025,36,0.45,1,1,0.0,0.0,0.0,1.0,1.0,0.0,1.0,0.0,0.0,0,3,0,3
POLICY_DEVELOPMENT,BALANCED,TOP_K,0.025,36,0.45,12,1,0.0,0.0,0.0,1.0,1.0,0.0,1.0,0.0,0.0,0,6,6,12
POLICY_DEVELOPMENT,BALANCED,TOP_K,0.025,36,0.45,40,3,0.0,0.0,0.0,1.0,1.0,0.0,0.975,0.0,0.0,0,20,20,40
POLICY_DEVELOPMENT,BALANCED,TOP_K,0.025,36,0.45,40,5,0.0,0.0,0.1,0.95,0.9,0.025756401401197643,0.9625,1.0,0.1,4,40,40,80
POLICY_DEVELOPMENT,BALANCED,TOP_K,0.025,96,0.05,1,1,0.0,0.0,0.0,1.0,1.0,0.0,1.0,0.0,0.0,0,1,0,1
POLICY_DEVELOPMENT,BALANCED,TOP_K,0.025,96,0.05,1,3,0.0,0.0,0.0,1.0,1.0,0.0,0.0,0.0,0.0,0,1,0,1
POLICY_DEVELOPMENT,BALANCED,TOP_K,0.025,96,0.05,12,1,0.0,0.0,0.0,1.0,1.0,0.0,1.0,0.0,0.0,0,12,12,24
POLICY_DEVELOPMENT,BALANCED,TOP_K,0.025,96,0.05,40,5,0.0,0.0,0.21666666666666667,0.8916666666666666,0.7833333333333333,0.009140260364280405,0.9,1.0,0.21666666666666667,13,60,60,120
POLICY_DEVELOPMENT,BALANCED,TOP_K,0.025,96,0.45,1,1,0.0,0.0,0.0,1.0,1.0,0.0,1.0,0.0,0.0,0,1,0,1
POLICY_DEVELOPMENT,BALANCED,TOP_K,0.025,96,0.45,1,5,0.0,0.0,1.0,0.0,0.0,0.013731035914003271,1.0,1.0,1.0,1,1,0,1
POLICY_DEVELOPMENT,BALANCED,TOP_K,0.025,96,0.45,12,3,0.0,0.0,0.0,1.0,1.0,0.0,0.9583333333333334,0.0,0.0,0,12,12,24
POLICY_DEVELOPMENT,BALANCED,TOP_K,0.025,96,0.45,40,1,0.0,0.0,0.0,1.0,1.0,0.0,0.975,0.0,0.0,0,20,20,40
POLICY_DEVELOPMENT,BALANCED,TOP_K,0.025,96,0.45,40,3,0.0,0.0,0.45,0.775,0.55,0.0028345893309440168,1.0,1.0,0.45,9,20,20,40
POLICY_DEVELOPMENT,BALANCED,TOP_K,0.06,12,0.05,1,1,0.0,0.0,0.0,1.0,1.0,0.0,1.0,0.0,0.0,0,3,0,3
POLICY_DEVELOPMENT,BALANCED,TOP_K,0.06,12,0.05,12,5,0.0,0.0,0.0,1.0,1.0,0.0,0.5833333333333334,0.0,0.0,0,6,6,12
POLICY_DEVELOPMENT,BALANCED,TOP_K,0.06,12,0.05,40,3,0.0,0.0,0.0,1.0,1.0,0.0,0.9375,0.0,0.0,0,40,40,80
POLICY_DEVELOPMENT,BALANCED,TOP_K,0.06,12,0.85,1,3,0.0,0.0,0.0,1.0,1.0,0.0,1.0,0.0,0.0,0,1,0,1
POLICY_DEVELOPMENT,BALANCED,TOP_K,0.06,12,0.85,1,5,0.0,0.0,0.0,1.0,1.0,0.0,1.0,0.0,0.0,0,1,0,1
POLICY_DEVELOPMENT,BALANCED,TOP_K,0.06,12,0.85,12,1,0.0,0.0,0.0,1.0,1.0,0.0,1.0,0.0,0.0,0,6,6,12
POLICY_DEVELOPMENT,BALANCED,TOP_K,0.06,12,0.85,12,3,0.0,0.0,0.0,1.0,1.0,0.0,0.9583333333333334,0.0,0.0,0,12,12,24
POLICY_DEVELOPMENT,BALANCED,TOP_K,0.06,12,0.85,40,5,0.0,0.0,0.0,1.0,1.0,0.0,1.0,0.0,0.0,0,40,40,80
POLICY_DEVELOPMENT,BALANCED,TOP_K,0.06,36,0.05,1,5,0.0,0.0,0.0,1.0,1.0,0.0,1.0,0.0,0.0,0,2,0,2
POLICY_DEVELOPMENT,BALANCED,TOP_K,0.06,36,0.05,12,3,0.0,0.0,0.5416666666666666,0.7291666666666667,0.45833333333333337,0.012430743831331251,0.8958333333333334,1.0,0.5416666666666666,13,24,24,48
POLICY_DEVELOPMENT,BALANCED,TOP_K,0.06,36,0.05,40,1,0.0,0.0,0.0,1.0,1.0,0.0,0.875,0.0,0.0,0,20,20,40
POLICY_DEVELOPMENT,BALANCED,TOP_K,0.06,36,0.85,1,1,0.0,0.0,0.0,1.0,1.0,0.0,0.0,0.0,0.0,0,2,0,2
POLICY_DEVELOPMENT,BALANCED,TOP_K,0.06,36,0.85,1,3,0.0,0.0,1.0,0.0,0.0,0.0032496987302067445,1.0,1.0,1.0,1,1,0,1
POLICY_DEVELOPMENT,BALANCED,TOP_K,0.06,36,0.85,12,1,0.0,0.0,0.0,1.0,1.0,0.0,1.0,0.0,0.0,0,6,6,12
POLICY_DEVELOPMENT,BALANCED,TOP_K,0.06,36,0.85,40,3,0.0,0.0,0.0,1.0,1.0,0.0,1.0,0.0,0.0,0,20,20,40
POLICY_DEVELOPMENT,BALANCED,TOP_K,0.06,36,0.85,40,5,0.0,0.0,0.5,0.75,0.5,0.00950880758707125,1.0,1.0,0.5,20,40,40,80
POLICY_DEVELOPMENT,BALANCED,TOP_K,0.06,96,0.05,1,3,0.0,0.0,0.5,0.5,0.5,0.002824142991959301,1.0,1.0,0.5,1,2,0,2
POLICY_DEVELOPMENT,BALANCED,TOP_K,0.06,96,0.05,12,1,0.0,0.0,0.5,0.75,0.5,0.002605950112761119,0.9583333333333334,1.0,0.5,6,12,12,24
POLICY_DEVELOPMENT,BALANCED,TOP_K,0.06,96,0.05,40,5,0.0,0.0,0.6,0.7,0.4,0.00793524125360194,0.8916666666666667,1.0,0.6,36,60,60,120
POLICY_DEVELOPMENT,BALANCED,TOP_K,0.06,96,0.85,1,1,0.0,0.0,0.5,0.5,0.5,0.025265433088861575,1.0,1.0,0.5,1,2,0,2
POLICY_DEVELOPMENT,BALANCED,TOP_K,0.06,96,0.85,1,5,0.0,0.0,0.0,1.0,1.0,0.0,1.0,0.0,0.0,0,1,0,1
POLICY_DEVELOPMENT,BALANCED,TOP_K,0.06,96,0.85,12,3,0.0,0.0,0.0,1.0,1.0,0.0,1.0,0.0,0.0,0,12,12,24
POLICY_DEVELOPMENT,BALANCED,TOP_K,0.06,96,0.85,40,3,0.0,0.0,1.0,0.5,0.0,0.0032375554762953465,1.0,1.0,1.0,20,20,20,40
POLICY_DEVELOPMENT,BALANCED,TRANSPORT,0.0,12,0.45,1,3,0.0,0.0,0.0,1.0,1.0,0.0,1.0,0.0,0.0,0,0,1,1
POLICY_DEVELOPMENT,BALANCED,TRANSPORT,0.0,12,0.45,12,1,0.0,0.0,0.0,1.0,1.0,0.0,1.0,0.0,0.0,0,0,24,24
POLICY_DEVELOPMENT,BALANCED,TRANSPORT,0.0,12,0.45,12,3,0.0,0.0,0.0,1.0,1.0,0.0,0.9166666666666666,0.0,0.0,0,0,12,12
POLICY_DEVELOPMENT,BALANCED,TRANSPORT,0.0,12,0.45,40,5,0.0,0.0,0.0,1.0,1.0,0.0,0.8916666666666667,0.0,0.0,0,0,120,120
POLICY_DEVELOPMENT,BALANCED,TRANSPORT,0.0,12,0.85,1,1,0.0,0.0,0.0,1.0,1.0,0.0,1.0,0.0,0.0,0,0,3,3
POLICY_DEVELOPMENT,BALANCED,TRANSPORT,0.0,12,0.85,12,3,0.0,0.0,0.0,1.0,1.0,0.0,1.0,0.0,0.0,0,0,24,24
POLICY_DEVELOPMENT,BALANCED,TRANSPORT,0.0,12,0.85,40,3,0.0,0.0,0.0,1.0,1.0,0.0,1.0,0.0,0.0,0,0,40,40
POLICY_DEVELOPMENT,BALANCED,TRANSPORT,0.0,36,0.45,1,1,0.0,0.0,0.0,1.0,1.0,0.0,1.0,0.0,0.0,0,0,3,3
POLICY_DEVELOPMENT,BALANCED,TRANSPORT,0.0,36,0.45,12,1,0.0,0.0,0.0,1.0,1.0,0.0,1.0,0.0,0.0,0,0,12,12
POLICY_DEVELOPMENT,BALANCED,TRANSPORT,0.0,36,0.45,12,5,0.0,0.0,0.0,1.0,1.0,0.0,1.0,0.0,0.0,0,0,12,12
POLICY_DEVELOPMENT,BALANCED,TRANSPORT,0.0,36,0.45,40,3,0.0,0.0,0.0,1.0,1.0,0.0,0.8625,0.0,0.0,0,0,80,80
POLICY_DEVELOPMENT,BALANCED,TRANSPORT,0.0,36,0.85,1,5,0.0,0.0,0.0,1.0,1.0,0.0,1.0,0.0,0.0,0,0,1,1
POLICY_DEVELOPMENT,BALANCED,TRANSPORT,0.0,36,0.85,12,1,0.0,0.0,0.0,1.0,1.0,0.0,1.0,0.0,0.0,0,0,12,12
POLICY_DEVELOPMENT,BALANCED,TRANSPORT,0.0,36,0.85,12,3,0.0,0.0,0.0,1.0,1.0,0.0,1.0,0.0,0.0,0,0,36,36
POLICY_DEVELOPMENT,BALANCED,TRANSPORT,0.0,36,0.85,40,1,0.0,0.0,0.0,1.0,1.0,0.0,1.0,0.0,0.0,0,0,40,40
POLICY_DEVELOPMENT,BALANCED,TRANSPORT,0.0,36,0.85,40,5,0.0,0.0,0.0,1.0,1.0,0.0,1.0,0.0,0.0,0,0,40,40
POLICY_DEVELOPMENT,BALANCED,TRANSPORT,0.0,96,0.45,1,1,0.0,0.0,0.0,1.0,1.0,0.0,1.0,0.0,0.0,0,0,1,1
POLICY_DEVELOPMENT,BALANCED,TRANSPORT,0.0,96,0.45,1,5,0.0,0.0,0.0,1.0,1.0,0.0,1.0,0.0,0.0,0,0,1,1
POLICY_DEVELOPMENT,BALANCED,TRANSPORT,0.0,96,0.45,12,3,0.0,0.0,0.0,1.0,1.0,0.0,0.8055555555555556,0.0,0.0,0,0,36,36
POLICY_DEVELOPMENT,BALANCED,TRANSPORT,0.0,96,0.45,40,1,0.0,0.0,0.0,1.0,1.0,0.0,0.925,0.0,0.0,0,0,40,40
POLICY_DEVELOPMENT,BALANCED,TRANSPORT,0.0,96,0.85,1,1,0.0,0.0,0.0,1.0,1.0,0.0,1.0,0.0,0.0,0,0,1,1
POLICY_DEVELOPMENT,BALANCED,TRANSPORT,0.0,96,0.85,1,3,0.0,0.0,0.0,1.0,1.0,0.0,1.0,0.0,0.0,0,0,1,1
POLICY_DEVELOPMENT,BALANCED,TRANSPORT,0.0,96,0.85,12,1,0.0,0.0,0.0,1.0,1.0,0.0,1.0,0.0,0.0,0,0,24,24
POLICY_DEVELOPMENT,BALANCED,TRANSPORT,0.0,96,0.85,40,3,0.0,0.0,0.0,1.0,1.0,0.0,1.0,0.0,0.0,0,0,40,40
POLICY_DEVELOPMENT,BALANCED,TRANSPORT,0.0,96,0.85,40,5,0.0,0.0,0.0,1.0,1.0,0.0,1.0,0.0,0.0,0,0,80,80
POLICY_DEVELOPMENT,BALANCED,TRANSPORT,0.025,12,0.05,1,1,0.0,0.0,0.0,1.0,1.0,0.0,0.6666666666666666,0.0,0.0,0,2,1,3
POLICY_DEVELOPMENT,BALANCED,TRANSPORT,0.025,12,0.05,12,5,0.0,0.0,0.0,1.0,1.0,0.0,0.8333333333333334,0.0,0.0,0,6,6,12
POLICY_DEVELOPMENT,BALANCED,TRANSPORT,0.025,12,0.05,40,3,0.0,0.0,0.0,1.0,1.0,0.0,0.8875,0.0,0.0,0,40,40,80
POLICY_DEVELOPMENT,BALANCED,TRANSPORT,0.025,12,0.45,1,3,0.0,0.0,0.0,1.0,1.0,0.0,1.0,0.0,0.0,0,1,0,1
POLICY_DEVELOPMENT,BALANCED,TRANSPORT,0.025,12,0.45,12,1,0.0,0.0,0.0,1.0,1.0,0.0,0.9166666666666666,0.0,0.0,0,12,12,24
POLICY_DEVELOPMENT,BALANCED,TRANSPORT,0.025,12,0.45,12,3,0.0,0.0,0.0,1.0,1.0,0.0,1.0,0.0,0.0,0,6,6,12
POLICY_DEVELOPMENT,BALANCED,TRANSPORT,0.025,12,0.45,40,5,0.0,0.0,0.0,1.0,1.0,0.0,0.8416666666666667,0.0,0.0,0,60,60,120
POLICY_DEVELOPMENT,BALANCED,TRANSPORT,0.025,36,0.05,1,5,0.0,0.0,0.0,1.0,1.0,0.0,1.0,0.0,0.0,0,1,0,1
POLICY_DEVELOPMENT,BALANCED,TRANSPORT,0.025,36,0.05,12,1,0.0,0.0,0.0,1.0,1.0,0.0,1.0,0.0,0.0,0,0,12,12
POLICY_DEVELOPMENT,BALANCED,TRANSPORT,0.025,36,0.05,12,3,0.05555555555555555,0.16137653438793323,0.0,0.9722222222222222,1.0,0.06628474570572951,0.9444444444444444,0.0,0.0,1,18,18,36
POLICY_DEVELOPMENT,BALANCED,TRANSPORT,0.025,36,0.05,40,1,0.0,0.0,0.0,1.0,1.0,0.0,0.925,0.0,0.0,0,0,40,40
POLICY_DEVELOPMENT,BALANCED,TRANSPORT,0.025,36,0.05,40,5,0.0,0.0,0.0,1.0,1.0,0.0,0.925,0.0,0.0,0,20,20,40
POLICY_DEVELOPMENT,BALANCED,TRANSPORT,0.025,36,0.45,1,1,0.0,0.0,0.0,1.0,1.0,0.0,1.0,0.0,0.0,0,3,0,3
POLICY_DEVELOPMENT,BALANCED,TRANSPORT,0.025,36,0.45,12,1,0.0,0.0,0.0,1.0,1.0,0.0,1.0,0.0,0.0,0,6,6,12
POLICY_DEVELOPMENT,BALANCED,TRANSPORT,0.025,36,0.45,40,3,0.0,0.0,0.25,0.875,0.75,0.021409185035792488,0.975,1.0,0.25,5,20,20,40
POLICY_DEVELOPMENT,BALANCED,TRANSPORT,0.025,36,0.45,40,5,0.0,0.0,0.0,1.0,1.0,0.0,0.85,0.0,0.0,0,40,40,80
POLICY_DEVELOPMENT,BALANCED,TRANSPORT,0.025,96,0.05,1,1,0.0,0.0,0.0,1.0,1.0,0.0,1.0,0.0,0.0,0,1,0,1
POLICY_DEVELOPMENT,BALANCED,TRANSPORT,0.025,96,0.05,1,3,0.0,0.0,0.0,1.0,1.0,0.0,1.0,0.0,0.0,0,1,0,1
POLICY_DEVELOPMENT,BALANCED,TRANSPORT,0.025,96,0.05,12,1,0.0,0.0,0.0,1.0,1.0,0.0,1.0,0.0,0.0,0,6,18,24
POLICY_DEVELOPMENT,BALANCED,TRANSPORT,0.025,96,0.05,40,5,0.0,0.0,0.11666666666666667,0.9416666666666667,0.8833333333333333,0.0062993392793003035,0.9333333333333333,1.0,0.11666666666666667,7,60,60,120
POLICY_DEVELOPMENT,BALANCED,TRANSPORT,0.025,96,0.45,1,1,0.0,0.0,0.0,1.0,1.0,0.0,1.0,0.0,0.0,0,1,0,1
POLICY_DEVELOPMENT,BALANCED,TRANSPORT,0.025,96,0.45,1,5,0.0,0.0,0.0,1.0,1.0,0.0,1.0,0.0,0.0,0,1,0,1
POLICY_DEVELOPMENT,BALANCED,TRANSPORT,0.025,96,0.45,12,3,0.0,0.0,0.16666666666666666,0.9166666666666666,0.8333333333333334,0.019056706606069927,0.9166666666666666,1.0,0.16666666666666666,2,12,12,24
POLICY_DEVELOPMENT,BALANCED,TRANSPORT,0.025,96,0.45,40,1,0.0,0.0,0.0,1.0,1.0,0.0,0.9,0.0,0.0,0,20,20,40
POLICY_DEVELOPMENT,BALANCED,TRANSPORT,0.025,96,0.45,40,3,0.0,0.0,0.85,0.575,0.15000000000000002,0.009827006646340722,0.925,1.0,0.85,17,20,20,40
POLICY_DEVELOPMENT,BALANCED,TRANSPORT,0.06,12,0.05,1,1,0.0,0.0,0.0,1.0,1.0,0.0,1.0,0.0,0.0,0,3,0,3
POLICY_DEVELOPMENT,BALANCED,TRANSPORT,0.06,12,0.05,12,5,0.0,0.0,0.0,1.0,1.0,0.0,0.6666666666666666,0.0,0.0,0,6,6,12
POLICY_DEVELOPMENT,BALANCED,TRANSPORT,0.06,12,0.05,40,3,0.0,0.0,0.0,1.0,1.0,0.0,0.9375,0.0,0.0,0,40,40,80
POLICY_DEVELOPMENT,BALANCED,TRANSPORT,0.06,12,0.85,1,3,0.0,0.0,0.0,1.0,1.0,0.0,1.0,0.0,0.0,0,1,0,1
POLICY_DEVELOPMENT,BALANCED,TRANSPORT,0.06,12,0.85,1,5,0.0,0.0,0.0,1.0,1.0,0.0,0.0,0.0,0.0,0,1,0,1
POLICY_DEVELOPMENT,BALANCED,TRANSPORT,0.06,12,0.85,12,1,0.0,0.0,0.0,1.0,1.0,0.0,0.9166666666666666,0.0,0.0,0,6,6,12
POLICY_DEVELOPMENT,BALANCED,TRANSPORT,0.06,12,0.85,12,3,0.0,0.0,0.0,1.0,1.0,0.0,1.0,0.0,0.0,0,6,18,24
POLICY_DEVELOPMENT,BALANCED,TRANSPORT,0.06,12,0.85,40,5,0.0,0.0,0.0,1.0,1.0,0.0,1.0,0.0,0.0,0,40,40,80
POLICY_DEVELOPMENT,BALANCED,TRANSPORT,0.06,36,0.05,1,5,0.0,0.0,0.5,0.5,0.5,0.0043310177662899685,0.5,1.0,0.5,1,2,0,2
POLICY_DEVELOPMENT,BALANCED,TRANSPORT,0.06,36,0.05,12,3,0.0,0.0,0.5416666666666666,0.7291666666666667,0.45833333333333337,0.009980969220582904,0.9791666666666666,1.0,0.5416666666666666,13,24,24,48
POLICY_DEVELOPMENT,BALANCED,TRANSPORT,0.06,36,0.05,40,1,0.0,0.0,0.0,1.0,1.0,0.0,0.925,0.0,0.0,0,20,20,40
POLICY_DEVELOPMENT,BALANCED,TRANSPORT,0.06,36,0.85,1,1,0.0,0.0,0.0,1.0,1.0,0.0,0.5,0.0,0.0,0,2,0,2
POLICY_DEVELOPMENT,BALANCED,TRANSPORT,0.06,36,0.85,1,3,0.0,0.0,0.0,1.0,1.0,0.0,1.0,0.0,0.0,0,0,1,1
POLICY_DEVELOPMENT,BALANCED,TRANSPORT,0.06,36,0.85,12,1,0.0,0.0,0.0,1.0,1.0,0.0,0.9166666666666666,0.0,0.0,0,6,6,12
POLICY_DEVELOPMENT,BALANCED,TRANSPORT,0.06,36,0.85,40,3,0.0,0.0,0.0,1.0,1.0,0.0,0.975,0.0,0.0,0,0,40,40
POLICY_DEVELOPMENT,BALANCED,TRANSPORT,0.06,36,0.85,40,5,0.0,0.0,0.475,0.7625,0.525,0.01955331162921819,0.625,1.0,0.475,19,40,40,80
POLICY_DEVELOPMENT,BALANCED,TRANSPORT,0.06,96,0.05,1,3,0.0,0.0,1.0,0.0,0.0,0.003889740352973625,1.0,1.0,1.0,2,2,0,2
POLICY_DEVELOPMENT,BALANCED,TRANSPORT,0.06,96,0.05,12,1,0.0,0.0,0.0,1.0,1.0,0.0,0.9166666666666666,0.0,0.0,0,12,12,24
POLICY_DEVELOPMENT,BALANCED,TRANSPORT,0.06,96,0.05,40,5,0.0,0.0,0.21666666666666667,0.8916666666666666,0.7833333333333333,0.006959000769093205,0.875,1.0,0.21666666666666667,13,60,60,120
POLICY_DEVELOPMENT,BALANCED,TRANSPORT,0.06,96,0.85,1,1,0.0,0.0,0.0,1.0,1.0,0.0,1.0,0.0,0.0,0,2,0,2
POLICY_DEVELOPMENT,BALANCED,TRANSPORT,0.06,96,0.85,1,5,0.0,0.0,1.0,0.0,0.0,0.0026978026528096527,1.0,1.0,1.0,1,1,0,1
POLICY_DEVELOPMENT,BALANCED,TRANSPORT,0.06,96,0.85,12,3,0.0,0.0,1.0,0.75,0.0,0.032310242298001654,0.75,1.0,1.0,6,6,18,24
POLICY_DEVELOPMENT,BALANCED,TRANSPORT,0.06,96,0.85,40,3,0.0,0.0,1.0,0.5,0.0,0.003941176011863283,1.0,1.0,1.0,20,20,20,40
POLICY_DEVELOPMENT,BALANCED_95CI,ITEM_DIAGNOSTICS,0.0,12,0.05,1,1,0.0,0.0,0.0,1.0,1.0,0.0,1.0,0.0,0.0,0,0,1,1
POLICY_DEVELOPMENT,BALANCED_95CI,ITEM_DIAGNOSTICS,0.0,12,0.05,1,5,0.0,0.0,0.0,1.0,1.0,0.0,1.0,0.0,0.0,0,0,1,1
POLICY_DEVELOPMENT,BALANCED_95CI,ITEM_DIAGNOSTICS,0.0,12,0.05,12,3,0.0,0.0,0.0,1.0,1.0,0.0,0.875,0.0,0.0,0,0,24,24
POLICY_DEVELOPMENT,BALANCED_95CI,ITEM_DIAGNOSTICS,0.0,12,0.05,40,1,0.0,0.0,0.0,1.0,1.0,0.0,0.9416666666666667,0.0,0.0,0,0,120,120
POLICY_DEVELOPMENT,BALANCED_95CI,ITEM_DIAGNOSTICS,0.0,12,0.45,1,1,0.0,0.0,0.0,1.0,1.0,0.0,1.0,0.0,0.0,0,0,1,1
POLICY_DEVELOPMENT,BALANCED_95CI,ITEM_DIAGNOSTICS,0.0,12,0.45,1,3,0.0,0.0,0.0,1.0,1.0,0.0,1.0,0.0,0.0,0,0,3,3
POLICY_DEVELOPMENT,BALANCED_95CI,ITEM_DIAGNOSTICS,0.0,12,0.45,12,1,0.0,0.0,0.0,1.0,1.0,0.0,0.6666666666666666,0.0,0.0,0,0,12,12
POLICY_DEVELOPMENT,BALANCED_95CI,ITEM_DIAGNOSTICS,0.0,12,0.45,12,5,0.0,0.0,0.0,1.0,1.0,0.0,1.0,0.0,0.0,0,0,12,12
POLICY_DEVELOPMENT,BALANCED_95CI,ITEM_DIAGNOSTICS,0.0,12,0.45,40,5,0.0,0.0,0.0,1.0,1.0,0.0,0.975,0.0,0.0,0,0,40,40
POLICY_DEVELOPMENT,BALANCED_95CI,ITEM_DIAGNOSTICS,0.0,36,0.05,1,3,0.0,0.0,0.0,1.0,1.0,0.0,0.6666666666666666,0.0,0.0,0,0,3,3
POLICY_DEVELOPMENT,BALANCED_95CI,ITEM_DIAGNOSTICS,0.0,36,0.05,12,1,0.0,0.0,0.0,1.0,1.0,0.0,0.9166666666666666,0.0,0.0,0,0,12,12
POLICY_DEVELOPMENT,BALANCED_95CI,ITEM_DIAGNOSTICS,0.0,36,0.05,40,1,0.0,0.0,0.0,1.0,1.0,0.0,0.9,0.0,0.0,0,0,40,40
POLICY_DEVELOPMENT,BALANCED_95CI,ITEM_DIAGNOSTICS,0.0,36,0.05,40,5,0.0,0.0,0.0,1.0,1.0,0.0,0.9,0.0,0.0,0,0,40,40
POLICY_DEVELOPMENT,BALANCED_95CI,ITEM_DIAGNOSTICS,0.0,36,0.45,1,1,0.0,0.0,0.0,1.0,1.0,0.0,1.0,0.0,0.0,0,0,2,2
POLICY_DEVELOPMENT,BALANCED_95CI,ITEM_DIAGNOSTICS,0.0,36,0.45,12,3,0.0,0.0,0.0,1.0,1.0,0.0,0.9166666666666666,0.0,0.0,0,0,12,12
POLICY_DEVELOPMENT,BALANCED_95CI,ITEM_DIAGNOSTICS,0.0,36,0.45,12,5,0.0,0.0,0.0,1.0,1.0,0.0,0.9166666666666666,0.0,0.0,0,0,24,24
POLICY_DEVELOPMENT,BALANCED_95CI,ITEM_DIAGNOSTICS,0.0,36,0.45,40,1,0.0,0.0,0.0,1.0,1.0,0.0,1.0,0.0,0.0,0,0,40,40
POLICY_DEVELOPMENT,BALANCED_95CI,ITEM_DIAGNOSTICS,0.0,36,0.45,40,3,0.0,0.0,0.0,1.0,1.0,0.0,0.975,0.0,0.0,0,0,40,40
POLICY_DEVELOPMENT,BALANCED_95CI,ITEM_DIAGNOSTICS,0.0,96,0.05,1,1,0.0,0.0,0.0,1.0,1.0,0.0,1.0,0.0,0.0,0,0,2,2
POLICY_DEVELOPMENT,BALANCED_95CI,ITEM_DIAGNOSTICS,0.0,96,0.05,1,3,0.0,0.0,0.0,1.0,1.0,0.0,1.0,0.0,0.0,0,0,1,1
POLICY_DEVELOPMENT,BALANCED_95CI,ITEM_DIAGNOSTICS,0.0,96,0.05,12,5,0.0,0.0,0.0,1.0,1.0,0.0,0.9722222222222222,0.0,0.0,0,0,36,36
POLICY_DEVELOPMENT,BALANCED_95CI,ITEM_DIAGNOSTICS,0.0,96,0.05,40,3,0.0,0.0,0.0,1.0,1.0,0.0,0.95,0.0,0.0,0,0,40,40
POLICY_DEVELOPMENT,BALANCED_95CI,ITEM_DIAGNOSTICS,0.0,96,0.45,1,3,0.0,0.0,0.0,1.0,1.0,0.0,1.0,0.0,0.0,0,0,2,2
POLICY_DEVELOPMENT,BALANCED_95CI,ITEM_DIAGNOSTICS,0.0,96,0.45,12,3,0.0,0.0,0.0,1.0,1.0,0.0,1.0,0.0,0.0,0,0,12,12
POLICY_DEVELOPMENT,BALANCED_95CI,ITEM_DIAGNOSTICS,0.0,96,0.45,40,1,0.0,0.0,0.0,1.0,1.0,0.0,0.9583333333333334,0.0,0.0,0,0,120,120
POLICY_DEVELOPMENT,BALANCED_95CI,ITEM_DIAGNOSTICS,0.025,12,0.05,1,1,0.0,0.0,0.0,1.0,1.0,0.0,1.0,0.0,0.0,0,1,0,1
POLICY_DEVELOPMENT,BALANCED_95CI,ITEM_DIAGNOSTICS,0.025,12,0.05,12,3,0.0,0.0,0.0,1.0,1.0,0.0,0.9166666666666666,0.0,0.0,0,6,6,12
POLICY_DEVELOPMENT,BALANCED_95CI,ITEM_DIAGNOSTICS,0.025,12,0.05,12,5,0.0,0.0,0.0,1.0,1.0,0.0,0.9166666666666666,0.0,0.0,0,12,12,24
POLICY_DEVELOPMENT,BALANCED_95CI,ITEM_DIAGNOSTICS,0.025,12,0.05,40,1,0.0,0.0,0.0,1.0,1.0,0.0,0.95,0.0,0.0,0,60,60,120
POLICY_DEVELOPMENT,BALANCED_95CI,ITEM_DIAGNOSTICS,0.025,12,0.85,1,1,0.0,0.0,0.0,1.0,1.0,0.0,1.0,0.0,0.0,0,1,0,1
POLICY_DEVELOPMENT,BALANCED_95CI,ITEM_DIAGNOSTICS,0.025,12,0.85,1,3,0.0,0.0,0.0,1.0,1.0,0.0,1.0,0.0,0.0,0,3,0,3
POLICY_DEVELOPMENT,BALANCED_95CI,ITEM_DIAGNOSTICS,0.025,12,0.85,12,1,0.0,0.0,0.0,1.0,1.0,0.0,1.0,0.0,0.0,0,6,6,12
POLICY_DEVELOPMENT,BALANCED_95CI,ITEM_DIAGNOSTICS,0.025,12,0.85,12,5,0.0,0.0,0.0,1.0,1.0,0.0,1.0,0.0,0.0,0,6,6,12
POLICY_DEVELOPMENT,BALANCED_95CI,ITEM_DIAGNOSTICS,0.025,12,0.85,40,5,0.0,0.0,0.0,1.0,1.0,0.0,1.0,0.0,0.0,0,20,20,40
POLICY_DEVELOPMENT,BALANCED_95CI,ITEM_DIAGNOSTICS,0.025,36,0.05,1,3,0.0,0.0,0.0,1.0,1.0,0.0,1.0,0.0,0.0,0,2,0,2
POLICY_DEVELOPMENT,BALANCED_95CI,ITEM_DIAGNOSTICS,0.025,36,0.05,12,1,0.0,0.0,0.0,1.0,1.0,0.0,0.9166666666666666,0.0,0.0,0,6,6,12
POLICY_DEVELOPMENT,BALANCED_95CI,ITEM_DIAGNOSTICS,0.025,36,0.05,12,3,0.0,0.0,0.0,1.0,1.0,0.0,0.9166666666666666,0.0,0.0,0,6,6,12
POLICY_DEVELOPMENT,BALANCED_95CI,ITEM_DIAGNOSTICS,0.025,36,0.05,40,1,0.0,0.0,0.0,1.0,1.0,0.0,0.925,0.0,0.0,0,20,20,40
POLICY_DEVELOPMENT,BALANCED_95CI,ITEM_DIAGNOSTICS,0.025,36,0.05,40,5,0.0,0.0,0.0,1.0,1.0,0.0,0.875,0.0,0.0,0,20,20,40
POLICY_DEVELOPMENT,BALANCED_95CI,ITEM_DIAGNOSTICS,0.025,36,0.85,1,1,0.0,0.0,0.0,1.0,1.0,0.0,0.5,0.0,0.0,0,2,0,2
POLICY_DEVELOPMENT,BALANCED_95CI,ITEM_DIAGNOSTICS,0.025,36,0.85,12,5,0.0,0.0,0.05555555555555555,0.9722222222222222,0.9444444444444444,0.02281416399012618,1.0,1.0,0.05555555555555555,1,18,18,36
POLICY_DEVELOPMENT,BALANCED_95CI,ITEM_DIAGNOSTICS,0.025,36,0.85,40,1,0.0,0.0,0.0,1.0,1.0,0.0,0.9,0.0,0.0,0,20,20,40
POLICY_DEVELOPMENT,BALANCED_95CI,ITEM_DIAGNOSTICS,0.025,36,0.85,40,3,0.0,0.0,0.0,1.0,1.0,0.0,1.0,0.0,0.0,0,20,20,40
POLICY_DEVELOPMENT,BALANCED_95CI,ITEM_DIAGNOSTICS,0.025,96,0.05,1,1,0.0,0.0,0.0,1.0,1.0,0.0,1.0,0.0,0.0,0,2,0,2
POLICY_DEVELOPMENT,BALANCED_95CI,ITEM_DIAGNOSTICS,0.025,96,0.05,1,3,0.0,0.0,0.0,1.0,1.0,0.0,1.0,0.0,0.0,0,1,0,1
POLICY_DEVELOPMENT,BALANCED_95CI,ITEM_DIAGNOSTICS,0.025,96,0.05,12,5,0.0,0.0,0.0,1.0,1.0,0.0,0.9166666666666666,0.0,0.0,0,18,18,36
POLICY_DEVELOPMENT,BALANCED_95CI,ITEM_DIAGNOSTICS,0.025,96,0.05,40,3,0.0,0.0,0.5,0.75,0.5,0.008384153532839127,0.975,1.0,0.5,10,20,20,40
POLICY_DEVELOPMENT,BALANCED_95CI,ITEM_DIAGNOSTICS,0.025,96,0.85,1,5,0.0,0.0,0.0,1.0,1.0,0.0,1.0,0.0,0.0,0,1,0,1
POLICY_DEVELOPMENT,BALANCED_95CI,ITEM_DIAGNOSTICS,0.025,96,0.85,12,3,0.0,0.0,0.0,1.0,1.0,0.0,0.9583333333333334,0.0,0.0,0,12,12,24
POLICY_DEVELOPMENT,BALANCED_95CI,ITEM_DIAGNOSTICS,0.025,96,0.85,40,1,0.0,0.0,0.0,1.0,1.0,0.0,0.9416666666666667,0.0,0.0,0,60,60,120
POLICY_DEVELOPMENT,BALANCED_95CI,ITEM_DIAGNOSTICS,0.06,12,0.45,1,1,0.0,0.0,0.0,1.0,1.0,0.0,0.0,0.0,0.0,0,1,0,1
POLICY_DEVELOPMENT,BALANCED_95CI,ITEM_DIAGNOSTICS,0.06,12,0.45,12,3,0.0,0.0,0.0,1.0,1.0,0.0,1.0,0.0,0.0,0,6,6,12
POLICY_DEVELOPMENT,BALANCED_95CI,ITEM_DIAGNOSTICS,0.06,12,0.45,12,5,0.0,0.0,0.0,1.0,1.0,0.0,0.9583333333333334,0.0,0.0,0,12,12,24
POLICY_DEVELOPMENT,BALANCED_95CI,ITEM_DIAGNOSTICS,0.06,12,0.45,40,1,0.0,0.0,0.0,1.0,1.0,0.0,1.0,0.0,0.0,0,40,40,80
POLICY_DEVELOPMENT,BALANCED_95CI,ITEM_DIAGNOSTICS,0.06,12,0.45,40,3,0.0,0.0,0.0,1.0,1.0,0.0,1.0,0.0,0.0,0,20,20,40
POLICY_DEVELOPMENT,BALANCED_95CI,ITEM_DIAGNOSTICS,0.06,12,0.85,1,3,0.0,0.0,0.0,1.0,1.0,0.0,1.0,0.0,0.0,0,4,0,4
POLICY_DEVELOPMENT,BALANCED_95CI,ITEM_DIAGNOSTICS,0.06,12,0.85,12,1,0.0,0.0,0.0,1.0,1.0,0.0,1.0,0.0,0.0,0,6,6,12
POLICY_DEVELOPMENT,BALANCED_95CI,ITEM_DIAGNOSTICS,0.06,12,0.85,40,5,0.0,0.0,0.0,1.0,1.0,0.0,0.925,0.0,0.0,0,40,40,80
POLICY_DEVELOPMENT,BALANCED_95CI,ITEM_DIAGNOSTICS,0.06,36,0.45,1,3,0.0,0.0,0.0,1.0,1.0,0.0,1.0,0.0,0.0,0,2,0,2
POLICY_DEVELOPMENT,BALANCED_95CI,ITEM_DIAGNOSTICS,0.06,36,0.45,12,3,0.0,0.0,1.0,0.5,0.0,0.0058191816176726635,1.0,1.0,1.0,6,6,6,12
POLICY_DEVELOPMENT,BALANCED_95CI,ITEM_DIAGNOSTICS,0.06,36,0.45,40,1,0.0,0.0,0.0,1.0,1.0,0.0,0.975,0.0,0.0,0,40,40,80
POLICY_DEVELOPMENT,BALANCED_95CI,ITEM_DIAGNOSTICS,0.06,36,0.45,40,5,0.0,0.0,0.0,1.0,1.0,0.0,1.0,0.0,0.0,0,20,20,40
POLICY_DEVELOPMENT,BALANCED_95CI,ITEM_DIAGNOSTICS,0.06,36,0.85,1,1,0.0,0.0,0.5,0.5,0.5,0.0037498551755947712,1.0,1.0,0.5,1,2,0,2
POLICY_DEVELOPMENT,BALANCED_95CI,ITEM_DIAGNOSTICS,0.06,36,0.85,12,5,0.0,0.0,0.3333333333333333,0.8333333333333334,0.6666666666666667,0.00656578949656502,0.9722222222222222,1.0,0.3333333333333333,6,18,18,36
POLICY_DEVELOPMENT,BALANCED_95CI,ITEM_DIAGNOSTICS,0.06,36,0.85,40,3,0.0,0.0,0.475,0.7625,0.525,0.03921670636030759,0.5375,1.0,0.475,19,40,40,80
POLICY_DEVELOPMENT,BALANCED_95CI,ITEM_DIAGNOSTICS,0.06,96,0.45,1,1,0.0,0.0,0.0,1.0,1.0,0.0,1.0,0.0,0.0,0,1,0,1
POLICY_DEVELOPMENT,BALANCED_95CI,ITEM_DIAGNOSTICS,0.06,96,0.45,1,3,0.0,0.0,0.0,1.0,1.0,0.0,1.0,0.0,0.0,0,2,0,2
POLICY_DEVELOPMENT,BALANCED_95CI,ITEM_DIAGNOSTICS,0.06,96,0.45,12,5,0.0,0.0,0.0,1.0,1.0,0.0,1.0,0.0,0.0,0,12,12,24
POLICY_DEVELOPMENT,BALANCED_95CI,ITEM_DIAGNOSTICS,0.06,96,0.45,40,3,0.0,0.0,0.0,1.0,1.0,0.0,0.825,0.0,0.0,0,20,20,40
POLICY_DEVELOPMENT,BALANCED_95CI,ITEM_DIAGNOSTICS,0.06,96,0.45,40,5,0.0,0.0,0.0,1.0,1.0,0.0,1.0,0.0,0.0,0,20,20,40
POLICY_DEVELOPMENT,BALANCED_95CI,ITEM_DIAGNOSTICS,0.06,96,0.85,1,5,0.0,0.0,0.0,1.0,1.0,0.0,1.0,0.0,0.0,0,1,0,1
POLICY_DEVELOPMENT,BALANCED_95CI,ITEM_DIAGNOSTICS,0.06,96,0.85,12,3,0.0,0.0,0.5,0.75,0.5,0.005541659784338783,0.9583333333333334,1.0,0.5,6,12,12,24
POLICY_DEVELOPMENT,BALANCED_95CI,ITEM_DIAGNOSTICS,0.06,96,0.85,40,1,0.0,0.0,0.6666666666666666,0.6666666666666667,0.33333333333333337,0.007297281834270078,1.0,1.0,0.6666666666666666,40,60,60,120
POLICY_DEVELOPMENT,BALANCED_95CI,PRIMARY_PAIRWISE,0.0,12,0.05,1,1,0.0,0.0,0.0,1.0,1.0,0.0,1.0,0.0,0.0,0,0,1,1
POLICY_DEVELOPMENT,BALANCED_95CI,PRIMARY_PAIRWISE,0.0,12,0.05,1,5,0.0,0.0,0.0,1.0,1.0,0.0,1.0,0.0,0.0,0,0,1,1
POLICY_DEVELOPMENT,BALANCED_95CI,PRIMARY_PAIRWISE,0.0,12,0.05,12,3,0.0,0.0,0.0,1.0,1.0,0.0,0.9166666666666666,0.0,0.0,0,0,24,24
POLICY_DEVELOPMENT,BALANCED_95CI,PRIMARY_PAIRWISE,0.0,12,0.05,40,1,0.0,0.0,0.0,1.0,1.0,0.0,0.9,0.0,0.0,0,0,120,120
POLICY_DEVELOPMENT,BALANCED_95CI,PRIMARY_PAIRWISE,0.0,12,0.45,1,1,0.0,0.0,0.0,1.0,1.0,0.0,1.0,0.0,0.0,0,0,1,1
POLICY_DEVELOPMENT,BALANCED_95CI,PRIMARY_PAIRWISE,0.0,12,0.45,1,3,0.0,0.0,0.0,1.0,1.0,0.0,1.0,0.0,0.0,0,0,3,3
POLICY_DEVELOPMENT,BALANCED_95CI,PRIMARY_PAIRWISE,0.0,12,0.45,12,1,0.0,0.0,0.0,1.0,1.0,0.0,0.9166666666666666,0.0,0.0,0,0,12,12
POLICY_DEVELOPMENT,BALANCED_95CI,PRIMARY_PAIRWISE,0.0,12,0.45,12,5,0.0,0.0,0.0,1.0,1.0,0.0,1.0,0.0,0.0,0,0,12,12
POLICY_DEVELOPMENT,BALANCED_95CI,PRIMARY_PAIRWISE,0.0,12,0.45,40,5,0.0,0.0,0.0,1.0,1.0,0.0,0.875,0.0,0.0,0,0,40,40
POLICY_DEVELOPMENT,BALANCED_95CI,PRIMARY_PAIRWISE,0.0,36,0.05,1,3,0.0,0.0,0.0,1.0,1.0,0.0,0.6666666666666666,0.0,0.0,0,0,3,3
POLICY_DEVELOPMENT,BALANCED_95CI,PRIMARY_PAIRWISE,0.0,36,0.05,12,1,0.0,0.0,0.0,1.0,1.0,0.0,1.0,0.0,0.0,0,0,12,12
POLICY_DEVELOPMENT,BALANCED_95CI,PRIMARY_PAIRWISE,0.0,36,0.05,40,1,0.0,0.0,0.0,1.0,1.0,0.0,0.875,0.0,0.0,0,0,40,40
POLICY_DEVELOPMENT,BALANCED_95CI,PRIMARY_PAIRWISE,0.0,36,0.05,40,5,0.0,0.0,0.0,1.0,1.0,0.0,0.95,0.0,0.0,0,0,40,40
POLICY_DEVELOPMENT,BALANCED_95CI,PRIMARY_PAIRWISE,0.0,36,0.45,1,1,0.0,0.0,0.0,1.0,1.0,0.0,1.0,0.0,0.0,0,0,2,2
POLICY_DEVELOPMENT,BALANCED_95CI,PRIMARY_PAIRWISE,0.0,36,0.45,12,3,0.0,0.0,0.0,1.0,1.0,0.0,0.9166666666666666,0.0,0.0,0,0,12,12
POLICY_DEVELOPMENT,BALANCED_95CI,PRIMARY_PAIRWISE,0.0,36,0.45,12,5,0.0,0.0,0.0,1.0,1.0,0.0,1.0,0.0,0.0,0,0,24,24
POLICY_DEVELOPMENT,BALANCED_95CI,PRIMARY_PAIRWISE,0.0,36,0.45,40,1,0.0,0.0,0.0,1.0,1.0,0.0,1.0,0.0,0.0,0,0,40,40
POLICY_DEVELOPMENT,BALANCED_95CI,PRIMARY_PAIRWISE,0.0,36,0.45,40,3,0.0,0.0,0.0,1.0,1.0,0.0,0.975,0.0,0.0,0,0,40,40
POLICY_DEVELOPMENT,BALANCED_95CI,PRIMARY_PAIRWISE,0.0,96,0.05,1,1,0.0,0.0,0.0,1.0,1.0,0.0,1.0,0.0,0.0,0,0,2,2
POLICY_DEVELOPMENT,BALANCED_95CI,PRIMARY_PAIRWISE,0.0,96,0.05,1,3,0.0,0.0,0.0,1.0,1.0,0.0,1.0,0.0,0.0,0,0,1,1
POLICY_DEVELOPMENT,BALANCED_95CI,PRIMARY_PAIRWISE,0.0,96,0.05,12,5,0.0,0.0,0.0,1.0,1.0,0.0,1.0,0.0,0.0,0,0,36,36
POLICY_DEVELOPMENT,BALANCED_95CI,PRIMARY_PAIRWISE,0.0,96,0.05,40,3,0.0,0.0,0.0,1.0,1.0,0.0,0.925,0.0,0.0,0,0,40,40
POLICY_DEVELOPMENT,BALANCED_95CI,PRIMARY_PAIRWISE,0.0,96,0.45,1,3,0.0,0.0,0.0,1.0,1.0,0.0,1.0,0.0,0.0,0,0,2,2
POLICY_DEVELOPMENT,BALANCED_95CI,PRIMARY_PAIRWISE,0.0,96,0.45,12,3,0.0,0.0,0.0,1.0,1.0,0.0,0.9166666666666666,0.0,0.0,0,0,12,12
POLICY_DEVELOPMENT,BALANCED_95CI,PRIMARY_PAIRWISE,0.0,96,0.45,40,1,0.0,0.0,0.0,1.0,1.0,0.0,0.8916666666666667,0.0,0.0,0,0,120,120
POLICY_DEVELOPMENT,BALANCED_95CI,PRIMARY_PAIRWISE,0.025,12,0.05,1,1,0.0,0.0,0.0,1.0,1.0,0.0,1.0,0.0,0.0,0,1,0,1
POLICY_DEVELOPMENT,BALANCED_95CI,PRIMARY_PAIRWISE,0.025,12,0.05,12,3,0.0,0.0,0.0,1.0,1.0,0.0,1.0,0.0,0.0,0,6,6,12
POLICY_DEVELOPMENT,BALANCED_95CI,PRIMARY_PAIRWISE,0.025,12,0.05,12,5,0.0,0.0,0.0,1.0,1.0,0.0,0.9583333333333334,0.0,0.0,0,12,12,24
POLICY_DEVELOPMENT,BALANCED_95CI,PRIMARY_PAIRWISE,0.025,12,0.05,40,1,0.0,0.0,0.0,1.0,1.0,0.0,0.95,0.0,0.0,0,60,60,120
POLICY_DEVELOPMENT,BALANCED_95CI,PRIMARY_PAIRWISE,0.025,12,0.85,1,1,0.0,0.0,0.0,1.0,1.0,0.0,1.0,0.0,0.0,0,1,0,1
POLICY_DEVELOPMENT,BALANCED_95CI,PRIMARY_PAIRWISE,0.025,12,0.85,1,3,0.0,0.0,0.0,1.0,1.0,0.0,1.0,0.0,0.0,0,3,0,3
POLICY_DEVELOPMENT,BALANCED_95CI,PRIMARY_PAIRWISE,0.025,12,0.85,12,1,0.0,0.0,0.0,1.0,1.0,0.0,0.6666666666666666,0.0,0.0,0,6,6,12
POLICY_DEVELOPMENT,BALANCED_95CI,PRIMARY_PAIRWISE,0.025,12,0.85,12,5,0.0,0.0,0.0,1.0,1.0,0.0,1.0,0.0,0.0,0,6,6,12
POLICY_DEVELOPMENT,BALANCED_95CI,PRIMARY_PAIRWISE,0.025,12,0.85,40,5,0.0,0.0,0.0,1.0,1.0,0.0,1.0,0.0,0.0,0,20,20,40
POLICY_DEVELOPMENT,BALANCED_95CI,PRIMARY_PAIRWISE,0.025,36,0.05,1,3,0.0,0.0,0.0,1.0,1.0,0.0,1.0,0.0,0.0,0,2,0,2
POLICY_DEVELOPMENT,BALANCED_95CI,PRIMARY_PAIRWISE,0.025,36,0.05,12,1,0.0,0.0,0.0,1.0,1.0,0.0,0.9166666666666666,0.0,0.0,0,6,6,12
POLICY_DEVELOPMENT,BALANCED_95CI,PRIMARY_PAIRWISE,0.025,36,0.05,12,3,0.0,0.0,0.0,1.0,1.0,0.0,1.0,0.0,0.0,0,6,6,12
POLICY_DEVELOPMENT,BALANCED_95CI,PRIMARY_PAIRWISE,0.025,36,0.05,40,1,0.05,0.14551858457912786,0.0,0.975,1.0,0.10392408686114205,0.9,0.0,0.0,1,20,20,40
POLICY_DEVELOPMENT,BALANCED_95CI,PRIMARY_PAIRWISE,0.025,36,0.05,40,5,0.0,0.0,0.0,1.0,1.0,0.0,0.975,0.0,0.0,0,20,20,40
POLICY_DEVELOPMENT,BALANCED_95CI,PRIMARY_PAIRWISE,0.025,36,0.85,1,1,0.0,0.0,0.0,1.0,1.0,0.0,1.0,0.0,0.0,0,2,0,2
POLICY_DEVELOPMENT,BALANCED_95CI,PRIMARY_PAIRWISE,0.025,36,0.85,12,5,0.0,0.0,0.0,1.0,1.0,0.0,1.0,0.0,0.0,0,18,18,36
POLICY_DEVELOPMENT,BALANCED_95CI,PRIMARY_PAIRWISE,0.025,36,0.85,40,1,0.0,0.0,0.0,1.0,1.0,0.0,0.975,0.0,0.0,0,20,20,40
POLICY_DEVELOPMENT,BALANCED_95CI,PRIMARY_PAIRWISE,0.025,36,0.85,40,3,0.0,0.0,0.0,1.0,1.0,0.0,1.0,0.0,0.0,0,20,20,40
POLICY_DEVELOPMENT,BALANCED_95CI,PRIMARY_PAIRWISE,0.025,96,0.05,1,1,0.0,0.0,0.5,0.5,0.5,0.005174563259012485,1.0,1.0,0.5,1,2,0,2
POLICY_DEVELOPMENT,BALANCED_95CI,PRIMARY_PAIRWISE,0.025,96,0.05,1,3,0.0,0.0,0.0,1.0,1.0,0.0,0.0,0.0,0.0,0,1,0,1
POLICY_DEVELOPMENT,BALANCED_95CI,PRIMARY_PAIRWISE,0.025,96,0.05,12,5,0.0,0.0,0.0,1.0,1.0,0.0,1.0,0.0,0.0,0,18,18,36
POLICY_DEVELOPMENT,BALANCED_95CI,PRIMARY_PAIRWISE,0.025,96,0.05,40,3,0.0,0.0,0.3,0.85,0.7,0.0039844261381280464,0.975,1.0,0.3,6,20,20,40
POLICY_DEVELOPMENT,BALANCED_95CI,PRIMARY_PAIRWISE,0.025,96,0.85,1,5,0.0,0.0,0.0,1.0,1.0,0.0,1.0,0.0,0.0,0,1,0,1
POLICY_DEVELOPMENT,BALANCED_95CI,PRIMARY_PAIRWISE,0.025,96,0.85,12,3,0.0,0.0,0.0,1.0,1.0,0.0,1.0,0.0,0.0,0,12,12,24
POLICY_DEVELOPMENT,BALANCED_95CI,PRIMARY_PAIRWISE,0.025,96,0.85,40,1,0.0,0.0,0.0,1.0,1.0,0.0,1.0,0.0,0.0,0,60,60,120
POLICY_DEVELOPMENT,BALANCED_95CI,PRIMARY_PAIRWISE,0.06,12,0.45,1,1,0.0,0.0,0.0,1.0,1.0,0.0,1.0,0.0,0.0,0,1,0,1
POLICY_DEVELOPMENT,BALANCED_95CI,PRIMARY_PAIRWISE,0.06,12,0.45,12,3,0.0,0.0,0.0,1.0,1.0,0.0,1.0,0.0,0.0,0,6,6,12
POLICY_DEVELOPMENT,BALANCED_95CI,PRIMARY_PAIRWISE,0.06,12,0.45,12,5,0.0,0.0,0.0,1.0,1.0,0.0,0.875,0.0,0.0,0,12,12,24
POLICY_DEVELOPMENT,BALANCED_95CI,PRIMARY_PAIRWISE,0.06,12,0.45,40,1,0.0,0.0,0.0,1.0,1.0,0.0,0.9875,0.0,0.0,0,40,40,80
POLICY_DEVELOPMENT,BALANCED_95CI,PRIMARY_PAIRWISE,0.06,12,0.45,40,3,0.0,0.0,0.0,1.0,1.0,0.0,0.975,0.0,0.0,0,20,20,40
POLICY_DEVELOPMENT,BALANCED_95CI,PRIMARY_PAIRWISE,0.06,12,0.85,1,3,0.0,0.0,0.0,1.0,1.0,0.0,1.0,0.0,0.0,0,4,0,4
POLICY_DEVELOPMENT,BALANCED_95CI,PRIMARY_PAIRWISE,0.06,12,0.85,12,1,0.0,0.0,0.0,1.0,1.0,0.0,1.0,0.0,0.0,0,6,6,12
POLICY_DEVELOPMENT,BALANCED_95CI,PRIMARY_PAIRWISE,0.06,12,0.85,40,5,0.0,0.0,0.0,1.0,1.0,0.0,1.0,0.0,0.0,0,40,40,80
POLICY_DEVELOPMENT,BALANCED_95CI,PRIMARY_PAIRWISE,0.06,36,0.45,1,3,0.0,0.0,0.0,1.0,1.0,0.0,1.0,0.0,0.0,0,2,0,2
POLICY_DEVELOPMENT,BALANCED_95CI,PRIMARY_PAIRWISE,0.06,36,0.45,12,3,0.0,0.0,1.0,0.5,0.0,0.009440751072763804,0.8333333333333334,1.0,1.0,6,6,6,12
POLICY_DEVELOPMENT,BALANCED_95CI,PRIMARY_PAIRWISE,0.06,36,0.45,40,1,0.0,0.0,0.0,1.0,1.0,0.0,1.0,0.0,0.0,0,40,40,80
POLICY_DEVELOPMENT,BALANCED_95CI,PRIMARY_PAIRWISE,0.06,36,0.45,40,5,0.0,0.0,0.0,1.0,1.0,0.0,0.925,0.0,0.0,0,20,20,40
POLICY_DEVELOPMENT,BALANCED_95CI,PRIMARY_PAIRWISE,0.06,36,0.85,1,1,0.0,0.0,0.0,1.0,1.0,0.0,1.0,0.0,0.0,0,2,0,2
POLICY_DEVELOPMENT,BALANCED_95CI,PRIMARY_PAIRWISE,0.06,36,0.85,12,5,0.0,0.0,0.3333333333333333,0.8333333333333334,0.6666666666666667,0.004879753967227129,1.0,1.0,0.3333333333333333,6,18,18,36
POLICY_DEVELOPMENT,BALANCED_95CI,PRIMARY_PAIRWISE,0.06,36,0.85,40,3,0.0,0.0,0.0,1.0,1.0,0.0,1.0,0.0,0.0,0,40,40,80
POLICY_DEVELOPMENT,BALANCED_95CI,PRIMARY_PAIRWISE,0.06,96,0.45,1,1,0.0,0.0,0.0,1.0,1.0,0.0,0.0,0.0,0.0,0,1,0,1
POLICY_DEVELOPMENT,BALANCED_95CI,PRIMARY_PAIRWISE,0.06,96,0.45,1,3,0.0,0.0,0.0,1.0,1.0,0.0,1.0,0.0,0.0,0,2,0,2
POLICY_DEVELOPMENT,BALANCED_95CI,PRIMARY_PAIRWISE,0.06,96,0.45,12,5,0.0,0.0,0.0,1.0,1.0,0.0,1.0,0.0,0.0,0,12,12,24
POLICY_DEVELOPMENT,BALANCED_95CI,PRIMARY_PAIRWISE,0.06,96,0.45,40,3,0.0,0.0,0.9,0.55,0.09999999999999998,0.011173693689871301,0.925,1.0,0.9,18,20,20,40
POLICY_DEVELOPMENT,BALANCED_95CI,PRIMARY_PAIRWISE,0.06,96,0.45,40,5,0.0,0.0,0.0,1.0,1.0,0.0,1.0,0.0,0.0,0,20,20,40
POLICY_DEVELOPMENT,BALANCED_95CI,PRIMARY_PAIRWISE,0.06,96,0.85,1,5,0.0,0.0,0.0,1.0,1.0,0.0,1.0,0.0,0.0,0,1,0,1
POLICY_DEVELOPMENT,BALANCED_95CI,PRIMARY_PAIRWISE,0.06,96,0.85,12,3,0.0,0.0,0.5,0.75,0.5,0.025560194447515294,0.9166666666666666,1.0,0.5,6,12,12,24
POLICY_DEVELOPMENT,BALANCED_95CI,PRIMARY_PAIRWISE,0.06,96,0.85,40,1,0.0,0.0,0.85,0.575,0.15000000000000002,0.005302834877093012,1.0,1.0,0.85,51,60,60,120
POLICY_DEVELOPMENT,BALANCED_95CI,REPAIR,0.0,12,0.05,1,3,0.0,0.0,0.0,1.0,1.0,0.0,1.0,0.0,0.0,0,0,1,1
POLICY_DEVELOPMENT,BALANCED_95CI,REPAIR,0.0,12,0.05,1,5,0.0,0.0,0.0,1.0,1.0,0.0,1.0,0.0,0.0,0,0,2,2
POLICY_DEVELOPMENT,BALANCED_95CI,REPAIR,0.0,12,0.05,12,1,0.0,0.0,0.0,1.0,1.0,0.0,0.9166666666666666,0.0,0.0,0,0,12,12
POLICY_DEVELOPMENT,BALANCED_95CI,REPAIR,0.0,12,0.05,12,3,0.0,0.0,0.0,1.0,1.0,0.0,1.0,0.0,0.0,0,0,12,12
POLICY_DEVELOPMENT,BALANCED_95CI,REPAIR,0.0,12,0.05,40,1,0.0,0.0,0.0,1.0,1.0,0.0,0.9375,0.0,0.0,0,0,80,80
POLICY_DEVELOPMENT,BALANCED_95CI,REPAIR,0.0,12,0.85,1,1,0.0,0.0,0.0,1.0,1.0,0.0,1.0,0.0,0.0,0,0,1,1
POLICY_DEVELOPMENT,BALANCED_95CI,REPAIR,0.0,12,0.85,12,1,0.0,0.0,0.0,1.0,1.0,0.0,1.0,0.0,0.0,0,0,12,12
POLICY_DEVELOPMENT,BALANCED_95CI,REPAIR,0.0,12,0.85,12,5,0.0,0.0,0.0,1.0,1.0,0.0,1.0,0.0,0.0,0,0,12,12
POLICY_DEVELOPMENT,BALANCED_95CI,REPAIR,0.0,12,0.85,40,3,0.0,0.0,0.0,1.0,1.0,0.0,0.9583333333333334,0.0,0.0,0,0,120,120
POLICY_DEVELOPMENT,BALANCED_95CI,REPAIR,0.0,36,0.05,1,3,0.0,0.0,0.0,1.0,1.0,0.0,1.0,0.0,0.0,0,0,1,1
POLICY_DEVELOPMENT,BALANCED_95CI,REPAIR,0.0,36,0.05,12,1,0.0,0.0,0.0,1.0,1.0,0.0,0.9722222222222222,0.0,0.0,0,0,36,36
POLICY_DEVELOPMENT,BALANCED_95CI,REPAIR,0.0,36,0.05,40,3,0.0,0.0,0.0,1.0,1.0,0.0,0.9625,0.0,0.0,0,0,80,80
POLICY_DEVELOPMENT,BALANCED_95CI,REPAIR,0.0,36,0.85,1,5,0.0,0.0,0.0,1.0,1.0,0.0,1.0,0.0,0.0,0,0,3,3
POLICY_DEVELOPMENT,BALANCED_95CI,REPAIR,0.0,36,0.85,12,3,0.0,0.0,0.0,1.0,1.0,0.0,1.0,0.0,0.0,0,0,12,12
POLICY_DEVELOPMENT,BALANCED_95CI,REPAIR,0.0,36,0.85,40,1,0.0,0.0,0.0,1.0,1.0,0.0,1.0,0.0,0.0,0,0,80,80
POLICY_DEVELOPMENT,BALANCED_95CI,REPAIR,0.0,36,0.85,40,3,0.0,0.0,0.0,1.0,1.0,0.0,1.0,0.0,0.0,0,0,40,40
POLICY_DEVELOPMENT,BALANCED_95CI,REPAIR,0.0,96,0.05,1,1,0.0,0.0,0.0,1.0,1.0,0.0,1.0,0.0,0.0,0,0,1,1
POLICY_DEVELOPMENT,BALANCED_95CI,REPAIR,0.0,96,0.05,1,5,0.0,0.0,0.0,1.0,1.0,0.0,1.0,0.0,0.0,0,0,1,1
POLICY_DEVELOPMENT,BALANCED_95CI,REPAIR,0.0,96,0.05,12,5,0.0,0.0,0.0,1.0,1.0,0.0,1.0,0.0,0.0,0,0,12,12
POLICY_DEVELOPMENT,BALANCED_95CI,REPAIR,0.0,96,0.05,40,1,0.0,0.0,0.0,1.0,1.0,0.0,0.975,0.0,0.0,0,0,40,40
POLICY_DEVELOPMENT,BALANCED_95CI,REPAIR,0.0,96,0.05,40,3,0.0,0.0,0.0,1.0,1.0,0.0,0.9583333333333334,0.0,0.0,0,0,120,120
POLICY_DEVELOPMENT,BALANCED_95CI,REPAIR,0.0,96,0.85,1,3,0.0,0.0,0.0,1.0,1.0,0.0,1.0,0.0,0.0,0,0,2,2
POLICY_DEVELOPMENT,BALANCED_95CI,REPAIR,0.0,96,0.85,12,1,0.0,0.0,0.0,1.0,1.0,0.0,1.0,0.0,0.0,0,0,36,36
POLICY_DEVELOPMENT,BALANCED_95CI,REPAIR,0.0,96,0.85,40,1,0.0,0.0,0.0,1.0,1.0,0.0,0.775,0.0,0.0,0,0,40,40
POLICY_DEVELOPMENT,BALANCED_95CI,REPAIR,0.0,96,0.85,40,5,0.0,0.0,0.0,1.0,1.0,0.0,1.0,0.0,0.0,0,0,40,40
POLICY_DEVELOPMENT,BALANCED_95CI,REPAIR,0.025,12,0.45,1,5,0.0,0.0,0.0,1.0,1.0,0.0,1.0,0.0,0.0,0,3,0,3
POLICY_DEVELOPMENT,BALANCED_95CI,REPAIR,0.025,12,0.45,12,1,0.0,0.0,0.0,1.0,1.0,0.0,1.0,0.0,0.0,0,6,6,12
POLICY_DEVELOPMENT,BALANCED_95CI,REPAIR,0.025,12,0.45,12,3,0.0,0.0,0.0,1.0,1.0,0.0,0.75,0.0,0.0,0,6,6,12
POLICY_DEVELOPMENT,BALANCED_95CI,REPAIR,0.025,12,0.45,40,1,0.0,0.0,0.0,1.0,1.0,0.0,1.0,0.0,0.0,0,40,40,80
POLICY_DEVELOPMENT,BALANCED_95CI,REPAIR,0.025,12,0.85,1,1,0.0,0.0,0.0,1.0,1.0,0.0,1.0,0.0,0.0,0,1,0,1
POLICY_DEVELOPMENT,BALANCED_95CI,REPAIR,0.025,12,0.85,1,3,0.0,0.0,0.0,1.0,1.0,0.0,1.0,0.0,0.0,0,1,0,1
POLICY_DEVELOPMENT,BALANCED_95CI,REPAIR,0.025,12,0.85,12,1,0.0,0.0,0.0,1.0,1.0,0.0,1.0,0.0,0.0,0,6,6,12
POLICY_DEVELOPMENT,BALANCED_95CI,REPAIR,0.025,12,0.85,12,5,0.0,0.0,0.0,1.0,1.0,0.0,1.0,0.0,0.0,0,6,6,12
POLICY_DEVELOPMENT,BALANCED_95CI,REPAIR,0.025,12,0.85,40,3,0.0,0.0,0.0,1.0,1.0,0.0,1.0,0.0,0.0,0,40,40,80
POLICY_DEVELOPMENT,BALANCED_95CI,REPAIR,0.025,36,0.45,1,3,0.0,0.0,0.0,1.0,1.0,0.0,1.0,0.0,0.0,0,2,0,2
POLICY_DEVELOPMENT,BALANCED_95CI,REPAIR,0.025,36,0.45,12,1,0.0,0.0,0.0,1.0,1.0,0.0,0.9722222222222222,0.0,0.0,0,18,18,36
POLICY_DEVELOPMENT,BALANCED_95CI,REPAIR,0.025,36,0.45,40,5,0.0,0.0,0.0,1.0,1.0,0.0,0.95,0.0,0.0,0,20,20,40
POLICY_DEVELOPMENT,BALANCED_95CI,REPAIR,0.025,36,0.85,1,5,0.0,0.0,0.0,1.0,1.0,0.0,1.0,0.0,0.0,0,3,0,3
POLICY_DEVELOPMENT,BALANCED_95CI,REPAIR,0.025,36,0.85,12,3,0.0,0.0,0.0,1.0,1.0,0.0,1.0,0.0,0.0,0,6,6,12
POLICY_DEVELOPMENT,BALANCED_95CI,REPAIR,0.025,36,0.85,40,1,0.0,0.0,0.0,1.0,1.0,0.0,1.0,0.0,0.0,0,40,40,80
POLICY_DEVELOPMENT,BALANCED_95CI,REPAIR,0.025,36,0.85,40,3,0.7,0.9008402350128081,1.0,0.15000000000000002,0.0,0.09681463948276982,0.175,0.5882352941176471,1.0,34,20,20,40
POLICY_DEVELOPMENT,BALANCED_95CI,REPAIR,0.025,96,0.45,1,1,0.0,0.0,0.0,1.0,1.0,0.0,1.0,0.0,0.0,0,1,0,1
POLICY_DEVELOPMENT,BALANCED_95CI,REPAIR,0.025,96,0.45,1,5,0.0,0.0,0.0,1.0,1.0,0.0,1.0,0.0,0.0,0,1,0,1
POLICY_DEVELOPMENT,BALANCED_95CI,REPAIR,0.025,96,0.45,12,5,0.0,0.0,0.0,1.0,1.0,0.0,1.0,0.0,0.0,0,6,6,12
POLICY_DEVELOPMENT,BALANCED_95CI,REPAIR,0.025,96,0.45,40,1,0.0,0.0,0.0,1.0,1.0,0.0,1.0,0.0,0.0,0,20,20,40
POLICY_DEVELOPMENT,BALANCED_95CI,REPAIR,0.025,96,0.45,40,3,0.0,0.0,0.11666666666666667,0.9416666666666667,0.8833333333333333,0.019317373514943594,0.9916666666666667,1.0,0.11666666666666667,7,60,60,120
POLICY_DEVELOPMENT,BALANCED_95CI,REPAIR,0.025,96,0.85,1,3,0.0,0.0,1.0,0.0,0.0,0.009458475758098411,1.0,1.0,1.0,1,1,0,1
POLICY_DEVELOPMENT,BALANCED_95CI,REPAIR,0.025,96,0.85,1,5,0.0,0.0,0.5,0.5,0.5,0.013226428053576877,1.0,1.0,0.5,1,2,0,2
POLICY_DEVELOPMENT,BALANCED_95CI,REPAIR,0.025,96,0.85,12,1,0.0,0.0,0.05555555555555555,0.9722222222222222,0.9444444444444444,0.006720911403330865,0.9722222222222222,1.0,0.05555555555555555,1,18,18,36
POLICY_DEVELOPMENT,BALANCED_95CI,REPAIR,0.025,96,0.85,40,1,0.0,0.0,0.0,1.0,1.0,0.0,1.0,0.0,0.0,0,20,20,40
POLICY_DEVELOPMENT,BALANCED_95CI,REPAIR,0.06,12,0.05,1,3,0.0,0.0,0.0,1.0,1.0,0.0,1.0,0.0,0.0,0,1,0,1
POLICY_DEVELOPMENT,BALANCED_95CI,REPAIR,0.06,12,0.05,12,1,0.0,0.0,0.0,1.0,1.0,0.0,0.9583333333333334,0.0,0.0,0,12,12,24
POLICY_DEVELOPMENT,BALANCED_95CI,REPAIR,0.06,12,0.05,12,5,0.0,0.0,0.0,1.0,1.0,0.0,1.0,0.0,0.0,0,6,6,12
POLICY_DEVELOPMENT,BALANCED_95CI,REPAIR,0.06,12,0.05,40,3,0.0,0.0,0.0,1.0,1.0,0.0,0.9375,0.0,0.0,0,40,40,80
POLICY_DEVELOPMENT,BALANCED_95CI,REPAIR,0.06,12,0.45,1,5,0.0,0.0,0.0,1.0,1.0,0.0,1.0,0.0,0.0,0,3,0,3
POLICY_DEVELOPMENT,BALANCED_95CI,REPAIR,0.06,12,0.45,12,3,0.0,0.0,0.0,1.0,1.0,0.0,1.0,0.0,0.0,0,12,12,24
POLICY_DEVELOPMENT,BALANCED_95CI,REPAIR,0.06,12,0.45,40,1,0.0,0.0,0.0,1.0,1.0,0.0,0.9875,0.0,0.0,0,40,40,80
POLICY_DEVELOPMENT,BALANCED_95CI,REPAIR,0.06,36,0.05,1,5,0.0,0.0,0.0,1.0,1.0,0.0,1.0,0.0,0.0,0,2,0,2
POLICY_DEVELOPMENT,BALANCED_95CI,REPAIR,0.06,36,0.05,12,3,0.0,0.0,0.0,1.0,1.0,0.0,1.0,0.0,0.0,0,6,6,12
POLICY_DEVELOPMENT,BALANCED_95CI,REPAIR,0.06,36,0.05,12,5,0.0,0.0,0.0,1.0,1.0,0.0,1.0,0.0,0.0,0,6,6,12
POLICY_DEVELOPMENT,BALANCED_95CI,REPAIR,0.06,36,0.05,40,1,0.0,0.0,0.0,1.0,1.0,0.0,0.95,0.0,0.0,0,20,20,40
POLICY_DEVELOPMENT,BALANCED_95CI,REPAIR,0.06,36,0.05,40,3,0.0,0.0,0.0,1.0,1.0,0.0,0.975,0.0,0.0,0,40,40,80
POLICY_DEVELOPMENT,BALANCED_95CI,REPAIR,0.06,36,0.45,1,3,0.0,0.0,0.0,1.0,1.0,0.0,1.0,0.0,0.0,0,2,0,2
POLICY_DEVELOPMENT,BALANCED_95CI,REPAIR,0.06,36,0.45,12,1,0.0,0.0,0.2777777777777778,0.8611111111111112,0.7222222222222222,0.01127042225864025,1.0,1.0,0.2777777777777778,5,18,18,36
POLICY_DEVELOPMENT,BALANCED_95CI,REPAIR,0.06,36,0.45,40,5,0.0,0.0,0.0,1.0,1.0,0.0,1.0,0.0,0.0,0,20,20,40
POLICY_DEVELOPMENT,BALANCED_95CI,REPAIR,0.06,96,0.05,1,3,0.0,0.0,0.0,1.0,1.0,0.0,1.0,0.0,0.0,0,1,0,1
POLICY_DEVELOPMENT,BALANCED_95CI,REPAIR,0.06,96,0.05,1,5,0.0,0.0,0.0,1.0,1.0,0.0,1.0,0.0,0.0,0,2,0,2
POLICY_DEVELOPMENT,BALANCED_95CI,REPAIR,0.06,96,0.05,12,1,0.0,0.0,0.5,0.75,0.5,0.00390844434056273,0.9166666666666666,1.0,0.5,6,12,12,24
POLICY_DEVELOPMENT,BALANCED_95CI,REPAIR,0.06,96,0.05,12,3,0.0,0.0,0.0,1.0,1.0,0.0,1.0,0.0,0.0,0,6,6,12
POLICY_DEVELOPMENT,BALANCED_95CI,REPAIR,0.06,96,0.05,40,1,0.0,0.0,0.0,1.0,1.0,0.0,0.975,0.0,0.0,0,20,20,40
POLICY_DEVELOPMENT,BALANCED_95CI,REPAIR,0.06,96,0.45,1,1,0.0,0.0,0.0,1.0,1.0,0.0,1.0,0.0,0.0,0,1,0,1
POLICY_DEVELOPMENT,BALANCED_95CI,REPAIR,0.06,96,0.45,12,5,0.0,0.0,0.16666666666666666,0.9166666666666666,0.8333333333333334,0.016308894842619496,0.7916666666666666,1.0,0.16666666666666666,2,12,12,24
POLICY_DEVELOPMENT,BALANCED_95CI,REPAIR,0.06,96,0.45,40,3,0.0,0.0,0.75,0.625,0.25,0.007511823465076365,0.95625,1.0,0.75,60,80,80,160
POLICY_DEVELOPMENT,BALANCED_95CI,THRESHOLD_PASS,0.0,12,0.05,1,3,0.0,0.0,0.0,1.0,1.0,0.0,1.0,0.0,0.0,0,0,1,1
POLICY_DEVELOPMENT,BALANCED_95CI,THRESHOLD_PASS,0.0,12,0.05,1,5,0.0,0.0,0.0,1.0,1.0,0.0,1.0,0.0,0.0,0,0,2,2
POLICY_DEVELOPMENT,BALANCED_95CI,THRESHOLD_PASS,0.0,12,0.05,12,1,0.0,0.0,0.0,1.0,1.0,0.0,0.9166666666666666,0.0,0.0,0,0,12,12
POLICY_DEVELOPMENT,BALANCED_95CI,THRESHOLD_PASS,0.0,12,0.05,12,3,0.0,0.0,0.0,1.0,1.0,0.0,0.9166666666666666,0.0,0.0,0,0,12,12
POLICY_DEVELOPMENT,BALANCED_95CI,THRESHOLD_PASS,0.0,12,0.05,40,1,0.0,0.0,0.0,1.0,1.0,0.0,0.95,0.0,0.0,0,0,80,80
POLICY_DEVELOPMENT,BALANCED_95CI,THRESHOLD_PASS,0.0,12,0.85,1,1,0.0,0.0,0.0,1.0,1.0,0.0,1.0,0.0,0.0,0,0,1,1
POLICY_DEVELOPMENT,BALANCED_95CI,THRESHOLD_PASS,0.0,12,0.85,12,1,0.0,0.0,0.0,1.0,1.0,0.0,1.0,0.0,0.0,0,0,12,12
POLICY_DEVELOPMENT,BALANCED_95CI,THRESHOLD_PASS,0.0,12,0.85,12,5,0.0,0.0,0.0,1.0,1.0,0.0,1.0,0.0,0.0,0,0,12,12
POLICY_DEVELOPMENT,BALANCED_95CI,THRESHOLD_PASS,0.0,12,0.85,40,3,0.0,0.0,0.0,1.0,1.0,0.0,0.975,0.0,0.0,0,0,120,120
POLICY_DEVELOPMENT,BALANCED_95CI,THRESHOLD_PASS,0.0,36,0.05,1,3,0.0,0.0,0.0,1.0,1.0,0.0,1.0,0.0,0.0,0,0,1,1
POLICY_DEVELOPMENT,BALANCED_95CI,THRESHOLD_PASS,0.0,36,0.05,12,1,0.0,0.0,0.0,1.0,1.0,0.0,0.9722222222222222,0.0,0.0,0,0,36,36
POLICY_DEVELOPMENT,BALANCED_95CI,THRESHOLD_PASS,0.0,36,0.05,40,3,0.0125,0.036846393470080945,0.0,0.9875,1.0,0.04649618834902028,0.925,0.0,0.0,1,0,80,80
POLICY_DEVELOPMENT,BALANCED_95CI,THRESHOLD_PASS,0.0,36,0.85,1,5,0.0,0.0,0.0,1.0,1.0,0.0,0.6666666666666666,0.0,0.0,0,0,3,3
POLICY_DEVELOPMENT,BALANCED_95CI,THRESHOLD_PASS,0.0,36,0.85,12,3,0.0,0.0,0.0,1.0,1.0,0.0,1.0,0.0,0.0,0,0,12,12
POLICY_DEVELOPMENT,BALANCED_95CI,THRESHOLD_PASS,0.0,36,0.85,40,1,0.0,0.0,0.0,1.0,1.0,0.0,1.0,0.0,0.0,0,0,80,80
POLICY_DEVELOPMENT,BALANCED_95CI,THRESHOLD_PASS,0.0,36,0.85,40,3,0.0,0.0,0.0,1.0,1.0,0.0,1.0,0.0,0.0,0,0,40,40
POLICY_DEVELOPMENT,BALANCED_95CI,THRESHOLD_PASS,0.0,96,0.05,1,1,0.0,0.0,0.0,1.0,1.0,0.0,1.0,0.0,0.0,0,0,1,1
POLICY_DEVELOPMENT,BALANCED_95CI,THRESHOLD_PASS,0.0,96,0.05,1,5,0.0,0.0,0.0,1.0,1.0,0.0,1.0,0.0,0.0,0,0,1,1
POLICY_DEVELOPMENT,BALANCED_95CI,THRESHOLD_PASS,0.0,96,0.05,12,5,0.0,0.0,0.0,1.0,1.0,0.0,1.0,0.0,0.0,0,0,12,12
POLICY_DEVELOPMENT,BALANCED_95CI,THRESHOLD_PASS,0.0,96,0.05,40,1,0.0,0.0,0.0,1.0,1.0,0.0,0.95,0.0,0.0,0,0,40,40
POLICY_DEVELOPMENT,BALANCED_95CI,THRESHOLD_PASS,0.0,96,0.05,40,3,0.0,0.0,0.0,1.0,1.0,0.0,0.9416666666666667,0.0,0.0,0,0,120,120
POLICY_DEVELOPMENT,BALANCED_95CI,THRESHOLD_PASS,0.0,96,0.85,1,3,0.0,0.0,0.0,1.0,1.0,0.0,1.0,0.0,0.0,0,0,2,2
POLICY_DEVELOPMENT,BALANCED_95CI,THRESHOLD_PASS,0.0,96,0.85,12,1,0.0,0.0,0.0,1.0,1.0,0.0,0.9444444444444444,0.0,0.0,0,0,36,36
POLICY_DEVELOPMENT,BALANCED_95CI,THRESHOLD_PASS,0.0,96,0.85,40,1,0.0,0.0,0.0,1.0,1.0,0.0,1.0,0.0,0.0,0,0,40,40
POLICY_DEVELOPMENT,BALANCED_95CI,THRESHOLD_PASS,0.0,96,0.85,40,5,0.0,0.0,0.0,1.0,1.0,0.0,1.0,0.0,0.0,0,0,40,40
POLICY_DEVELOPMENT,BALANCED_95CI,THRESHOLD_PASS,0.025,12,0.45,1,5,0.0,0.0,0.0,1.0,1.0,0.0,1.0,0.0,0.0,0,3,0,3
POLICY_DEVELOPMENT,BALANCED_95CI,THRESHOLD_PASS,0.025,12,0.45,12,1,0.0,0.0,0.0,1.0,1.0,0.0,1.0,0.0,0.0,0,6,6,12
POLICY_DEVELOPMENT,BALANCED_95CI,THRESHOLD_PASS,0.025,12,0.45,12,3,0.0,0.0,0.0,1.0,1.0,0.0,1.0,0.0,0.0,0,6,6,12
POLICY_DEVELOPMENT,BALANCED_95CI,THRESHOLD_PASS,0.025,12,0.45,40,1,0.0,0.0,0.0,1.0,1.0,0.0,1.0,0.0,0.0,0,40,40,80
POLICY_DEVELOPMENT,BALANCED_95CI,THRESHOLD_PASS,0.025,12,0.85,1,1,0.0,0.0,0.0,1.0,1.0,0.0,1.0,0.0,0.0,0,1,0,1
POLICY_DEVELOPMENT,BALANCED_95CI,THRESHOLD_PASS,0.025,12,0.85,1,3,0.0,0.0,0.0,1.0,1.0,0.0,1.0,0.0,0.0,0,1,0,1
POLICY_DEVELOPMENT,BALANCED_95CI,THRESHOLD_PASS,0.025,12,0.85,12,1,0.0,0.0,0.0,1.0,1.0,0.0,1.0,0.0,0.0,0,6,6,12
POLICY_DEVELOPMENT,BALANCED_95CI,THRESHOLD_PASS,0.025,12,0.85,12,5,0.0,0.0,0.0,1.0,1.0,0.0,1.0,0.0,0.0,0,6,6,12
POLICY_DEVELOPMENT,BALANCED_95CI,THRESHOLD_PASS,0.025,12,0.85,40,3,0.0,0.0,0.0,1.0,1.0,0.0,1.0,0.0,0.0,0,40,40,80
POLICY_DEVELOPMENT,BALANCED_95CI,THRESHOLD_PASS,0.025,36,0.45,1,3,0.0,0.0,0.0,1.0,1.0,0.0,1.0,0.0,0.0,0,2,0,2
POLICY_DEVELOPMENT,BALANCED_95CI,THRESHOLD_PASS,0.025,36,0.45,12,1,0.0,0.0,0.0,1.0,1.0,0.0,0.9722222222222222,0.0,0.0,0,18,18,36
POLICY_DEVELOPMENT,BALANCED_95CI,THRESHOLD_PASS,0.025,36,0.45,40,5,0.0,0.0,0.0,1.0,1.0,0.0,0.725,0.0,0.0,0,20,20,40
POLICY_DEVELOPMENT,BALANCED_95CI,THRESHOLD_PASS,0.025,36,0.85,1,5,0.0,0.0,0.0,1.0,1.0,0.0,1.0,0.0,0.0,0,3,0,3
POLICY_DEVELOPMENT,BALANCED_95CI,THRESHOLD_PASS,0.025,36,0.85,12,3,0.0,0.0,0.0,1.0,1.0,0.0,1.0,0.0,0.0,0,6,6,12
POLICY_DEVELOPMENT,BALANCED_95CI,THRESHOLD_PASS,0.025,36,0.85,40,1,0.0,0.0,0.0,1.0,1.0,0.0,1.0,0.0,0.0,0,40,40,80
POLICY_DEVELOPMENT,BALANCED_95CI,THRESHOLD_PASS,0.025,36,0.85,40,3,0.0,0.0,0.0,1.0,1.0,0.0,1.0,0.0,0.0,0,20,20,40
POLICY_DEVELOPMENT,BALANCED_95CI,THRESHOLD_PASS,0.025,96,0.45,1,1,0.0,0.0,0.0,1.0,1.0,0.0,1.0,0.0,0.0,0,1,0,1
POLICY_DEVELOPMENT,BALANCED_95CI,THRESHOLD_PASS,0.025,96,0.45,1,5,0.0,0.0,0.0,1.0,1.0,0.0,1.0,0.0,0.0,0,1,0,1
POLICY_DEVELOPMENT,BALANCED_95CI,THRESHOLD_PASS,0.025,96,0.45,12,5,0.0,0.0,0.3333333333333333,0.8333333333333334,0.6666666666666667,0.006123354152953352,1.0,1.0,0.3333333333333333,2,6,6,12
POLICY_DEVELOPMENT,BALANCED_95CI,THRESHOLD_PASS,0.025,96,0.45,40,1,0.0,0.0,0.0,1.0,1.0,0.0,0.975,0.0,0.0,0,20,20,40
POLICY_DEVELOPMENT,BALANCED_95CI,THRESHOLD_PASS,0.025,96,0.45,40,3,0.0,0.0,0.1,0.95,0.9,0.02076368794664458,0.8333333333333334,1.0,0.1,6,60,60,120
POLICY_DEVELOPMENT,BALANCED_95CI,THRESHOLD_PASS,0.025,96,0.85,1,3,0.0,0.0,0.0,1.0,1.0,0.0,1.0,0.0,0.0,0,1,0,1
POLICY_DEVELOPMENT,BALANCED_95CI,THRESHOLD_PASS,0.025,96,0.85,1,5,0.0,0.0,0.0,1.0,1.0,0.0,1.0,0.0,0.0,0,2,0,2
POLICY_DEVELOPMENT,BALANCED_95CI,THRESHOLD_PASS,0.025,96,0.85,12,1,0.0,0.0,0.0,1.0,1.0,0.0,1.0,0.0,0.0,0,18,18,36
POLICY_DEVELOPMENT,BALANCED_95CI,THRESHOLD_PASS,0.025,96,0.85,40,1,0.0,0.0,0.0,1.0,1.0,0.0,1.0,0.0,0.0,0,20,20,40
POLICY_DEVELOPMENT,BALANCED_95CI,THRESHOLD_PASS,0.06,12,0.05,1,3,0.0,0.0,0.0,1.0,1.0,0.0,1.0,0.0,0.0,0,1,0,1
POLICY_DEVELOPMENT,BALANCED_95CI,THRESHOLD_PASS,0.06,12,0.05,12,1,0.0,0.0,0.0,1.0,1.0,0.0,1.0,0.0,0.0,0,12,12,24
POLICY_DEVELOPMENT,BALANCED_95CI,THRESHOLD_PASS,0.06,12,0.05,12,5,0.0,0.0,0.0,1.0,1.0,0.0,1.0,0.0,0.0,0,6,6,12
POLICY_DEVELOPMENT,BALANCED_95CI,THRESHOLD_PASS,0.06,12,0.05,40,3,0.0,0.0,0.0,1.0,1.0,0.0,0.9875,0.0,0.0,0,40,40,80
POLICY_DEVELOPMENT,BALANCED_95CI,THRESHOLD_PASS,0.06,12,0.45,1,5,0.0,0.0,0.0,1.0,1.0,0.0,1.0,0.0,0.0,0,3,0,3
POLICY_DEVELOPMENT,BALANCED_95CI,THRESHOLD_PASS,0.06,12,0.45,12,3,0.0,0.0,0.0,1.0,1.0,0.0,1.0,0.0,0.0,0,12,12,24
POLICY_DEVELOPMENT,BALANCED_95CI,THRESHOLD_PASS,0.06,12,0.45,40,1,0.0,0.0,0.0,1.0,1.0,0.0,0.95,0.0,0.0,0,40,40,80
POLICY_DEVELOPMENT,BALANCED_95CI,THRESHOLD_PASS,0.06,36,0.05,1,5,0.0,0.0,0.0,1.0,1.0,0.0,1.0,0.0,0.0,0,2,0,2
POLICY_DEVELOPMENT,BALANCED_95CI,THRESHOLD_PASS,0.06,36,0.05,12,3,0.0,0.0,1.0,0.5,0.0,0.02233492787198728,0.8333333333333334,1.0,1.0,6,6,6,12
POLICY_DEVELOPMENT,BALANCED_95CI,THRESHOLD_PASS,0.06,36,0.05,12,5,0.0,0.0,0.0,1.0,1.0,0.0,1.0,0.0,0.0,0,6,6,12
POLICY_DEVELOPMENT,BALANCED_95CI,THRESHOLD_PASS,0.06,36,0.05,40,1,0.0,0.0,0.0,1.0,1.0,0.0,0.95,0.0,0.0,0,20,20,40
POLICY_DEVELOPMENT,BALANCED_95CI,THRESHOLD_PASS,0.06,36,0.05,40,3,0.0,0.0,0.0,1.0,1.0,0.0,0.95,0.0,0.0,0,40,40,80
POLICY_DEVELOPMENT,BALANCED_95CI,THRESHOLD_PASS,0.06,36,0.45,1,3,0.0,0.0,0.5,0.5,0.5,0.007924377238418087,1.0,1.0,0.5,1,2,0,2
POLICY_DEVELOPMENT,BALANCED_95CI,THRESHOLD_PASS,0.06,36,0.45,12,1,0.0,0.0,0.4444444444444444,0.7777777777777778,0.5555555555555556,0.013288641738373009,1.0,1.0,0.4444444444444444,8,18,18,36
POLICY_DEVELOPMENT,BALANCED_95CI,THRESHOLD_PASS,0.06,36,0.45,40,5,0.0,0.0,0.0,1.0,1.0,0.0,1.0,0.0,0.0,0,20,20,40
POLICY_DEVELOPMENT,BALANCED_95CI,THRESHOLD_PASS,0.06,96,0.05,1,3,0.0,0.0,0.0,1.0,1.0,0.0,1.0,0.0,0.0,0,1,0,1
POLICY_DEVELOPMENT,BALANCED_95CI,THRESHOLD_PASS,0.06,96,0.05,1,5,0.0,0.0,0.5,0.5,0.5,0.008948420451572216,1.0,1.0,0.5,1,2,0,2
POLICY_DEVELOPMENT,BALANCED_95CI,THRESHOLD_PASS,0.06,96,0.05,12,1,0.0,0.0,0.5,0.75,0.5,0.012607526331963952,0.9166666666666666,1.0,0.5,6,12,12,24
POLICY_DEVELOPMENT,BALANCED_95CI,THRESHOLD_PASS,0.06,96,0.05,12,3,0.0,0.0,1.0,0.5,0.0,0.009648437861733939,1.0,1.0,1.0,6,6,6,12
POLICY_DEVELOPMENT,BALANCED_95CI,THRESHOLD_PASS,0.06,96,0.05,40,1,0.0,0.0,0.0,1.0,1.0,0.0,0.95,0.0,0.0,0,20,20,40
POLICY_DEVELOPMENT,BALANCED_95CI,THRESHOLD_PASS,0.06,96,0.45,1,1,0.0,0.0,0.0,1.0,1.0,0.0,1.0,0.0,0.0,0,1,0,1
POLICY_DEVELOPMENT,BALANCED_95CI,THRESHOLD_PASS,0.06,96,0.45,12,5,0.0,0.0,0.4166666666666667,0.7916666666666666,0.5833333333333333,0.010219463645258088,0.9583333333333334,1.0,0.4166666666666667,5,12,12,24
POLICY_DEVELOPMENT,BALANCED_95CI,THRESHOLD_PASS,0.06,96,0.45,40,3,0.0,0.0,0.7125,0.64375,0.2875,0.009685672109083084,0.975,1.0,0.7125,57,80,80,160
POLICY_DEVELOPMENT,BALANCED_95CI,TOP_K,0.0,12,0.45,1,3,0.0,0.0,0.0,1.0,1.0,0.0,1.0,0.0,0.0,0,0,1,1
POLICY_DEVELOPMENT,BALANCED_95CI,TOP_K,0.0,12,0.45,12,1,0.0,0.0,0.0,1.0,1.0,0.0,1.0,0.0,0.0,0,0,24,24
POLICY_DEVELOPMENT,BALANCED_95CI,TOP_K,0.0,12,0.45,12,3,0.0,0.0,0.0,1.0,1.0,0.0,0.8333333333333334,0.0,0.0,0,0,12,12
POLICY_DEVELOPMENT,BALANCED_95CI,TOP_K,0.0,12,0.45,40,5,0.0,0.0,0.0,1.0,1.0,0.0,0.925,0.0,0.0,0,0,120,120
POLICY_DEVELOPMENT,BALANCED_95CI,TOP_K,0.0,12,0.85,1,1,0.0,0.0,0.0,1.0,1.0,0.0,1.0,0.0,0.0,0,0,3,3
POLICY_DEVELOPMENT,BALANCED_95CI,TOP_K,0.0,12,0.85,12,3,0.0,0.0,0.0,1.0,1.0,0.0,1.0,0.0,0.0,0,0,24,24
POLICY_DEVELOPMENT,BALANCED_95CI,TOP_K,0.0,12,0.85,40,3,0.0,0.0,0.0,1.0,1.0,0.0,1.0,0.0,0.0,0,0,40,40
POLICY_DEVELOPMENT,BALANCED_95CI,TOP_K,0.0,36,0.45,1,1,0.0,0.0,0.0,1.0,1.0,0.0,1.0,0.0,0.0,0,0,3,3
POLICY_DEVELOPMENT,BALANCED_95CI,TOP_K,0.0,36,0.45,12,1,0.0,0.0,0.0,1.0,1.0,0.0,1.0,0.0,0.0,0,0,12,12
POLICY_DEVELOPMENT,BALANCED_95CI,TOP_K,0.0,36,0.45,12,5,0.0,0.0,0.0,1.0,1.0,0.0,0.8333333333333334,0.0,0.0,0,0,12,12
POLICY_DEVELOPMENT,BALANCED_95CI,TOP_K,0.0,36,0.45,40,3,0.1875,0.27303097026808476,0.0,0.8125,1.0,0.07302542030352832,0.775,0.0,0.0,15,0,80,80
POLICY_DEVELOPMENT,BALANCED_95CI,TOP_K,0.0,36,0.85,1,5,0.0,0.0,0.0,1.0,1.0,0.0,1.0,0.0,0.0,0,0,1,1
POLICY_DEVELOPMENT,BALANCED_95CI,TOP_K,0.0,36,0.85,12,1,0.0,0.0,0.0,1.0,1.0,0.0,1.0,0.0,0.0,0,0,12,12
POLICY_DEVELOPMENT,BALANCED_95CI,TOP_K,0.0,36,0.85,12,3,0.0,0.0,0.0,1.0,1.0,0.0,1.0,0.0,0.0,0,0,36,36
POLICY_DEVELOPMENT,BALANCED_95CI,TOP_K,0.0,36,0.85,40,1,0.0,0.0,0.0,1.0,1.0,0.0,0.975,0.0,0.0,0,0,40,40
POLICY_DEVELOPMENT,BALANCED_95CI,TOP_K,0.0,36,0.85,40,5,0.0,0.0,0.0,1.0,1.0,0.0,1.0,0.0,0.0,0,0,40,40
POLICY_DEVELOPMENT,BALANCED_95CI,TOP_K,0.0,96,0.45,1,1,0.0,0.0,0.0,1.0,1.0,0.0,1.0,0.0,0.0,0,0,1,1
POLICY_DEVELOPMENT,BALANCED_95CI,TOP_K,0.0,96,0.45,1,5,0.0,0.0,0.0,1.0,1.0,0.0,1.0,0.0,0.0,0,0,1,1
POLICY_DEVELOPMENT,BALANCED_95CI,TOP_K,0.0,96,0.45,12,3,0.0,0.0,0.0,1.0,1.0,0.0,0.9444444444444444,0.0,0.0,0,0,36,36
POLICY_DEVELOPMENT,BALANCED_95CI,TOP_K,0.0,96,0.45,40,1,0.0,0.0,0.0,1.0,1.0,0.0,0.95,0.0,0.0,0,0,40,40
POLICY_DEVELOPMENT,BALANCED_95CI,TOP_K,0.0,96,0.85,1,1,0.0,0.0,0.0,1.0,1.0,0.0,1.0,0.0,0.0,0,0,1,1
POLICY_DEVELOPMENT,BALANCED_95CI,TOP_K,0.0,96,0.85,1,3,0.0,0.0,0.0,1.0,1.0,0.0,1.0,0.0,0.0,0,0,1,1
POLICY_DEVELOPMENT,BALANCED_95CI,TOP_K,0.0,96,0.85,12,1,0.0,0.0,0.0,1.0,1.0,0.0,0.9583333333333334,0.0,0.0,0,0,24,24
POLICY_DEVELOPMENT,BALANCED_95CI,TOP_K,0.0,96,0.85,40,3,0.0,0.0,0.0,1.0,1.0,0.0,0.825,0.0,0.0,0,0,40,40
POLICY_DEVELOPMENT,BALANCED_95CI,TOP_K,0.0,96,0.85,40,5,0.0,0.0,0.0,1.0,1.0,0.0,1.0,0.0,0.0,0,0,80,80
POLICY_DEVELOPMENT,BALANCED_95CI,TOP_K,0.025,12,0.05,1,1,0.0,0.0,0.0,1.0,1.0,0.0,1.0,0.0,0.0,0,3,0,3
POLICY_DEVELOPMENT,BALANCED_95CI,TOP_K,0.025,12,0.05,12,5,0.0,0.0,0.0,1.0,1.0,0.0,0.8333333333333334,0.0,0.0,0,6,6,12
POLICY_DEVELOPMENT,BALANCED_95CI,TOP_K,0.025,12,0.05,40,3,0.0,0.0,0.0,1.0,1.0,0.0,0.9875,0.0,0.0,0,40,40,80
POLICY_DEVELOPMENT,BALANCED_95CI,TOP_K,0.025,12,0.45,1,3,0.0,0.0,0.0,1.0,1.0,0.0,1.0,0.0,0.0,0,1,0,1
POLICY_DEVELOPMENT,BALANCED_95CI,TOP_K,0.025,12,0.45,12,1,0.0,0.0,0.0,1.0,1.0,0.0,1.0,0.0,0.0,0,12,12,24
POLICY_DEVELOPMENT,BALANCED_95CI,TOP_K,0.025,12,0.45,12,3,0.0,0.0,0.0,1.0,1.0,0.0,0.9166666666666666,0.0,0.0,0,6,6,12
POLICY_DEVELOPMENT,BALANCED_95CI,TOP_K,0.025,12,0.45,40,5,0.0,0.0,0.0,1.0,1.0,0.0,0.9083333333333333,0.0,0.0,0,60,60,120
POLICY_DEVELOPMENT,BALANCED_95CI,TOP_K,0.025,36,0.05,1,5,0.0,0.0,1.0,0.0,0.0,0.01333099787634151,1.0,1.0,1.0,1,1,0,1
POLICY_DEVELOPMENT,BALANCED_95CI,TOP_K,0.025,36,0.05,12,1,0.0,0.0,0.0,1.0,1.0,0.0,0.9166666666666666,0.0,0.0,0,6,6,12
POLICY_DEVELOPMENT,BALANCED_95CI,TOP_K,0.025,36,0.05,12,3,0.0,0.0,0.0,1.0,1.0,0.0,1.0,0.0,0.0,0,18,18,36
POLICY_DEVELOPMENT,BALANCED_95CI,TOP_K,0.025,36,0.05,40,1,0.0,0.0,0.0,1.0,1.0,0.0,0.975,0.0,0.0,0,20,20,40
POLICY_DEVELOPMENT,BALANCED_95CI,TOP_K,0.025,36,0.05,40,5,0.0,0.0,0.0,1.0,1.0,0.0,0.95,0.0,0.0,0,20,20,40
POLICY_DEVELOPMENT,BALANCED_95CI,TOP_K,0.025,36,0.45,1,1,0.0,0.0,0.0,1.0,1.0,0.0,1.0,0.0,0.0,0,3,0,3
POLICY_DEVELOPMENT,BALANCED_95CI,TOP_K,0.025,36,0.45,12,1,0.0,0.0,0.0,1.0,1.0,0.0,1.0,0.0,0.0,0,6,6,12
POLICY_DEVELOPMENT,BALANCED_95CI,TOP_K,0.025,36,0.45,40,3,0.0,0.0,0.0,1.0,1.0,0.0,1.0,0.0,0.0,0,20,20,40
POLICY_DEVELOPMENT,BALANCED_95CI,TOP_K,0.025,36,0.45,40,5,0.0,0.0,0.1,0.95,0.9,0.025756401401197643,1.0,1.0,0.1,4,40,40,80
POLICY_DEVELOPMENT,BALANCED_95CI,TOP_K,0.025,96,0.05,1,1,0.0,0.0,0.0,1.0,1.0,0.0,1.0,0.0,0.0,0,1,0,1
POLICY_DEVELOPMENT,BALANCED_95CI,TOP_K,0.025,96,0.05,1,3,0.0,0.0,0.0,1.0,1.0,0.0,1.0,0.0,0.0,0,1,0,1
POLICY_DEVELOPMENT,BALANCED_95CI,TOP_K,0.025,96,0.05,12,1,0.0,0.0,0.0,1.0,1.0,0.0,1.0,0.0,0.0,0,12,12,24
POLICY_DEVELOPMENT,BALANCED_95CI,TOP_K,0.025,96,0.05,40,5,0.0,0.0,0.18333333333333332,0.9083333333333333,0.8166666666666667,0.010627986075640854,0.9583333333333334,1.0,0.18333333333333332,11,60,60,120
POLICY_DEVELOPMENT,BALANCED_95CI,TOP_K,0.025,96,0.45,1,1,0.0,0.0,0.0,1.0,1.0,0.0,1.0,0.0,0.0,0,1,0,1
POLICY_DEVELOPMENT,BALANCED_95CI,TOP_K,0.025,96,0.45,1,5,0.0,0.0,1.0,0.0,0.0,0.013731035914003271,1.0,1.0,1.0,1,1,0,1
POLICY_DEVELOPMENT,BALANCED_95CI,TOP_K,0.025,96,0.45,12,3,0.0,0.0,0.0,1.0,1.0,0.0,1.0,0.0,0.0,0,12,12,24
POLICY_DEVELOPMENT,BALANCED_95CI,TOP_K,0.025,96,0.45,40,1,0.0,0.0,0.0,1.0,1.0,0.0,1.0,0.0,0.0,0,20,20,40
POLICY_DEVELOPMENT,BALANCED_95CI,TOP_K,0.025,96,0.45,40,3,0.0,0.0,0.2,0.9,0.8,0.005072477411068144,1.0,1.0,0.2,4,20,20,40
POLICY_DEVELOPMENT,BALANCED_95CI,TOP_K,0.06,12,0.05,1,1,0.0,0.0,0.0,1.0,1.0,0.0,1.0,0.0,0.0,0,3,0,3
POLICY_DEVELOPMENT,BALANCED_95CI,TOP_K,0.06,12,0.05,12,5,0.0,0.0,0.0,1.0,1.0,0.0,0.75,0.0,0.0,0,6,6,12
POLICY_DEVELOPMENT,BALANCED_95CI,TOP_K,0.06,12,0.05,40,3,0.0,0.0,0.0,1.0,1.0,0.0,0.975,0.0,0.0,0,40,40,80
POLICY_DEVELOPMENT,BALANCED_95CI,TOP_K,0.06,12,0.85,1,3,0.0,0.0,0.0,1.0,1.0,0.0,1.0,0.0,0.0,0,1,0,1
POLICY_DEVELOPMENT,BALANCED_95CI,TOP_K,0.06,12,0.85,1,5,0.0,0.0,0.0,1.0,1.0,0.0,1.0,0.0,0.0,0,1,0,1
POLICY_DEVELOPMENT,BALANCED_95CI,TOP_K,0.06,12,0.85,12,1,0.0,0.0,0.0,1.0,1.0,0.0,1.0,0.0,0.0,0,6,6,12
POLICY_DEVELOPMENT,BALANCED_95CI,TOP_K,0.06,12,0.85,12,3,0.0,0.0,0.0,1.0,1.0,0.0,1.0,0.0,0.0,0,12,12,24
POLICY_DEVELOPMENT,BALANCED_95CI,TOP_K,0.06,12,0.85,40,5,0.0,0.0,0.0,1.0,1.0,0.0,1.0,0.0,0.0,0,40,40,80
POLICY_DEVELOPMENT,BALANCED_95CI,TOP_K,0.06,36,0.05,1,5,0.0,0.0,0.0,1.0,1.0,0.0,1.0,0.0,0.0,0,2,0,2
POLICY_DEVELOPMENT,BALANCED_95CI,TOP_K,0.06,36,0.05,12,3,0.0,0.0,0.4166666666666667,0.7916666666666666,0.5833333333333333,0.010944489047160026,0.9791666666666666,1.0,0.4166666666666667,10,24,24,48
POLICY_DEVELOPMENT,BALANCED_95CI,TOP_K,0.06,36,0.05,40,1,0.0,0.0,0.0,1.0,1.0,0.0,0.95,0.0,0.0,0,20,20,40
POLICY_DEVELOPMENT,BALANCED_95CI,TOP_K,0.06,36,0.85,1,1,0.0,0.0,0.0,1.0,1.0,0.0,0.0,0.0,0.0,0,2,0,2
POLICY_DEVELOPMENT,BALANCED_95CI,TOP_K,0.06,36,0.85,1,3,0.0,0.0,1.0,0.0,0.0,0.0032496987302067445,1.0,1.0,1.0,1,1,0,1
POLICY_DEVELOPMENT,BALANCED_95CI,TOP_K,0.06,36,0.85,12,1,0.0,0.0,0.0,1.0,1.0,0.0,1.0,0.0,0.0,0,6,6,12
POLICY_DEVELOPMENT,BALANCED_95CI,TOP_K,0.06,36,0.85,40,3,0.0,0.0,0.0,1.0,1.0,0.0,1.0,0.0,0.0,0,20,20,40
POLICY_DEVELOPMENT,BALANCED_95CI,TOP_K,0.06,36,0.85,40,5,0.0,0.0,0.5,0.75,0.5,0.00950880758707125,1.0,1.0,0.5,20,40,40,80
POLICY_DEVELOPMENT,BALANCED_95CI,TOP_K,0.06,96,0.05,1,3,0.0,0.0,0.5,0.5,0.5,0.002824142991959301,1.0,1.0,0.5,1,2,0,2
POLICY_DEVELOPMENT,BALANCED_95CI,TOP_K,0.06,96,0.05,12,1,0.0,0.0,0.5,0.75,0.5,0.002605950112761119,0.9583333333333334,1.0,0.5,6,12,12,24
POLICY_DEVELOPMENT,BALANCED_95CI,TOP_K,0.06,96,0.05,40,5,0.0,0.0,0.5833333333333334,0.7083333333333333,0.41666666666666663,0.007687827600334435,0.9666666666666667,1.0,0.5833333333333334,35,60,60,120
POLICY_DEVELOPMENT,BALANCED_95CI,TOP_K,0.06,96,0.85,1,1,0.0,0.0,0.5,0.5,0.5,0.025265433088861575,1.0,1.0,0.5,1,2,0,2
POLICY_DEVELOPMENT,BALANCED_95CI,TOP_K,0.06,96,0.85,1,5,0.0,0.0,0.0,1.0,1.0,0.0,1.0,0.0,0.0,0,1,0,1
POLICY_DEVELOPMENT,BALANCED_95CI,TOP_K,0.06,96,0.85,12,3,0.0,0.0,0.0,1.0,1.0,0.0,1.0,0.0,0.0,0,12,12,24
POLICY_DEVELOPMENT,BALANCED_95CI,TOP_K,0.06,96,0.85,40,3,0.0,0.0,1.0,0.5,0.0,0.0032375554762953465,1.0,1.0,1.0,20,20,20,40
POLICY_DEVELOPMENT,BALANCED_95CI,TRANSPORT,0.0,12,0.45,1,3,0.0,0.0,0.0,1.0,1.0,0.0,1.0,0.0,0.0,0,0,1,1
POLICY_DEVELOPMENT,BALANCED_95CI,TRANSPORT,0.0,12,0.45,12,1,0.0,0.0,0.0,1.0,1.0,0.0,1.0,0.0,0.0,0,0,24,24
POLICY_DEVELOPMENT,BALANCED_95CI,TRANSPORT,0.0,12,0.45,12,3,0.0,0.0,0.0,1.0,1.0,0.0,0.9166666666666666,0.0,0.0,0,0,12,12
POLICY_DEVELOPMENT,BALANCED_95CI,TRANSPORT,0.0,12,0.45,40,5,0.0,0.0,0.0,1.0,1.0,0.0,0.9333333333333333,0.0,0.0,0,0,120,120
POLICY_DEVELOPMENT,BALANCED_95CI,TRANSPORT,0.0,12,0.85,1,1,0.0,0.0,0.0,1.0,1.0,0.0,1.0,0.0,0.0,0,0,3,3
POLICY_DEVELOPMENT,BALANCED_95CI,TRANSPORT,0.0,12,0.85,12,3,0.0,0.0,0.0,1.0,1.0,0.0,1.0,0.0,0.0,0,0,24,24
POLICY_DEVELOPMENT,BALANCED_95CI,TRANSPORT,0.0,12,0.85,40,3,0.0,0.0,0.0,1.0,1.0,0.0,1.0,0.0,0.0,0,0,40,40
POLICY_DEVELOPMENT,BALANCED_95CI,TRANSPORT,0.0,36,0.45,1,1,0.0,0.0,0.0,1.0,1.0,0.0,1.0,0.0,0.0,0,0,3,3
POLICY_DEVELOPMENT,BALANCED_95CI,TRANSPORT,0.0,36,0.45,12,1,0.0,0.0,0.0,1.0,1.0,0.0,1.0,0.0,0.0,0,0,12,12
POLICY_DEVELOPMENT,BALANCED_95CI,TRANSPORT,0.0,36,0.45,12,5,0.0,0.0,0.0,1.0,1.0,0.0,1.0,0.0,0.0,0,0,12,12
POLICY_DEVELOPMENT,BALANCED_95CI,TRANSPORT,0.0,36,0.45,40,3,0.0,0.0,0.0,1.0,1.0,0.0,0.925,0.0,0.0,0,0,80,80
POLICY_DEVELOPMENT,BALANCED_95CI,TRANSPORT,0.0,36,0.85,1,5,0.0,0.0,0.0,1.0,1.0,0.0,1.0,0.0,0.0,0,0,1,1
POLICY_DEVELOPMENT,BALANCED_95CI,TRANSPORT,0.0,36,0.85,12,1,0.0,0.0,0.0,1.0,1.0,0.0,1.0,0.0,0.0,0,0,12,12
POLICY_DEVELOPMENT,BALANCED_95CI,TRANSPORT,0.0,36,0.85,12,3,0.0,0.0,0.0,1.0,1.0,0.0,1.0,0.0,0.0,0,0,36,36
POLICY_DEVELOPMENT,BALANCED_95CI,TRANSPORT,0.0,36,0.85,40,1,0.0,0.0,0.0,1.0,1.0,0.0,1.0,0.0,0.0,0,0,40,40
POLICY_DEVELOPMENT,BALANCED_95CI,TRANSPORT,0.0,36,0.85,40,5,0.0,0.0,0.0,1.0,1.0,0.0,1.0,0.0,0.0,0,0,40,40
POLICY_DEVELOPMENT,BALANCED_95CI,TRANSPORT,0.0,96,0.45,1,1,0.0,0.0,0.0,1.0,1.0,0.0,1.0,0.0,0.0,0,0,1,1
POLICY_DEVELOPMENT,BALANCED_95CI,TRANSPORT,0.0,96,0.45,1,5,0.0,0.0,0.0,1.0,1.0,0.0,1.0,0.0,0.0,0,0,1,1
POLICY_DEVELOPMENT,BALANCED_95CI,TRANSPORT,0.0,96,0.45,12,3,0.0,0.0,0.0,1.0,1.0,0.0,0.9444444444444444,0.0,0.0,0,0,36,36
POLICY_DEVELOPMENT,BALANCED_95CI,TRANSPORT,0.0,96,0.45,40,1,0.0,0.0,0.0,1.0,1.0,0.0,1.0,0.0,0.0,0,0,40,40
POLICY_DEVELOPMENT,BALANCED_95CI,TRANSPORT,0.0,96,0.85,1,1,0.0,0.0,0.0,1.0,1.0,0.0,1.0,0.0,0.0,0,0,1,1
POLICY_DEVELOPMENT,BALANCED_95CI,TRANSPORT,0.0,96,0.85,1,3,0.0,0.0,0.0,1.0,1.0,0.0,1.0,0.0,0.0,0,0,1,1
POLICY_DEVELOPMENT,BALANCED_95CI,TRANSPORT,0.0,96,0.85,12,1,0.0,0.0,0.0,1.0,1.0,0.0,1.0,0.0,0.0,0,0,24,24
POLICY_DEVELOPMENT,BALANCED_95CI,TRANSPORT,0.0,96,0.85,40,3,0.0,0.0,0.0,1.0,1.0,0.0,1.0,0.0,0.0,0,0,40,40
POLICY_DEVELOPMENT,BALANCED_95CI,TRANSPORT,0.0,96,0.85,40,5,0.0,0.0,0.0,1.0,1.0,0.0,1.0,0.0,0.0,0,0,80,80
POLICY_DEVELOPMENT,BALANCED_95CI,TRANSPORT,0.025,12,0.05,1,1,0.0,0.0,0.0,1.0,1.0,0.0,1.0,0.0,0.0,0,2,1,3
POLICY_DEVELOPMENT,BALANCED_95CI,TRANSPORT,0.025,12,0.05,12,5,0.0,0.0,0.0,1.0,1.0,0.0,0.9166666666666666,0.0,0.0,0,6,6,12
POLICY_DEVELOPMENT,BALANCED_95CI,TRANSPORT,0.025,12,0.05,40,3,0.0,0.0,0.0,1.0,1.0,0.0,0.9375,0.0,0.0,0,40,40,80
POLICY_DEVELOPMENT,BALANCED_95CI,TRANSPORT,0.025,12,0.45,1,3,0.0,0.0,0.0,1.0,1.0,0.0,1.0,0.0,0.0,0,1,0,1
POLICY_DEVELOPMENT,BALANCED_95CI,TRANSPORT,0.025,12,0.45,12,1,0.0,0.0,0.0,1.0,1.0,0.0,0.9583333333333334,0.0,0.0,0,12,12,24
POLICY_DEVELOPMENT,BALANCED_95CI,TRANSPORT,0.025,12,0.45,12,3,0.0,0.0,0.0,1.0,1.0,0.0,1.0,0.0,0.0,0,6,6,12
POLICY_DEVELOPMENT,BALANCED_95CI,TRANSPORT,0.025,12,0.45,40,5,0.0,0.0,0.0,1.0,1.0,0.0,0.9166666666666666,0.0,0.0,0,60,60,120
POLICY_DEVELOPMENT,BALANCED_95CI,TRANSPORT,0.025,36,0.05,1,5,0.0,0.0,0.0,1.0,1.0,0.0,1.0,0.0,0.0,0,1,0,1
POLICY_DEVELOPMENT,BALANCED_95CI,TRANSPORT,0.025,36,0.05,12,1,0.0,0.0,0.0,1.0,1.0,0.0,1.0,0.0,0.0,0,0,12,12
POLICY_DEVELOPMENT,BALANCED_95CI,TRANSPORT,0.025,36,0.05,12,3,0.05555555555555555,0.16137653438793323,0.0,0.9722222222222222,1.0,0.06628474570572951,0.9444444444444444,0.0,0.0,1,18,18,36
POLICY_DEVELOPMENT,BALANCED_95CI,TRANSPORT,0.025,36,0.05,40,1,0.0,0.0,0.0,1.0,1.0,0.0,0.95,0.0,0.0,0,0,40,40
POLICY_DEVELOPMENT,BALANCED_95CI,TRANSPORT,0.025,36,0.05,40,5,0.0,0.0,0.0,1.0,1.0,0.0,0.95,0.0,0.0,0,20,20,40
POLICY_DEVELOPMENT,BALANCED_95CI,TRANSPORT,0.025,36,0.45,1,1,0.0,0.0,0.0,1.0,1.0,0.0,1.0,0.0,0.0,0,3,0,3
POLICY_DEVELOPMENT,BALANCED_95CI,TRANSPORT,0.025,36,0.45,12,1,0.0,0.0,0.0,1.0,1.0,0.0,1.0,0.0,0.0,0,6,6,12
POLICY_DEVELOPMENT,BALANCED_95CI,TRANSPORT,0.025,36,0.45,40,3,0.0,0.0,0.25,0.875,0.75,0.021409185035792488,1.0,1.0,0.25,5,20,20,40
POLICY_DEVELOPMENT,BALANCED_95CI,TRANSPORT,0.025,36,0.45,40,5,0.0,0.0,0.0,1.0,1.0,0.0,0.925,0.0,0.0,0,40,40,80
POLICY_DEVELOPMENT,BALANCED_95CI,TRANSPORT,0.025,96,0.05,1,1,0.0,0.0,0.0,1.0,1.0,0.0,1.0,0.0,0.0,0,1,0,1
POLICY_DEVELOPMENT,BALANCED_95CI,TRANSPORT,0.025,96,0.05,1,3,0.0,0.0,0.0,1.0,1.0,0.0,1.0,0.0,0.0,0,1,0,1
POLICY_DEVELOPMENT,BALANCED_95CI,TRANSPORT,0.025,96,0.05,12,1,0.0,0.0,0.0,1.0,1.0,0.0,1.0,0.0,0.0,0,6,18,24
POLICY_DEVELOPMENT,BALANCED_95CI,TRANSPORT,0.025,96,0.05,40,5,0.0,0.0,0.06666666666666667,0.9666666666666667,0.9333333333333333,0.010326010562900185,0.9833333333333333,1.0,0.06666666666666667,4,60,60,120
POLICY_DEVELOPMENT,BALANCED_95CI,TRANSPORT,0.025,96,0.45,1,1,0.0,0.0,0.0,1.0,1.0,0.0,1.0,0.0,0.0,0,1,0,1
POLICY_DEVELOPMENT,BALANCED_95CI,TRANSPORT,0.025,96,0.45,1,5,0.0,0.0,0.0,1.0,1.0,0.0,1.0,0.0,0.0,0,1,0,1
POLICY_DEVELOPMENT,BALANCED_95CI,TRANSPORT,0.025,96,0.45,12,3,0.0,0.0,0.16666666666666666,0.9166666666666666,0.8333333333333334,0.019056706606069927,0.9166666666666666,1.0,0.16666666666666666,2,12,12,24
POLICY_DEVELOPMENT,BALANCED_95CI,TRANSPORT,0.025,96,0.45,40,1,0.0,0.0,0.0,1.0,1.0,0.0,0.925,0.0,0.0,0,20,20,40
POLICY_DEVELOPMENT,BALANCED_95CI,TRANSPORT,0.025,96,0.45,40,3,0.0,0.0,0.8,0.6,0.19999999999999996,0.010280799294546571,0.975,1.0,0.8,16,20,20,40
POLICY_DEVELOPMENT,BALANCED_95CI,TRANSPORT,0.06,12,0.05,1,1,0.0,0.0,0.0,1.0,1.0,0.0,1.0,0.0,0.0,0,3,0,3
POLICY_DEVELOPMENT,BALANCED_95CI,TRANSPORT,0.06,12,0.05,12,5,0.0,0.0,0.0,1.0,1.0,0.0,0.9166666666666666,0.0,0.0,0,6,6,12
POLICY_DEVELOPMENT,BALANCED_95CI,TRANSPORT,0.06,12,0.05,40,3,0.0,0.0,0.0,1.0,1.0,0.0,0.9625,0.0,0.0,0,40,40,80
POLICY_DEVELOPMENT,BALANCED_95CI,TRANSPORT,0.06,12,0.85,1,3,0.0,0.0,0.0,1.0,1.0,0.0,1.0,0.0,0.0,0,1,0,1
POLICY_DEVELOPMENT,BALANCED_95CI,TRANSPORT,0.06,12,0.85,1,5,0.0,0.0,0.0,1.0,1.0,0.0,0.0,0.0,0.0,0,1,0,1
POLICY_DEVELOPMENT,BALANCED_95CI,TRANSPORT,0.06,12,0.85,12,1,0.0,0.0,0.0,1.0,1.0,0.0,1.0,0.0,0.0,0,6,6,12
POLICY_DEVELOPMENT,BALANCED_95CI,TRANSPORT,0.06,12,0.85,12,3,0.0,0.0,0.0,1.0,1.0,0.0,1.0,0.0,0.0,0,6,18,24
POLICY_DEVELOPMENT,BALANCED_95CI,TRANSPORT,0.06,12,0.85,40,5,0.0,0.0,0.0,1.0,1.0,0.0,1.0,0.0,0.0,0,40,40,80
POLICY_DEVELOPMENT,BALANCED_95CI,TRANSPORT,0.06,36,0.05,1,5,0.0,0.0,0.5,0.5,0.5,0.0043310177662899685,1.0,1.0,0.5,1,2,0,2
POLICY_DEVELOPMENT,BALANCED_95CI,TRANSPORT,0.06,36,0.05,12,3,0.0,0.0,0.5416666666666666,0.7291666666666667,0.45833333333333337,0.009980969220582904,0.9791666666666666,1.0,0.5416666666666666,13,24,24,48
POLICY_DEVELOPMENT,BALANCED_95CI,TRANSPORT,0.06,36,0.05,40,1,0.0,0.0,0.0,1.0,1.0,0.0,0.975,0.0,0.0,0,20,20,40
POLICY_DEVELOPMENT,BALANCED_95CI,TRANSPORT,0.06,36,0.85,1,1,0.0,0.0,0.0,1.0,1.0,0.0,1.0,0.0,0.0,0,2,0,2
POLICY_DEVELOPMENT,BALANCED_95CI,TRANSPORT,0.06,36,0.85,1,3,0.0,0.0,0.0,1.0,1.0,0.0,1.0,0.0,0.0,0,0,1,1
POLICY_DEVELOPMENT,BALANCED_95CI,TRANSPORT,0.06,36,0.85,12,1,0.0,0.0,0.0,1.0,1.0,0.0,1.0,0.0,0.0,0,6,6,12
POLICY_DEVELOPMENT,BALANCED_95CI,TRANSPORT,0.06,36,0.85,40,3,0.0,0.0,0.0,1.0,1.0,0.0,1.0,0.0,0.0,0,0,40,40
POLICY_DEVELOPMENT,BALANCED_95CI,TRANSPORT,0.06,36,0.85,40,5,0.0,0.0,0.475,0.7625,0.525,0.01955331162921819,0.85,1.0,0.475,19,40,40,80
POLICY_DEVELOPMENT,BALANCED_95CI,TRANSPORT,0.06,96,0.05,1,3,0.0,0.0,1.0,0.0,0.0,0.003889740352973625,1.0,1.0,1.0,2,2,0,2
POLICY_DEVELOPMENT,BALANCED_95CI,TRANSPORT,0.06,96,0.05,12,1,0.0,0.0,0.0,1.0,1.0,0.0,1.0,0.0,0.0,0,12,12,24
POLICY_DEVELOPMENT,BALANCED_95CI,TRANSPORT,0.06,96,0.05,40,5,0.0,0.0,0.21666666666666667,0.8916666666666666,0.7833333333333333,0.006959000769093205,0.9,1.0,0.21666666666666667,13,60,60,120
POLICY_DEVELOPMENT,BALANCED_95CI,TRANSPORT,0.06,96,0.85,1,1,0.0,0.0,0.0,1.0,1.0,0.0,1.0,0.0,0.0,0,2,0,2
POLICY_DEVELOPMENT,BALANCED_95CI,TRANSPORT,0.06,96,0.85,1,5,0.0,0.0,1.0,0.0,0.0,0.0026978026528096527,1.0,1.0,1.0,1,1,0,1
POLICY_DEVELOPMENT,BALANCED_95CI,TRANSPORT,0.06,96,0.85,12,3,0.0,0.0,1.0,0.75,0.0,0.032310242298001654,0.9583333333333334,1.0,1.0,6,6,18,24
POLICY_DEVELOPMENT,BALANCED_95CI,TRANSPORT,0.06,96,0.85,40,3,0.0,0.0,1.0,0.5,0.0,0.003941176011863283,1.0,1.0,1.0,20,20,20,40
POLICY_DEVELOPMENT,BALANCED_FAMILY5,ITEM_DIAGNOSTICS,0.0,12,0.05,1,1,0.0,0.0,0.0,1.0,1.0,0.0,1.0,0.0,0.0,0,0,1,1
POLICY_DEVELOPMENT,BALANCED_FAMILY5,ITEM_DIAGNOSTICS,0.0,12,0.05,1,5,0.0,0.0,0.0,1.0,1.0,0.0,1.0,0.0,0.0,0,0,1,1
POLICY_DEVELOPMENT,BALANCED_FAMILY5,ITEM_DIAGNOSTICS,0.0,12,0.05,12,3,0.0,0.0,0.0,1.0,1.0,0.0,0.7916666666666666,0.0,0.0,0,0,24,24
POLICY_DEVELOPMENT,BALANCED_FAMILY5,ITEM_DIAGNOSTICS,0.0,12,0.05,40,1,0.0,0.0,0.0,1.0,1.0,0.0,0.9,0.0,0.0,0,0,120,120
POLICY_DEVELOPMENT,BALANCED_FAMILY5,ITEM_DIAGNOSTICS,0.0,12,0.45,1,1,0.0,0.0,0.0,1.0,1.0,0.0,1.0,0.0,0.0,0,0,1,1
POLICY_DEVELOPMENT,BALANCED_FAMILY5,ITEM_DIAGNOSTICS,0.0,12,0.45,1,3,0.0,0.0,0.0,1.0,1.0,0.0,1.0,0.0,0.0,0,0,3,3
POLICY_DEVELOPMENT,BALANCED_FAMILY5,ITEM_DIAGNOSTICS,0.0,12,0.45,12,1,0.0,0.0,0.0,1.0,1.0,0.0,0.4166666666666667,0.0,0.0,0,0,12,12
POLICY_DEVELOPMENT,BALANCED_FAMILY5,ITEM_DIAGNOSTICS,0.0,12,0.45,12,5,0.0,0.0,0.0,1.0,1.0,0.0,1.0,0.0,0.0,0,0,12,12
POLICY_DEVELOPMENT,BALANCED_FAMILY5,ITEM_DIAGNOSTICS,0.0,12,0.45,40,5,0.0,0.0,0.0,1.0,1.0,0.0,0.85,0.0,0.0,0,0,40,40
POLICY_DEVELOPMENT,BALANCED_FAMILY5,ITEM_DIAGNOSTICS,0.0,36,0.05,1,3,0.0,0.0,0.0,1.0,1.0,0.0,0.6666666666666666,0.0,0.0,0,0,3,3
POLICY_DEVELOPMENT,BALANCED_FAMILY5,ITEM_DIAGNOSTICS,0.0,36,0.05,12,1,0.0,0.0,0.0,1.0,1.0,0.0,0.8333333333333334,0.0,0.0,0,0,12,12
POLICY_DEVELOPMENT,BALANCED_FAMILY5,ITEM_DIAGNOSTICS,0.0,36,0.05,40,1,0.0,0.0,0.0,1.0,1.0,0.0,0.8,0.0,0.0,0,0,40,40
POLICY_DEVELOPMENT,BALANCED_FAMILY5,ITEM_DIAGNOSTICS,0.0,36,0.05,40,5,0.0,0.0,0.0,1.0,1.0,0.0,0.875,0.0,0.0,0,0,40,40
POLICY_DEVELOPMENT,BALANCED_FAMILY5,ITEM_DIAGNOSTICS,0.0,36,0.45,1,1,0.0,0.0,0.0,1.0,1.0,0.0,1.0,0.0,0.0,0,0,2,2
POLICY_DEVELOPMENT,BALANCED_FAMILY5,ITEM_DIAGNOSTICS,0.0,36,0.45,12,3,0.0,0.0,0.0,1.0,1.0,0.0,0.8333333333333334,0.0,0.0,0,0,12,12
POLICY_DEVELOPMENT,BALANCED_FAMILY5,ITEM_DIAGNOSTICS,0.0,36,0.45,12,5,0.0,0.0,0.0,1.0,1.0,0.0,0.9166666666666666,0.0,0.0,0,0,24,24
POLICY_DEVELOPMENT,BALANCED_FAMILY5,ITEM_DIAGNOSTICS,0.0,36,0.45,40,1,0.0,0.0,0.0,1.0,1.0,0.0,0.975,0.0,0.0,0,0,40,40
POLICY_DEVELOPMENT,BALANCED_FAMILY5,ITEM_DIAGNOSTICS,0.0,36,0.45,40,3,0.0,0.0,0.0,1.0,1.0,0.0,0.9,0.0,0.0,0,0,40,40
POLICY_DEVELOPMENT,BALANCED_FAMILY5,ITEM_DIAGNOSTICS,0.0,96,0.05,1,1,0.0,0.0,0.0,1.0,1.0,0.0,0.5,0.0,0.0,0,0,2,2
POLICY_DEVELOPMENT,BALANCED_FAMILY5,ITEM_DIAGNOSTICS,0.0,96,0.05,1,3,0.0,0.0,0.0,1.0,1.0,0.0,1.0,0.0,0.0,0,0,1,1
POLICY_DEVELOPMENT,BALANCED_FAMILY5,ITEM_DIAGNOSTICS,0.0,96,0.05,12,5,0.0,0.0,0.0,1.0,1.0,0.0,0.9444444444444444,0.0,0.0,0,0,36,36
POLICY_DEVELOPMENT,BALANCED_FAMILY5,ITEM_DIAGNOSTICS,0.0,96,0.05,40,3,0.0,0.0,0.0,1.0,1.0,0.0,0.9,0.0,0.0,0,0,40,40
POLICY_DEVELOPMENT,BALANCED_FAMILY5,ITEM_DIAGNOSTICS,0.0,96,0.45,1,3,0.0,0.0,0.0,1.0,1.0,0.0,1.0,0.0,0.0,0,0,2,2
POLICY_DEVELOPMENT,BALANCED_FAMILY5,ITEM_DIAGNOSTICS,0.0,96,0.45,12,3,0.0,0.0,0.0,1.0,1.0,0.0,1.0,0.0,0.0,0,0,12,12
POLICY_DEVELOPMENT,BALANCED_FAMILY5,ITEM_DIAGNOSTICS,0.0,96,0.45,40,1,0.0,0.0,0.0,1.0,1.0,0.0,0.8666666666666667,0.0,0.0,0,0,120,120
POLICY_DEVELOPMENT,BALANCED_FAMILY5,ITEM_DIAGNOSTICS,0.025,12,0.05,1,1,0.0,0.0,0.0,1.0,1.0,0.0,1.0,0.0,0.0,0,1,0,1
POLICY_DEVELOPMENT,BALANCED_FAMILY5,ITEM_DIAGNOSTICS,0.025,12,0.05,12,3,0.0,0.0,0.0,1.0,1.0,0.0,0.9166666666666666,0.0,0.0,0,6,6,12
POLICY_DEVELOPMENT,BALANCED_FAMILY5,ITEM_DIAGNOSTICS,0.025,12,0.05,12,5,0.0,0.0,0.0,1.0,1.0,0.0,0.75,0.0,0.0,0,12,12,24
POLICY_DEVELOPMENT,BALANCED_FAMILY5,ITEM_DIAGNOSTICS,0.025,12,0.05,40,1,0.0,0.0,0.0,1.0,1.0,0.0,0.9083333333333333,0.0,0.0,0,60,60,120
POLICY_DEVELOPMENT,BALANCED_FAMILY5,ITEM_DIAGNOSTICS,0.025,12,0.85,1,1,0.0,0.0,0.0,1.0,1.0,0.0,1.0,0.0,0.0,0,1,0,1
POLICY_DEVELOPMENT,BALANCED_FAMILY5,ITEM_DIAGNOSTICS,0.025,12,0.85,1,3,0.0,0.0,0.0,1.0,1.0,0.0,1.0,0.0,0.0,0,3,0,3
POLICY_DEVELOPMENT,BALANCED_FAMILY5,ITEM_DIAGNOSTICS,0.025,12,0.85,12,1,0.0,0.0,0.0,1.0,1.0,0.0,1.0,0.0,0.0,0,6,6,12
POLICY_DEVELOPMENT,BALANCED_FAMILY5,ITEM_DIAGNOSTICS,0.025,12,0.85,12,5,0.0,0.0,0.0,1.0,1.0,0.0,1.0,0.0,0.0,0,6,6,12
POLICY_DEVELOPMENT,BALANCED_FAMILY5,ITEM_DIAGNOSTICS,0.025,12,0.85,40,5,0.0,0.0,0.0,1.0,1.0,0.0,1.0,0.0,0.0,0,20,20,40
POLICY_DEVELOPMENT,BALANCED_FAMILY5,ITEM_DIAGNOSTICS,0.025,36,0.05,1,3,0.0,0.0,0.0,1.0,1.0,0.0,0.5,0.0,0.0,0,2,0,2
POLICY_DEVELOPMENT,BALANCED_FAMILY5,ITEM_DIAGNOSTICS,0.025,36,0.05,12,1,0.0,0.0,0.0,1.0,1.0,0.0,0.8333333333333334,0.0,0.0,0,6,6,12
POLICY_DEVELOPMENT,BALANCED_FAMILY5,ITEM_DIAGNOSTICS,0.025,36,0.05,12,3,0.0,0.0,0.0,1.0,1.0,0.0,0.8333333333333334,0.0,0.0,0,6,6,12
POLICY_DEVELOPMENT,BALANCED_FAMILY5,ITEM_DIAGNOSTICS,0.025,36,0.05,40,1,0.0,0.0,0.0,1.0,1.0,0.0,0.875,0.0,0.0,0,20,20,40
POLICY_DEVELOPMENT,BALANCED_FAMILY5,ITEM_DIAGNOSTICS,0.025,36,0.05,40,5,0.0,0.0,0.0,1.0,1.0,0.0,0.825,0.0,0.0,0,20,20,40
POLICY_DEVELOPMENT,BALANCED_FAMILY5,ITEM_DIAGNOSTICS,0.025,36,0.85,1,1,0.0,0.0,0.0,1.0,1.0,0.0,0.5,0.0,0.0,0,2,0,2
POLICY_DEVELOPMENT,BALANCED_FAMILY5,ITEM_DIAGNOSTICS,0.025,36,0.85,12,5,0.0,0.0,0.2222222222222222,0.8888888888888888,0.7777777777777778,0.017778990327928717,1.0,1.0,0.2222222222222222,4,18,18,36
POLICY_DEVELOPMENT,BALANCED_FAMILY5,ITEM_DIAGNOSTICS,0.025,36,0.85,40,1,0.0,0.0,0.0,1.0,1.0,0.0,0.75,0.0,0.0,0,20,20,40
POLICY_DEVELOPMENT,BALANCED_FAMILY5,ITEM_DIAGNOSTICS,0.025,36,0.85,40,3,0.0,0.0,0.0,1.0,1.0,0.0,1.0,0.0,0.0,0,20,20,40
POLICY_DEVELOPMENT,BALANCED_FAMILY5,ITEM_DIAGNOSTICS,0.025,96,0.05,1,1,0.0,0.0,0.0,1.0,1.0,0.0,1.0,0.0,0.0,0,2,0,2
POLICY_DEVELOPMENT,BALANCED_FAMILY5,ITEM_DIAGNOSTICS,0.025,96,0.05,1,3,0.0,0.0,0.0,1.0,1.0,0.0,1.0,0.0,0.0,0,1,0,1
POLICY_DEVELOPMENT,BALANCED_FAMILY5,ITEM_DIAGNOSTICS,0.025,96,0.05,12,5,0.0,0.0,0.0,1.0,1.0,0.0,0.8611111111111112,0.0,0.0,0,18,18,36
POLICY_DEVELOPMENT,BALANCED_FAMILY5,ITEM_DIAGNOSTICS,0.025,96,0.05,40,3,0.0,0.0,0.65,0.675,0.35,0.006591453586010946,0.925,1.0,0.65,13,20,20,40
POLICY_DEVELOPMENT,BALANCED_FAMILY5,ITEM_DIAGNOSTICS,0.025,96,0.85,1,5,0.0,0.0,0.0,1.0,1.0,0.0,1.0,0.0,0.0,0,1,0,1
POLICY_DEVELOPMENT,BALANCED_FAMILY5,ITEM_DIAGNOSTICS,0.025,96,0.85,12,3,0.0,0.0,0.0,1.0,1.0,0.0,0.75,0.0,0.0,0,12,12,24
POLICY_DEVELOPMENT,BALANCED_FAMILY5,ITEM_DIAGNOSTICS,0.025,96,0.85,40,1,0.0,0.0,0.0,1.0,1.0,0.0,0.8583333333333333,0.0,0.0,0,60,60,120
POLICY_DEVELOPMENT,BALANCED_FAMILY5,ITEM_DIAGNOSTICS,0.06,12,0.45,1,1,0.0,0.0,0.0,1.0,1.0,0.0,0.0,0.0,0.0,0,1,0,1
POLICY_DEVELOPMENT,BALANCED_FAMILY5,ITEM_DIAGNOSTICS,0.06,12,0.45,12,3,0.0,0.0,0.0,1.0,1.0,0.0,1.0,0.0,0.0,0,6,6,12
POLICY_DEVELOPMENT,BALANCED_FAMILY5,ITEM_DIAGNOSTICS,0.06,12,0.45,12,5,0.0,0.0,0.0,1.0,1.0,0.0,0.9166666666666666,0.0,0.0,0,12,12,24
POLICY_DEVELOPMENT,BALANCED_FAMILY5,ITEM_DIAGNOSTICS,0.06,12,0.45,40,1,0.0,0.0,0.0,1.0,1.0,0.0,0.9875,0.0,0.0,0,40,40,80
POLICY_DEVELOPMENT,BALANCED_FAMILY5,ITEM_DIAGNOSTICS,0.06,12,0.45,40,3,0.0,0.0,0.0,1.0,1.0,0.0,1.0,0.0,0.0,0,20,20,40
POLICY_DEVELOPMENT,BALANCED_FAMILY5,ITEM_DIAGNOSTICS,0.06,12,0.85,1,3,0.0,0.0,0.0,1.0,1.0,0.0,0.75,0.0,0.0,0,4,0,4
POLICY_DEVELOPMENT,BALANCED_FAMILY5,ITEM_DIAGNOSTICS,0.06,12,0.85,12,1,0.0,0.0,0.0,1.0,1.0,0.0,1.0,0.0,0.0,0,6,6,12
POLICY_DEVELOPMENT,BALANCED_FAMILY5,ITEM_DIAGNOSTICS,0.06,12,0.85,40,5,0.0,0.0,0.0,1.0,1.0,0.0,0.825,0.0,0.0,0,40,40,80
POLICY_DEVELOPMENT,BALANCED_FAMILY5,ITEM_DIAGNOSTICS,0.06,36,0.45,1,3,0.0,0.0,0.0,1.0,1.0,0.0,1.0,0.0,0.0,0,2,0,2
POLICY_DEVELOPMENT,BALANCED_FAMILY5,ITEM_DIAGNOSTICS,0.06,36,0.45,12,3,0.0,0.0,1.0,0.5,0.0,0.0058191816176726635,1.0,1.0,1.0,6,6,6,12
POLICY_DEVELOPMENT,BALANCED_FAMILY5,ITEM_DIAGNOSTICS,0.06,36,0.45,40,1,0.0,0.0,0.0,1.0,1.0,0.0,0.95,0.0,0.0,0,40,40,80
POLICY_DEVELOPMENT,BALANCED_FAMILY5,ITEM_DIAGNOSTICS,0.06,36,0.45,40,5,0.0,0.0,0.0,1.0,1.0,0.0,0.975,0.0,0.0,0,20,20,40
POLICY_DEVELOPMENT,BALANCED_FAMILY5,ITEM_DIAGNOSTICS,0.06,36,0.85,1,1,0.0,0.0,0.0,1.0,1.0,0.0,1.0,0.0,0.0,0,2,0,2
POLICY_DEVELOPMENT,BALANCED_FAMILY5,ITEM_DIAGNOSTICS,0.06,36,0.85,12,5,0.0,0.0,0.3333333333333333,0.8333333333333334,0.6666666666666667,0.00656578949656502,0.9722222222222222,1.0,0.3333333333333333,6,18,18,36
POLICY_DEVELOPMENT,BALANCED_FAMILY5,ITEM_DIAGNOSTICS,0.06,36,0.85,40,3,0.0,0.0,0.475,0.7625,0.525,0.03921670636030759,0.4875,1.0,0.475,19,40,40,80
POLICY_DEVELOPMENT,BALANCED_FAMILY5,ITEM_DIAGNOSTICS,0.06,96,0.45,1,1,0.0,0.0,0.0,1.0,1.0,0.0,1.0,0.0,0.0,0,1,0,1
POLICY_DEVELOPMENT,BALANCED_FAMILY5,ITEM_DIAGNOSTICS,0.06,96,0.45,1,3,0.0,0.0,0.0,1.0,1.0,0.0,1.0,0.0,0.0,0,2,0,2
POLICY_DEVELOPMENT,BALANCED_FAMILY5,ITEM_DIAGNOSTICS,0.06,96,0.45,12,5,0.0,0.0,0.0,1.0,1.0,0.0,1.0,0.0,0.0,0,12,12,24
POLICY_DEVELOPMENT,BALANCED_FAMILY5,ITEM_DIAGNOSTICS,0.06,96,0.45,40,3,0.0,0.0,0.0,1.0,1.0,0.0,0.725,0.0,0.0,0,20,20,40
POLICY_DEVELOPMENT,BALANCED_FAMILY5,ITEM_DIAGNOSTICS,0.06,96,0.45,40,5,0.0,0.0,0.0,1.0,1.0,0.0,1.0,0.0,0.0,0,20,20,40
POLICY_DEVELOPMENT,BALANCED_FAMILY5,ITEM_DIAGNOSTICS,0.06,96,0.85,1,5,0.0,0.0,0.0,1.0,1.0,0.0,1.0,0.0,0.0,0,1,0,1
POLICY_DEVELOPMENT,BALANCED_FAMILY5,ITEM_DIAGNOSTICS,0.06,96,0.85,12,3,0.0,0.0,0.5,0.75,0.5,0.005541659784338783,0.7916666666666666,1.0,0.5,6,12,12,24
POLICY_DEVELOPMENT,BALANCED_FAMILY5,ITEM_DIAGNOSTICS,0.06,96,0.85,40,1,0.0,0.0,0.3333333333333333,0.8333333333333334,0.6666666666666667,0.010129933956783091,0.9833333333333333,1.0,0.3333333333333333,20,60,60,120
POLICY_DEVELOPMENT,BALANCED_FAMILY5,PRIMARY_PAIRWISE,0.0,12,0.05,1,1,0.0,0.0,0.0,1.0,1.0,0.0,1.0,0.0,0.0,0,0,1,1
POLICY_DEVELOPMENT,BALANCED_FAMILY5,PRIMARY_PAIRWISE,0.0,12,0.05,1,5,0.0,0.0,0.0,1.0,1.0,0.0,1.0,0.0,0.0,0,0,1,1
POLICY_DEVELOPMENT,BALANCED_FAMILY5,PRIMARY_PAIRWISE,0.0,12,0.05,12,3,0.0,0.0,0.0,1.0,1.0,0.0,0.75,0.0,0.0,0,0,24,24
POLICY_DEVELOPMENT,BALANCED_FAMILY5,PRIMARY_PAIRWISE,0.0,12,0.05,40,1,0.0,0.0,0.0,1.0,1.0,0.0,0.8416666666666667,0.0,0.0,0,0,120,120
POLICY_DEVELOPMENT,BALANCED_FAMILY5,PRIMARY_PAIRWISE,0.0,12,0.45,1,1,0.0,0.0,0.0,1.0,1.0,0.0,0.0,0.0,0.0,0,0,1,1
POLICY_DEVELOPMENT,BALANCED_FAMILY5,PRIMARY_PAIRWISE,0.0,12,0.45,1,3,0.0,0.0,0.0,1.0,1.0,0.0,0.6666666666666666,0.0,0.0,0,0,3,3
POLICY_DEVELOPMENT,BALANCED_FAMILY5,PRIMARY_PAIRWISE,0.0,12,0.45,12,1,0.0,0.0,0.0,1.0,1.0,0.0,0.9166666666666666,0.0,0.0,0,0,12,12
POLICY_DEVELOPMENT,BALANCED_FAMILY5,PRIMARY_PAIRWISE,0.0,12,0.45,12,5,0.0,0.0,0.0,1.0,1.0,0.0,0.75,0.0,0.0,0,0,12,12
POLICY_DEVELOPMENT,BALANCED_FAMILY5,PRIMARY_PAIRWISE,0.0,12,0.45,40,5,0.0,0.0,0.0,1.0,1.0,0.0,0.825,0.0,0.0,0,0,40,40
POLICY_DEVELOPMENT,BALANCED_FAMILY5,PRIMARY_PAIRWISE,0.0,36,0.05,1,3,0.0,0.0,0.0,1.0,1.0,0.0,0.6666666666666666,0.0,0.0,0,0,3,3
POLICY_DEVELOPMENT,BALANCED_FAMILY5,PRIMARY_PAIRWISE,0.0,36,0.05,12,1,0.0,0.0,0.0,1.0,1.0,0.0,0.9166666666666666,0.0,0.0,0,0,12,12
POLICY_DEVELOPMENT,BALANCED_FAMILY5,PRIMARY_PAIRWISE,0.0,36,0.05,40,1,0.0,0.0,0.0,1.0,1.0,0.0,0.85,0.0,0.0,0,0,40,40
POLICY_DEVELOPMENT,BALANCED_FAMILY5,PRIMARY_PAIRWISE,0.0,36,0.05,40,5,0.0,0.0,0.0,1.0,1.0,0.0,0.95,0.0,0.0,0,0,40,40
POLICY_DEVELOPMENT,BALANCED_FAMILY5,PRIMARY_PAIRWISE,0.0,36,0.45,1,1,0.0,0.0,0.0,1.0,1.0,0.0,1.0,0.0,0.0,0,0,2,2
POLICY_DEVELOPMENT,BALANCED_FAMILY5,PRIMARY_PAIRWISE,0.0,36,0.45,12,3,0.0,0.0,0.0,1.0,1.0,0.0,0.9166666666666666,0.0,0.0,0,0,12,12
POLICY_DEVELOPMENT,BALANCED_FAMILY5,PRIMARY_PAIRWISE,0.0,36,0.45,12,5,0.0,0.0,0.0,1.0,1.0,0.0,0.8333333333333334,0.0,0.0,0,0,24,24
POLICY_DEVELOPMENT,BALANCED_FAMILY5,PRIMARY_PAIRWISE,0.0,36,0.45,40,1,0.0,0.0,0.0,1.0,1.0,0.0,1.0,0.0,0.0,0,0,40,40
POLICY_DEVELOPMENT,BALANCED_FAMILY5,PRIMARY_PAIRWISE,0.0,36,0.45,40,3,0.0,0.0,0.0,1.0,1.0,0.0,0.85,0.0,0.0,0,0,40,40
POLICY_DEVELOPMENT,BALANCED_FAMILY5,PRIMARY_PAIRWISE,0.0,96,0.05,1,1,0.0,0.0,0.0,1.0,1.0,0.0,1.0,0.0,0.0,0,0,2,2
POLICY_DEVELOPMENT,BALANCED_FAMILY5,PRIMARY_PAIRWISE,0.0,96,0.05,1,3,0.0,0.0,0.0,1.0,1.0,0.0,1.0,0.0,0.0,0,0,1,1
POLICY_DEVELOPMENT,BALANCED_FAMILY5,PRIMARY_PAIRWISE,0.0,96,0.05,12,5,0.0,0.0,0.0,1.0,1.0,0.0,0.9444444444444444,0.0,0.0,0,0,36,36
POLICY_DEVELOPMENT,BALANCED_FAMILY5,PRIMARY_PAIRWISE,0.0,96,0.05,40,3,0.0,0.0,0.0,1.0,1.0,0.0,0.9,0.0,0.0,0,0,40,40
POLICY_DEVELOPMENT,BALANCED_FAMILY5,PRIMARY_PAIRWISE,0.0,96,0.45,1,3,0.0,0.0,0.0,1.0,1.0,0.0,1.0,0.0,0.0,0,0,2,2
POLICY_DEVELOPMENT,BALANCED_FAMILY5,PRIMARY_PAIRWISE,0.0,96,0.45,12,3,0.0,0.0,0.0,1.0,1.0,0.0,0.8333333333333334,0.0,0.0,0,0,12,12
POLICY_DEVELOPMENT,BALANCED_FAMILY5,PRIMARY_PAIRWISE,0.0,96,0.45,40,1,0.0,0.0,0.0,1.0,1.0,0.0,0.8083333333333333,0.0,0.0,0,0,120,120
POLICY_DEVELOPMENT,BALANCED_FAMILY5,PRIMARY_PAIRWISE,0.025,12,0.05,1,1,0.0,0.0,0.0,1.0,1.0,0.0,1.0,0.0,0.0,0,1,0,1
POLICY_DEVELOPMENT,BALANCED_FAMILY5,PRIMARY_PAIRWISE,0.025,12,0.05,12,3,0.0,0.0,0.0,1.0,1.0,0.0,1.0,0.0,0.0,0,6,6,12
POLICY_DEVELOPMENT,BALANCED_FAMILY5,PRIMARY_PAIRWISE,0.025,12,0.05,12,5,0.0,0.0,0.0,1.0,1.0,0.0,0.8333333333333334,0.0,0.0,0,12,12,24
POLICY_DEVELOPMENT,BALANCED_FAMILY5,PRIMARY_PAIRWISE,0.025,12,0.05,40,1,0.0,0.0,0.0,1.0,1.0,0.0,0.9333333333333333,0.0,0.0,0,60,60,120
POLICY_DEVELOPMENT,BALANCED_FAMILY5,PRIMARY_PAIRWISE,0.025,12,0.85,1,1,0.0,0.0,0.0,1.0,1.0,0.0,1.0,0.0,0.0,0,1,0,1
POLICY_DEVELOPMENT,BALANCED_FAMILY5,PRIMARY_PAIRWISE,0.025,12,0.85,1,3,0.0,0.0,0.0,1.0,1.0,0.0,1.0,0.0,0.0,0,3,0,3
POLICY_DEVELOPMENT,BALANCED_FAMILY5,PRIMARY_PAIRWISE,0.025,12,0.85,12,1,0.0,0.0,0.0,1.0,1.0,0.0,0.4166666666666667,0.0,0.0,0,6,6,12
POLICY_DEVELOPMENT,BALANCED_FAMILY5,PRIMARY_PAIRWISE,0.025,12,0.85,12,5,0.0,0.0,0.0,1.0,1.0,0.0,1.0,0.0,0.0,0,6,6,12
POLICY_DEVELOPMENT,BALANCED_FAMILY5,PRIMARY_PAIRWISE,0.025,12,0.85,40,5,0.0,0.0,0.0,1.0,1.0,0.0,1.0,0.0,0.0,0,20,20,40
POLICY_DEVELOPMENT,BALANCED_FAMILY5,PRIMARY_PAIRWISE,0.025,36,0.05,1,3,0.0,0.0,0.0,1.0,1.0,0.0,1.0,0.0,0.0,0,2,0,2
POLICY_DEVELOPMENT,BALANCED_FAMILY5,PRIMARY_PAIRWISE,0.025,36,0.05,12,1,0.0,0.0,0.0,1.0,1.0,0.0,0.8333333333333334,0.0,0.0,0,6,6,12
POLICY_DEVELOPMENT,BALANCED_FAMILY5,PRIMARY_PAIRWISE,0.025,36,0.05,12,3,0.0,0.0,0.0,1.0,1.0,0.0,1.0,0.0,0.0,0,6,6,12
POLICY_DEVELOPMENT,BALANCED_FAMILY5,PRIMARY_PAIRWISE,0.025,36,0.05,40,1,0.0,0.0,0.0,1.0,1.0,0.0,0.875,0.0,0.0,0,20,20,40
POLICY_DEVELOPMENT,BALANCED_FAMILY5,PRIMARY_PAIRWISE,0.025,36,0.05,40,5,0.0,0.0,0.0,1.0,1.0,0.0,0.925,0.0,0.0,0,20,20,40
POLICY_DEVELOPMENT,BALANCED_FAMILY5,PRIMARY_PAIRWISE,0.025,36,0.85,1,1,0.0,0.0,0.0,1.0,1.0,0.0,1.0,0.0,0.0,0,2,0,2
POLICY_DEVELOPMENT,BALANCED_FAMILY5,PRIMARY_PAIRWISE,0.025,36,0.85,12,5,0.0,0.0,0.0,1.0,1.0,0.0,1.0,0.0,0.0,0,18,18,36
POLICY_DEVELOPMENT,BALANCED_FAMILY5,PRIMARY_PAIRWISE,0.025,36,0.85,40,1,0.0,0.0,0.0,1.0,1.0,0.0,0.975,0.0,0.0,0,20,20,40
POLICY_DEVELOPMENT,BALANCED_FAMILY5,PRIMARY_PAIRWISE,0.025,36,0.85,40,3,0.0,0.0,0.0,1.0,1.0,0.0,1.0,0.0,0.0,0,20,20,40
POLICY_DEVELOPMENT,BALANCED_FAMILY5,PRIMARY_PAIRWISE,0.025,96,0.05,1,1,0.0,0.0,0.0,1.0,1.0,0.0,1.0,0.0,0.0,0,2,0,2
POLICY_DEVELOPMENT,BALANCED_FAMILY5,PRIMARY_PAIRWISE,0.025,96,0.05,1,3,0.0,0.0,0.0,1.0,1.0,0.0,0.0,0.0,0.0,0,1,0,1
POLICY_DEVELOPMENT,BALANCED_FAMILY5,PRIMARY_PAIRWISE,0.025,96,0.05,12,5,0.0,0.0,0.0,1.0,1.0,0.0,0.8611111111111112,0.0,0.0,0,18,18,36
POLICY_DEVELOPMENT,BALANCED_FAMILY5,PRIMARY_PAIRWISE,0.025,96,0.05,40,3,0.0,0.0,0.5,0.75,0.5,0.002651005528087014,0.925,1.0,0.5,10,20,20,40
POLICY_DEVELOPMENT,BALANCED_FAMILY5,PRIMARY_PAIRWISE,0.025,96,0.85,1,5,0.0,0.0,0.0,1.0,1.0,0.0,1.0,0.0,0.0,0,1,0,1
POLICY_DEVELOPMENT,BALANCED_FAMILY5,PRIMARY_PAIRWISE,0.025,96,0.85,12,3,0.0,0.0,0.0,1.0,1.0,0.0,1.0,0.0,0.0,0,12,12,24
POLICY_DEVELOPMENT,BALANCED_FAMILY5,PRIMARY_PAIRWISE,0.025,96,0.85,40,1,0.0,0.0,0.0,1.0,1.0,0.0,0.9833333333333333,0.0,0.0,0,60,60,120
POLICY_DEVELOPMENT,BALANCED_FAMILY5,PRIMARY_PAIRWISE,0.06,12,0.45,1,1,0.0,0.0,0.0,1.0,1.0,0.0,1.0,0.0,0.0,0,1,0,1
POLICY_DEVELOPMENT,BALANCED_FAMILY5,PRIMARY_PAIRWISE,0.06,12,0.45,12,3,0.0,0.0,0.0,1.0,1.0,0.0,1.0,0.0,0.0,0,6,6,12
POLICY_DEVELOPMENT,BALANCED_FAMILY5,PRIMARY_PAIRWISE,0.06,12,0.45,12,5,0.0,0.0,0.0,1.0,1.0,0.0,0.8333333333333334,0.0,0.0,0,12,12,24
POLICY_DEVELOPMENT,BALANCED_FAMILY5,PRIMARY_PAIRWISE,0.06,12,0.45,40,1,0.0,0.0,0.0,1.0,1.0,0.0,0.95,0.0,0.0,0,40,40,80
POLICY_DEVELOPMENT,BALANCED_FAMILY5,PRIMARY_PAIRWISE,0.06,12,0.45,40,3,0.0,0.0,0.0,1.0,1.0,0.0,0.95,0.0,0.0,0,20,20,40
POLICY_DEVELOPMENT,BALANCED_FAMILY5,PRIMARY_PAIRWISE,0.06,12,0.85,1,3,0.0,0.0,0.0,1.0,1.0,0.0,1.0,0.0,0.0,0,4,0,4
POLICY_DEVELOPMENT,BALANCED_FAMILY5,PRIMARY_PAIRWISE,0.06,12,0.85,12,1,0.0,0.0,0.0,1.0,1.0,0.0,1.0,0.0,0.0,0,6,6,12
POLICY_DEVELOPMENT,BALANCED_FAMILY5,PRIMARY_PAIRWISE,0.06,12,0.85,40,5,0.0,0.0,0.0,1.0,1.0,0.0,1.0,0.0,0.0,0,40,40,80
POLICY_DEVELOPMENT,BALANCED_FAMILY5,PRIMARY_PAIRWISE,0.06,36,0.45,1,3,0.0,0.0,0.0,1.0,1.0,0.0,1.0,0.0,0.0,0,2,0,2
POLICY_DEVELOPMENT,BALANCED_FAMILY5,PRIMARY_PAIRWISE,0.06,36,0.45,12,3,0.0,0.0,1.0,0.5,0.0,0.009440751072763804,0.8333333333333334,1.0,1.0,6,6,6,12
POLICY_DEVELOPMENT,BALANCED_FAMILY5,PRIMARY_PAIRWISE,0.06,36,0.45,40,1,0.0,0.0,0.0,1.0,1.0,0.0,0.975,0.0,0.0,0,40,40,80
POLICY_DEVELOPMENT,BALANCED_FAMILY5,PRIMARY_PAIRWISE,0.06,36,0.45,40,5,0.0,0.0,0.0,1.0,1.0,0.0,0.775,0.0,0.0,0,20,20,40
POLICY_DEVELOPMENT,BALANCED_FAMILY5,PRIMARY_PAIRWISE,0.06,36,0.85,1,1,0.0,0.0,0.0,1.0,1.0,0.0,0.0,0.0,0.0,0,2,0,2
POLICY_DEVELOPMENT,BALANCED_FAMILY5,PRIMARY_PAIRWISE,0.06,36,0.85,12,5,0.0,0.0,0.3333333333333333,0.8333333333333334,0.6666666666666667,0.004879753967227129,1.0,1.0,0.3333333333333333,6,18,18,36
POLICY_DEVELOPMENT,BALANCED_FAMILY5,PRIMARY_PAIRWISE,0.06,36,0.85,40,3,0.0,0.0,0.0,1.0,1.0,0.0,0.9875,0.0,0.0,0,40,40,80
POLICY_DEVELOPMENT,BALANCED_FAMILY5,PRIMARY_PAIRWISE,0.06,96,0.45,1,1,0.0,0.0,0.0,1.0,1.0,0.0,0.0,0.0,0.0,0,1,0,1
POLICY_DEVELOPMENT,BALANCED_FAMILY5,PRIMARY_PAIRWISE,0.06,96,0.45,1,3,0.0,0.0,0.0,1.0,1.0,0.0,1.0,0.0,0.0,0,2,0,2
POLICY_DEVELOPMENT,BALANCED_FAMILY5,PRIMARY_PAIRWISE,0.06,96,0.45,12,5,0.0,0.0,0.0,1.0,1.0,0.0,1.0,0.0,0.0,0,12,12,24
POLICY_DEVELOPMENT,BALANCED_FAMILY5,PRIMARY_PAIRWISE,0.06,96,0.45,40,3,0.0,0.0,0.95,0.525,0.050000000000000044,0.011974587792569134,0.8,1.0,0.95,19,20,20,40
POLICY_DEVELOPMENT,BALANCED_FAMILY5,PRIMARY_PAIRWISE,0.06,96,0.45,40,5,0.0,0.0,0.0,1.0,1.0,0.0,0.95,0.0,0.0,0,20,20,40
POLICY_DEVELOPMENT,BALANCED_FAMILY5,PRIMARY_PAIRWISE,0.06,96,0.85,1,5,0.0,0.0,0.0,1.0,1.0,0.0,1.0,0.0,0.0,0,1,0,1
POLICY_DEVELOPMENT,BALANCED_FAMILY5,PRIMARY_PAIRWISE,0.06,96,0.85,12,3,0.0,0.0,0.5,0.75,0.5,0.025560194447515294,0.7083333333333334,1.0,0.5,6,12,12,24
POLICY_DEVELOPMENT,BALANCED_FAMILY5,PRIMARY_PAIRWISE,0.06,96,0.85,40,1,0.0,0.0,0.6166666666666667,0.6916666666666667,0.3833333333333333,0.0066144365003904596,1.0,1.0,0.6166666666666667,37,60,60,120
POLICY_DEVELOPMENT,BALANCED_FAMILY5,REPAIR,0.0,12,0.05,1,3,0.0,0.0,0.0,1.0,1.0,0.0,0.0,0.0,0.0,0,0,1,1
POLICY_DEVELOPMENT,BALANCED_FAMILY5,REPAIR,0.0,12,0.05,1,5,0.0,0.0,0.0,1.0,1.0,0.0,1.0,0.0,0.0,0,0,2,2
POLICY_DEVELOPMENT,BALANCED_FAMILY5,REPAIR,0.0,12,0.05,12,1,0.0,0.0,0.0,1.0,1.0,0.0,0.8333333333333334,0.0,0.0,0,0,12,12
POLICY_DEVELOPMENT,BALANCED_FAMILY5,REPAIR,0.0,12,0.05,12,3,0.0,0.0,0.0,1.0,1.0,0.0,1.0,0.0,0.0,0,0,12,12
POLICY_DEVELOPMENT,BALANCED_FAMILY5,REPAIR,0.0,12,0.05,40,1,0.0,0.0,0.0,1.0,1.0,0.0,0.8625,0.0,0.0,0,0,80,80
POLICY_DEVELOPMENT,BALANCED_FAMILY5,REPAIR,0.0,12,0.85,1,1,0.0,0.0,0.0,1.0,1.0,0.0,1.0,0.0,0.0,0,0,1,1
POLICY_DEVELOPMENT,BALANCED_FAMILY5,REPAIR,0.0,12,0.85,12,1,0.0,0.0,0.0,1.0,1.0,0.0,1.0,0.0,0.0,0,0,12,12
POLICY_DEVELOPMENT,BALANCED_FAMILY5,REPAIR,0.0,12,0.85,12,5,0.0,0.0,0.0,1.0,1.0,0.0,1.0,0.0,0.0,0,0,12,12
POLICY_DEVELOPMENT,BALANCED_FAMILY5,REPAIR,0.0,12,0.85,40,3,0.0,0.0,0.0,1.0,1.0,0.0,0.85,0.0,0.0,0,0,120,120
POLICY_DEVELOPMENT,BALANCED_FAMILY5,REPAIR,0.0,36,0.05,1,3,0.0,0.0,0.0,1.0,1.0,0.0,1.0,0.0,0.0,0,0,1,1
POLICY_DEVELOPMENT,BALANCED_FAMILY5,REPAIR,0.0,36,0.05,12,1,0.0,0.0,0.0,1.0,1.0,0.0,0.9444444444444444,0.0,0.0,0,0,36,36
POLICY_DEVELOPMENT,BALANCED_FAMILY5,REPAIR,0.0,36,0.05,40,3,0.0,0.0,0.0,1.0,1.0,0.0,0.925,0.0,0.0,0,0,80,80
POLICY_DEVELOPMENT,BALANCED_FAMILY5,REPAIR,0.0,36,0.85,1,5,0.0,0.0,0.0,1.0,1.0,0.0,1.0,0.0,0.0,0,0,3,3
POLICY_DEVELOPMENT,BALANCED_FAMILY5,REPAIR,0.0,36,0.85,12,3,0.0,0.0,0.0,1.0,1.0,0.0,1.0,0.0,0.0,0,0,12,12
POLICY_DEVELOPMENT,BALANCED_FAMILY5,REPAIR,0.0,36,0.85,40,1,0.0,0.0,0.0,1.0,1.0,0.0,1.0,0.0,0.0,0,0,80,80
POLICY_DEVELOPMENT,BALANCED_FAMILY5,REPAIR,0.0,36,0.85,40,3,0.0,0.0,0.0,1.0,1.0,0.0,1.0,0.0,0.0,0,0,40,40
POLICY_DEVELOPMENT,BALANCED_FAMILY5,REPAIR,0.0,96,0.05,1,1,0.0,0.0,0.0,1.0,1.0,0.0,1.0,0.0,0.0,0,0,1,1
POLICY_DEVELOPMENT,BALANCED_FAMILY5,REPAIR,0.0,96,0.05,1,5,0.0,0.0,0.0,1.0,1.0,0.0,1.0,0.0,0.0,0,0,1,1
POLICY_DEVELOPMENT,BALANCED_FAMILY5,REPAIR,0.0,96,0.05,12,5,0.0,0.0,0.0,1.0,1.0,0.0,1.0,0.0,0.0,0,0,12,12
POLICY_DEVELOPMENT,BALANCED_FAMILY5,REPAIR,0.0,96,0.05,40,1,0.0,0.0,0.0,1.0,1.0,0.0,0.975,0.0,0.0,0,0,40,40
POLICY_DEVELOPMENT,BALANCED_FAMILY5,REPAIR,0.0,96,0.05,40,3,0.0,0.0,0.0,1.0,1.0,0.0,0.925,0.0,0.0,0,0,120,120
POLICY_DEVELOPMENT,BALANCED_FAMILY5,REPAIR,0.0,96,0.85,1,3,0.0,0.0,0.0,1.0,1.0,0.0,0.5,0.0,0.0,0,0,2,2
POLICY_DEVELOPMENT,BALANCED_FAMILY5,REPAIR,0.0,96,0.85,12,1,0.0,0.0,0.0,1.0,1.0,0.0,1.0,0.0,0.0,0,0,36,36
POLICY_DEVELOPMENT,BALANCED_FAMILY5,REPAIR,0.0,96,0.85,40,1,0.0,0.0,0.0,1.0,1.0,0.0,0.5,0.0,0.0,0,0,40,40
POLICY_DEVELOPMENT,BALANCED_FAMILY5,REPAIR,0.0,96,0.85,40,5,0.0,0.0,0.0,1.0,1.0,0.0,0.95,0.0,0.0,0,0,40,40
POLICY_DEVELOPMENT,BALANCED_FAMILY5,REPAIR,0.025,12,0.45,1,5,0.0,0.0,0.0,1.0,1.0,0.0,1.0,0.0,0.0,0,3,0,3
POLICY_DEVELOPMENT,BALANCED_FAMILY5,REPAIR,0.025,12,0.45,12,1,0.0,0.0,0.0,1.0,1.0,0.0,0.9166666666666666,0.0,0.0,0,6,6,12
POLICY_DEVELOPMENT,BALANCED_FAMILY5,REPAIR,0.025,12,0.45,12,3,0.0,0.0,0.0,1.0,1.0,0.0,0.6666666666666666,0.0,0.0,0,6,6,12
POLICY_DEVELOPMENT,BALANCED_FAMILY5,REPAIR,0.025,12,0.45,40,1,0.0,0.0,0.0,1.0,1.0,0.0,0.9625,0.0,0.0,0,40,40,80
POLICY_DEVELOPMENT,BALANCED_FAMILY5,REPAIR,0.025,12,0.85,1,1,0.0,0.0,0.0,1.0,1.0,0.0,1.0,0.0,0.0,0,1,0,1
POLICY_DEVELOPMENT,BALANCED_FAMILY5,REPAIR,0.025,12,0.85,1,3,0.0,0.0,0.0,1.0,1.0,0.0,1.0,0.0,0.0,0,1,0,1
POLICY_DEVELOPMENT,BALANCED_FAMILY5,REPAIR,0.025,12,0.85,12,1,0.0,0.0,0.0,1.0,1.0,0.0,1.0,0.0,0.0,0,6,6,12
POLICY_DEVELOPMENT,BALANCED_FAMILY5,REPAIR,0.025,12,0.85,12,5,0.0,0.0,0.0,1.0,1.0,0.0,1.0,0.0,0.0,0,6,6,12
POLICY_DEVELOPMENT,BALANCED_FAMILY5,REPAIR,0.025,12,0.85,40,3,0.0,0.0,0.0,1.0,1.0,0.0,1.0,0.0,0.0,0,40,40,80
POLICY_DEVELOPMENT,BALANCED_FAMILY5,REPAIR,0.025,36,0.45,1,3,0.0,0.0,0.0,1.0,1.0,0.0,1.0,0.0,0.0,0,2,0,2
POLICY_DEVELOPMENT,BALANCED_FAMILY5,REPAIR,0.025,36,0.45,12,1,0.0,0.0,0.0,1.0,1.0,0.0,0.8888888888888888,0.0,0.0,0,18,18,36
POLICY_DEVELOPMENT,BALANCED_FAMILY5,REPAIR,0.025,36,0.45,40,5,0.0,0.0,0.0,1.0,1.0,0.0,0.825,0.0,0.0,0,20,20,40
POLICY_DEVELOPMENT,BALANCED_FAMILY5,REPAIR,0.025,36,0.85,1,5,0.0,0.0,0.0,1.0,1.0,0.0,1.0,0.0,0.0,0,3,0,3
POLICY_DEVELOPMENT,BALANCED_FAMILY5,REPAIR,0.025,36,0.85,12,3,0.0,0.0,0.0,1.0,1.0,0.0,1.0,0.0,0.0,0,6,6,12
POLICY_DEVELOPMENT,BALANCED_FAMILY5,REPAIR,0.025,36,0.85,40,1,0.0,0.0,0.0,1.0,1.0,0.0,1.0,0.0,0.0,0,40,40,80
POLICY_DEVELOPMENT,BALANCED_FAMILY5,REPAIR,0.025,36,0.85,40,3,0.7,0.9008402350128081,1.0,0.15000000000000002,0.0,0.09681463948276982,0.025,0.5882352941176471,1.0,34,20,20,40
POLICY_DEVELOPMENT,BALANCED_FAMILY5,REPAIR,0.025,96,0.45,1,1,0.0,0.0,0.0,1.0,1.0,0.0,1.0,0.0,0.0,0,1,0,1
POLICY_DEVELOPMENT,BALANCED_FAMILY5,REPAIR,0.025,96,0.45,1,5,0.0,0.0,0.0,1.0,1.0,0.0,1.0,0.0,0.0,0,1,0,1
POLICY_DEVELOPMENT,BALANCED_FAMILY5,REPAIR,0.025,96,0.45,12,5,0.0,0.0,0.0,1.0,1.0,0.0,1.0,0.0,0.0,0,6,6,12
POLICY_DEVELOPMENT,BALANCED_FAMILY5,REPAIR,0.025,96,0.45,40,1,0.0,0.0,0.0,1.0,1.0,0.0,0.95,0.0,0.0,0,20,20,40
POLICY_DEVELOPMENT,BALANCED_FAMILY5,REPAIR,0.025,96,0.45,40,3,0.0,0.0,0.016666666666666666,0.9916666666666667,0.9833333333333333,0.022183507089114853,0.9583333333333334,1.0,0.016666666666666666,1,60,60,120
POLICY_DEVELOPMENT,BALANCED_FAMILY5,REPAIR,0.025,96,0.85,1,3,0.0,0.0,1.0,0.0,0.0,0.009458475758098411,1.0,1.0,1.0,1,1,0,1
POLICY_DEVELOPMENT,BALANCED_FAMILY5,REPAIR,0.025,96,0.85,1,5,0.0,0.0,0.5,0.5,0.5,0.013226428053576877,0.5,1.0,0.5,1,2,0,2
POLICY_DEVELOPMENT,BALANCED_FAMILY5,REPAIR,0.025,96,0.85,12,1,0.0,0.0,0.0,1.0,1.0,0.0,0.8888888888888888,0.0,0.0,0,18,18,36
POLICY_DEVELOPMENT,BALANCED_FAMILY5,REPAIR,0.025,96,0.85,40,1,0.0,0.0,0.0,1.0,1.0,0.0,1.0,0.0,0.0,0,20,20,40
POLICY_DEVELOPMENT,BALANCED_FAMILY5,REPAIR,0.06,12,0.05,1,3,0.0,0.0,0.0,1.0,1.0,0.0,1.0,0.0,0.0,0,1,0,1
POLICY_DEVELOPMENT,BALANCED_FAMILY5,REPAIR,0.06,12,0.05,12,1,0.0,0.0,0.0,1.0,1.0,0.0,0.875,0.0,0.0,0,12,12,24
POLICY_DEVELOPMENT,BALANCED_FAMILY5,REPAIR,0.06,12,0.05,12,5,0.0,0.0,0.0,1.0,1.0,0.0,1.0,0.0,0.0,0,6,6,12
POLICY_DEVELOPMENT,BALANCED_FAMILY5,REPAIR,0.06,12,0.05,40,3,0.0,0.0,0.0,1.0,1.0,0.0,0.9,0.0,0.0,0,40,40,80
POLICY_DEVELOPMENT,BALANCED_FAMILY5,REPAIR,0.06,12,0.45,1,5,0.0,0.0,0.0,1.0,1.0,0.0,0.6666666666666666,0.0,0.0,0,3,0,3
POLICY_DEVELOPMENT,BALANCED_FAMILY5,REPAIR,0.06,12,0.45,12,3,0.0,0.0,0.0,1.0,1.0,0.0,0.9583333333333334,0.0,0.0,0,12,12,24
POLICY_DEVELOPMENT,BALANCED_FAMILY5,REPAIR,0.06,12,0.45,40,1,0.0,0.0,0.0,1.0,1.0,0.0,0.9625,0.0,0.0,0,40,40,80
POLICY_DEVELOPMENT,BALANCED_FAMILY5,REPAIR,0.06,36,0.05,1,5,0.0,0.0,0.0,1.0,1.0,0.0,1.0,0.0,0.0,0,2,0,2
POLICY_DEVELOPMENT,BALANCED_FAMILY5,REPAIR,0.06,36,0.05,12,3,0.0,0.0,0.0,1.0,1.0,0.0,1.0,0.0,0.0,0,6,6,12
POLICY_DEVELOPMENT,BALANCED_FAMILY5,REPAIR,0.06,36,0.05,12,5,0.0,0.0,0.0,1.0,1.0,0.0,1.0,0.0,0.0,0,6,6,12
POLICY_DEVELOPMENT,BALANCED_FAMILY5,REPAIR,0.06,36,0.05,40,1,0.0,0.0,0.0,1.0,1.0,0.0,0.95,0.0,0.0,0,20,20,40
POLICY_DEVELOPMENT,BALANCED_FAMILY5,REPAIR,0.06,36,0.05,40,3,0.0,0.0,0.0,1.0,1.0,0.0,0.9375,0.0,0.0,0,40,40,80
POLICY_DEVELOPMENT,BALANCED_FAMILY5,REPAIR,0.06,36,0.45,1,3,0.0,0.0,0.0,1.0,1.0,0.0,1.0,0.0,0.0,0,2,0,2
POLICY_DEVELOPMENT,BALANCED_FAMILY5,REPAIR,0.06,36,0.45,12,1,0.0,0.0,0.0,1.0,1.0,0.0,0.9166666666666666,0.0,0.0,0,18,18,36
POLICY_DEVELOPMENT,BALANCED_FAMILY5,REPAIR,0.06,36,0.45,40,5,0.0,0.0,0.0,1.0,1.0,0.0,0.875,0.0,0.0,0,20,20,40
POLICY_DEVELOPMENT,BALANCED_FAMILY5,REPAIR,0.06,96,0.05,1,3,0.0,0.0,0.0,1.0,1.0,0.0,0.0,0.0,0.0,0,1,0,1
POLICY_DEVELOPMENT,BALANCED_FAMILY5,REPAIR,0.06,96,0.05,1,5,0.0,0.0,0.0,1.0,1.0,0.0,0.5,0.0,0.0,0,2,0,2
POLICY_DEVELOPMENT,BALANCED_FAMILY5,REPAIR,0.06,96,0.05,12,1,0.08333333333333333,0.23971309426686854,0.5,0.7083333333333333,0.5,0.008375479579790904,0.875,0.8571428571428571,0.5,7,12,12,24
POLICY_DEVELOPMENT,BALANCED_FAMILY5,REPAIR,0.06,96,0.05,12,3,0.0,0.0,0.0,1.0,1.0,0.0,0.9166666666666666,0.0,0.0,0,6,6,12
POLICY_DEVELOPMENT,BALANCED_FAMILY5,REPAIR,0.06,96,0.05,40,1,0.0,0.0,0.0,1.0,1.0,0.0,0.9,0.0,0.0,0,20,20,40
POLICY_DEVELOPMENT,BALANCED_FAMILY5,REPAIR,0.06,96,0.45,1,1,0.0,0.0,0.0,1.0,1.0,0.0,1.0,0.0,0.0,0,1,0,1
POLICY_DEVELOPMENT,BALANCED_FAMILY5,REPAIR,0.06,96,0.45,12,5,0.0,0.0,0.0,1.0,1.0,0.0,0.7083333333333334,0.0,0.0,0,12,12,24
POLICY_DEVELOPMENT,BALANCED_FAMILY5,REPAIR,0.06,96,0.45,40,3,0.0,0.0,0.5,0.75,0.5,0.006846211156851134,0.925,1.0,0.5,40,80,80,160
POLICY_DEVELOPMENT,BALANCED_FAMILY5,THRESHOLD_PASS,0.0,12,0.05,1,3,0.0,0.0,0.0,1.0,1.0,0.0,1.0,0.0,0.0,0,0,1,1
POLICY_DEVELOPMENT,BALANCED_FAMILY5,THRESHOLD_PASS,0.0,12,0.05,1,5,0.0,0.0,0.0,1.0,1.0,0.0,1.0,0.0,0.0,0,0,2,2
POLICY_DEVELOPMENT,BALANCED_FAMILY5,THRESHOLD_PASS,0.0,12,0.05,12,1,0.0,0.0,0.0,1.0,1.0,0.0,0.75,0.0,0.0,0,0,12,12
POLICY_DEVELOPMENT,BALANCED_FAMILY5,THRESHOLD_PASS,0.0,12,0.05,12,3,0.0,0.0,0.0,1.0,1.0,0.0,0.9166666666666666,0.0,0.0,0,0,12,12
POLICY_DEVELOPMENT,BALANCED_FAMILY5,THRESHOLD_PASS,0.0,12,0.05,40,1,0.0,0.0,0.0,1.0,1.0,0.0,0.925,0.0,0.0,0,0,80,80
POLICY_DEVELOPMENT,BALANCED_FAMILY5,THRESHOLD_PASS,0.0,12,0.85,1,1,0.0,0.0,0.0,1.0,1.0,0.0,1.0,0.0,0.0,0,0,1,1
POLICY_DEVELOPMENT,BALANCED_FAMILY5,THRESHOLD_PASS,0.0,12,0.85,12,1,0.0,0.0,0.0,1.0,1.0,0.0,1.0,0.0,0.0,0,0,12,12
POLICY_DEVELOPMENT,BALANCED_FAMILY5,THRESHOLD_PASS,0.0,12,0.85,12,5,0.0,0.0,0.0,1.0,1.0,0.0,1.0,0.0,0.0,0,0,12,12
POLICY_DEVELOPMENT,BALANCED_FAMILY5,THRESHOLD_PASS,0.0,12,0.85,40,3,0.0,0.0,0.0,1.0,1.0,0.0,0.9333333333333333,0.0,0.0,0,0,120,120
POLICY_DEVELOPMENT,BALANCED_FAMILY5,THRESHOLD_PASS,0.0,36,0.05,1,3,0.0,0.0,0.0,1.0,1.0,0.0,1.0,0.0,0.0,0,0,1,1
POLICY_DEVELOPMENT,BALANCED_FAMILY5,THRESHOLD_PASS,0.0,36,0.05,12,1,0.0,0.0,0.0,1.0,1.0,0.0,0.9166666666666666,0.0,0.0,0,0,36,36
POLICY_DEVELOPMENT,BALANCED_FAMILY5,THRESHOLD_PASS,0.0,36,0.05,40,3,0.0,0.0,0.0,1.0,1.0,0.0,0.875,0.0,0.0,0,0,80,80
POLICY_DEVELOPMENT,BALANCED_FAMILY5,THRESHOLD_PASS,0.0,36,0.85,1,5,0.0,0.0,0.0,1.0,1.0,0.0,0.6666666666666666,0.0,0.0,0,0,3,3
POLICY_DEVELOPMENT,BALANCED_FAMILY5,THRESHOLD_PASS,0.0,36,0.85,12,3,0.0,0.0,0.0,1.0,1.0,0.0,0.6666666666666666,0.0,0.0,0,0,12,12
POLICY_DEVELOPMENT,BALANCED_FAMILY5,THRESHOLD_PASS,0.0,36,0.85,40,1,0.0,0.0,0.0,1.0,1.0,0.0,1.0,0.0,0.0,0,0,80,80
POLICY_DEVELOPMENT,BALANCED_FAMILY5,THRESHOLD_PASS,0.0,36,0.85,40,3,0.0,0.0,0.0,1.0,1.0,0.0,1.0,0.0,0.0,0,0,40,40
POLICY_DEVELOPMENT,BALANCED_FAMILY5,THRESHOLD_PASS,0.0,96,0.05,1,1,0.0,0.0,0.0,1.0,1.0,0.0,1.0,0.0,0.0,0,0,1,1
POLICY_DEVELOPMENT,BALANCED_FAMILY5,THRESHOLD_PASS,0.0,96,0.05,1,5,0.0,0.0,0.0,1.0,1.0,0.0,1.0,0.0,0.0,0,0,1,1
POLICY_DEVELOPMENT,BALANCED_FAMILY5,THRESHOLD_PASS,0.0,96,0.05,12,5,0.0,0.0,0.0,1.0,1.0,0.0,0.8333333333333334,0.0,0.0,0,0,12,12
POLICY_DEVELOPMENT,BALANCED_FAMILY5,THRESHOLD_PASS,0.0,96,0.05,40,1,0.0,0.0,0.0,1.0,1.0,0.0,0.9,0.0,0.0,0,0,40,40
POLICY_DEVELOPMENT,BALANCED_FAMILY5,THRESHOLD_PASS,0.0,96,0.05,40,3,0.0,0.0,0.0,1.0,1.0,0.0,0.875,0.0,0.0,0,0,120,120
POLICY_DEVELOPMENT,BALANCED_FAMILY5,THRESHOLD_PASS,0.0,96,0.85,1,3,0.0,0.0,0.0,1.0,1.0,0.0,1.0,0.0,0.0,0,0,2,2
POLICY_DEVELOPMENT,BALANCED_FAMILY5,THRESHOLD_PASS,0.0,96,0.85,12,1,0.0,0.0,0.0,1.0,1.0,0.0,0.7777777777777778,0.0,0.0,0,0,36,36
POLICY_DEVELOPMENT,BALANCED_FAMILY5,THRESHOLD_PASS,0.0,96,0.85,40,1,0.0,0.0,0.0,1.0,1.0,0.0,1.0,0.0,0.0,0,0,40,40
POLICY_DEVELOPMENT,BALANCED_FAMILY5,THRESHOLD_PASS,0.0,96,0.85,40,5,0.0,0.0,0.0,1.0,1.0,0.0,1.0,0.0,0.0,0,0,40,40
POLICY_DEVELOPMENT,BALANCED_FAMILY5,THRESHOLD_PASS,0.025,12,0.45,1,5,0.0,0.0,0.0,1.0,1.0,0.0,1.0,0.0,0.0,0,3,0,3
POLICY_DEVELOPMENT,BALANCED_FAMILY5,THRESHOLD_PASS,0.025,12,0.45,12,1,0.0,0.0,0.0,1.0,1.0,0.0,1.0,0.0,0.0,0,6,6,12
POLICY_DEVELOPMENT,BALANCED_FAMILY5,THRESHOLD_PASS,0.025,12,0.45,12,3,0.0,0.0,0.0,1.0,1.0,0.0,1.0,0.0,0.0,0,6,6,12
POLICY_DEVELOPMENT,BALANCED_FAMILY5,THRESHOLD_PASS,0.025,12,0.45,40,1,0.0,0.0,0.0,1.0,1.0,0.0,0.975,0.0,0.0,0,40,40,80
POLICY_DEVELOPMENT,BALANCED_FAMILY5,THRESHOLD_PASS,0.025,12,0.85,1,1,0.0,0.0,0.0,1.0,1.0,0.0,1.0,0.0,0.0,0,1,0,1
POLICY_DEVELOPMENT,BALANCED_FAMILY5,THRESHOLD_PASS,0.025,12,0.85,1,3,0.0,0.0,0.0,1.0,1.0,0.0,1.0,0.0,0.0,0,1,0,1
POLICY_DEVELOPMENT,BALANCED_FAMILY5,THRESHOLD_PASS,0.025,12,0.85,12,1,0.0,0.0,0.0,1.0,1.0,0.0,1.0,0.0,0.0,0,6,6,12
POLICY_DEVELOPMENT,BALANCED_FAMILY5,THRESHOLD_PASS,0.025,12,0.85,12,5,0.0,0.0,0.0,1.0,1.0,0.0,1.0,0.0,0.0,0,6,6,12
POLICY_DEVELOPMENT,BALANCED_FAMILY5,THRESHOLD_PASS,0.025,12,0.85,40,3,0.0,0.0,0.0,1.0,1.0,0.0,1.0,0.0,0.0,0,40,40,80
POLICY_DEVELOPMENT,BALANCED_FAMILY5,THRESHOLD_PASS,0.025,36,0.45,1,3,0.0,0.0,0.0,1.0,1.0,0.0,1.0,0.0,0.0,0,2,0,2
POLICY_DEVELOPMENT,BALANCED_FAMILY5,THRESHOLD_PASS,0.025,36,0.45,12,1,0.0,0.0,0.0,1.0,1.0,0.0,0.9166666666666666,0.0,0.0,0,18,18,36
POLICY_DEVELOPMENT,BALANCED_FAMILY5,THRESHOLD_PASS,0.025,36,0.45,40,5,0.0,0.0,0.0,1.0,1.0,0.0,0.525,0.0,0.0,0,20,20,40
POLICY_DEVELOPMENT,BALANCED_FAMILY5,THRESHOLD_PASS,0.025,36,0.85,1,5,0.0,0.0,0.0,1.0,1.0,0.0,1.0,0.0,0.0,0,3,0,3
POLICY_DEVELOPMENT,BALANCED_FAMILY5,THRESHOLD_PASS,0.025,36,0.85,12,3,0.0,0.0,0.0,1.0,1.0,0.0,1.0,0.0,0.0,0,6,6,12
POLICY_DEVELOPMENT,BALANCED_FAMILY5,THRESHOLD_PASS,0.025,36,0.85,40,1,0.0,0.0,0.0,1.0,1.0,0.0,1.0,0.0,0.0,0,40,40,80
POLICY_DEVELOPMENT,BALANCED_FAMILY5,THRESHOLD_PASS,0.025,36,0.85,40,3,0.0,0.0,0.0,1.0,1.0,0.0,1.0,0.0,0.0,0,20,20,40
POLICY_DEVELOPMENT,BALANCED_FAMILY5,THRESHOLD_PASS,0.025,96,0.45,1,1,0.0,0.0,0.0,1.0,1.0,0.0,1.0,0.0,0.0,0,1,0,1
POLICY_DEVELOPMENT,BALANCED_FAMILY5,THRESHOLD_PASS,0.025,96,0.45,1,5,0.0,0.0,0.0,1.0,1.0,0.0,1.0,0.0,0.0,0,1,0,1
POLICY_DEVELOPMENT,BALANCED_FAMILY5,THRESHOLD_PASS,0.025,96,0.45,12,5,0.0,0.0,0.0,1.0,1.0,0.0,0.9166666666666666,0.0,0.0,0,6,6,12
POLICY_DEVELOPMENT,BALANCED_FAMILY5,THRESHOLD_PASS,0.025,96,0.45,40,1,0.0,0.0,0.0,1.0,1.0,0.0,0.975,0.0,0.0,0,20,20,40
POLICY_DEVELOPMENT,BALANCED_FAMILY5,THRESHOLD_PASS,0.025,96,0.45,40,3,0.0,0.0,0.11666666666666667,0.9416666666666667,0.8833333333333333,0.01942327479789711,0.75,1.0,0.11666666666666667,7,60,60,120
POLICY_DEVELOPMENT,BALANCED_FAMILY5,THRESHOLD_PASS,0.025,96,0.85,1,3,0.0,0.0,0.0,1.0,1.0,0.0,0.0,0.0,0.0,0,1,0,1
POLICY_DEVELOPMENT,BALANCED_FAMILY5,THRESHOLD_PASS,0.025,96,0.85,1,5,0.0,0.0,0.5,0.5,0.5,0.00439704273845477,1.0,1.0,0.5,1,2,0,2
POLICY_DEVELOPMENT,BALANCED_FAMILY5,THRESHOLD_PASS,0.025,96,0.85,12,1,0.0,0.0,0.0,1.0,1.0,0.0,0.9722222222222222,0.0,0.0,0,18,18,36
POLICY_DEVELOPMENT,BALANCED_FAMILY5,THRESHOLD_PASS,0.025,96,0.85,40,1,0.0,0.0,0.0,1.0,1.0,0.0,1.0,0.0,0.0,0,20,20,40
POLICY_DEVELOPMENT,BALANCED_FAMILY5,THRESHOLD_PASS,0.06,12,0.05,1,3,0.0,0.0,0.0,1.0,1.0,0.0,1.0,0.0,0.0,0,1,0,1
POLICY_DEVELOPMENT,BALANCED_FAMILY5,THRESHOLD_PASS,0.06,12,0.05,12,1,0.0,0.0,0.0,1.0,1.0,0.0,1.0,0.0,0.0,0,12,12,24
POLICY_DEVELOPMENT,BALANCED_FAMILY5,THRESHOLD_PASS,0.06,12,0.05,12,5,0.0,0.0,0.0,1.0,1.0,0.0,1.0,0.0,0.0,0,6,6,12
POLICY_DEVELOPMENT,BALANCED_FAMILY5,THRESHOLD_PASS,0.06,12,0.05,40,3,0.0,0.0,0.0,1.0,1.0,0.0,0.8875,0.0,0.0,0,40,40,80
POLICY_DEVELOPMENT,BALANCED_FAMILY5,THRESHOLD_PASS,0.06,12,0.45,1,5,0.0,0.0,0.0,1.0,1.0,0.0,1.0,0.0,0.0,0,3,0,3
POLICY_DEVELOPMENT,BALANCED_FAMILY5,THRESHOLD_PASS,0.06,12,0.45,12,3,0.0,0.0,0.0,1.0,1.0,0.0,0.9166666666666666,0.0,0.0,0,12,12,24
POLICY_DEVELOPMENT,BALANCED_FAMILY5,THRESHOLD_PASS,0.06,12,0.45,40,1,0.0,0.0,0.0,1.0,1.0,0.0,0.8875,0.0,0.0,0,40,40,80
POLICY_DEVELOPMENT,BALANCED_FAMILY5,THRESHOLD_PASS,0.06,36,0.05,1,5,0.0,0.0,0.0,1.0,1.0,0.0,1.0,0.0,0.0,0,2,0,2
POLICY_DEVELOPMENT,BALANCED_FAMILY5,THRESHOLD_PASS,0.06,36,0.05,12,3,0.0,0.0,1.0,0.5,0.0,0.02233492787198728,0.8333333333333334,1.0,1.0,6,6,6,12
POLICY_DEVELOPMENT,BALANCED_FAMILY5,THRESHOLD_PASS,0.06,36,0.05,12,5,0.0,0.0,0.0,1.0,1.0,0.0,1.0,0.0,0.0,0,6,6,12
POLICY_DEVELOPMENT,BALANCED_FAMILY5,THRESHOLD_PASS,0.06,36,0.05,40,1,0.0,0.0,0.0,1.0,1.0,0.0,0.9,0.0,0.0,0,20,20,40
POLICY_DEVELOPMENT,BALANCED_FAMILY5,THRESHOLD_PASS,0.06,36,0.05,40,3,0.0,0.0,0.0,1.0,1.0,0.0,0.875,0.0,0.0,0,40,40,80
POLICY_DEVELOPMENT,BALANCED_FAMILY5,THRESHOLD_PASS,0.06,36,0.45,1,3,0.0,0.0,0.5,0.5,0.5,0.007924377238418087,1.0,1.0,0.5,1,2,0,2
POLICY_DEVELOPMENT,BALANCED_FAMILY5,THRESHOLD_PASS,0.06,36,0.45,12,1,0.0,0.0,0.16666666666666666,0.9166666666666666,0.8333333333333334,0.021643921528912948,1.0,1.0,0.16666666666666666,3,18,18,36
POLICY_DEVELOPMENT,BALANCED_FAMILY5,THRESHOLD_PASS,0.06,36,0.45,40,5,0.0,0.0,0.0,1.0,1.0,0.0,0.95,0.0,0.0,0,20,20,40
POLICY_DEVELOPMENT,BALANCED_FAMILY5,THRESHOLD_PASS,0.06,96,0.05,1,3,0.0,0.0,0.0,1.0,1.0,0.0,1.0,0.0,0.0,0,1,0,1
POLICY_DEVELOPMENT,BALANCED_FAMILY5,THRESHOLD_PASS,0.06,96,0.05,1,5,0.0,0.0,0.5,0.5,0.5,0.008948420451572216,1.0,1.0,0.5,1,2,0,2
POLICY_DEVELOPMENT,BALANCED_FAMILY5,THRESHOLD_PASS,0.06,96,0.05,12,1,0.0,0.0,0.5,0.75,0.5,0.012607526331963952,0.9166666666666666,1.0,0.5,6,12,12,24
POLICY_DEVELOPMENT,BALANCED_FAMILY5,THRESHOLD_PASS,0.06,96,0.05,12,3,0.0,0.0,1.0,0.5,0.0,0.009648437861733939,0.9166666666666666,1.0,1.0,6,6,6,12
POLICY_DEVELOPMENT,BALANCED_FAMILY5,THRESHOLD_PASS,0.06,96,0.05,40,1,0.0,0.0,0.0,1.0,1.0,0.0,0.9,0.0,0.0,0,20,20,40
POLICY_DEVELOPMENT,BALANCED_FAMILY5,THRESHOLD_PASS,0.06,96,0.45,1,1,0.0,0.0,0.0,1.0,1.0,0.0,1.0,0.0,0.0,0,1,0,1
POLICY_DEVELOPMENT,BALANCED_FAMILY5,THRESHOLD_PASS,0.06,96,0.45,12,5,0.0,0.0,0.0,1.0,1.0,0.0,0.875,0.0,0.0,0,12,12,24
POLICY_DEVELOPMENT,BALANCED_FAMILY5,THRESHOLD_PASS,0.06,96,0.45,40,3,0.0,0.0,0.5,0.75,0.5,0.00992754075914162,0.93125,1.0,0.5,40,80,80,160
POLICY_DEVELOPMENT,BALANCED_FAMILY5,TOP_K,0.0,12,0.45,1,3,0.0,0.0,0.0,1.0,1.0,0.0,1.0,0.0,0.0,0,0,1,1
POLICY_DEVELOPMENT,BALANCED_FAMILY5,TOP_K,0.0,12,0.45,12,1,0.0,0.0,0.0,1.0,1.0,0.0,1.0,0.0,0.0,0,0,24,24
POLICY_DEVELOPMENT,BALANCED_FAMILY5,TOP_K,0.0,12,0.45,12,3,0.0,0.0,0.0,1.0,1.0,0.0,0.75,0.0,0.0,0,0,12,12
POLICY_DEVELOPMENT,BALANCED_FAMILY5,TOP_K,0.0,12,0.45,40,5,0.0,0.0,0.0,1.0,1.0,0.0,0.8166666666666667,0.0,0.0,0,0,120,120
POLICY_DEVELOPMENT,BALANCED_FAMILY5,TOP_K,0.0,12,0.85,1,1,0.0,0.0,0.0,1.0,1.0,0.0,1.0,0.0,0.0,0,0,3,3
POLICY_DEVELOPMENT,BALANCED_FAMILY5,TOP_K,0.0,12,0.85,12,3,0.0,0.0,0.0,1.0,1.0,0.0,1.0,0.0,0.0,0,0,24,24
POLICY_DEVELOPMENT,BALANCED_FAMILY5,TOP_K,0.0,12,0.85,40,3,0.0,0.0,0.0,1.0,1.0,0.0,0.925,0.0,0.0,0,0,40,40
POLICY_DEVELOPMENT,BALANCED_FAMILY5,TOP_K,0.0,36,0.45,1,1,0.0,0.0,0.0,1.0,1.0,0.0,1.0,0.0,0.0,0,0,3,3
POLICY_DEVELOPMENT,BALANCED_FAMILY5,TOP_K,0.0,36,0.45,12,1,0.0,0.0,0.0,1.0,1.0,0.0,1.0,0.0,0.0,0,0,12,12
POLICY_DEVELOPMENT,BALANCED_FAMILY5,TOP_K,0.0,36,0.45,12,5,0.0,0.0,0.0,1.0,1.0,0.0,0.6666666666666666,0.0,0.0,0,0,12,12
POLICY_DEVELOPMENT,BALANCED_FAMILY5,TOP_K,0.0,36,0.45,40,3,0.1875,0.27303097026808476,0.0,0.8125,1.0,0.07302542030352832,0.6875,0.0,0.0,15,0,80,80
POLICY_DEVELOPMENT,BALANCED_FAMILY5,TOP_K,0.0,36,0.85,1,5,0.0,0.0,0.0,1.0,1.0,0.0,1.0,0.0,0.0,0,0,1,1
POLICY_DEVELOPMENT,BALANCED_FAMILY5,TOP_K,0.0,36,0.85,12,1,0.0,0.0,0.0,1.0,1.0,0.0,1.0,0.0,0.0,0,0,12,12
POLICY_DEVELOPMENT,BALANCED_FAMILY5,TOP_K,0.0,36,0.85,12,3,0.0,0.0,0.0,1.0,1.0,0.0,1.0,0.0,0.0,0,0,36,36
POLICY_DEVELOPMENT,BALANCED_FAMILY5,TOP_K,0.0,36,0.85,40,1,0.0,0.0,0.0,1.0,1.0,0.0,0.9,0.0,0.0,0,0,40,40
POLICY_DEVELOPMENT,BALANCED_FAMILY5,TOP_K,0.0,36,0.85,40,5,0.0,0.0,0.0,1.0,1.0,0.0,0.975,0.0,0.0,0,0,40,40
POLICY_DEVELOPMENT,BALANCED_FAMILY5,TOP_K,0.0,96,0.45,1,1,0.0,0.0,0.0,1.0,1.0,0.0,1.0,0.0,0.0,0,0,1,1
POLICY_DEVELOPMENT,BALANCED_FAMILY5,TOP_K,0.0,96,0.45,1,5,0.0,0.0,0.0,1.0,1.0,0.0,1.0,0.0,0.0,0,0,1,1
POLICY_DEVELOPMENT,BALANCED_FAMILY5,TOP_K,0.0,96,0.45,12,3,0.0,0.0,0.0,1.0,1.0,0.0,0.8611111111111112,0.0,0.0,0,0,36,36
POLICY_DEVELOPMENT,BALANCED_FAMILY5,TOP_K,0.0,96,0.45,40,1,0.0,0.0,0.0,1.0,1.0,0.0,0.925,0.0,0.0,0,0,40,40
POLICY_DEVELOPMENT,BALANCED_FAMILY5,TOP_K,0.0,96,0.85,1,1,0.0,0.0,0.0,1.0,1.0,0.0,1.0,0.0,0.0,0,0,1,1
POLICY_DEVELOPMENT,BALANCED_FAMILY5,TOP_K,0.0,96,0.85,1,3,0.0,0.0,0.0,1.0,1.0,0.0,1.0,0.0,0.0,0,0,1,1
POLICY_DEVELOPMENT,BALANCED_FAMILY5,TOP_K,0.0,96,0.85,12,1,0.0,0.0,0.0,1.0,1.0,0.0,0.9583333333333334,0.0,0.0,0,0,24,24
POLICY_DEVELOPMENT,BALANCED_FAMILY5,TOP_K,0.0,96,0.85,40,3,0.0,0.0,0.0,1.0,1.0,0.0,0.55,0.0,0.0,0,0,40,40
POLICY_DEVELOPMENT,BALANCED_FAMILY5,TOP_K,0.0,96,0.85,40,5,0.0,0.0,0.0,1.0,1.0,0.0,1.0,0.0,0.0,0,0,80,80
POLICY_DEVELOPMENT,BALANCED_FAMILY5,TOP_K,0.025,12,0.05,1,1,0.0,0.0,0.0,1.0,1.0,0.0,0.6666666666666666,0.0,0.0,0,3,0,3
POLICY_DEVELOPMENT,BALANCED_FAMILY5,TOP_K,0.025,12,0.05,12,5,0.0,0.0,0.0,1.0,1.0,0.0,0.8333333333333334,0.0,0.0,0,6,6,12
POLICY_DEVELOPMENT,BALANCED_FAMILY5,TOP_K,0.025,12,0.05,40,3,0.0,0.0,0.0,1.0,1.0,0.0,0.9625,0.0,0.0,0,40,40,80
POLICY_DEVELOPMENT,BALANCED_FAMILY5,TOP_K,0.025,12,0.45,1,3,0.0,0.0,0.0,1.0,1.0,0.0,1.0,0.0,0.0,0,1,0,1
POLICY_DEVELOPMENT,BALANCED_FAMILY5,TOP_K,0.025,12,0.45,12,1,0.0,0.0,0.0,1.0,1.0,0.0,1.0,0.0,0.0,0,12,12,24
POLICY_DEVELOPMENT,BALANCED_FAMILY5,TOP_K,0.025,12,0.45,12,3,0.0,0.0,0.0,1.0,1.0,0.0,0.75,0.0,0.0,0,6,6,12
POLICY_DEVELOPMENT,BALANCED_FAMILY5,TOP_K,0.025,12,0.45,40,5,0.0,0.0,0.0,1.0,1.0,0.0,0.875,0.0,0.0,0,60,60,120
POLICY_DEVELOPMENT,BALANCED_FAMILY5,TOP_K,0.025,36,0.05,1,5,0.0,0.0,0.0,1.0,1.0,0.0,1.0,0.0,0.0,0,1,0,1
POLICY_DEVELOPMENT,BALANCED_FAMILY5,TOP_K,0.025,36,0.05,12,1,0.0,0.0,0.0,1.0,1.0,0.0,0.9166666666666666,0.0,0.0,0,6,6,12
POLICY_DEVELOPMENT,BALANCED_FAMILY5,TOP_K,0.025,36,0.05,12,3,0.0,0.0,0.0,1.0,1.0,0.0,0.9166666666666666,0.0,0.0,0,18,18,36
POLICY_DEVELOPMENT,BALANCED_FAMILY5,TOP_K,0.025,36,0.05,40,1,0.0,0.0,0.0,1.0,1.0,0.0,0.975,0.0,0.0,0,20,20,40
POLICY_DEVELOPMENT,BALANCED_FAMILY5,TOP_K,0.025,36,0.05,40,5,0.0,0.0,0.0,1.0,1.0,0.0,0.925,0.0,0.0,0,20,20,40
POLICY_DEVELOPMENT,BALANCED_FAMILY5,TOP_K,0.025,36,0.45,1,1,0.0,0.0,0.0,1.0,1.0,0.0,1.0,0.0,0.0,0,3,0,3
POLICY_DEVELOPMENT,BALANCED_FAMILY5,TOP_K,0.025,36,0.45,12,1,0.0,0.0,0.0,1.0,1.0,0.0,1.0,0.0,0.0,0,6,6,12
POLICY_DEVELOPMENT,BALANCED_FAMILY5,TOP_K,0.025,36,0.45,40,3,0.0,0.0,0.0,1.0,1.0,0.0,0.975,0.0,0.0,0,20,20,40
POLICY_DEVELOPMENT,BALANCED_FAMILY5,TOP_K,0.025,36,0.45,40,5,0.0,0.0,0.1,0.95,0.9,0.025756401401197643,0.9625,1.0,0.1,4,40,40,80
POLICY_DEVELOPMENT,BALANCED_FAMILY5,TOP_K,0.025,96,0.05,1,1,0.0,0.0,0.0,1.0,1.0,0.0,1.0,0.0,0.0,0,1,0,1
POLICY_DEVELOPMENT,BALANCED_FAMILY5,TOP_K,0.025,96,0.05,1,3,0.0,0.0,0.0,1.0,1.0,0.0,0.0,0.0,0.0,0,1,0,1
POLICY_DEVELOPMENT,BALANCED_FAMILY5,TOP_K,0.025,96,0.05,12,1,0.0,0.0,0.0,1.0,1.0,0.0,1.0,0.0,0.0,0,12,12,24
POLICY_DEVELOPMENT,BALANCED_FAMILY5,TOP_K,0.025,96,0.05,40,5,0.0,0.0,0.21666666666666667,0.8916666666666666,0.7833333333333333,0.009140260364280405,0.9,1.0,0.21666666666666667,13,60,60,120
POLICY_DEVELOPMENT,BALANCED_FAMILY5,TOP_K,0.025,96,0.45,1,1,0.0,0.0,0.0,1.0,1.0,0.0,1.0,0.0,0.0,0,1,0,1
POLICY_DEVELOPMENT,BALANCED_FAMILY5,TOP_K,0.025,96,0.45,1,5,0.0,0.0,1.0,0.0,0.0,0.013731035914003271,1.0,1.0,1.0,1,1,0,1
POLICY_DEVELOPMENT,BALANCED_FAMILY5,TOP_K,0.025,96,0.45,12,3,0.0,0.0,0.0,1.0,1.0,0.0,0.9583333333333334,0.0,0.0,0,12,12,24
POLICY_DEVELOPMENT,BALANCED_FAMILY5,TOP_K,0.025,96,0.45,40,1,0.0,0.0,0.0,1.0,1.0,0.0,0.975,0.0,0.0,0,20,20,40
POLICY_DEVELOPMENT,BALANCED_FAMILY5,TOP_K,0.025,96,0.45,40,3,0.0,0.0,0.45,0.775,0.55,0.0028345893309440168,1.0,1.0,0.45,9,20,20,40
POLICY_DEVELOPMENT,BALANCED_FAMILY5,TOP_K,0.06,12,0.05,1,1,0.0,0.0,0.0,1.0,1.0,0.0,1.0,0.0,0.0,0,3,0,3
POLICY_DEVELOPMENT,BALANCED_FAMILY5,TOP_K,0.06,12,0.05,12,5,0.0,0.0,0.0,1.0,1.0,0.0,0.5833333333333334,0.0,0.0,0,6,6,12
POLICY_DEVELOPMENT,BALANCED_FAMILY5,TOP_K,0.06,12,0.05,40,3,0.0,0.0,0.0,1.0,1.0,0.0,0.9375,0.0,0.0,0,40,40,80
POLICY_DEVELOPMENT,BALANCED_FAMILY5,TOP_K,0.06,12,0.85,1,3,0.0,0.0,0.0,1.0,1.0,0.0,1.0,0.0,0.0,0,1,0,1
POLICY_DEVELOPMENT,BALANCED_FAMILY5,TOP_K,0.06,12,0.85,1,5,0.0,0.0,0.0,1.0,1.0,0.0,1.0,0.0,0.0,0,1,0,1
POLICY_DEVELOPMENT,BALANCED_FAMILY5,TOP_K,0.06,12,0.85,12,1,0.0,0.0,0.0,1.0,1.0,0.0,1.0,0.0,0.0,0,6,6,12
POLICY_DEVELOPMENT,BALANCED_FAMILY5,TOP_K,0.06,12,0.85,12,3,0.0,0.0,0.0,1.0,1.0,0.0,0.9583333333333334,0.0,0.0,0,12,12,24
POLICY_DEVELOPMENT,BALANCED_FAMILY5,TOP_K,0.06,12,0.85,40,5,0.0,0.0,0.0,1.0,1.0,0.0,1.0,0.0,0.0,0,40,40,80
POLICY_DEVELOPMENT,BALANCED_FAMILY5,TOP_K,0.06,36,0.05,1,5,0.0,0.0,0.0,1.0,1.0,0.0,1.0,0.0,0.0,0,2,0,2
POLICY_DEVELOPMENT,BALANCED_FAMILY5,TOP_K,0.06,36,0.05,12,3,0.0,0.0,0.5,0.75,0.5,0.01289640210510628,0.8958333333333334,1.0,0.5,12,24,24,48
POLICY_DEVELOPMENT,BALANCED_FAMILY5,TOP_K,0.06,36,0.05,40,1,0.0,0.0,0.0,1.0,1.0,0.0,0.875,0.0,0.0,0,20,20,40
POLICY_DEVELOPMENT,BALANCED_FAMILY5,TOP_K,0.06,36,0.85,1,1,0.0,0.0,0.0,1.0,1.0,0.0,0.0,0.0,0.0,0,2,0,2
POLICY_DEVELOPMENT,BALANCED_FAMILY5,TOP_K,0.06,36,0.85,1,3,0.0,0.0,1.0,0.0,0.0,0.0032496987302067445,1.0,1.0,1.0,1,1,0,1
POLICY_DEVELOPMENT,BALANCED_FAMILY5,TOP_K,0.06,36,0.85,12,1,0.0,0.0,0.0,1.0,1.0,0.0,1.0,0.0,0.0,0,6,6,12
POLICY_DEVELOPMENT,BALANCED_FAMILY5,TOP_K,0.06,36,0.85,40,3,0.0,0.0,0.0,1.0,1.0,0.0,1.0,0.0,0.0,0,20,20,40
POLICY_DEVELOPMENT,BALANCED_FAMILY5,TOP_K,0.06,36,0.85,40,5,0.0,0.0,0.5,0.75,0.5,0.00950880758707125,1.0,1.0,0.5,20,40,40,80
POLICY_DEVELOPMENT,BALANCED_FAMILY5,TOP_K,0.06,96,0.05,1,3,0.0,0.0,0.5,0.5,0.5,0.002824142991959301,1.0,1.0,0.5,1,2,0,2
POLICY_DEVELOPMENT,BALANCED_FAMILY5,TOP_K,0.06,96,0.05,12,1,0.0,0.0,0.0,1.0,1.0,0.0,0.9583333333333334,0.0,0.0,0,12,12,24
POLICY_DEVELOPMENT,BALANCED_FAMILY5,TOP_K,0.06,96,0.05,40,5,0.0,0.0,0.6,0.7,0.4,0.00793524125360194,0.8916666666666667,1.0,0.6,36,60,60,120
POLICY_DEVELOPMENT,BALANCED_FAMILY5,TOP_K,0.06,96,0.85,1,1,0.0,0.0,0.0,1.0,1.0,0.0,1.0,0.0,0.0,0,2,0,2
POLICY_DEVELOPMENT,BALANCED_FAMILY5,TOP_K,0.06,96,0.85,1,5,0.0,0.0,0.0,1.0,1.0,0.0,1.0,0.0,0.0,0,1,0,1
POLICY_DEVELOPMENT,BALANCED_FAMILY5,TOP_K,0.06,96,0.85,12,3,0.0,0.0,0.0,1.0,1.0,0.0,1.0,0.0,0.0,0,12,12,24
POLICY_DEVELOPMENT,BALANCED_FAMILY5,TOP_K,0.06,96,0.85,40,3,0.0,0.0,1.0,0.5,0.0,0.0032375554762953465,1.0,1.0,1.0,20,20,20,40
POLICY_DEVELOPMENT,BALANCED_FAMILY5,TRANSPORT,0.0,12,0.45,1,3,0.0,0.0,0.0,1.0,1.0,0.0,1.0,0.0,0.0,0,0,1,1
POLICY_DEVELOPMENT,BALANCED_FAMILY5,TRANSPORT,0.0,12,0.45,12,1,0.0,0.0,0.0,1.0,1.0,0.0,1.0,0.0,0.0,0,0,24,24
POLICY_DEVELOPMENT,BALANCED_FAMILY5,TRANSPORT,0.0,12,0.45,12,3,0.0,0.0,0.0,1.0,1.0,0.0,0.9166666666666666,0.0,0.0,0,0,12,12
POLICY_DEVELOPMENT,BALANCED_FAMILY5,TRANSPORT,0.0,12,0.45,40,5,0.0,0.0,0.0,1.0,1.0,0.0,0.8916666666666667,0.0,0.0,0,0,120,120
POLICY_DEVELOPMENT,BALANCED_FAMILY5,TRANSPORT,0.0,12,0.85,1,1,0.0,0.0,0.0,1.0,1.0,0.0,1.0,0.0,0.0,0,0,3,3
POLICY_DEVELOPMENT,BALANCED_FAMILY5,TRANSPORT,0.0,12,0.85,12,3,0.0,0.0,0.0,1.0,1.0,0.0,1.0,0.0,0.0,0,0,24,24
POLICY_DEVELOPMENT,BALANCED_FAMILY5,TRANSPORT,0.0,12,0.85,40,3,0.0,0.0,0.0,1.0,1.0,0.0,1.0,0.0,0.0,0,0,40,40
POLICY_DEVELOPMENT,BALANCED_FAMILY5,TRANSPORT,0.0,36,0.45,1,1,0.0,0.0,0.0,1.0,1.0,0.0,1.0,0.0,0.0,0,0,3,3
POLICY_DEVELOPMENT,BALANCED_FAMILY5,TRANSPORT,0.0,36,0.45,12,1,0.0,0.0,0.0,1.0,1.0,0.0,1.0,0.0,0.0,0,0,12,12
POLICY_DEVELOPMENT,BALANCED_FAMILY5,TRANSPORT,0.0,36,0.45,12,5,0.0,0.0,0.0,1.0,1.0,0.0,1.0,0.0,0.0,0,0,12,12
POLICY_DEVELOPMENT,BALANCED_FAMILY5,TRANSPORT,0.0,36,0.45,40,3,0.0,0.0,0.0,1.0,1.0,0.0,0.8625,0.0,0.0,0,0,80,80
POLICY_DEVELOPMENT,BALANCED_FAMILY5,TRANSPORT,0.0,36,0.85,1,5,0.0,0.0,0.0,1.0,1.0,0.0,1.0,0.0,0.0,0,0,1,1
POLICY_DEVELOPMENT,BALANCED_FAMILY5,TRANSPORT,0.0,36,0.85,12,1,0.0,0.0,0.0,1.0,1.0,0.0,1.0,0.0,0.0,0,0,12,12
POLICY_DEVELOPMENT,BALANCED_FAMILY5,TRANSPORT,0.0,36,0.85,12,3,0.0,0.0,0.0,1.0,1.0,0.0,1.0,0.0,0.0,0,0,36,36
POLICY_DEVELOPMENT,BALANCED_FAMILY5,TRANSPORT,0.0,36,0.85,40,1,0.0,0.0,0.0,1.0,1.0,0.0,1.0,0.0,0.0,0,0,40,40
POLICY_DEVELOPMENT,BALANCED_FAMILY5,TRANSPORT,0.0,36,0.85,40,5,0.0,0.0,0.0,1.0,1.0,0.0,1.0,0.0,0.0,0,0,40,40
POLICY_DEVELOPMENT,BALANCED_FAMILY5,TRANSPORT,0.0,96,0.45,1,1,0.0,0.0,0.0,1.0,1.0,0.0,1.0,0.0,0.0,0,0,1,1
POLICY_DEVELOPMENT,BALANCED_FAMILY5,TRANSPORT,0.0,96,0.45,1,5,0.0,0.0,0.0,1.0,1.0,0.0,1.0,0.0,0.0,0,0,1,1
POLICY_DEVELOPMENT,BALANCED_FAMILY5,TRANSPORT,0.0,96,0.45,12,3,0.0,0.0,0.0,1.0,1.0,0.0,0.8055555555555556,0.0,0.0,0,0,36,36
POLICY_DEVELOPMENT,BALANCED_FAMILY5,TRANSPORT,0.0,96,0.45,40,1,0.0,0.0,0.0,1.0,1.0,0.0,0.925,0.0,0.0,0,0,40,40
POLICY_DEVELOPMENT,BALANCED_FAMILY5,TRANSPORT,0.0,96,0.85,1,1,0.0,0.0,0.0,1.0,1.0,0.0,1.0,0.0,0.0,0,0,1,1
POLICY_DEVELOPMENT,BALANCED_FAMILY5,TRANSPORT,0.0,96,0.85,1,3,0.0,0.0,0.0,1.0,1.0,0.0,1.0,0.0,0.0,0,0,1,1
POLICY_DEVELOPMENT,BALANCED_FAMILY5,TRANSPORT,0.0,96,0.85,12,1,0.0,0.0,0.0,1.0,1.0,0.0,1.0,0.0,0.0,0,0,24,24
POLICY_DEVELOPMENT,BALANCED_FAMILY5,TRANSPORT,0.0,96,0.85,40,3,0.0,0.0,0.0,1.0,1.0,0.0,1.0,0.0,0.0,0,0,40,40
POLICY_DEVELOPMENT,BALANCED_FAMILY5,TRANSPORT,0.0,96,0.85,40,5,0.0,0.0,0.0,1.0,1.0,0.0,1.0,0.0,0.0,0,0,80,80
POLICY_DEVELOPMENT,BALANCED_FAMILY5,TRANSPORT,0.025,12,0.05,1,1,0.0,0.0,0.0,1.0,1.0,0.0,0.6666666666666666,0.0,0.0,0,2,1,3
POLICY_DEVELOPMENT,BALANCED_FAMILY5,TRANSPORT,0.025,12,0.05,12,5,0.0,0.0,0.0,1.0,1.0,0.0,0.8333333333333334,0.0,0.0,0,6,6,12
POLICY_DEVELOPMENT,BALANCED_FAMILY5,TRANSPORT,0.025,12,0.05,40,3,0.0,0.0,0.0,1.0,1.0,0.0,0.8875,0.0,0.0,0,40,40,80
POLICY_DEVELOPMENT,BALANCED_FAMILY5,TRANSPORT,0.025,12,0.45,1,3,0.0,0.0,0.0,1.0,1.0,0.0,1.0,0.0,0.0,0,1,0,1
POLICY_DEVELOPMENT,BALANCED_FAMILY5,TRANSPORT,0.025,12,0.45,12,1,0.0,0.0,0.0,1.0,1.0,0.0,0.9166666666666666,0.0,0.0,0,12,12,24
POLICY_DEVELOPMENT,BALANCED_FAMILY5,TRANSPORT,0.025,12,0.45,12,3,0.0,0.0,0.0,1.0,1.0,0.0,1.0,0.0,0.0,0,6,6,12
POLICY_DEVELOPMENT,BALANCED_FAMILY5,TRANSPORT,0.025,12,0.45,40,5,0.0,0.0,0.0,1.0,1.0,0.0,0.8416666666666667,0.0,0.0,0,60,60,120
POLICY_DEVELOPMENT,BALANCED_FAMILY5,TRANSPORT,0.025,36,0.05,1,5,0.0,0.0,0.0,1.0,1.0,0.0,1.0,0.0,0.0,0,1,0,1
POLICY_DEVELOPMENT,BALANCED_FAMILY5,TRANSPORT,0.025,36,0.05,12,1,0.0,0.0,0.0,1.0,1.0,0.0,1.0,0.0,0.0,0,0,12,12
POLICY_DEVELOPMENT,BALANCED_FAMILY5,TRANSPORT,0.025,36,0.05,12,3,0.0,0.0,0.0,1.0,1.0,0.0,0.9444444444444444,0.0,0.0,0,18,18,36
POLICY_DEVELOPMENT,BALANCED_FAMILY5,TRANSPORT,0.025,36,0.05,40,1,0.0,0.0,0.0,1.0,1.0,0.0,0.925,0.0,0.0,0,0,40,40
POLICY_DEVELOPMENT,BALANCED_FAMILY5,TRANSPORT,0.025,36,0.05,40,5,0.0,0.0,0.0,1.0,1.0,0.0,0.925,0.0,0.0,0,20,20,40
POLICY_DEVELOPMENT,BALANCED_FAMILY5,TRANSPORT,0.025,36,0.45,1,1,0.0,0.0,0.0,1.0,1.0,0.0,1.0,0.0,0.0,0,3,0,3
POLICY_DEVELOPMENT,BALANCED_FAMILY5,TRANSPORT,0.025,36,0.45,12,1,0.0,0.0,0.0,1.0,1.0,0.0,1.0,0.0,0.0,0,6,6,12
POLICY_DEVELOPMENT,BALANCED_FAMILY5,TRANSPORT,0.025,36,0.45,40,3,0.0,0.0,0.25,0.875,0.75,0.021409185035792488,0.975,1.0,0.25,5,20,20,40
POLICY_DEVELOPMENT,BALANCED_FAMILY5,TRANSPORT,0.025,36,0.45,40,5,0.0,0.0,0.0,1.0,1.0,0.0,0.85,0.0,0.0,0,40,40,80
POLICY_DEVELOPMENT,BALANCED_FAMILY5,TRANSPORT,0.025,96,0.05,1,1,0.0,0.0,0.0,1.0,1.0,0.0,1.0,0.0,0.0,0,1,0,1
POLICY_DEVELOPMENT,BALANCED_FAMILY5,TRANSPORT,0.025,96,0.05,1,3,0.0,0.0,0.0,1.0,1.0,0.0,1.0,0.0,0.0,0,1,0,1
POLICY_DEVELOPMENT,BALANCED_FAMILY5,TRANSPORT,0.025,96,0.05,12,1,0.0,0.0,0.0,1.0,1.0,0.0,1.0,0.0,0.0,0,6,18,24
POLICY_DEVELOPMENT,BALANCED_FAMILY5,TRANSPORT,0.025,96,0.05,40,5,0.0,0.0,0.11666666666666667,0.9416666666666667,0.8833333333333333,0.0062993392793003035,0.9333333333333333,1.0,0.11666666666666667,7,60,60,120
POLICY_DEVELOPMENT,BALANCED_FAMILY5,TRANSPORT,0.025,96,0.45,1,1,0.0,0.0,0.0,1.0,1.0,0.0,1.0,0.0,0.0,0,1,0,1
POLICY_DEVELOPMENT,BALANCED_FAMILY5,TRANSPORT,0.025,96,0.45,1,5,0.0,0.0,0.0,1.0,1.0,0.0,1.0,0.0,0.0,0,1,0,1
POLICY_DEVELOPMENT,BALANCED_FAMILY5,TRANSPORT,0.025,96,0.45,12,3,0.0,0.0,0.0,1.0,1.0,0.0,0.9166666666666666,0.0,0.0,0,12,12,24
POLICY_DEVELOPMENT,BALANCED_FAMILY5,TRANSPORT,0.025,96,0.45,40,1,0.0,0.0,0.0,1.0,1.0,0.0,0.9,0.0,0.0,0,20,20,40
POLICY_DEVELOPMENT,BALANCED_FAMILY5,TRANSPORT,0.025,96,0.45,40,3,0.0,0.0,0.85,0.575,0.15000000000000002,0.009827006646340722,0.925,1.0,0.85,17,20,20,40
POLICY_DEVELOPMENT,BALANCED_FAMILY5,TRANSPORT,0.06,12,0.05,1,1,0.0,0.0,0.0,1.0,1.0,0.0,1.0,0.0,0.0,0,3,0,3
POLICY_DEVELOPMENT,BALANCED_FAMILY5,TRANSPORT,0.06,12,0.05,12,5,0.0,0.0,0.0,1.0,1.0,0.0,0.6666666666666666,0.0,0.0,0,6,6,12
POLICY_DEVELOPMENT,BALANCED_FAMILY5,TRANSPORT,0.06,12,0.05,40,3,0.0,0.0,0.0,1.0,1.0,0.0,0.9375,0.0,0.0,0,40,40,80
POLICY_DEVELOPMENT,BALANCED_FAMILY5,TRANSPORT,0.06,12,0.85,1,3,0.0,0.0,0.0,1.0,1.0,0.0,1.0,0.0,0.0,0,1,0,1
POLICY_DEVELOPMENT,BALANCED_FAMILY5,TRANSPORT,0.06,12,0.85,1,5,0.0,0.0,0.0,1.0,1.0,0.0,0.0,0.0,0.0,0,1,0,1
POLICY_DEVELOPMENT,BALANCED_FAMILY5,TRANSPORT,0.06,12,0.85,12,1,0.0,0.0,0.0,1.0,1.0,0.0,0.9166666666666666,0.0,0.0,0,6,6,12
POLICY_DEVELOPMENT,BALANCED_FAMILY5,TRANSPORT,0.06,12,0.85,12,3,0.0,0.0,0.0,1.0,1.0,0.0,1.0,0.0,0.0,0,6,18,24
POLICY_DEVELOPMENT,BALANCED_FAMILY5,TRANSPORT,0.06,12,0.85,40,5,0.0,0.0,0.0,1.0,1.0,0.0,1.0,0.0,0.0,0,40,40,80
POLICY_DEVELOPMENT,BALANCED_FAMILY5,TRANSPORT,0.06,36,0.05,1,5,0.0,0.0,0.0,1.0,1.0,0.0,0.5,0.0,0.0,0,2,0,2
POLICY_DEVELOPMENT,BALANCED_FAMILY5,TRANSPORT,0.06,36,0.05,12,3,0.0,0.0,0.4166666666666667,0.7916666666666666,0.5833333333333333,0.008166668279497198,0.9791666666666666,1.0,0.4166666666666667,10,24,24,48
POLICY_DEVELOPMENT,BALANCED_FAMILY5,TRANSPORT,0.06,36,0.05,40,1,0.0,0.0,0.0,1.0,1.0,0.0,0.925,0.0,0.0,0,20,20,40
POLICY_DEVELOPMENT,BALANCED_FAMILY5,TRANSPORT,0.06,36,0.85,1,1,0.0,0.0,0.0,1.0,1.0,0.0,0.5,0.0,0.0,0,2,0,2
POLICY_DEVELOPMENT,BALANCED_FAMILY5,TRANSPORT,0.06,36,0.85,1,3,0.0,0.0,0.0,1.0,1.0,0.0,1.0,0.0,0.0,0,0,1,1
POLICY_DEVELOPMENT,BALANCED_FAMILY5,TRANSPORT,0.06,36,0.85,12,1,0.0,0.0,0.0,1.0,1.0,0.0,0.9166666666666666,0.0,0.0,0,6,6,12
POLICY_DEVELOPMENT,BALANCED_FAMILY5,TRANSPORT,0.06,36,0.85,40,3,0.0,0.0,0.0,1.0,1.0,0.0,0.975,0.0,0.0,0,0,40,40
POLICY_DEVELOPMENT,BALANCED_FAMILY5,TRANSPORT,0.06,36,0.85,40,5,0.0,0.0,0.475,0.7625,0.525,0.01955331162921819,0.625,1.0,0.475,19,40,40,80
POLICY_DEVELOPMENT,BALANCED_FAMILY5,TRANSPORT,0.06,96,0.05,1,3,0.0,0.0,1.0,0.0,0.0,0.003889740352973625,1.0,1.0,1.0,2,2,0,2
POLICY_DEVELOPMENT,BALANCED_FAMILY5,TRANSPORT,0.06,96,0.05,12,1,0.0,0.0,0.0,1.0,1.0,0.0,0.9166666666666666,0.0,0.0,0,12,12,24
POLICY_DEVELOPMENT,BALANCED_FAMILY5,TRANSPORT,0.06,96,0.05,40,5,0.0,0.0,0.21666666666666667,0.8916666666666666,0.7833333333333333,0.006959000769093205,0.875,1.0,0.21666666666666667,13,60,60,120
POLICY_DEVELOPMENT,BALANCED_FAMILY5,TRANSPORT,0.06,96,0.85,1,1,0.0,0.0,0.0,1.0,1.0,0.0,1.0,0.0,0.0,0,2,0,2
POLICY_DEVELOPMENT,BALANCED_FAMILY5,TRANSPORT,0.06,96,0.85,1,5,0.0,0.0,1.0,0.0,0.0,0.0026978026528096527,1.0,1.0,1.0,1,1,0,1
POLICY_DEVELOPMENT,BALANCED_FAMILY5,TRANSPORT,0.06,96,0.85,12,3,0.0,0.0,0.0,1.0,1.0,0.0,0.75,0.0,0.0,0,6,18,24
POLICY_DEVELOPMENT,BALANCED_FAMILY5,TRANSPORT,0.06,96,0.85,40,3,0.0,0.0,1.0,0.5,0.0,0.003941176011863283,1.0,1.0,1.0,20,20,20,40
POLICY_DEVELOPMENT,BALANCED_LOW_N,ITEM_DIAGNOSTICS,0.0,12,0.05,1,1,0.0,0.0,0.0,1.0,1.0,0.0,1.0,0.0,0.0,0,0,1,1
POLICY_DEVELOPMENT,BALANCED_LOW_N,ITEM_DIAGNOSTICS,0.0,12,0.05,1,5,0.0,0.0,0.0,1.0,1.0,0.0,1.0,0.0,0.0,0,0,1,1
POLICY_DEVELOPMENT,BALANCED_LOW_N,ITEM_DIAGNOSTICS,0.0,12,0.05,12,3,0.0,0.0,0.0,1.0,1.0,0.0,0.7916666666666666,0.0,0.0,0,0,24,24
POLICY_DEVELOPMENT,BALANCED_LOW_N,ITEM_DIAGNOSTICS,0.0,12,0.05,40,1,0.0,0.0,0.0,1.0,1.0,0.0,0.9,0.0,0.0,0,0,120,120
POLICY_DEVELOPMENT,BALANCED_LOW_N,ITEM_DIAGNOSTICS,0.0,12,0.45,1,1,0.0,0.0,0.0,1.0,1.0,0.0,1.0,0.0,0.0,0,0,1,1
POLICY_DEVELOPMENT,BALANCED_LOW_N,ITEM_DIAGNOSTICS,0.0,12,0.45,1,3,0.0,0.0,0.0,1.0,1.0,0.0,1.0,0.0,0.0,0,0,3,3
POLICY_DEVELOPMENT,BALANCED_LOW_N,ITEM_DIAGNOSTICS,0.0,12,0.45,12,1,0.16666666666666666,0.3775290932935149,0.0,0.8333333333333334,1.0,0.08682378719130857,0.4166666666666667,0.0,0.0,2,0,12,12
POLICY_DEVELOPMENT,BALANCED_LOW_N,ITEM_DIAGNOSTICS,0.0,12,0.45,12,5,0.0,0.0,0.0,1.0,1.0,0.0,1.0,0.0,0.0,0,0,12,12
POLICY_DEVELOPMENT,BALANCED_LOW_N,ITEM_DIAGNOSTICS,0.0,12,0.45,40,5,0.0,0.0,0.0,1.0,1.0,0.0,0.85,0.0,0.0,0,0,40,40
POLICY_DEVELOPMENT,BALANCED_LOW_N,ITEM_DIAGNOSTICS,0.0,36,0.05,1,3,0.0,0.0,0.0,1.0,1.0,0.0,0.6666666666666666,0.0,0.0,0,0,3,3
POLICY_DEVELOPMENT,BALANCED_LOW_N,ITEM_DIAGNOSTICS,0.0,36,0.05,12,1,0.0,0.0,0.0,1.0,1.0,0.0,0.8333333333333334,0.0,0.0,0,0,12,12
POLICY_DEVELOPMENT,BALANCED_LOW_N,ITEM_DIAGNOSTICS,0.0,36,0.05,40,1,0.0,0.0,0.0,1.0,1.0,0.0,0.8,0.0,0.0,0,0,40,40
POLICY_DEVELOPMENT,BALANCED_LOW_N,ITEM_DIAGNOSTICS,0.0,36,0.05,40,5,0.0,0.0,0.0,1.0,1.0,0.0,0.875,0.0,0.0,0,0,40,40
POLICY_DEVELOPMENT,BALANCED_LOW_N,ITEM_DIAGNOSTICS,0.0,36,0.45,1,1,0.0,0.0,0.0,1.0,1.0,0.0,1.0,0.0,0.0,0,0,2,2
POLICY_DEVELOPMENT,BALANCED_LOW_N,ITEM_DIAGNOSTICS,0.0,36,0.45,12,3,0.0,0.0,0.0,1.0,1.0,0.0,0.8333333333333334,0.0,0.0,0,0,12,12
POLICY_DEVELOPMENT,BALANCED_LOW_N,ITEM_DIAGNOSTICS,0.0,36,0.45,12,5,0.0,0.0,0.0,1.0,1.0,0.0,0.9166666666666666,0.0,0.0,0,0,24,24
POLICY_DEVELOPMENT,BALANCED_LOW_N,ITEM_DIAGNOSTICS,0.0,36,0.45,40,1,0.0,0.0,0.0,1.0,1.0,0.0,0.975,0.0,0.0,0,0,40,40
POLICY_DEVELOPMENT,BALANCED_LOW_N,ITEM_DIAGNOSTICS,0.0,36,0.45,40,3,0.0,0.0,0.0,1.0,1.0,0.0,0.9,0.0,0.0,0,0,40,40
POLICY_DEVELOPMENT,BALANCED_LOW_N,ITEM_DIAGNOSTICS,0.0,96,0.05,1,1,0.0,0.0,0.0,1.0,1.0,0.0,0.5,0.0,0.0,0,0,2,2
POLICY_DEVELOPMENT,BALANCED_LOW_N,ITEM_DIAGNOSTICS,0.0,96,0.05,1,3,0.0,0.0,0.0,1.0,1.0,0.0,1.0,0.0,0.0,0,0,1,1
POLICY_DEVELOPMENT,BALANCED_LOW_N,ITEM_DIAGNOSTICS,0.0,96,0.05,12,5,0.0,0.0,0.0,1.0,1.0,0.0,0.9444444444444444,0.0,0.0,0,0,36,36
POLICY_DEVELOPMENT,BALANCED_LOW_N,ITEM_DIAGNOSTICS,0.0,96,0.05,40,3,0.0,0.0,0.0,1.0,1.0,0.0,0.9,0.0,0.0,0,0,40,40
POLICY_DEVELOPMENT,BALANCED_LOW_N,ITEM_DIAGNOSTICS,0.0,96,0.45,1,3,0.0,0.0,0.0,1.0,1.0,0.0,1.0,0.0,0.0,0,0,2,2
POLICY_DEVELOPMENT,BALANCED_LOW_N,ITEM_DIAGNOSTICS,0.0,96,0.45,12,3,0.0,0.0,0.0,1.0,1.0,0.0,1.0,0.0,0.0,0,0,12,12
POLICY_DEVELOPMENT,BALANCED_LOW_N,ITEM_DIAGNOSTICS,0.0,96,0.45,40,1,0.0,0.0,0.0,1.0,1.0,0.0,0.8666666666666667,0.0,0.0,0,0,120,120
POLICY_DEVELOPMENT,BALANCED_LOW_N,ITEM_DIAGNOSTICS,0.025,12,0.05,1,1,0.0,0.0,0.0,1.0,1.0,0.0,1.0,0.0,0.0,0,1,0,1
POLICY_DEVELOPMENT,BALANCED_LOW_N,ITEM_DIAGNOSTICS,0.025,12,0.05,12,3,0.0,0.0,0.0,1.0,1.0,0.0,0.9166666666666666,0.0,0.0,0,6,6,12
POLICY_DEVELOPMENT,BALANCED_LOW_N,ITEM_DIAGNOSTICS,0.025,12,0.05,12,5,0.0,0.0,0.0,1.0,1.0,0.0,0.75,0.0,0.0,0,12,12,24
POLICY_DEVELOPMENT,BALANCED_LOW_N,ITEM_DIAGNOSTICS,0.025,12,0.05,40,1,0.0,0.0,0.03333333333333333,0.9833333333333333,0.9666666666666667,0.05659987828815216,0.9083333333333333,1.0,0.03333333333333333,2,60,60,120
POLICY_DEVELOPMENT,BALANCED_LOW_N,ITEM_DIAGNOSTICS,0.025,12,0.85,1,1,0.0,0.0,0.0,1.0,1.0,0.0,1.0,0.0,0.0,0,1,0,1
POLICY_DEVELOPMENT,BALANCED_LOW_N,ITEM_DIAGNOSTICS,0.025,12,0.85,1,3,0.0,0.0,0.0,1.0,1.0,0.0,1.0,0.0,0.0,0,3,0,3
POLICY_DEVELOPMENT,BALANCED_LOW_N,ITEM_DIAGNOSTICS,0.025,12,0.85,12,1,0.0,0.0,0.0,1.0,1.0,0.0,1.0,0.0,0.0,0,6,6,12
POLICY_DEVELOPMENT,BALANCED_LOW_N,ITEM_DIAGNOSTICS,0.025,12,0.85,12,5,0.0,0.0,0.0,1.0,1.0,0.0,1.0,0.0,0.0,0,6,6,12
POLICY_DEVELOPMENT,BALANCED_LOW_N,ITEM_DIAGNOSTICS,0.025,12,0.85,40,5,0.0,0.0,0.0,1.0,1.0,0.0,1.0,0.0,0.0,0,20,20,40
POLICY_DEVELOPMENT,BALANCED_LOW_N,ITEM_DIAGNOSTICS,0.025,36,0.05,1,3,0.0,0.0,0.0,1.0,1.0,0.0,0.5,0.0,0.0,0,2,0,2
POLICY_DEVELOPMENT,BALANCED_LOW_N,ITEM_DIAGNOSTICS,0.025,36,0.05,12,1,0.0,0.0,0.0,1.0,1.0,0.0,0.8333333333333334,0.0,0.0,0,6,6,12
POLICY_DEVELOPMENT,BALANCED_LOW_N,ITEM_DIAGNOSTICS,0.025,36,0.05,12,3,0.0,0.0,0.0,1.0,1.0,0.0,0.8333333333333334,0.0,0.0,0,6,6,12
POLICY_DEVELOPMENT,BALANCED_LOW_N,ITEM_DIAGNOSTICS,0.025,36,0.05,40,1,0.0,0.0,0.0,1.0,1.0,0.0,0.875,0.0,0.0,0,20,20,40
POLICY_DEVELOPMENT,BALANCED_LOW_N,ITEM_DIAGNOSTICS,0.025,36,0.05,40,5,0.0,0.0,0.0,1.0,1.0,0.0,0.825,0.0,0.0,0,20,20,40
POLICY_DEVELOPMENT,BALANCED_LOW_N,ITEM_DIAGNOSTICS,0.025,36,0.85,1,1,0.0,0.0,0.0,1.0,1.0,0.0,0.5,0.0,0.0,0,2,0,2
POLICY_DEVELOPMENT,BALANCED_LOW_N,ITEM_DIAGNOSTICS,0.025,36,0.85,12,5,0.0,0.0,0.2222222222222222,0.8888888888888888,0.7777777777777778,0.017778990327928717,1.0,1.0,0.2222222222222222,4,18,18,36
POLICY_DEVELOPMENT,BALANCED_LOW_N,ITEM_DIAGNOSTICS,0.025,36,0.85,40,1,0.0,0.0,0.0,1.0,1.0,0.0,0.75,0.0,0.0,0,20,20,40
POLICY_DEVELOPMENT,BALANCED_LOW_N,ITEM_DIAGNOSTICS,0.025,36,0.85,40,3,0.0,0.0,0.0,1.0,1.0,0.0,1.0,0.0,0.0,0,20,20,40
POLICY_DEVELOPMENT,BALANCED_LOW_N,ITEM_DIAGNOSTICS,0.025,96,0.05,1,1,0.0,0.0,0.0,1.0,1.0,0.0,1.0,0.0,0.0,0,2,0,2
POLICY_DEVELOPMENT,BALANCED_LOW_N,ITEM_DIAGNOSTICS,0.025,96,0.05,1,3,0.0,0.0,0.0,1.0,1.0,0.0,1.0,0.0,0.0,0,1,0,1
POLICY_DEVELOPMENT,BALANCED_LOW_N,ITEM_DIAGNOSTICS,0.025,96,0.05,12,5,0.0,0.0,0.0,1.0,1.0,0.0,0.8611111111111112,0.0,0.0,0,18,18,36
POLICY_DEVELOPMENT,BALANCED_LOW_N,ITEM_DIAGNOSTICS,0.025,96,0.05,40,3,0.0,0.0,0.65,0.675,0.35,0.006591453586010946,0.925,1.0,0.65,13,20,20,40
POLICY_DEVELOPMENT,BALANCED_LOW_N,ITEM_DIAGNOSTICS,0.025,96,0.85,1,5,0.0,0.0,0.0,1.0,1.0,0.0,1.0,0.0,0.0,0,1,0,1
POLICY_DEVELOPMENT,BALANCED_LOW_N,ITEM_DIAGNOSTICS,0.025,96,0.85,12,3,0.0,0.0,0.0,1.0,1.0,0.0,0.75,0.0,0.0,0,12,12,24
POLICY_DEVELOPMENT,BALANCED_LOW_N,ITEM_DIAGNOSTICS,0.025,96,0.85,40,1,0.0,0.0,0.0,1.0,1.0,0.0,0.8583333333333333,0.0,0.0,0,60,60,120
POLICY_DEVELOPMENT,BALANCED_LOW_N,ITEM_DIAGNOSTICS,0.06,12,0.45,1,1,0.0,0.0,0.0,1.0,1.0,0.0,0.0,0.0,0.0,0,1,0,1
POLICY_DEVELOPMENT,BALANCED_LOW_N,ITEM_DIAGNOSTICS,0.06,12,0.45,12,3,0.0,0.0,0.0,1.0,1.0,0.0,1.0,0.0,0.0,0,6,6,12
POLICY_DEVELOPMENT,BALANCED_LOW_N,ITEM_DIAGNOSTICS,0.06,12,0.45,12,5,0.0,0.0,0.0,1.0,1.0,0.0,0.9166666666666666,0.0,0.0,0,12,12,24
POLICY_DEVELOPMENT,BALANCED_LOW_N,ITEM_DIAGNOSTICS,0.06,12,0.45,40,1,0.0,0.0,0.0,1.0,1.0,0.0,0.9875,0.0,0.0,0,40,40,80
POLICY_DEVELOPMENT,BALANCED_LOW_N,ITEM_DIAGNOSTICS,0.06,12,0.45,40,3,0.0,0.0,0.35,0.825,0.65,0.02446615150484264,1.0,1.0,0.35,7,20,20,40
POLICY_DEVELOPMENT,BALANCED_LOW_N,ITEM_DIAGNOSTICS,0.06,12,0.85,1,3,0.0,0.0,0.75,0.25,0.25,0.05331812779616868,0.75,1.0,0.75,3,4,0,4
POLICY_DEVELOPMENT,BALANCED_LOW_N,ITEM_DIAGNOSTICS,0.06,12,0.85,12,1,0.0,0.0,0.0,1.0,1.0,0.0,1.0,0.0,0.0,0,6,6,12
POLICY_DEVELOPMENT,BALANCED_LOW_N,ITEM_DIAGNOSTICS,0.06,12,0.85,40,5,0.0,0.0,0.0,1.0,1.0,0.0,0.825,0.0,0.0,0,40,40,80
POLICY_DEVELOPMENT,BALANCED_LOW_N,ITEM_DIAGNOSTICS,0.06,36,0.45,1,3,0.0,0.0,0.0,1.0,1.0,0.0,1.0,0.0,0.0,0,2,0,2
POLICY_DEVELOPMENT,BALANCED_LOW_N,ITEM_DIAGNOSTICS,0.06,36,0.45,12,3,0.0,0.0,1.0,0.5,0.0,0.0058191816176726635,1.0,1.0,1.0,6,6,6,12
POLICY_DEVELOPMENT,BALANCED_LOW_N,ITEM_DIAGNOSTICS,0.06,36,0.45,40,1,0.0,0.0,0.0,1.0,1.0,0.0,0.95,0.0,0.0,0,40,40,80
POLICY_DEVELOPMENT,BALANCED_LOW_N,ITEM_DIAGNOSTICS,0.06,36,0.45,40,5,0.0,0.0,0.0,1.0,1.0,0.0,0.975,0.0,0.0,0,20,20,40
POLICY_DEVELOPMENT,BALANCED_LOW_N,ITEM_DIAGNOSTICS,0.06,36,0.85,1,1,0.0,0.0,0.5,0.5,0.5,0.0037498551755947712,1.0,1.0,0.5,1,2,0,2
POLICY_DEVELOPMENT,BALANCED_LOW_N,ITEM_DIAGNOSTICS,0.06,36,0.85,12,5,0.0,0.0,0.3333333333333333,0.8333333333333334,0.6666666666666667,0.00656578949656502,0.9722222222222222,1.0,0.3333333333333333,6,18,18,36
POLICY_DEVELOPMENT,BALANCED_LOW_N,ITEM_DIAGNOSTICS,0.06,36,0.85,40,3,0.0,0.0,0.475,0.7625,0.525,0.03921670636030759,0.4875,1.0,0.475,19,40,40,80
POLICY_DEVELOPMENT,BALANCED_LOW_N,ITEM_DIAGNOSTICS,0.06,96,0.45,1,1,0.0,0.0,0.0,1.0,1.0,0.0,1.0,0.0,0.0,0,1,0,1
POLICY_DEVELOPMENT,BALANCED_LOW_N,ITEM_DIAGNOSTICS,0.06,96,0.45,1,3,0.0,0.0,0.0,1.0,1.0,0.0,1.0,0.0,0.0,0,2,0,2
POLICY_DEVELOPMENT,BALANCED_LOW_N,ITEM_DIAGNOSTICS,0.06,96,0.45,12,5,0.0,0.0,0.0,1.0,1.0,0.0,1.0,0.0,0.0,0,12,12,24
POLICY_DEVELOPMENT,BALANCED_LOW_N,ITEM_DIAGNOSTICS,0.06,96,0.45,40,3,0.0,0.0,0.0,1.0,1.0,0.0,0.725,0.0,0.0,0,20,20,40
POLICY_DEVELOPMENT,BALANCED_LOW_N,ITEM_DIAGNOSTICS,0.06,96,0.45,40,5,0.0,0.0,0.0,1.0,1.0,0.0,1.0,0.0,0.0,0,20,20,40
POLICY_DEVELOPMENT,BALANCED_LOW_N,ITEM_DIAGNOSTICS,0.06,96,0.85,1,5,0.0,0.0,0.0,1.0,1.0,0.0,1.0,0.0,0.0,0,1,0,1
POLICY_DEVELOPMENT,BALANCED_LOW_N,ITEM_DIAGNOSTICS,0.06,96,0.85,12,3,0.0,0.0,0.5,0.75,0.5,0.005541659784338783,0.7916666666666666,1.0,0.5,6,12,12,24
POLICY_DEVELOPMENT,BALANCED_LOW_N,ITEM_DIAGNOSTICS,0.06,96,0.85,40,1,0.0,0.0,0.6666666666666666,0.6666666666666667,0.33333333333333337,0.007297281834270078,0.9833333333333333,1.0,0.6666666666666666,40,60,60,120
POLICY_DEVELOPMENT,BALANCED_LOW_N,PRIMARY_PAIRWISE,0.0,12,0.05,1,1,0.0,0.0,0.0,1.0,1.0,0.0,1.0,0.0,0.0,0,0,1,1
POLICY_DEVELOPMENT,BALANCED_LOW_N,PRIMARY_PAIRWISE,0.0,12,0.05,1,5,0.0,0.0,0.0,1.0,1.0,0.0,1.0,0.0,0.0,0,0,1,1
POLICY_DEVELOPMENT,BALANCED_LOW_N,PRIMARY_PAIRWISE,0.0,12,0.05,12,3,0.0,0.0,0.0,1.0,1.0,0.0,0.75,0.0,0.0,0,0,24,24
POLICY_DEVELOPMENT,BALANCED_LOW_N,PRIMARY_PAIRWISE,0.0,12,0.05,40,1,0.0,0.0,0.0,1.0,1.0,0.0,0.8416666666666667,0.0,0.0,0,0,120,120
POLICY_DEVELOPMENT,BALANCED_LOW_N,PRIMARY_PAIRWISE,0.0,12,0.45,1,1,0.0,0.0,0.0,1.0,1.0,0.0,0.0,0.0,0.0,0,0,1,1
POLICY_DEVELOPMENT,BALANCED_LOW_N,PRIMARY_PAIRWISE,0.0,12,0.45,1,3,0.0,0.0,0.0,1.0,1.0,0.0,0.6666666666666666,0.0,0.0,0,0,3,3
POLICY_DEVELOPMENT,BALANCED_LOW_N,PRIMARY_PAIRWISE,0.0,12,0.45,12,1,0.0,0.0,0.0,1.0,1.0,0.0,0.9166666666666666,0.0,0.0,0,0,12,12
POLICY_DEVELOPMENT,BALANCED_LOW_N,PRIMARY_PAIRWISE,0.0,12,0.45,12,5,0.0,0.0,0.0,1.0,1.0,0.0,0.75,0.0,0.0,0,0,12,12
POLICY_DEVELOPMENT,BALANCED_LOW_N,PRIMARY_PAIRWISE,0.0,12,0.45,40,5,0.0,0.0,0.0,1.0,1.0,0.0,0.825,0.0,0.0,0,0,40,40
POLICY_DEVELOPMENT,BALANCED_LOW_N,PRIMARY_PAIRWISE,0.0,36,0.05,1,3,0.0,0.0,0.0,1.0,1.0,0.0,0.6666666666666666,0.0,0.0,0,0,3,3
POLICY_DEVELOPMENT,BALANCED_LOW_N,PRIMARY_PAIRWISE,0.0,36,0.05,12,1,0.0,0.0,0.0,1.0,1.0,0.0,0.9166666666666666,0.0,0.0,0,0,12,12
POLICY_DEVELOPMENT,BALANCED_LOW_N,PRIMARY_PAIRWISE,0.0,36,0.05,40,1,0.0,0.0,0.0,1.0,1.0,0.0,0.85,0.0,0.0,0,0,40,40
POLICY_DEVELOPMENT,BALANCED_LOW_N,PRIMARY_PAIRWISE,0.0,36,0.05,40,5,0.0,0.0,0.0,1.0,1.0,0.0,0.95,0.0,0.0,0,0,40,40
POLICY_DEVELOPMENT,BALANCED_LOW_N,PRIMARY_PAIRWISE,0.0,36,0.45,1,1,0.0,0.0,0.0,1.0,1.0,0.0,1.0,0.0,0.0,0,0,2,2
POLICY_DEVELOPMENT,BALANCED_LOW_N,PRIMARY_PAIRWISE,0.0,36,0.45,12,3,0.0,0.0,0.0,1.0,1.0,0.0,0.9166666666666666,0.0,0.0,0,0,12,12
POLICY_DEVELOPMENT,BALANCED_LOW_N,PRIMARY_PAIRWISE,0.0,36,0.45,12,5,0.0,0.0,0.0,1.0,1.0,0.0,0.8333333333333334,0.0,0.0,0,0,24,24
POLICY_DEVELOPMENT,BALANCED_LOW_N,PRIMARY_PAIRWISE,0.0,36,0.45,40,1,0.0,0.0,0.0,1.0,1.0,0.0,1.0,0.0,0.0,0,0,40,40
POLICY_DEVELOPMENT,BALANCED_LOW_N,PRIMARY_PAIRWISE,0.0,36,0.45,40,3,0.0,0.0,0.0,1.0,1.0,0.0,0.85,0.0,0.0,0,0,40,40
POLICY_DEVELOPMENT,BALANCED_LOW_N,PRIMARY_PAIRWISE,0.0,96,0.05,1,1,0.0,0.0,0.0,1.0,1.0,0.0,1.0,0.0,0.0,0,0,2,2
POLICY_DEVELOPMENT,BALANCED_LOW_N,PRIMARY_PAIRWISE,0.0,96,0.05,1,3,0.0,0.0,0.0,1.0,1.0,0.0,1.0,0.0,0.0,0,0,1,1
POLICY_DEVELOPMENT,BALANCED_LOW_N,PRIMARY_PAIRWISE,0.0,96,0.05,12,5,0.0,0.0,0.0,1.0,1.0,0.0,0.9444444444444444,0.0,0.0,0,0,36,36
POLICY_DEVELOPMENT,BALANCED_LOW_N,PRIMARY_PAIRWISE,0.0,96,0.05,40,3,0.0,0.0,0.0,1.0,1.0,0.0,0.9,0.0,0.0,0,0,40,40
POLICY_DEVELOPMENT,BALANCED_LOW_N,PRIMARY_PAIRWISE,0.0,96,0.45,1,3,0.0,0.0,0.0,1.0,1.0,0.0,1.0,0.0,0.0,0,0,2,2
POLICY_DEVELOPMENT,BALANCED_LOW_N,PRIMARY_PAIRWISE,0.0,96,0.45,12,3,0.0,0.0,0.0,1.0,1.0,0.0,0.8333333333333334,0.0,0.0,0,0,12,12
POLICY_DEVELOPMENT,BALANCED_LOW_N,PRIMARY_PAIRWISE,0.0,96,0.45,40,1,0.0,0.0,0.0,1.0,1.0,0.0,0.8083333333333333,0.0,0.0,0,0,120,120
POLICY_DEVELOPMENT,BALANCED_LOW_N,PRIMARY_PAIRWISE,0.025,12,0.05,1,1,0.0,0.0,0.0,1.0,1.0,0.0,1.0,0.0,0.0,0,1,0,1
POLICY_DEVELOPMENT,BALANCED_LOW_N,PRIMARY_PAIRWISE,0.025,12,0.05,12,3,0.0,0.0,0.0,1.0,1.0,0.0,1.0,0.0,0.0,0,6,6,12
POLICY_DEVELOPMENT,BALANCED_LOW_N,PRIMARY_PAIRWISE,0.025,12,0.05,12,5,0.0,0.0,0.0,1.0,1.0,0.0,0.8333333333333334,0.0,0.0,0,12,12,24
POLICY_DEVELOPMENT,BALANCED_LOW_N,PRIMARY_PAIRWISE,0.025,12,0.05,40,1,0.0,0.0,0.0,1.0,1.0,0.0,0.9333333333333333,0.0,0.0,0,60,60,120
POLICY_DEVELOPMENT,BALANCED_LOW_N,PRIMARY_PAIRWISE,0.025,12,0.85,1,1,0.0,0.0,0.0,1.0,1.0,0.0,1.0,0.0,0.0,0,1,0,1
POLICY_DEVELOPMENT,BALANCED_LOW_N,PRIMARY_PAIRWISE,0.025,12,0.85,1,3,0.0,0.0,0.3333333333333333,0.6666666666666667,0.6666666666666667,0.06269115170705467,1.0,1.0,0.3333333333333333,1,3,0,3
POLICY_DEVELOPMENT,BALANCED_LOW_N,PRIMARY_PAIRWISE,0.025,12,0.85,12,1,0.0,0.0,0.0,1.0,1.0,0.0,0.4166666666666667,0.0,0.0,0,6,6,12
POLICY_DEVELOPMENT,BALANCED_LOW_N,PRIMARY_PAIRWISE,0.025,12,0.85,12,5,0.0,0.0,0.0,1.0,1.0,0.0,1.0,0.0,0.0,0,6,6,12
POLICY_DEVELOPMENT,BALANCED_LOW_N,PRIMARY_PAIRWISE,0.025,12,0.85,40,5,0.0,0.0,0.0,1.0,1.0,0.0,1.0,0.0,0.0,0,20,20,40
POLICY_DEVELOPMENT,BALANCED_LOW_N,PRIMARY_PAIRWISE,0.025,36,0.05,1,3,0.0,0.0,0.0,1.0,1.0,0.0,1.0,0.0,0.0,0,2,0,2
POLICY_DEVELOPMENT,BALANCED_LOW_N,PRIMARY_PAIRWISE,0.025,36,0.05,12,1,0.0,0.0,0.0,1.0,1.0,0.0,0.8333333333333334,0.0,0.0,0,6,6,12
POLICY_DEVELOPMENT,BALANCED_LOW_N,PRIMARY_PAIRWISE,0.025,36,0.05,12,3,0.0,0.0,0.0,1.0,1.0,0.0,1.0,0.0,0.0,0,6,6,12
POLICY_DEVELOPMENT,BALANCED_LOW_N,PRIMARY_PAIRWISE,0.025,36,0.05,40,1,0.05,0.14551858457912786,0.0,0.975,1.0,0.10392408686114205,0.875,0.0,0.0,1,20,20,40
POLICY_DEVELOPMENT,BALANCED_LOW_N,PRIMARY_PAIRWISE,0.025,36,0.05,40,5,0.0,0.0,0.0,1.0,1.0,0.0,0.925,0.0,0.0,0,20,20,40
POLICY_DEVELOPMENT,BALANCED_LOW_N,PRIMARY_PAIRWISE,0.025,36,0.85,1,1,0.0,0.0,0.0,1.0,1.0,0.0,1.0,0.0,0.0,0,2,0,2
POLICY_DEVELOPMENT,BALANCED_LOW_N,PRIMARY_PAIRWISE,0.025,36,0.85,12,5,0.0,0.0,0.0,1.0,1.0,0.0,1.0,0.0,0.0,0,18,18,36
POLICY_DEVELOPMENT,BALANCED_LOW_N,PRIMARY_PAIRWISE,0.025,36,0.85,40,1,0.0,0.0,0.0,1.0,1.0,0.0,0.975,0.0,0.0,0,20,20,40
POLICY_DEVELOPMENT,BALANCED_LOW_N,PRIMARY_PAIRWISE,0.025,36,0.85,40,3,0.0,0.0,0.0,1.0,1.0,0.0,1.0,0.0,0.0,0,20,20,40
POLICY_DEVELOPMENT,BALANCED_LOW_N,PRIMARY_PAIRWISE,0.025,96,0.05,1,1,0.0,0.0,0.5,0.5,0.5,0.005174563259012485,1.0,1.0,0.5,1,2,0,2
POLICY_DEVELOPMENT,BALANCED_LOW_N,PRIMARY_PAIRWISE,0.025,96,0.05,1,3,0.0,0.0,0.0,1.0,1.0,0.0,0.0,0.0,0.0,0,1,0,1
POLICY_DEVELOPMENT,BALANCED_LOW_N,PRIMARY_PAIRWISE,0.025,96,0.05,12,5,0.0,0.0,0.0,1.0,1.0,0.0,0.8611111111111112,0.0,0.0,0,18,18,36
POLICY_DEVELOPMENT,BALANCED_LOW_N,PRIMARY_PAIRWISE,0.025,96,0.05,40,3,0.0,0.0,0.5,0.75,0.5,0.002651005528087014,0.925,1.0,0.5,10,20,20,40
POLICY_DEVELOPMENT,BALANCED_LOW_N,PRIMARY_PAIRWISE,0.025,96,0.85,1,5,0.0,0.0,0.0,1.0,1.0,0.0,1.0,0.0,0.0,0,1,0,1
POLICY_DEVELOPMENT,BALANCED_LOW_N,PRIMARY_PAIRWISE,0.025,96,0.85,12,3,0.0,0.0,0.0,1.0,1.0,0.0,1.0,0.0,0.0,0,12,12,24
POLICY_DEVELOPMENT,BALANCED_LOW_N,PRIMARY_PAIRWISE,0.025,96,0.85,40,1,0.0,0.0,0.0,1.0,1.0,0.0,0.9833333333333333,0.0,0.0,0,60,60,120
POLICY_DEVELOPMENT,BALANCED_LOW_N,PRIMARY_PAIRWISE,0.06,12,0.45,1,1,0.0,0.0,0.0,1.0,1.0,0.0,1.0,0.0,0.0,0,1,0,1
POLICY_DEVELOPMENT,BALANCED_LOW_N,PRIMARY_PAIRWISE,0.06,12,0.45,12,3,0.0,0.0,0.0,1.0,1.0,0.0,1.0,0.0,0.0,0,6,6,12
POLICY_DEVELOPMENT,BALANCED_LOW_N,PRIMARY_PAIRWISE,0.06,12,0.45,12,5,0.0,0.0,0.0,1.0,1.0,0.0,0.8333333333333334,0.0,0.0,0,12,12,24
POLICY_DEVELOPMENT,BALANCED_LOW_N,PRIMARY_PAIRWISE,0.06,12,0.45,40,1,0.0,0.0,0.025,0.9875,0.975,0.07773910706758153,0.95,1.0,0.025,1,40,40,80
POLICY_DEVELOPMENT,BALANCED_LOW_N,PRIMARY_PAIRWISE,0.06,12,0.45,40,3,0.0,0.0,0.2,0.9,0.8,0.028379233349587432,0.95,1.0,0.2,4,20,20,40
POLICY_DEVELOPMENT,BALANCED_LOW_N,PRIMARY_PAIRWISE,0.06,12,0.85,1,3,0.0,0.0,0.25,0.75,0.75,0.003289752587498293,1.0,1.0,0.25,1,4,0,4
POLICY_DEVELOPMENT,BALANCED_LOW_N,PRIMARY_PAIRWISE,0.06,12,0.85,12,1,0.0,0.0,0.0,1.0,1.0,0.0,1.0,0.0,0.0,0,6,6,12
POLICY_DEVELOPMENT,BALANCED_LOW_N,PRIMARY_PAIRWISE,0.06,12,0.85,40,5,0.0,0.0,0.0,1.0,1.0,0.0,1.0,0.0,0.0,0,40,40,80
POLICY_DEVELOPMENT,BALANCED_LOW_N,PRIMARY_PAIRWISE,0.06,36,0.45,1,3,0.0,0.0,0.0,1.0,1.0,0.0,1.0,0.0,0.0,0,2,0,2
POLICY_DEVELOPMENT,BALANCED_LOW_N,PRIMARY_PAIRWISE,0.06,36,0.45,12,3,0.0,0.0,1.0,0.5,0.0,0.009440751072763804,0.8333333333333334,1.0,1.0,6,6,6,12
POLICY_DEVELOPMENT,BALANCED_LOW_N,PRIMARY_PAIRWISE,0.06,36,0.45,40,1,0.0,0.0,0.0,1.0,1.0,0.0,0.975,0.0,0.0,0,40,40,80
POLICY_DEVELOPMENT,BALANCED_LOW_N,PRIMARY_PAIRWISE,0.06,36,0.45,40,5,0.0,0.0,0.0,1.0,1.0,0.0,0.775,0.0,0.0,0,20,20,40
POLICY_DEVELOPMENT,BALANCED_LOW_N,PRIMARY_PAIRWISE,0.06,36,0.85,1,1,0.0,0.0,0.0,1.0,1.0,0.0,0.0,0.0,0.0,0,2,0,2
POLICY_DEVELOPMENT,BALANCED_LOW_N,PRIMARY_PAIRWISE,0.06,36,0.85,12,5,0.0,0.0,0.3333333333333333,0.8333333333333334,0.6666666666666667,0.004879753967227129,1.0,1.0,0.3333333333333333,6,18,18,36
POLICY_DEVELOPMENT,BALANCED_LOW_N,PRIMARY_PAIRWISE,0.06,36,0.85,40,3,0.0,0.0,0.0,1.0,1.0,0.0,0.9875,0.0,0.0,0,40,40,80
POLICY_DEVELOPMENT,BALANCED_LOW_N,PRIMARY_PAIRWISE,0.06,96,0.45,1,1,0.0,0.0,0.0,1.0,1.0,0.0,0.0,0.0,0.0,0,1,0,1
POLICY_DEVELOPMENT,BALANCED_LOW_N,PRIMARY_PAIRWISE,0.06,96,0.45,1,3,0.0,0.0,0.0,1.0,1.0,0.0,1.0,0.0,0.0,0,2,0,2
POLICY_DEVELOPMENT,BALANCED_LOW_N,PRIMARY_PAIRWISE,0.06,96,0.45,12,5,0.0,0.0,0.0,1.0,1.0,0.0,1.0,0.0,0.0,0,12,12,24
POLICY_DEVELOPMENT,BALANCED_LOW_N,PRIMARY_PAIRWISE,0.06,96,0.45,40,3,0.0,0.0,0.95,0.525,0.050000000000000044,0.011974587792569134,0.8,1.0,0.95,19,20,20,40
POLICY_DEVELOPMENT,BALANCED_LOW_N,PRIMARY_PAIRWISE,0.06,96,0.45,40,5,0.0,0.0,0.0,1.0,1.0,0.0,0.95,0.0,0.0,0,20,20,40
POLICY_DEVELOPMENT,BALANCED_LOW_N,PRIMARY_PAIRWISE,0.06,96,0.85,1,5,0.0,0.0,0.0,1.0,1.0,0.0,1.0,0.0,0.0,0,1,0,1
POLICY_DEVELOPMENT,BALANCED_LOW_N,PRIMARY_PAIRWISE,0.06,96,0.85,12,3,0.0,0.0,0.5,0.75,0.5,0.025560194447515294,0.7083333333333334,1.0,0.5,6,12,12,24
POLICY_DEVELOPMENT,BALANCED_LOW_N,PRIMARY_PAIRWISE,0.06,96,0.85,40,1,0.0,0.0,0.95,0.525,0.050000000000000044,0.0056069239351110274,1.0,1.0,0.95,57,60,60,120
POLICY_DEVELOPMENT,BALANCED_LOW_N,REPAIR,0.0,12,0.05,1,3,0.0,0.0,0.0,1.0,1.0,0.0,0.0,0.0,0.0,0,0,1,1
POLICY_DEVELOPMENT,BALANCED_LOW_N,REPAIR,0.0,12,0.05,1,5,0.0,0.0,0.0,1.0,1.0,0.0,1.0,0.0,0.0,0,0,2,2
POLICY_DEVELOPMENT,BALANCED_LOW_N,REPAIR,0.0,12,0.05,12,1,0.0,0.0,0.0,1.0,1.0,0.0,0.8333333333333334,0.0,0.0,0,0,12,12
POLICY_DEVELOPMENT,BALANCED_LOW_N,REPAIR,0.0,12,0.05,12,3,0.0,0.0,0.0,1.0,1.0,0.0,1.0,0.0,0.0,0,0,12,12
POLICY_DEVELOPMENT,BALANCED_LOW_N,REPAIR,0.0,12,0.05,40,1,0.0,0.0,0.0,1.0,1.0,0.0,0.8625,0.0,0.0,0,0,80,80
POLICY_DEVELOPMENT,BALANCED_LOW_N,REPAIR,0.0,12,0.85,1,1,0.0,0.0,0.0,1.0,1.0,0.0,1.0,0.0,0.0,0,0,1,1
POLICY_DEVELOPMENT,BALANCED_LOW_N,REPAIR,0.0,12,0.85,12,1,0.0,0.0,0.0,1.0,1.0,0.0,1.0,0.0,0.0,0,0,12,12
POLICY_DEVELOPMENT,BALANCED_LOW_N,REPAIR,0.0,12,0.85,12,5,0.0,0.0,0.0,1.0,1.0,0.0,1.0,0.0,0.0,0,0,12,12
POLICY_DEVELOPMENT,BALANCED_LOW_N,REPAIR,0.0,12,0.85,40,3,0.0,0.0,0.0,1.0,1.0,0.0,0.85,0.0,0.0,0,0,120,120
POLICY_DEVELOPMENT,BALANCED_LOW_N,REPAIR,0.0,36,0.05,1,3,0.0,0.0,0.0,1.0,1.0,0.0,1.0,0.0,0.0,0,0,1,1
POLICY_DEVELOPMENT,BALANCED_LOW_N,REPAIR,0.0,36,0.05,12,1,0.0,0.0,0.0,1.0,1.0,0.0,0.9444444444444444,0.0,0.0,0,0,36,36
POLICY_DEVELOPMENT,BALANCED_LOW_N,REPAIR,0.0,36,0.05,40,3,0.0,0.0,0.0,1.0,1.0,0.0,0.925,0.0,0.0,0,0,80,80
POLICY_DEVELOPMENT,BALANCED_LOW_N,REPAIR,0.0,36,0.85,1,5,0.0,0.0,0.0,1.0,1.0,0.0,1.0,0.0,0.0,0,0,3,3
POLICY_DEVELOPMENT,BALANCED_LOW_N,REPAIR,0.0,36,0.85,12,3,0.0,0.0,0.0,1.0,1.0,0.0,1.0,0.0,0.0,0,0,12,12
POLICY_DEVELOPMENT,BALANCED_LOW_N,REPAIR,0.0,36,0.85,40,1,0.0,0.0,0.0,1.0,1.0,0.0,1.0,0.0,0.0,0,0,80,80
POLICY_DEVELOPMENT,BALANCED_LOW_N,REPAIR,0.0,36,0.85,40,3,0.0,0.0,0.0,1.0,1.0,0.0,1.0,0.0,0.0,0,0,40,40
POLICY_DEVELOPMENT,BALANCED_LOW_N,REPAIR,0.0,96,0.05,1,1,0.0,0.0,0.0,1.0,1.0,0.0,1.0,0.0,0.0,0,0,1,1
POLICY_DEVELOPMENT,BALANCED_LOW_N,REPAIR,0.0,96,0.05,1,5,0.0,0.0,0.0,1.0,1.0,0.0,1.0,0.0,0.0,0,0,1,1
POLICY_DEVELOPMENT,BALANCED_LOW_N,REPAIR,0.0,96,0.05,12,5,0.0,0.0,0.0,1.0,1.0,0.0,1.0,0.0,0.0,0,0,12,12
POLICY_DEVELOPMENT,BALANCED_LOW_N,REPAIR,0.0,96,0.05,40,1,0.0,0.0,0.0,1.0,1.0,0.0,0.975,0.0,0.0,0,0,40,40
POLICY_DEVELOPMENT,BALANCED_LOW_N,REPAIR,0.0,96,0.05,40,3,0.0,0.0,0.0,1.0,1.0,0.0,0.925,0.0,0.0,0,0,120,120
POLICY_DEVELOPMENT,BALANCED_LOW_N,REPAIR,0.0,96,0.85,1,3,0.0,0.0,0.0,1.0,1.0,0.0,0.5,0.0,0.0,0,0,2,2
POLICY_DEVELOPMENT,BALANCED_LOW_N,REPAIR,0.0,96,0.85,12,1,0.0,0.0,0.0,1.0,1.0,0.0,1.0,0.0,0.0,0,0,36,36
POLICY_DEVELOPMENT,BALANCED_LOW_N,REPAIR,0.0,96,0.85,40,1,0.0,0.0,0.0,1.0,1.0,0.0,0.5,0.0,0.0,0,0,40,40
POLICY_DEVELOPMENT,BALANCED_LOW_N,REPAIR,0.0,96,0.85,40,5,0.0,0.0,0.0,1.0,1.0,0.0,0.95,0.0,0.0,0,0,40,40
POLICY_DEVELOPMENT,BALANCED_LOW_N,REPAIR,0.025,12,0.45,1,5,0.0,0.0,0.3333333333333333,0.6666666666666667,0.6666666666666667,0.03897125475426239,1.0,1.0,0.3333333333333333,1,3,0,3
POLICY_DEVELOPMENT,BALANCED_LOW_N,REPAIR,0.025,12,0.45,12,1,0.0,0.0,0.0,1.0,1.0,0.0,0.9166666666666666,0.0,0.0,0,6,6,12
POLICY_DEVELOPMENT,BALANCED_LOW_N,REPAIR,0.025,12,0.45,12,3,0.0,0.0,0.0,1.0,1.0,0.0,0.6666666666666666,0.0,0.0,0,6,6,12
POLICY_DEVELOPMENT,BALANCED_LOW_N,REPAIR,0.025,12,0.45,40,1,0.0,0.0,0.0,1.0,1.0,0.0,0.9625,0.0,0.0,0,40,40,80
POLICY_DEVELOPMENT,BALANCED_LOW_N,REPAIR,0.025,12,0.85,1,1,0.0,0.0,0.0,1.0,1.0,0.0,1.0,0.0,0.0,0,1,0,1
POLICY_DEVELOPMENT,BALANCED_LOW_N,REPAIR,0.025,12,0.85,1,3,0.0,0.0,0.0,1.0,1.0,0.0,1.0,0.0,0.0,0,1,0,1
POLICY_DEVELOPMENT,BALANCED_LOW_N,REPAIR,0.025,12,0.85,12,1,0.0,0.0,0.0,1.0,1.0,0.0,1.0,0.0,0.0,0,6,6,12
POLICY_DEVELOPMENT,BALANCED_LOW_N,REPAIR,0.025,12,0.85,12,5,0.0,0.0,0.0,1.0,1.0,0.0,1.0,0.0,0.0,0,6,6,12
POLICY_DEVELOPMENT,BALANCED_LOW_N,REPAIR,0.025,12,0.85,40,3,0.0,0.0,0.0,1.0,1.0,0.0,1.0,0.0,0.0,0,40,40,80
POLICY_DEVELOPMENT,BALANCED_LOW_N,REPAIR,0.025,36,0.45,1,3,0.0,0.0,0.0,1.0,1.0,0.0,1.0,0.0,0.0,0,2,0,2
POLICY_DEVELOPMENT,BALANCED_LOW_N,REPAIR,0.025,36,0.45,12,1,0.0,0.0,0.0,1.0,1.0,0.0,0.8888888888888888,0.0,0.0,0,18,18,36
POLICY_DEVELOPMENT,BALANCED_LOW_N,REPAIR,0.025,36,0.45,40,5,0.0,0.0,0.0,1.0,1.0,0.0,0.825,0.0,0.0,0,20,20,40
POLICY_DEVELOPMENT,BALANCED_LOW_N,REPAIR,0.025,36,0.85,1,5,0.0,0.0,0.0,1.0,1.0,0.0,1.0,0.0,0.0,0,3,0,3
POLICY_DEVELOPMENT,BALANCED_LOW_N,REPAIR,0.025,36,0.85,12,3,0.0,0.0,0.0,1.0,1.0,0.0,1.0,0.0,0.0,0,6,6,12
POLICY_DEVELOPMENT,BALANCED_LOW_N,REPAIR,0.025,36,0.85,40,1,0.0,0.0,0.0,1.0,1.0,0.0,1.0,0.0,0.0,0,40,40,80
POLICY_DEVELOPMENT,BALANCED_LOW_N,REPAIR,0.025,36,0.85,40,3,0.7,0.9008402350128081,1.0,0.15000000000000002,0.0,0.09681463948276982,0.025,0.5882352941176471,1.0,34,20,20,40
POLICY_DEVELOPMENT,BALANCED_LOW_N,REPAIR,0.025,96,0.45,1,1,0.0,0.0,0.0,1.0,1.0,0.0,1.0,0.0,0.0,0,1,0,1
POLICY_DEVELOPMENT,BALANCED_LOW_N,REPAIR,0.025,96,0.45,1,5,0.0,0.0,0.0,1.0,1.0,0.0,1.0,0.0,0.0,0,1,0,1
POLICY_DEVELOPMENT,BALANCED_LOW_N,REPAIR,0.025,96,0.45,12,5,0.0,0.0,0.0,1.0,1.0,0.0,1.0,0.0,0.0,0,6,6,12
POLICY_DEVELOPMENT,BALANCED_LOW_N,REPAIR,0.025,96,0.45,40,1,0.0,0.0,0.0,1.0,1.0,0.0,0.95,0.0,0.0,0,20,20,40
POLICY_DEVELOPMENT,BALANCED_LOW_N,REPAIR,0.025,96,0.45,40,3,0.0,0.0,0.11666666666666667,0.9416666666666667,0.8833333333333333,0.019317373514943594,0.9583333333333334,1.0,0.11666666666666667,7,60,60,120
POLICY_DEVELOPMENT,BALANCED_LOW_N,REPAIR,0.025,96,0.85,1,3,0.0,0.0,1.0,0.0,0.0,0.009458475758098411,1.0,1.0,1.0,1,1,0,1
POLICY_DEVELOPMENT,BALANCED_LOW_N,REPAIR,0.025,96,0.85,1,5,0.0,0.0,0.5,0.5,0.5,0.013226428053576877,0.5,1.0,0.5,1,2,0,2
POLICY_DEVELOPMENT,BALANCED_LOW_N,REPAIR,0.025,96,0.85,12,1,0.0,0.0,0.1111111111111111,0.9444444444444444,0.8888888888888888,0.006061892564915532,0.8888888888888888,1.0,0.1111111111111111,2,18,18,36
POLICY_DEVELOPMENT,BALANCED_LOW_N,REPAIR,0.025,96,0.85,40,1,0.0,0.0,0.0,1.0,1.0,0.0,1.0,0.0,0.0,0,20,20,40
POLICY_DEVELOPMENT,BALANCED_LOW_N,REPAIR,0.06,12,0.05,1,3,0.0,0.0,0.0,1.0,1.0,0.0,1.0,0.0,0.0,0,1,0,1
POLICY_DEVELOPMENT,BALANCED_LOW_N,REPAIR,0.06,12,0.05,12,1,0.0,0.0,0.0,1.0,1.0,0.0,0.875,0.0,0.0,0,12,12,24
POLICY_DEVELOPMENT,BALANCED_LOW_N,REPAIR,0.06,12,0.05,12,5,0.0,0.0,0.0,1.0,1.0,0.0,1.0,0.0,0.0,0,6,6,12
POLICY_DEVELOPMENT,BALANCED_LOW_N,REPAIR,0.06,12,0.05,40,3,0.0,0.0,0.0,1.0,1.0,0.0,0.9,0.0,0.0,0,40,40,80
POLICY_DEVELOPMENT,BALANCED_LOW_N,REPAIR,0.06,12,0.45,1,5,0.0,0.0,0.0,1.0,1.0,0.0,0.6666666666666666,0.0,0.0,0,3,0,3
POLICY_DEVELOPMENT,BALANCED_LOW_N,REPAIR,0.06,12,0.45,12,3,0.0,0.0,0.0,1.0,1.0,0.0,0.9583333333333334,0.0,0.0,0,12,12,24
POLICY_DEVELOPMENT,BALANCED_LOW_N,REPAIR,0.06,12,0.45,40,1,0.0,0.0,0.0,1.0,1.0,0.0,0.9625,0.0,0.0,0,40,40,80
POLICY_DEVELOPMENT,BALANCED_LOW_N,REPAIR,0.06,36,0.05,1,5,0.0,0.0,0.0,1.0,1.0,0.0,1.0,0.0,0.0,0,2,0,2
POLICY_DEVELOPMENT,BALANCED_LOW_N,REPAIR,0.06,36,0.05,12,3,0.0,0.0,0.0,1.0,1.0,0.0,1.0,0.0,0.0,0,6,6,12
POLICY_DEVELOPMENT,BALANCED_LOW_N,REPAIR,0.06,36,0.05,12,5,0.0,0.0,0.0,1.0,1.0,0.0,1.0,0.0,0.0,0,6,6,12
POLICY_DEVELOPMENT,BALANCED_LOW_N,REPAIR,0.06,36,0.05,40,1,0.0,0.0,0.0,1.0,1.0,0.0,0.95,0.0,0.0,0,20,20,40
POLICY_DEVELOPMENT,BALANCED_LOW_N,REPAIR,0.06,36,0.05,40,3,0.0,0.0,0.0,1.0,1.0,0.0,0.9375,0.0,0.0,0,40,40,80
POLICY_DEVELOPMENT,BALANCED_LOW_N,REPAIR,0.06,36,0.45,1,3,0.0,0.0,0.0,1.0,1.0,0.0,1.0,0.0,0.0,0,2,0,2
POLICY_DEVELOPMENT,BALANCED_LOW_N,REPAIR,0.06,36,0.45,12,1,0.0,0.0,0.2777777777777778,0.8611111111111112,0.7222222222222222,0.01127042225864025,0.9166666666666666,1.0,0.2777777777777778,5,18,18,36
POLICY_DEVELOPMENT,BALANCED_LOW_N,REPAIR,0.06,36,0.45,40,5,0.0,0.0,0.0,1.0,1.0,0.0,0.875,0.0,0.0,0,20,20,40
POLICY_DEVELOPMENT,BALANCED_LOW_N,REPAIR,0.06,96,0.05,1,3,0.0,0.0,0.0,1.0,1.0,0.0,0.0,0.0,0.0,0,1,0,1
POLICY_DEVELOPMENT,BALANCED_LOW_N,REPAIR,0.06,96,0.05,1,5,0.0,0.0,0.0,1.0,1.0,0.0,0.5,0.0,0.0,0,2,0,2
POLICY_DEVELOPMENT,BALANCED_LOW_N,REPAIR,0.06,96,0.05,12,1,0.08333333333333333,0.23971309426686854,0.5,0.7083333333333333,0.5,0.008375479579790904,0.875,0.8571428571428571,0.5,7,12,12,24
POLICY_DEVELOPMENT,BALANCED_LOW_N,REPAIR,0.06,96,0.05,12,3,0.0,0.0,0.0,1.0,1.0,0.0,0.9166666666666666,0.0,0.0,0,6,6,12
POLICY_DEVELOPMENT,BALANCED_LOW_N,REPAIR,0.06,96,0.05,40,1,0.0,0.0,0.0,1.0,1.0,0.0,0.9,0.0,0.0,0,20,20,40
POLICY_DEVELOPMENT,BALANCED_LOW_N,REPAIR,0.06,96,0.45,1,1,0.0,0.0,0.0,1.0,1.0,0.0,1.0,0.0,0.0,0,1,0,1
POLICY_DEVELOPMENT,BALANCED_LOW_N,REPAIR,0.06,96,0.45,12,5,0.0,0.0,0.25,0.875,0.75,0.019214870816608807,0.7083333333333334,1.0,0.25,3,12,12,24
POLICY_DEVELOPMENT,BALANCED_LOW_N,REPAIR,0.06,96,0.45,40,3,0.0,0.0,0.75,0.625,0.25,0.007511823465076365,0.925,1.0,0.75,60,80,80,160
POLICY_DEVELOPMENT,BALANCED_LOW_N,THRESHOLD_PASS,0.0,12,0.05,1,3,0.0,0.0,0.0,1.0,1.0,0.0,1.0,0.0,0.0,0,0,1,1
POLICY_DEVELOPMENT,BALANCED_LOW_N,THRESHOLD_PASS,0.0,12,0.05,1,5,0.0,0.0,0.0,1.0,1.0,0.0,1.0,0.0,0.0,0,0,2,2
POLICY_DEVELOPMENT,BALANCED_LOW_N,THRESHOLD_PASS,0.0,12,0.05,12,1,0.0,0.0,0.0,1.0,1.0,0.0,0.75,0.0,0.0,0,0,12,12
POLICY_DEVELOPMENT,BALANCED_LOW_N,THRESHOLD_PASS,0.0,12,0.05,12,3,0.08333333333333333,0.23971309426686854,0.0,0.9166666666666666,1.0,0.07429885596335851,0.9166666666666666,0.0,0.0,1,0,12,12
POLICY_DEVELOPMENT,BALANCED_LOW_N,THRESHOLD_PASS,0.0,12,0.05,40,1,0.0,0.0,0.0,1.0,1.0,0.0,0.925,0.0,0.0,0,0,80,80
POLICY_DEVELOPMENT,BALANCED_LOW_N,THRESHOLD_PASS,0.0,12,0.85,1,1,0.0,0.0,0.0,1.0,1.0,0.0,1.0,0.0,0.0,0,0,1,1
POLICY_DEVELOPMENT,BALANCED_LOW_N,THRESHOLD_PASS,0.0,12,0.85,12,1,0.0,0.0,0.0,1.0,1.0,0.0,1.0,0.0,0.0,0,0,12,12
POLICY_DEVELOPMENT,BALANCED_LOW_N,THRESHOLD_PASS,0.0,12,0.85,12,5,0.0,0.0,0.0,1.0,1.0,0.0,1.0,0.0,0.0,0,0,12,12
POLICY_DEVELOPMENT,BALANCED_LOW_N,THRESHOLD_PASS,0.0,12,0.85,40,3,0.0,0.0,0.0,1.0,1.0,0.0,0.9333333333333333,0.0,0.0,0,0,120,120
POLICY_DEVELOPMENT,BALANCED_LOW_N,THRESHOLD_PASS,0.0,36,0.05,1,3,0.0,0.0,0.0,1.0,1.0,0.0,1.0,0.0,0.0,0,0,1,1
POLICY_DEVELOPMENT,BALANCED_LOW_N,THRESHOLD_PASS,0.0,36,0.05,12,1,0.0,0.0,0.0,1.0,1.0,0.0,0.9166666666666666,0.0,0.0,0,0,36,36
POLICY_DEVELOPMENT,BALANCED_LOW_N,THRESHOLD_PASS,0.0,36,0.05,40,3,0.0125,0.036846393470080945,0.0,0.9875,1.0,0.04649618834902028,0.875,0.0,0.0,1,0,80,80
POLICY_DEVELOPMENT,BALANCED_LOW_N,THRESHOLD_PASS,0.0,36,0.85,1,5,0.0,0.0,0.0,1.0,1.0,0.0,0.6666666666666666,0.0,0.0,0,0,3,3
POLICY_DEVELOPMENT,BALANCED_LOW_N,THRESHOLD_PASS,0.0,36,0.85,12,3,0.0,0.0,0.0,1.0,1.0,0.0,0.6666666666666666,0.0,0.0,0,0,12,12
POLICY_DEVELOPMENT,BALANCED_LOW_N,THRESHOLD_PASS,0.0,36,0.85,40,1,0.0,0.0,0.0,1.0,1.0,0.0,1.0,0.0,0.0,0,0,80,80
POLICY_DEVELOPMENT,BALANCED_LOW_N,THRESHOLD_PASS,0.0,36,0.85,40,3,0.0,0.0,0.0,1.0,1.0,0.0,1.0,0.0,0.0,0,0,40,40
POLICY_DEVELOPMENT,BALANCED_LOW_N,THRESHOLD_PASS,0.0,96,0.05,1,1,0.0,0.0,0.0,1.0,1.0,0.0,1.0,0.0,0.0,0,0,1,1
POLICY_DEVELOPMENT,BALANCED_LOW_N,THRESHOLD_PASS,0.0,96,0.05,1,5,0.0,0.0,0.0,1.0,1.0,0.0,1.0,0.0,0.0,0,0,1,1
POLICY_DEVELOPMENT,BALANCED_LOW_N,THRESHOLD_PASS,0.0,96,0.05,12,5,0.0,0.0,0.0,1.0,1.0,0.0,0.8333333333333334,0.0,0.0,0,0,12,12
POLICY_DEVELOPMENT,BALANCED_LOW_N,THRESHOLD_PASS,0.0,96,0.05,40,1,0.0,0.0,0.0,1.0,1.0,0.0,0.9,0.0,0.0,0,0,40,40
POLICY_DEVELOPMENT,BALANCED_LOW_N,THRESHOLD_PASS,0.0,96,0.05,40,3,0.0,0.0,0.0,1.0,1.0,0.0,0.875,0.0,0.0,0,0,120,120
POLICY_DEVELOPMENT,BALANCED_LOW_N,THRESHOLD_PASS,0.0,96,0.85,1,3,0.0,0.0,0.0,1.0,1.0,0.0,1.0,0.0,0.0,0,0,2,2
POLICY_DEVELOPMENT,BALANCED_LOW_N,THRESHOLD_PASS,0.0,96,0.85,12,1,0.0,0.0,0.0,1.0,1.0,0.0,0.7777777777777778,0.0,0.0,0,0,36,36
POLICY_DEVELOPMENT,BALANCED_LOW_N,THRESHOLD_PASS,0.0,96,0.85,40,1,0.0,0.0,0.0,1.0,1.0,0.0,1.0,0.0,0.0,0,0,40,40
POLICY_DEVELOPMENT,BALANCED_LOW_N,THRESHOLD_PASS,0.0,96,0.85,40,5,0.0,0.0,0.0,1.0,1.0,0.0,1.0,0.0,0.0,0,0,40,40
POLICY_DEVELOPMENT,BALANCED_LOW_N,THRESHOLD_PASS,0.025,12,0.45,1,5,0.0,0.0,0.0,1.0,1.0,0.0,1.0,0.0,0.0,0,3,0,3
POLICY_DEVELOPMENT,BALANCED_LOW_N,THRESHOLD_PASS,0.025,12,0.45,12,1,0.0,0.0,0.0,1.0,1.0,0.0,1.0,0.0,0.0,0,6,6,12
POLICY_DEVELOPMENT,BALANCED_LOW_N,THRESHOLD_PASS,0.025,12,0.45,12,3,0.0,0.0,0.0,1.0,1.0,0.0,1.0,0.0,0.0,0,6,6,12
POLICY_DEVELOPMENT,BALANCED_LOW_N,THRESHOLD_PASS,0.025,12,0.45,40,1,0.0,0.0,0.0,1.0,1.0,0.0,0.975,0.0,0.0,0,40,40,80
POLICY_DEVELOPMENT,BALANCED_LOW_N,THRESHOLD_PASS,0.025,12,0.85,1,1,0.0,0.0,0.0,1.0,1.0,0.0,1.0,0.0,0.0,0,1,0,1
POLICY_DEVELOPMENT,BALANCED_LOW_N,THRESHOLD_PASS,0.025,12,0.85,1,3,0.0,0.0,1.0,0.0,0.0,0.03256788304683393,1.0,1.0,1.0,1,1,0,1
POLICY_DEVELOPMENT,BALANCED_LOW_N,THRESHOLD_PASS,0.025,12,0.85,12,1,0.0,0.0,0.0,1.0,1.0,0.0,1.0,0.0,0.0,0,6,6,12
POLICY_DEVELOPMENT,BALANCED_LOW_N,THRESHOLD_PASS,0.025,12,0.85,12,5,0.0,0.0,0.0,1.0,1.0,0.0,1.0,0.0,0.0,0,6,6,12
POLICY_DEVELOPMENT,BALANCED_LOW_N,THRESHOLD_PASS,0.025,12,0.85,40,3,0.0,0.0,0.0,1.0,1.0,0.0,1.0,0.0,0.0,0,40,40,80
POLICY_DEVELOPMENT,BALANCED_LOW_N,THRESHOLD_PASS,0.025,36,0.45,1,3,0.0,0.0,0.0,1.0,1.0,0.0,1.0,0.0,0.0,0,2,0,2
POLICY_DEVELOPMENT,BALANCED_LOW_N,THRESHOLD_PASS,0.025,36,0.45,12,1,0.0,0.0,0.0,1.0,1.0,0.0,0.9166666666666666,0.0,0.0,0,18,18,36
POLICY_DEVELOPMENT,BALANCED_LOW_N,THRESHOLD_PASS,0.025,36,0.45,40,5,0.0,0.0,0.0,1.0,1.0,0.0,0.525,0.0,0.0,0,20,20,40
POLICY_DEVELOPMENT,BALANCED_LOW_N,THRESHOLD_PASS,0.025,36,0.85,1,5,0.0,0.0,0.0,1.0,1.0,0.0,1.0,0.0,0.0,0,3,0,3
POLICY_DEVELOPMENT,BALANCED_LOW_N,THRESHOLD_PASS,0.025,36,0.85,12,3,0.0,0.0,0.0,1.0,1.0,0.0,1.0,0.0,0.0,0,6,6,12
POLICY_DEVELOPMENT,BALANCED_LOW_N,THRESHOLD_PASS,0.025,36,0.85,40,1,0.0,0.0,0.0,1.0,1.0,0.0,1.0,0.0,0.0,0,40,40,80
POLICY_DEVELOPMENT,BALANCED_LOW_N,THRESHOLD_PASS,0.025,36,0.85,40,3,0.0,0.0,0.0,1.0,1.0,0.0,1.0,0.0,0.0,0,20,20,40
POLICY_DEVELOPMENT,BALANCED_LOW_N,THRESHOLD_PASS,0.025,96,0.45,1,1,0.0,0.0,0.0,1.0,1.0,0.0,1.0,0.0,0.0,0,1,0,1
POLICY_DEVELOPMENT,BALANCED_LOW_N,THRESHOLD_PASS,0.025,96,0.45,1,5,0.0,0.0,0.0,1.0,1.0,0.0,1.0,0.0,0.0,0,1,0,1
POLICY_DEVELOPMENT,BALANCED_LOW_N,THRESHOLD_PASS,0.025,96,0.45,12,5,0.0,0.0,0.6666666666666666,0.6666666666666667,0.33333333333333337,0.0038646854566546695,0.9166666666666666,1.0,0.6666666666666666,4,6,6,12
POLICY_DEVELOPMENT,BALANCED_LOW_N,THRESHOLD_PASS,0.025,96,0.45,40,1,0.0,0.0,0.0,1.0,1.0,0.0,0.975,0.0,0.0,0,20,20,40
POLICY_DEVELOPMENT,BALANCED_LOW_N,THRESHOLD_PASS,0.025,96,0.45,40,3,0.0,0.0,0.11666666666666667,0.9416666666666667,0.8833333333333333,0.01942327479789711,0.75,1.0,0.11666666666666667,7,60,60,120
POLICY_DEVELOPMENT,BALANCED_LOW_N,THRESHOLD_PASS,0.025,96,0.85,1,3,0.0,0.0,0.0,1.0,1.0,0.0,0.0,0.0,0.0,0,1,0,1
POLICY_DEVELOPMENT,BALANCED_LOW_N,THRESHOLD_PASS,0.025,96,0.85,1,5,0.0,0.0,0.5,0.5,0.5,0.00439704273845477,1.0,1.0,0.5,1,2,0,2
POLICY_DEVELOPMENT,BALANCED_LOW_N,THRESHOLD_PASS,0.025,96,0.85,12,1,0.0,0.0,0.0,1.0,1.0,0.0,0.9722222222222222,0.0,0.0,0,18,18,36
POLICY_DEVELOPMENT,BALANCED_LOW_N,THRESHOLD_PASS,0.025,96,0.85,40,1,0.0,0.0,0.0,1.0,1.0,0.0,1.0,0.0,0.0,0,20,20,40
POLICY_DEVELOPMENT,BALANCED_LOW_N,THRESHOLD_PASS,0.06,12,0.05,1,3,0.0,0.0,1.0,0.0,0.0,0.0037279608930588792,1.0,1.0,1.0,1,1,0,1
POLICY_DEVELOPMENT,BALANCED_LOW_N,THRESHOLD_PASS,0.06,12,0.05,12,1,0.0,0.0,0.0,1.0,1.0,0.0,1.0,0.0,0.0,0,12,12,24
POLICY_DEVELOPMENT,BALANCED_LOW_N,THRESHOLD_PASS,0.06,12,0.05,12,5,0.0,0.0,0.0,1.0,1.0,0.0,1.0,0.0,0.0,0,6,6,12
POLICY_DEVELOPMENT,BALANCED_LOW_N,THRESHOLD_PASS,0.06,12,0.05,40,3,0.0,0.0,0.0,1.0,1.0,0.0,0.8875,0.0,0.0,0,40,40,80
POLICY_DEVELOPMENT,BALANCED_LOW_N,THRESHOLD_PASS,0.06,12,0.45,1,5,0.0,0.0,0.3333333333333333,0.6666666666666667,0.6666666666666667,0.0023426370033408223,1.0,1.0,0.3333333333333333,1,3,0,3
POLICY_DEVELOPMENT,BALANCED_LOW_N,THRESHOLD_PASS,0.06,12,0.45,12,3,0.0,0.0,0.0,1.0,1.0,0.0,0.9166666666666666,0.0,0.0,0,12,12,24
POLICY_DEVELOPMENT,BALANCED_LOW_N,THRESHOLD_PASS,0.06,12,0.45,40,1,0.025,0.07338362326242218,0.45,0.7625,0.55,0.025534732176727127,0.8875,0.9473684210526315,0.45,19,40,40,80
POLICY_DEVELOPMENT,BALANCED_LOW_N,THRESHOLD_PASS,0.06,36,0.05,1,5,0.0,0.0,0.0,1.0,1.0,0.0,1.0,0.0,0.0,0,2,0,2
POLICY_DEVELOPMENT,BALANCED_LOW_N,THRESHOLD_PASS,0.06,36,0.05,12,3,0.0,0.0,1.0,0.5,0.0,0.02233492787198728,0.8333333333333334,1.0,1.0,6,6,6,12
POLICY_DEVELOPMENT,BALANCED_LOW_N,THRESHOLD_PASS,0.06,36,0.05,12,5,0.0,0.0,0.0,1.0,1.0,0.0,1.0,0.0,0.0,0,6,6,12
POLICY_DEVELOPMENT,BALANCED_LOW_N,THRESHOLD_PASS,0.06,36,0.05,40,1,0.0,0.0,0.0,1.0,1.0,0.0,0.9,0.0,0.0,0,20,20,40
POLICY_DEVELOPMENT,BALANCED_LOW_N,THRESHOLD_PASS,0.06,36,0.05,40,3,0.0,0.0,0.0,1.0,1.0,0.0,0.875,0.0,0.0,0,40,40,80
POLICY_DEVELOPMENT,BALANCED_LOW_N,THRESHOLD_PASS,0.06,36,0.45,1,3,0.0,0.0,0.5,0.5,0.5,0.007924377238418087,1.0,1.0,0.5,1,2,0,2
POLICY_DEVELOPMENT,BALANCED_LOW_N,THRESHOLD_PASS,0.06,36,0.45,12,1,0.0,0.0,0.5,0.75,0.5,0.014087561956648132,1.0,1.0,0.5,9,18,18,36
POLICY_DEVELOPMENT,BALANCED_LOW_N,THRESHOLD_PASS,0.06,36,0.45,40,5,0.0,0.0,0.0,1.0,1.0,0.0,0.95,0.0,0.0,0,20,20,40
POLICY_DEVELOPMENT,BALANCED_LOW_N,THRESHOLD_PASS,0.06,96,0.05,1,3,0.0,0.0,0.0,1.0,1.0,0.0,1.0,0.0,0.0,0,1,0,1
POLICY_DEVELOPMENT,BALANCED_LOW_N,THRESHOLD_PASS,0.06,96,0.05,1,5,0.0,0.0,0.5,0.5,0.5,0.008948420451572216,1.0,1.0,0.5,1,2,0,2
POLICY_DEVELOPMENT,BALANCED_LOW_N,THRESHOLD_PASS,0.06,96,0.05,12,1,0.0,0.0,0.5,0.75,0.5,0.012607526331963952,0.9166666666666666,1.0,0.5,6,12,12,24
POLICY_DEVELOPMENT,BALANCED_LOW_N,THRESHOLD_PASS,0.06,96,0.05,12,3,0.0,0.0,1.0,0.5,0.0,0.009648437861733939,0.9166666666666666,1.0,1.0,6,6,6,12
POLICY_DEVELOPMENT,BALANCED_LOW_N,THRESHOLD_PASS,0.06,96,0.05,40,1,0.0,0.0,0.0,1.0,1.0,0.0,0.9,0.0,0.0,0,20,20,40
POLICY_DEVELOPMENT,BALANCED_LOW_N,THRESHOLD_PASS,0.06,96,0.45,1,1,0.0,0.0,0.0,1.0,1.0,0.0,1.0,0.0,0.0,0,1,0,1
POLICY_DEVELOPMENT,BALANCED_LOW_N,THRESHOLD_PASS,0.06,96,0.45,12,5,0.0,0.0,0.4166666666666667,0.7916666666666666,0.5833333333333333,0.010219463645258088,0.875,1.0,0.4166666666666667,5,12,12,24
POLICY_DEVELOPMENT,BALANCED_LOW_N,THRESHOLD_PASS,0.06,96,0.45,40,3,0.0,0.0,0.725,0.6375,0.275,0.00991606339858134,0.93125,1.0,0.725,58,80,80,160
POLICY_DEVELOPMENT,BALANCED_LOW_N,TOP_K,0.0,12,0.45,1,3,0.0,0.0,0.0,1.0,1.0,0.0,1.0,0.0,0.0,0,0,1,1
POLICY_DEVELOPMENT,BALANCED_LOW_N,TOP_K,0.0,12,0.45,12,1,0.0,0.0,0.0,1.0,1.0,0.0,1.0,0.0,0.0,0,0,24,24
POLICY_DEVELOPMENT,BALANCED_LOW_N,TOP_K,0.0,12,0.45,12,3,0.0,0.0,0.0,1.0,1.0,0.0,0.75,0.0,0.0,0,0,12,12
POLICY_DEVELOPMENT,BALANCED_LOW_N,TOP_K,0.0,12,0.45,40,5,0.0,0.0,0.0,1.0,1.0,0.0,0.8166666666666667,0.0,0.0,0,0,120,120
POLICY_DEVELOPMENT,BALANCED_LOW_N,TOP_K,0.0,12,0.85,1,1,0.0,0.0,0.0,1.0,1.0,0.0,1.0,0.0,0.0,0,0,3,3
POLICY_DEVELOPMENT,BALANCED_LOW_N,TOP_K,0.0,12,0.85,12,3,0.0,0.0,0.0,1.0,1.0,0.0,1.0,0.0,0.0,0,0,24,24
POLICY_DEVELOPMENT,BALANCED_LOW_N,TOP_K,0.0,12,0.85,40,3,0.0,0.0,0.0,1.0,1.0,0.0,0.925,0.0,0.0,0,0,40,40
POLICY_DEVELOPMENT,BALANCED_LOW_N,TOP_K,0.0,36,0.45,1,1,0.0,0.0,0.0,1.0,1.0,0.0,1.0,0.0,0.0,0,0,3,3
POLICY_DEVELOPMENT,BALANCED_LOW_N,TOP_K,0.0,36,0.45,12,1,0.0,0.0,0.0,1.0,1.0,0.0,1.0,0.0,0.0,0,0,12,12
POLICY_DEVELOPMENT,BALANCED_LOW_N,TOP_K,0.0,36,0.45,12,5,0.0,0.0,0.0,1.0,1.0,0.0,0.6666666666666666,0.0,0.0,0,0,12,12
POLICY_DEVELOPMENT,BALANCED_LOW_N,TOP_K,0.0,36,0.45,40,3,0.1875,0.27303097026808476,0.0,0.8125,1.0,0.07302542030352832,0.6875,0.0,0.0,15,0,80,80
POLICY_DEVELOPMENT,BALANCED_LOW_N,TOP_K,0.0,36,0.85,1,5,0.0,0.0,0.0,1.0,1.0,0.0,1.0,0.0,0.0,0,0,1,1
POLICY_DEVELOPMENT,BALANCED_LOW_N,TOP_K,0.0,36,0.85,12,1,0.0,0.0,0.0,1.0,1.0,0.0,1.0,0.0,0.0,0,0,12,12
POLICY_DEVELOPMENT,BALANCED_LOW_N,TOP_K,0.0,36,0.85,12,3,0.0,0.0,0.0,1.0,1.0,0.0,1.0,0.0,0.0,0,0,36,36
POLICY_DEVELOPMENT,BALANCED_LOW_N,TOP_K,0.0,36,0.85,40,1,0.0,0.0,0.0,1.0,1.0,0.0,0.9,0.0,0.0,0,0,40,40
POLICY_DEVELOPMENT,BALANCED_LOW_N,TOP_K,0.0,36,0.85,40,5,0.0,0.0,0.0,1.0,1.0,0.0,0.975,0.0,0.0,0,0,40,40
POLICY_DEVELOPMENT,BALANCED_LOW_N,TOP_K,0.0,96,0.45,1,1,0.0,0.0,0.0,1.0,1.0,0.0,1.0,0.0,0.0,0,0,1,1
POLICY_DEVELOPMENT,BALANCED_LOW_N,TOP_K,0.0,96,0.45,1,5,0.0,0.0,0.0,1.0,1.0,0.0,1.0,0.0,0.0,0,0,1,1
POLICY_DEVELOPMENT,BALANCED_LOW_N,TOP_K,0.0,96,0.45,12,3,0.0,0.0,0.0,1.0,1.0,0.0,0.8611111111111112,0.0,0.0,0,0,36,36
POLICY_DEVELOPMENT,BALANCED_LOW_N,TOP_K,0.0,96,0.45,40,1,0.0,0.0,0.0,1.0,1.0,0.0,0.925,0.0,0.0,0,0,40,40
POLICY_DEVELOPMENT,BALANCED_LOW_N,TOP_K,0.0,96,0.85,1,1,0.0,0.0,0.0,1.0,1.0,0.0,1.0,0.0,0.0,0,0,1,1
POLICY_DEVELOPMENT,BALANCED_LOW_N,TOP_K,0.0,96,0.85,1,3,0.0,0.0,0.0,1.0,1.0,0.0,1.0,0.0,0.0,0,0,1,1
POLICY_DEVELOPMENT,BALANCED_LOW_N,TOP_K,0.0,96,0.85,12,1,0.0,0.0,0.0,1.0,1.0,0.0,0.9583333333333334,0.0,0.0,0,0,24,24
POLICY_DEVELOPMENT,BALANCED_LOW_N,TOP_K,0.0,96,0.85,40,3,0.0,0.0,0.0,1.0,1.0,0.0,0.55,0.0,0.0,0,0,40,40
POLICY_DEVELOPMENT,BALANCED_LOW_N,TOP_K,0.0,96,0.85,40,5,0.0,0.0,0.0,1.0,1.0,0.0,1.0,0.0,0.0,0,0,80,80
POLICY_DEVELOPMENT,BALANCED_LOW_N,TOP_K,0.025,12,0.05,1,1,0.0,0.0,0.0,1.0,1.0,0.0,0.6666666666666666,0.0,0.0,0,3,0,3
POLICY_DEVELOPMENT,BALANCED_LOW_N,TOP_K,0.025,12,0.05,12,5,0.0,0.0,0.0,1.0,1.0,0.0,0.8333333333333334,0.0,0.0,0,6,6,12
POLICY_DEVELOPMENT,BALANCED_LOW_N,TOP_K,0.025,12,0.05,40,3,0.0,0.0,0.0,1.0,1.0,0.0,0.9625,0.0,0.0,0,40,40,80
POLICY_DEVELOPMENT,BALANCED_LOW_N,TOP_K,0.025,12,0.45,1,3,0.0,0.0,0.0,1.0,1.0,0.0,1.0,0.0,0.0,0,1,0,1
POLICY_DEVELOPMENT,BALANCED_LOW_N,TOP_K,0.025,12,0.45,12,1,0.0,0.0,0.0,1.0,1.0,0.0,1.0,0.0,0.0,0,12,12,24
POLICY_DEVELOPMENT,BALANCED_LOW_N,TOP_K,0.025,12,0.45,12,3,0.0,0.0,0.0,1.0,1.0,0.0,0.75,0.0,0.0,0,6,6,12
POLICY_DEVELOPMENT,BALANCED_LOW_N,TOP_K,0.025,12,0.45,40,5,0.0,0.0,0.0,1.0,1.0,0.0,0.875,0.0,0.0,0,60,60,120
POLICY_DEVELOPMENT,BALANCED_LOW_N,TOP_K,0.025,36,0.05,1,5,0.0,0.0,1.0,0.0,0.0,0.01333099787634151,1.0,1.0,1.0,1,1,0,1
POLICY_DEVELOPMENT,BALANCED_LOW_N,TOP_K,0.025,36,0.05,12,1,0.0,0.0,0.0,1.0,1.0,0.0,0.9166666666666666,0.0,0.0,0,6,6,12
POLICY_DEVELOPMENT,BALANCED_LOW_N,TOP_K,0.025,36,0.05,12,3,0.0,0.0,0.0,1.0,1.0,0.0,0.9166666666666666,0.0,0.0,0,18,18,36
POLICY_DEVELOPMENT,BALANCED_LOW_N,TOP_K,0.025,36,0.05,40,1,0.0,0.0,0.0,1.0,1.0,0.0,0.975,0.0,0.0,0,20,20,40
POLICY_DEVELOPMENT,BALANCED_LOW_N,TOP_K,0.025,36,0.05,40,5,0.0,0.0,0.0,1.0,1.0,0.0,0.925,0.0,0.0,0,20,20,40
POLICY_DEVELOPMENT,BALANCED_LOW_N,TOP_K,0.025,36,0.45,1,1,0.0,0.0,0.0,1.0,1.0,0.0,1.0,0.0,0.0,0,3,0,3
POLICY_DEVELOPMENT,BALANCED_LOW_N,TOP_K,0.025,36,0.45,12,1,0.0,0.0,0.0,1.0,1.0,0.0,1.0,0.0,0.0,0,6,6,12
POLICY_DEVELOPMENT,BALANCED_LOW_N,TOP_K,0.025,36,0.45,40,3,0.0,0.0,0.0,1.0,1.0,0.0,0.975,0.0,0.0,0,20,20,40
POLICY_DEVELOPMENT,BALANCED_LOW_N,TOP_K,0.025,36,0.45,40,5,0.0,0.0,0.1,0.95,0.9,0.025756401401197643,0.9625,1.0,0.1,4,40,40,80
POLICY_DEVELOPMENT,BALANCED_LOW_N,TOP_K,0.025,96,0.05,1,1,0.0,0.0,0.0,1.0,1.0,0.0,1.0,0.0,0.0,0,1,0,1
POLICY_DEVELOPMENT,BALANCED_LOW_N,TOP_K,0.025,96,0.05,1,3,0.0,0.0,0.0,1.0,1.0,0.0,0.0,0.0,0.0,0,1,0,1
POLICY_DEVELOPMENT,BALANCED_LOW_N,TOP_K,0.025,96,0.05,12,1,0.0,0.0,0.0,1.0,1.0,0.0,1.0,0.0,0.0,0,12,12,24
POLICY_DEVELOPMENT,BALANCED_LOW_N,TOP_K,0.025,96,0.05,40,5,0.0,0.0,0.21666666666666667,0.8916666666666666,0.7833333333333333,0.009140260364280405,0.9,1.0,0.21666666666666667,13,60,60,120
POLICY_DEVELOPMENT,BALANCED_LOW_N,TOP_K,0.025,96,0.45,1,1,0.0,0.0,0.0,1.0,1.0,0.0,1.0,0.0,0.0,0,1,0,1
POLICY_DEVELOPMENT,BALANCED_LOW_N,TOP_K,0.025,96,0.45,1,5,0.0,0.0,1.0,0.0,0.0,0.013731035914003271,1.0,1.0,1.0,1,1,0,1
POLICY_DEVELOPMENT,BALANCED_LOW_N,TOP_K,0.025,96,0.45,12,3,0.0,0.0,0.0,1.0,1.0,0.0,0.9583333333333334,0.0,0.0,0,12,12,24
POLICY_DEVELOPMENT,BALANCED_LOW_N,TOP_K,0.025,96,0.45,40,1,0.0,0.0,0.0,1.0,1.0,0.0,0.975,0.0,0.0,0,20,20,40
POLICY_DEVELOPMENT,BALANCED_LOW_N,TOP_K,0.025,96,0.45,40,3,0.0,0.0,0.45,0.775,0.55,0.0028345893309440168,1.0,1.0,0.45,9,20,20,40
POLICY_DEVELOPMENT,BALANCED_LOW_N,TOP_K,0.06,12,0.05,1,1,0.0,0.0,0.0,1.0,1.0,0.0,1.0,0.0,0.0,0,3,0,3
POLICY_DEVELOPMENT,BALANCED_LOW_N,TOP_K,0.06,12,0.05,12,5,0.0,0.0,0.0,1.0,1.0,0.0,0.5833333333333334,0.0,0.0,0,6,6,12
POLICY_DEVELOPMENT,BALANCED_LOW_N,TOP_K,0.06,12,0.05,40,3,0.0,0.0,0.0,1.0,1.0,0.0,0.9375,0.0,0.0,0,40,40,80
POLICY_DEVELOPMENT,BALANCED_LOW_N,TOP_K,0.06,12,0.85,1,3,0.0,0.0,0.0,1.0,1.0,0.0,1.0,0.0,0.0,0,1,0,1
POLICY_DEVELOPMENT,BALANCED_LOW_N,TOP_K,0.06,12,0.85,1,5,0.0,0.0,0.0,1.0,1.0,0.0,1.0,0.0,0.0,0,1,0,1
POLICY_DEVELOPMENT,BALANCED_LOW_N,TOP_K,0.06,12,0.85,12,1,0.0,0.0,0.0,1.0,1.0,0.0,1.0,0.0,0.0,0,6,6,12
POLICY_DEVELOPMENT,BALANCED_LOW_N,TOP_K,0.06,12,0.85,12,3,0.0,0.0,0.0,1.0,1.0,0.0,0.9583333333333334,0.0,0.0,0,12,12,24
POLICY_DEVELOPMENT,BALANCED_LOW_N,TOP_K,0.06,12,0.85,40,5,0.0,0.0,0.0,1.0,1.0,0.0,1.0,0.0,0.0,0,40,40,80
POLICY_DEVELOPMENT,BALANCED_LOW_N,TOP_K,0.06,36,0.05,1,5,0.0,0.0,0.0,1.0,1.0,0.0,1.0,0.0,0.0,0,2,0,2
POLICY_DEVELOPMENT,BALANCED_LOW_N,TOP_K,0.06,36,0.05,12,3,0.0,0.0,0.5416666666666666,0.7291666666666667,0.45833333333333337,0.012430743831331251,0.8958333333333334,1.0,0.5416666666666666,13,24,24,48
POLICY_DEVELOPMENT,BALANCED_LOW_N,TOP_K,0.06,36,0.05,40,1,0.0,0.0,0.0,1.0,1.0,0.0,0.875,0.0,0.0,0,20,20,40
POLICY_DEVELOPMENT,BALANCED_LOW_N,TOP_K,0.06,36,0.85,1,1,0.0,0.0,0.0,1.0,1.0,0.0,0.0,0.0,0.0,0,2,0,2
POLICY_DEVELOPMENT,BALANCED_LOW_N,TOP_K,0.06,36,0.85,1,3,0.0,0.0,1.0,0.0,0.0,0.0032496987302067445,1.0,1.0,1.0,1,1,0,1
POLICY_DEVELOPMENT,BALANCED_LOW_N,TOP_K,0.06,36,0.85,12,1,0.0,0.0,0.0,1.0,1.0,0.0,1.0,0.0,0.0,0,6,6,12
POLICY_DEVELOPMENT,BALANCED_LOW_N,TOP_K,0.06,36,0.85,40,3,0.0,0.0,0.0,1.0,1.0,0.0,1.0,0.0,0.0,0,20,20,40
POLICY_DEVELOPMENT,BALANCED_LOW_N,TOP_K,0.06,36,0.85,40,5,0.0,0.0,0.5,0.75,0.5,0.00950880758707125,1.0,1.0,0.5,20,40,40,80
POLICY_DEVELOPMENT,BALANCED_LOW_N,TOP_K,0.06,96,0.05,1,3,0.0,0.0,0.5,0.5,0.5,0.002824142991959301,1.0,1.0,0.5,1,2,0,2
POLICY_DEVELOPMENT,BALANCED_LOW_N,TOP_K,0.06,96,0.05,12,1,0.0,0.0,0.5,0.75,0.5,0.002605950112761119,0.9583333333333334,1.0,0.5,6,12,12,24
POLICY_DEVELOPMENT,BALANCED_LOW_N,TOP_K,0.06,96,0.05,40,5,0.0,0.0,0.6,0.7,0.4,0.00793524125360194,0.8916666666666667,1.0,0.6,36,60,60,120
POLICY_DEVELOPMENT,BALANCED_LOW_N,TOP_K,0.06,96,0.85,1,1,0.0,0.0,0.5,0.5,0.5,0.025265433088861575,1.0,1.0,0.5,1,2,0,2
POLICY_DEVELOPMENT,BALANCED_LOW_N,TOP_K,0.06,96,0.85,1,5,0.0,0.0,0.0,1.0,1.0,0.0,1.0,0.0,0.0,0,1,0,1
POLICY_DEVELOPMENT,BALANCED_LOW_N,TOP_K,0.06,96,0.85,12,3,0.0,0.0,0.0,1.0,1.0,0.0,1.0,0.0,0.0,0,12,12,24
POLICY_DEVELOPMENT,BALANCED_LOW_N,TOP_K,0.06,96,0.85,40,3,0.0,0.0,1.0,0.5,0.0,0.0032375554762953465,1.0,1.0,1.0,20,20,20,40
POLICY_DEVELOPMENT,BALANCED_LOW_N,TRANSPORT,0.0,12,0.45,1,3,0.0,0.0,0.0,1.0,1.0,0.0,1.0,0.0,0.0,0,0,1,1
POLICY_DEVELOPMENT,BALANCED_LOW_N,TRANSPORT,0.0,12,0.45,12,1,0.0,0.0,0.0,1.0,1.0,0.0,1.0,0.0,0.0,0,0,24,24
POLICY_DEVELOPMENT,BALANCED_LOW_N,TRANSPORT,0.0,12,0.45,12,3,0.0,0.0,0.0,1.0,1.0,0.0,0.9166666666666666,0.0,0.0,0,0,12,12
POLICY_DEVELOPMENT,BALANCED_LOW_N,TRANSPORT,0.0,12,0.45,40,5,0.0,0.0,0.0,1.0,1.0,0.0,0.8916666666666667,0.0,0.0,0,0,120,120
POLICY_DEVELOPMENT,BALANCED_LOW_N,TRANSPORT,0.0,12,0.85,1,1,0.0,0.0,0.0,1.0,1.0,0.0,1.0,0.0,0.0,0,0,3,3
POLICY_DEVELOPMENT,BALANCED_LOW_N,TRANSPORT,0.0,12,0.85,12,3,0.0,0.0,0.0,1.0,1.0,0.0,1.0,0.0,0.0,0,0,24,24
POLICY_DEVELOPMENT,BALANCED_LOW_N,TRANSPORT,0.0,12,0.85,40,3,0.0,0.0,0.0,1.0,1.0,0.0,1.0,0.0,0.0,0,0,40,40
POLICY_DEVELOPMENT,BALANCED_LOW_N,TRANSPORT,0.0,36,0.45,1,1,0.0,0.0,0.0,1.0,1.0,0.0,1.0,0.0,0.0,0,0,3,3
POLICY_DEVELOPMENT,BALANCED_LOW_N,TRANSPORT,0.0,36,0.45,12,1,0.0,0.0,0.0,1.0,1.0,0.0,1.0,0.0,0.0,0,0,12,12
POLICY_DEVELOPMENT,BALANCED_LOW_N,TRANSPORT,0.0,36,0.45,12,5,0.0,0.0,0.0,1.0,1.0,0.0,1.0,0.0,0.0,0,0,12,12
POLICY_DEVELOPMENT,BALANCED_LOW_N,TRANSPORT,0.0,36,0.45,40,3,0.0,0.0,0.0,1.0,1.0,0.0,0.8625,0.0,0.0,0,0,80,80
POLICY_DEVELOPMENT,BALANCED_LOW_N,TRANSPORT,0.0,36,0.85,1,5,0.0,0.0,0.0,1.0,1.0,0.0,1.0,0.0,0.0,0,0,1,1
POLICY_DEVELOPMENT,BALANCED_LOW_N,TRANSPORT,0.0,36,0.85,12,1,0.0,0.0,0.0,1.0,1.0,0.0,1.0,0.0,0.0,0,0,12,12
POLICY_DEVELOPMENT,BALANCED_LOW_N,TRANSPORT,0.0,36,0.85,12,3,0.0,0.0,0.0,1.0,1.0,0.0,1.0,0.0,0.0,0,0,36,36
POLICY_DEVELOPMENT,BALANCED_LOW_N,TRANSPORT,0.0,36,0.85,40,1,0.0,0.0,0.0,1.0,1.0,0.0,1.0,0.0,0.0,0,0,40,40
POLICY_DEVELOPMENT,BALANCED_LOW_N,TRANSPORT,0.0,36,0.85,40,5,0.0,0.0,0.0,1.0,1.0,0.0,1.0,0.0,0.0,0,0,40,40
POLICY_DEVELOPMENT,BALANCED_LOW_N,TRANSPORT,0.0,96,0.45,1,1,0.0,0.0,0.0,1.0,1.0,0.0,1.0,0.0,0.0,0,0,1,1
POLICY_DEVELOPMENT,BALANCED_LOW_N,TRANSPORT,0.0,96,0.45,1,5,0.0,0.0,0.0,1.0,1.0,0.0,1.0,0.0,0.0,0,0,1,1
POLICY_DEVELOPMENT,BALANCED_LOW_N,TRANSPORT,0.0,96,0.45,12,3,0.0,0.0,0.0,1.0,1.0,0.0,0.8055555555555556,0.0,0.0,0,0,36,36
POLICY_DEVELOPMENT,BALANCED_LOW_N,TRANSPORT,0.0,96,0.45,40,1,0.0,0.0,0.0,1.0,1.0,0.0,0.925,0.0,0.0,0,0,40,40
POLICY_DEVELOPMENT,BALANCED_LOW_N,TRANSPORT,0.0,96,0.85,1,1,0.0,0.0,0.0,1.0,1.0,0.0,1.0,0.0,0.0,0,0,1,1
POLICY_DEVELOPMENT,BALANCED_LOW_N,TRANSPORT,0.0,96,0.85,1,3,0.0,0.0,0.0,1.0,1.0,0.0,1.0,0.0,0.0,0,0,1,1
POLICY_DEVELOPMENT,BALANCED_LOW_N,TRANSPORT,0.0,96,0.85,12,1,0.0,0.0,0.0,1.0,1.0,0.0,1.0,0.0,0.0,0,0,24,24
POLICY_DEVELOPMENT,BALANCED_LOW_N,TRANSPORT,0.0,96,0.85,40,3,0.0,0.0,0.0,1.0,1.0,0.0,1.0,0.0,0.0,0,0,40,40
POLICY_DEVELOPMENT,BALANCED_LOW_N,TRANSPORT,0.0,96,0.85,40,5,0.0,0.0,0.0,1.0,1.0,0.0,1.0,0.0,0.0,0,0,80,80
POLICY_DEVELOPMENT,BALANCED_LOW_N,TRANSPORT,0.025,12,0.05,1,1,0.0,0.0,0.0,1.0,1.0,0.0,0.6666666666666666,0.0,0.0,0,2,1,3
POLICY_DEVELOPMENT,BALANCED_LOW_N,TRANSPORT,0.025,12,0.05,12,5,0.0,0.0,0.3333333333333333,0.8333333333333334,0.6666666666666667,0.04874755952896461,0.8333333333333334,1.0,0.3333333333333333,2,6,6,12
POLICY_DEVELOPMENT,BALANCED_LOW_N,TRANSPORT,0.025,12,0.05,40,3,0.0,0.0,0.0,1.0,1.0,0.0,0.8875,0.0,0.0,0,40,40,80
POLICY_DEVELOPMENT,BALANCED_LOW_N,TRANSPORT,0.025,12,0.45,1,3,0.0,0.0,0.0,1.0,1.0,0.0,1.0,0.0,0.0,0,1,0,1
POLICY_DEVELOPMENT,BALANCED_LOW_N,TRANSPORT,0.025,12,0.45,12,1,0.0,0.0,0.0,1.0,1.0,0.0,0.9166666666666666,0.0,0.0,0,12,12,24
POLICY_DEVELOPMENT,BALANCED_LOW_N,TRANSPORT,0.025,12,0.45,12,3,0.0,0.0,0.0,1.0,1.0,0.0,1.0,0.0,0.0,0,6,6,12
POLICY_DEVELOPMENT,BALANCED_LOW_N,TRANSPORT,0.025,12,0.45,40,5,0.0,0.0,0.0,1.0,1.0,0.0,0.8416666666666667,0.0,0.0,0,60,60,120
POLICY_DEVELOPMENT,BALANCED_LOW_N,TRANSPORT,0.025,36,0.05,1,5,0.0,0.0,0.0,1.0,1.0,0.0,1.0,0.0,0.0,0,1,0,1
POLICY_DEVELOPMENT,BALANCED_LOW_N,TRANSPORT,0.025,36,0.05,12,1,0.0,0.0,0.0,1.0,1.0,0.0,1.0,0.0,0.0,0,0,12,12
POLICY_DEVELOPMENT,BALANCED_LOW_N,TRANSPORT,0.025,36,0.05,12,3,0.05555555555555555,0.16137653438793323,0.0,0.9722222222222222,1.0,0.06628474570572951,0.9444444444444444,0.0,0.0,1,18,18,36
POLICY_DEVELOPMENT,BALANCED_LOW_N,TRANSPORT,0.025,36,0.05,40,1,0.0,0.0,0.0,1.0,1.0,0.0,0.925,0.0,0.0,0,0,40,40
POLICY_DEVELOPMENT,BALANCED_LOW_N,TRANSPORT,0.025,36,0.05,40,5,0.0,0.0,0.0,1.0,1.0,0.0,0.925,0.0,0.0,0,20,20,40
POLICY_DEVELOPMENT,BALANCED_LOW_N,TRANSPORT,0.025,36,0.45,1,1,0.0,0.0,0.0,1.0,1.0,0.0,1.0,0.0,0.0,0,3,0,3
POLICY_DEVELOPMENT,BALANCED_LOW_N,TRANSPORT,0.025,36,0.45,12,1,0.0,0.0,0.0,1.0,1.0,0.0,1.0,0.0,0.0,0,6,6,12
POLICY_DEVELOPMENT,BALANCED_LOW_N,TRANSPORT,0.025,36,0.45,40,3,0.0,0.0,0.25,0.875,0.75,0.021409185035792488,0.975,1.0,0.25,5,20,20,40
POLICY_DEVELOPMENT,BALANCED_LOW_N,TRANSPORT,0.025,36,0.45,40,5,0.0,0.0,0.0,1.0,1.0,0.0,0.85,0.0,0.0,0,40,40,80
POLICY_DEVELOPMENT,BALANCED_LOW_N,TRANSPORT,0.025,96,0.05,1,1,0.0,0.0,0.0,1.0,1.0,0.0,1.0,0.0,0.0,0,1,0,1
POLICY_DEVELOPMENT,BALANCED_LOW_N,TRANSPORT,0.025,96,0.05,1,3,0.0,0.0,0.0,1.0,1.0,0.0,1.0,0.0,0.0,0,1,0,1
POLICY_DEVELOPMENT,BALANCED_LOW_N,TRANSPORT,0.025,96,0.05,12,1,0.0,0.0,0.0,1.0,1.0,0.0,1.0,0.0,0.0,0,6,18,24
POLICY_DEVELOPMENT,BALANCED_LOW_N,TRANSPORT,0.025,96,0.05,40,5,0.0,0.0,0.11666666666666667,0.9416666666666667,0.8833333333333333,0.0062993392793003035,0.9333333333333333,1.0,0.11666666666666667,7,60,60,120
POLICY_DEVELOPMENT,BALANCED_LOW_N,TRANSPORT,0.025,96,0.45,1,1,0.0,0.0,0.0,1.0,1.0,0.0,1.0,0.0,0.0,0,1,0,1
POLICY_DEVELOPMENT,BALANCED_LOW_N,TRANSPORT,0.025,96,0.45,1,5,0.0,0.0,0.0,1.0,1.0,0.0,1.0,0.0,0.0,0,1,0,1
POLICY_DEVELOPMENT,BALANCED_LOW_N,TRANSPORT,0.025,96,0.45,12,3,0.0,0.0,0.16666666666666666,0.9166666666666666,0.8333333333333334,0.019056706606069927,0.9166666666666666,1.0,0.16666666666666666,2,12,12,24
POLICY_DEVELOPMENT,BALANCED_LOW_N,TRANSPORT,0.025,96,0.45,40,1,0.0,0.0,0.0,1.0,1.0,0.0,0.9,0.0,0.0,0,20,20,40
POLICY_DEVELOPMENT,BALANCED_LOW_N,TRANSPORT,0.025,96,0.45,40,3,0.0,0.0,0.85,0.575,0.15000000000000002,0.009827006646340722,0.925,1.0,0.85,17,20,20,40
POLICY_DEVELOPMENT,BALANCED_LOW_N,TRANSPORT,0.06,12,0.05,1,1,0.0,0.0,0.0,1.0,1.0,0.0,1.0,0.0,0.0,0,3,0,3
POLICY_DEVELOPMENT,BALANCED_LOW_N,TRANSPORT,0.06,12,0.05,12,5,0.0,0.0,0.6666666666666666,0.6666666666666667,0.33333333333333337,0.037212647732473667,0.6666666666666666,1.0,0.6666666666666666,4,6,6,12
POLICY_DEVELOPMENT,BALANCED_LOW_N,TRANSPORT,0.06,12,0.05,40,3,0.0,0.0,0.35,0.825,0.65,0.02380872103569771,0.9375,1.0,0.35,14,40,40,80
POLICY_DEVELOPMENT,BALANCED_LOW_N,TRANSPORT,0.06,12,0.85,1,3,0.0,0.0,0.0,1.0,1.0,0.0,1.0,0.0,0.0,0,1,0,1
POLICY_DEVELOPMENT,BALANCED_LOW_N,TRANSPORT,0.06,12,0.85,1,5,0.0,0.0,0.0,1.0,1.0,0.0,0.0,0.0,0.0,0,1,0,1
POLICY_DEVELOPMENT,BALANCED_LOW_N,TRANSPORT,0.06,12,0.85,12,1,0.0,0.0,0.0,1.0,1.0,0.0,0.9166666666666666,0.0,0.0,0,6,6,12
POLICY_DEVELOPMENT,BALANCED_LOW_N,TRANSPORT,0.06,12,0.85,12,3,0.0,0.0,0.0,1.0,1.0,0.0,1.0,0.0,0.0,0,6,18,24
POLICY_DEVELOPMENT,BALANCED_LOW_N,TRANSPORT,0.06,12,0.85,40,5,0.0,0.0,0.075,0.9625,0.925,0.03058994175368858,1.0,1.0,0.075,3,40,40,80
POLICY_DEVELOPMENT,BALANCED_LOW_N,TRANSPORT,0.06,36,0.05,1,5,0.0,0.0,0.5,0.5,0.5,0.0043310177662899685,0.5,1.0,0.5,1,2,0,2
POLICY_DEVELOPMENT,BALANCED_LOW_N,TRANSPORT,0.06,36,0.05,12,3,0.0,0.0,0.5416666666666666,0.7291666666666667,0.45833333333333337,0.009980969220582904,0.9791666666666666,1.0,0.5416666666666666,13,24,24,48
POLICY_DEVELOPMENT,BALANCED_LOW_N,TRANSPORT,0.06,36,0.05,40,1,0.0,0.0,0.0,1.0,1.0,0.0,0.925,0.0,0.0,0,20,20,40
POLICY_DEVELOPMENT,BALANCED_LOW_N,TRANSPORT,0.06,36,0.85,1,1,0.0,0.0,0.0,1.0,1.0,0.0,0.5,0.0,0.0,0,2,0,2
POLICY_DEVELOPMENT,BALANCED_LOW_N,TRANSPORT,0.06,36,0.85,1,3,0.0,0.0,0.0,1.0,1.0,0.0,1.0,0.0,0.0,0,0,1,1
POLICY_DEVELOPMENT,BALANCED_LOW_N,TRANSPORT,0.06,36,0.85,12,1,0.0,0.0,0.0,1.0,1.0,0.0,0.9166666666666666,0.0,0.0,0,6,6,12
POLICY_DEVELOPMENT,BALANCED_LOW_N,TRANSPORT,0.06,36,0.85,40,3,0.0,0.0,0.0,1.0,1.0,0.0,0.975,0.0,0.0,0,0,40,40
POLICY_DEVELOPMENT,BALANCED_LOW_N,TRANSPORT,0.06,36,0.85,40,5,0.0,0.0,0.475,0.7625,0.525,0.01955331162921819,0.625,1.0,0.475,19,40,40,80
POLICY_DEVELOPMENT,BALANCED_LOW_N,TRANSPORT,0.06,96,0.05,1,3,0.0,0.0,1.0,0.0,0.0,0.003889740352973625,1.0,1.0,1.0,2,2,0,2
POLICY_DEVELOPMENT,BALANCED_LOW_N,TRANSPORT,0.06,96,0.05,12,1,0.0,0.0,0.0,1.0,1.0,0.0,0.9166666666666666,0.0,0.0,0,12,12,24
POLICY_DEVELOPMENT,BALANCED_LOW_N,TRANSPORT,0.06,96,0.05,40,5,0.0,0.0,0.21666666666666667,0.8916666666666666,0.7833333333333333,0.006959000769093205,0.875,1.0,0.21666666666666667,13,60,60,120
POLICY_DEVELOPMENT,BALANCED_LOW_N,TRANSPORT,0.06,96,0.85,1,1,0.0,0.0,0.0,1.0,1.0,0.0,1.0,0.0,0.0,0,2,0,2
POLICY_DEVELOPMENT,BALANCED_LOW_N,TRANSPORT,0.06,96,0.85,1,5,0.0,0.0,1.0,0.0,0.0,0.0026978026528096527,1.0,1.0,1.0,1,1,0,1
POLICY_DEVELOPMENT,BALANCED_LOW_N,TRANSPORT,0.06,96,0.85,12,3,0.0,0.0,1.0,0.75,0.0,0.032310242298001654,0.75,1.0,1.0,6,6,18,24
POLICY_DEVELOPMENT,BALANCED_LOW_N,TRANSPORT,0.06,96,0.85,40,3,0.0,0.0,1.0,0.5,0.0,0.003941176011863283,1.0,1.0,1.0,20,20,20,40
POLICY_DEVELOPMENT,BALANCED_STRICT_FDR,ITEM_DIAGNOSTICS,0.0,12,0.05,1,1,0.0,0.0,0.0,1.0,1.0,0.0,1.0,0.0,0.0,0,0,1,1
POLICY_DEVELOPMENT,BALANCED_STRICT_FDR,ITEM_DIAGNOSTICS,0.0,12,0.05,1,5,0.0,0.0,0.0,1.0,1.0,0.0,1.0,0.0,0.0,0,0,1,1
POLICY_DEVELOPMENT,BALANCED_STRICT_FDR,ITEM_DIAGNOSTICS,0.0,12,0.05,12,3,0.0,0.0,0.0,1.0,1.0,0.0,0.7916666666666666,0.0,0.0,0,0,24,24
POLICY_DEVELOPMENT,BALANCED_STRICT_FDR,ITEM_DIAGNOSTICS,0.0,12,0.05,40,1,0.0,0.0,0.0,1.0,1.0,0.0,0.9,0.0,0.0,0,0,120,120
POLICY_DEVELOPMENT,BALANCED_STRICT_FDR,ITEM_DIAGNOSTICS,0.0,12,0.45,1,1,0.0,0.0,0.0,1.0,1.0,0.0,1.0,0.0,0.0,0,0,1,1
POLICY_DEVELOPMENT,BALANCED_STRICT_FDR,ITEM_DIAGNOSTICS,0.0,12,0.45,1,3,0.0,0.0,0.0,1.0,1.0,0.0,1.0,0.0,0.0,0,0,3,3
POLICY_DEVELOPMENT,BALANCED_STRICT_FDR,ITEM_DIAGNOSTICS,0.0,12,0.45,12,1,0.0,0.0,0.0,1.0,1.0,0.0,0.4166666666666667,0.0,0.0,0,0,12,12
POLICY_DEVELOPMENT,BALANCED_STRICT_FDR,ITEM_DIAGNOSTICS,0.0,12,0.45,12,5,0.0,0.0,0.0,1.0,1.0,0.0,1.0,0.0,0.0,0,0,12,12
POLICY_DEVELOPMENT,BALANCED_STRICT_FDR,ITEM_DIAGNOSTICS,0.0,12,0.45,40,5,0.0,0.0,0.0,1.0,1.0,0.0,0.85,0.0,0.0,0,0,40,40
POLICY_DEVELOPMENT,BALANCED_STRICT_FDR,ITEM_DIAGNOSTICS,0.0,36,0.05,1,3,0.0,0.0,0.0,1.0,1.0,0.0,0.6666666666666666,0.0,0.0,0,0,3,3
POLICY_DEVELOPMENT,BALANCED_STRICT_FDR,ITEM_DIAGNOSTICS,0.0,36,0.05,12,1,0.0,0.0,0.0,1.0,1.0,0.0,0.8333333333333334,0.0,0.0,0,0,12,12
POLICY_DEVELOPMENT,BALANCED_STRICT_FDR,ITEM_DIAGNOSTICS,0.0,36,0.05,40,1,0.0,0.0,0.0,1.0,1.0,0.0,0.8,0.0,0.0,0,0,40,40
POLICY_DEVELOPMENT,BALANCED_STRICT_FDR,ITEM_DIAGNOSTICS,0.0,36,0.05,40,5,0.0,0.0,0.0,1.0,1.0,0.0,0.875,0.0,0.0,0,0,40,40
POLICY_DEVELOPMENT,BALANCED_STRICT_FDR,ITEM_DIAGNOSTICS,0.0,36,0.45,1,1,0.0,0.0,0.0,1.0,1.0,0.0,1.0,0.0,0.0,0,0,2,2
POLICY_DEVELOPMENT,BALANCED_STRICT_FDR,ITEM_DIAGNOSTICS,0.0,36,0.45,12,3,0.0,0.0,0.0,1.0,1.0,0.0,0.8333333333333334,0.0,0.0,0,0,12,12
POLICY_DEVELOPMENT,BALANCED_STRICT_FDR,ITEM_DIAGNOSTICS,0.0,36,0.45,12,5,0.0,0.0,0.0,1.0,1.0,0.0,0.9166666666666666,0.0,0.0,0,0,24,24
POLICY_DEVELOPMENT,BALANCED_STRICT_FDR,ITEM_DIAGNOSTICS,0.0,36,0.45,40,1,0.0,0.0,0.0,1.0,1.0,0.0,0.975,0.0,0.0,0,0,40,40
POLICY_DEVELOPMENT,BALANCED_STRICT_FDR,ITEM_DIAGNOSTICS,0.0,36,0.45,40,3,0.0,0.0,0.0,1.0,1.0,0.0,0.9,0.0,0.0,0,0,40,40
POLICY_DEVELOPMENT,BALANCED_STRICT_FDR,ITEM_DIAGNOSTICS,0.0,96,0.05,1,1,0.0,0.0,0.0,1.0,1.0,0.0,0.5,0.0,0.0,0,0,2,2
POLICY_DEVELOPMENT,BALANCED_STRICT_FDR,ITEM_DIAGNOSTICS,0.0,96,0.05,1,3,0.0,0.0,0.0,1.0,1.0,0.0,1.0,0.0,0.0,0,0,1,1
POLICY_DEVELOPMENT,BALANCED_STRICT_FDR,ITEM_DIAGNOSTICS,0.0,96,0.05,12,5,0.0,0.0,0.0,1.0,1.0,0.0,0.9444444444444444,0.0,0.0,0,0,36,36
POLICY_DEVELOPMENT,BALANCED_STRICT_FDR,ITEM_DIAGNOSTICS,0.0,96,0.05,40,3,0.0,0.0,0.0,1.0,1.0,0.0,0.9,0.0,0.0,0,0,40,40
POLICY_DEVELOPMENT,BALANCED_STRICT_FDR,ITEM_DIAGNOSTICS,0.0,96,0.45,1,3,0.0,0.0,0.0,1.0,1.0,0.0,1.0,0.0,0.0,0,0,2,2
POLICY_DEVELOPMENT,BALANCED_STRICT_FDR,ITEM_DIAGNOSTICS,0.0,96,0.45,12,3,0.0,0.0,0.0,1.0,1.0,0.0,1.0,0.0,0.0,0,0,12,12
POLICY_DEVELOPMENT,BALANCED_STRICT_FDR,ITEM_DIAGNOSTICS,0.0,96,0.45,40,1,0.0,0.0,0.0,1.0,1.0,0.0,0.8666666666666667,0.0,0.0,0,0,120,120
POLICY_DEVELOPMENT,BALANCED_STRICT_FDR,ITEM_DIAGNOSTICS,0.025,12,0.05,1,1,0.0,0.0,0.0,1.0,1.0,0.0,1.0,0.0,0.0,0,1,0,1
POLICY_DEVELOPMENT,BALANCED_STRICT_FDR,ITEM_DIAGNOSTICS,0.025,12,0.05,12,3,0.0,0.0,0.0,1.0,1.0,0.0,0.9166666666666666,0.0,0.0,0,6,6,12
POLICY_DEVELOPMENT,BALANCED_STRICT_FDR,ITEM_DIAGNOSTICS,0.025,12,0.05,12,5,0.0,0.0,0.0,1.0,1.0,0.0,0.75,0.0,0.0,0,12,12,24
POLICY_DEVELOPMENT,BALANCED_STRICT_FDR,ITEM_DIAGNOSTICS,0.025,12,0.05,40,1,0.0,0.0,0.0,1.0,1.0,0.0,0.9083333333333333,0.0,0.0,0,60,60,120
POLICY_DEVELOPMENT,BALANCED_STRICT_FDR,ITEM_DIAGNOSTICS,0.025,12,0.85,1,1,0.0,0.0,0.0,1.0,1.0,0.0,1.0,0.0,0.0,0,1,0,1
POLICY_DEVELOPMENT,BALANCED_STRICT_FDR,ITEM_DIAGNOSTICS,0.025,12,0.85,1,3,0.0,0.0,0.0,1.0,1.0,0.0,1.0,0.0,0.0,0,3,0,3
POLICY_DEVELOPMENT,BALANCED_STRICT_FDR,ITEM_DIAGNOSTICS,0.025,12,0.85,12,1,0.0,0.0,0.0,1.0,1.0,0.0,1.0,0.0,0.0,0,6,6,12
POLICY_DEVELOPMENT,BALANCED_STRICT_FDR,ITEM_DIAGNOSTICS,0.025,12,0.85,12,5,0.0,0.0,0.0,1.0,1.0,0.0,1.0,0.0,0.0,0,6,6,12
POLICY_DEVELOPMENT,BALANCED_STRICT_FDR,ITEM_DIAGNOSTICS,0.025,12,0.85,40,5,0.0,0.0,0.0,1.0,1.0,0.0,1.0,0.0,0.0,0,20,20,40
POLICY_DEVELOPMENT,BALANCED_STRICT_FDR,ITEM_DIAGNOSTICS,0.025,36,0.05,1,3,0.0,0.0,0.0,1.0,1.0,0.0,0.5,0.0,0.0,0,2,0,2
POLICY_DEVELOPMENT,BALANCED_STRICT_FDR,ITEM_DIAGNOSTICS,0.025,36,0.05,12,1,0.0,0.0,0.0,1.0,1.0,0.0,0.8333333333333334,0.0,0.0,0,6,6,12
POLICY_DEVELOPMENT,BALANCED_STRICT_FDR,ITEM_DIAGNOSTICS,0.025,36,0.05,12,3,0.0,0.0,0.0,1.0,1.0,0.0,0.8333333333333334,0.0,0.0,0,6,6,12
POLICY_DEVELOPMENT,BALANCED_STRICT_FDR,ITEM_DIAGNOSTICS,0.025,36,0.05,40,1,0.0,0.0,0.0,1.0,1.0,0.0,0.875,0.0,0.0,0,20,20,40
POLICY_DEVELOPMENT,BALANCED_STRICT_FDR,ITEM_DIAGNOSTICS,0.025,36,0.05,40,5,0.0,0.0,0.0,1.0,1.0,0.0,0.825,0.0,0.0,0,20,20,40
POLICY_DEVELOPMENT,BALANCED_STRICT_FDR,ITEM_DIAGNOSTICS,0.025,36,0.85,1,1,0.0,0.0,0.0,1.0,1.0,0.0,0.5,0.0,0.0,0,2,0,2
POLICY_DEVELOPMENT,BALANCED_STRICT_FDR,ITEM_DIAGNOSTICS,0.025,36,0.85,12,5,0.0,0.0,0.0,1.0,1.0,0.0,1.0,0.0,0.0,0,18,18,36
POLICY_DEVELOPMENT,BALANCED_STRICT_FDR,ITEM_DIAGNOSTICS,0.025,36,0.85,40,1,0.0,0.0,0.0,1.0,1.0,0.0,0.75,0.0,0.0,0,20,20,40
POLICY_DEVELOPMENT,BALANCED_STRICT_FDR,ITEM_DIAGNOSTICS,0.025,36,0.85,40,3,0.0,0.0,0.0,1.0,1.0,0.0,1.0,0.0,0.0,0,20,20,40
POLICY_DEVELOPMENT,BALANCED_STRICT_FDR,ITEM_DIAGNOSTICS,0.025,96,0.05,1,1,0.0,0.0,0.0,1.0,1.0,0.0,1.0,0.0,0.0,0,2,0,2
POLICY_DEVELOPMENT,BALANCED_STRICT_FDR,ITEM_DIAGNOSTICS,0.025,96,0.05,1,3,0.0,0.0,0.0,1.0,1.0,0.0,1.0,0.0,0.0,0,1,0,1
POLICY_DEVELOPMENT,BALANCED_STRICT_FDR,ITEM_DIAGNOSTICS,0.025,96,0.05,12,5,0.0,0.0,0.0,1.0,1.0,0.0,0.8611111111111112,0.0,0.0,0,18,18,36
POLICY_DEVELOPMENT,BALANCED_STRICT_FDR,ITEM_DIAGNOSTICS,0.025,96,0.05,40,3,0.0,0.0,0.65,0.675,0.35,0.006591453586010946,0.925,1.0,0.65,13,20,20,40
POLICY_DEVELOPMENT,BALANCED_STRICT_FDR,ITEM_DIAGNOSTICS,0.025,96,0.85,1,5,0.0,0.0,0.0,1.0,1.0,0.0,1.0,0.0,0.0,0,1,0,1
POLICY_DEVELOPMENT,BALANCED_STRICT_FDR,ITEM_DIAGNOSTICS,0.025,96,0.85,12,3,0.0,0.0,0.0,1.0,1.0,0.0,0.75,0.0,0.0,0,12,12,24
POLICY_DEVELOPMENT,BALANCED_STRICT_FDR,ITEM_DIAGNOSTICS,0.025,96,0.85,40,1,0.0,0.0,0.0,1.0,1.0,0.0,0.8583333333333333,0.0,0.0,0,60,60,120
POLICY_DEVELOPMENT,BALANCED_STRICT_FDR,ITEM_DIAGNOSTICS,0.06,12,0.45,1,1,0.0,0.0,0.0,1.0,1.0,0.0,0.0,0.0,0.0,0,1,0,1
POLICY_DEVELOPMENT,BALANCED_STRICT_FDR,ITEM_DIAGNOSTICS,0.06,12,0.45,12,3,0.0,0.0,0.0,1.0,1.0,0.0,1.0,0.0,0.0,0,6,6,12
POLICY_DEVELOPMENT,BALANCED_STRICT_FDR,ITEM_DIAGNOSTICS,0.06,12,0.45,12,5,0.0,0.0,0.0,1.0,1.0,0.0,0.9166666666666666,0.0,0.0,0,12,12,24
POLICY_DEVELOPMENT,BALANCED_STRICT_FDR,ITEM_DIAGNOSTICS,0.06,12,0.45,40,1,0.0,0.0,0.0,1.0,1.0,0.0,0.9875,0.0,0.0,0,40,40,80
POLICY_DEVELOPMENT,BALANCED_STRICT_FDR,ITEM_DIAGNOSTICS,0.06,12,0.45,40,3,0.0,0.0,0.0,1.0,1.0,0.0,1.0,0.0,0.0,0,20,20,40
POLICY_DEVELOPMENT,BALANCED_STRICT_FDR,ITEM_DIAGNOSTICS,0.06,12,0.85,1,3,0.0,0.0,0.0,1.0,1.0,0.0,0.75,0.0,0.0,0,4,0,4
POLICY_DEVELOPMENT,BALANCED_STRICT_FDR,ITEM_DIAGNOSTICS,0.06,12,0.85,12,1,0.0,0.0,0.0,1.0,1.0,0.0,1.0,0.0,0.0,0,6,6,12
POLICY_DEVELOPMENT,BALANCED_STRICT_FDR,ITEM_DIAGNOSTICS,0.06,12,0.85,40,5,0.0,0.0,0.0,1.0,1.0,0.0,0.825,0.0,0.0,0,40,40,80
POLICY_DEVELOPMENT,BALANCED_STRICT_FDR,ITEM_DIAGNOSTICS,0.06,36,0.45,1,3,0.0,0.0,0.0,1.0,1.0,0.0,1.0,0.0,0.0,0,2,0,2
POLICY_DEVELOPMENT,BALANCED_STRICT_FDR,ITEM_DIAGNOSTICS,0.06,36,0.45,12,3,0.0,0.0,1.0,0.5,0.0,0.0058191816176726635,1.0,1.0,1.0,6,6,6,12
POLICY_DEVELOPMENT,BALANCED_STRICT_FDR,ITEM_DIAGNOSTICS,0.06,36,0.45,40,1,0.0,0.0,0.0,1.0,1.0,0.0,0.95,0.0,0.0,0,40,40,80
POLICY_DEVELOPMENT,BALANCED_STRICT_FDR,ITEM_DIAGNOSTICS,0.06,36,0.45,40,5,0.0,0.0,0.0,1.0,1.0,0.0,0.975,0.0,0.0,0,20,20,40
POLICY_DEVELOPMENT,BALANCED_STRICT_FDR,ITEM_DIAGNOSTICS,0.06,36,0.85,1,1,0.0,0.0,0.5,0.5,0.5,0.0037498551755947712,1.0,1.0,0.5,1,2,0,2
POLICY_DEVELOPMENT,BALANCED_STRICT_FDR,ITEM_DIAGNOSTICS,0.06,36,0.85,12,5,0.0,0.0,0.3333333333333333,0.8333333333333334,0.6666666666666667,0.00656578949656502,0.9722222222222222,1.0,0.3333333333333333,6,18,18,36
POLICY_DEVELOPMENT,BALANCED_STRICT_FDR,ITEM_DIAGNOSTICS,0.06,36,0.85,40,3,0.0,0.0,0.0,1.0,1.0,0.0,0.4875,0.0,0.0,0,40,40,80
POLICY_DEVELOPMENT,BALANCED_STRICT_FDR,ITEM_DIAGNOSTICS,0.06,96,0.45,1,1,0.0,0.0,0.0,1.0,1.0,0.0,1.0,0.0,0.0,0,1,0,1
POLICY_DEVELOPMENT,BALANCED_STRICT_FDR,ITEM_DIAGNOSTICS,0.06,96,0.45,1,3,0.0,0.0,0.0,1.0,1.0,0.0,1.0,0.0,0.0,0,2,0,2
POLICY_DEVELOPMENT,BALANCED_STRICT_FDR,ITEM_DIAGNOSTICS,0.06,96,0.45,12,5,0.0,0.0,0.0,1.0,1.0,0.0,1.0,0.0,0.0,0,12,12,24
POLICY_DEVELOPMENT,BALANCED_STRICT_FDR,ITEM_DIAGNOSTICS,0.06,96,0.45,40,3,0.0,0.0,0.0,1.0,1.0,0.0,0.725,0.0,0.0,0,20,20,40
POLICY_DEVELOPMENT,BALANCED_STRICT_FDR,ITEM_DIAGNOSTICS,0.06,96,0.45,40,5,0.0,0.0,0.0,1.0,1.0,0.0,1.0,0.0,0.0,0,20,20,40
POLICY_DEVELOPMENT,BALANCED_STRICT_FDR,ITEM_DIAGNOSTICS,0.06,96,0.85,1,5,0.0,0.0,0.0,1.0,1.0,0.0,1.0,0.0,0.0,0,1,0,1
POLICY_DEVELOPMENT,BALANCED_STRICT_FDR,ITEM_DIAGNOSTICS,0.06,96,0.85,12,3,0.0,0.0,0.5,0.75,0.5,0.005541659784338783,0.7916666666666666,1.0,0.5,6,12,12,24
POLICY_DEVELOPMENT,BALANCED_STRICT_FDR,ITEM_DIAGNOSTICS,0.06,96,0.85,40,1,0.0,0.0,0.6666666666666666,0.6666666666666667,0.33333333333333337,0.007297281834270078,0.9833333333333333,1.0,0.6666666666666666,40,60,60,120
POLICY_DEVELOPMENT,BALANCED_STRICT_FDR,PRIMARY_PAIRWISE,0.0,12,0.05,1,1,0.0,0.0,0.0,1.0,1.0,0.0,1.0,0.0,0.0,0,0,1,1
POLICY_DEVELOPMENT,BALANCED_STRICT_FDR,PRIMARY_PAIRWISE,0.0,12,0.05,1,5,0.0,0.0,0.0,1.0,1.0,0.0,1.0,0.0,0.0,0,0,1,1
POLICY_DEVELOPMENT,BALANCED_STRICT_FDR,PRIMARY_PAIRWISE,0.0,12,0.05,12,3,0.0,0.0,0.0,1.0,1.0,0.0,0.75,0.0,0.0,0,0,24,24
POLICY_DEVELOPMENT,BALANCED_STRICT_FDR,PRIMARY_PAIRWISE,0.0,12,0.05,40,1,0.0,0.0,0.0,1.0,1.0,0.0,0.8416666666666667,0.0,0.0,0,0,120,120
POLICY_DEVELOPMENT,BALANCED_STRICT_FDR,PRIMARY_PAIRWISE,0.0,12,0.45,1,1,0.0,0.0,0.0,1.0,1.0,0.0,0.0,0.0,0.0,0,0,1,1
POLICY_DEVELOPMENT,BALANCED_STRICT_FDR,PRIMARY_PAIRWISE,0.0,12,0.45,1,3,0.0,0.0,0.0,1.0,1.0,0.0,0.6666666666666666,0.0,0.0,0,0,3,3
POLICY_DEVELOPMENT,BALANCED_STRICT_FDR,PRIMARY_PAIRWISE,0.0,12,0.45,12,1,0.0,0.0,0.0,1.0,1.0,0.0,0.9166666666666666,0.0,0.0,0,0,12,12
POLICY_DEVELOPMENT,BALANCED_STRICT_FDR,PRIMARY_PAIRWISE,0.0,12,0.45,12,5,0.0,0.0,0.0,1.0,1.0,0.0,0.75,0.0,0.0,0,0,12,12
POLICY_DEVELOPMENT,BALANCED_STRICT_FDR,PRIMARY_PAIRWISE,0.0,12,0.45,40,5,0.0,0.0,0.0,1.0,1.0,0.0,0.825,0.0,0.0,0,0,40,40
POLICY_DEVELOPMENT,BALANCED_STRICT_FDR,PRIMARY_PAIRWISE,0.0,36,0.05,1,3,0.0,0.0,0.0,1.0,1.0,0.0,0.6666666666666666,0.0,0.0,0,0,3,3
POLICY_DEVELOPMENT,BALANCED_STRICT_FDR,PRIMARY_PAIRWISE,0.0,36,0.05,12,1,0.0,0.0,0.0,1.0,1.0,0.0,0.9166666666666666,0.0,0.0,0,0,12,12
POLICY_DEVELOPMENT,BALANCED_STRICT_FDR,PRIMARY_PAIRWISE,0.0,36,0.05,40,1,0.0,0.0,0.0,1.0,1.0,0.0,0.85,0.0,0.0,0,0,40,40
POLICY_DEVELOPMENT,BALANCED_STRICT_FDR,PRIMARY_PAIRWISE,0.0,36,0.05,40,5,0.0,0.0,0.0,1.0,1.0,0.0,0.95,0.0,0.0,0,0,40,40
POLICY_DEVELOPMENT,BALANCED_STRICT_FDR,PRIMARY_PAIRWISE,0.0,36,0.45,1,1,0.0,0.0,0.0,1.0,1.0,0.0,1.0,0.0,0.0,0,0,2,2
POLICY_DEVELOPMENT,BALANCED_STRICT_FDR,PRIMARY_PAIRWISE,0.0,36,0.45,12,3,0.0,0.0,0.0,1.0,1.0,0.0,0.9166666666666666,0.0,0.0,0,0,12,12
POLICY_DEVELOPMENT,BALANCED_STRICT_FDR,PRIMARY_PAIRWISE,0.0,36,0.45,12,5,0.0,0.0,0.0,1.0,1.0,0.0,0.8333333333333334,0.0,0.0,0,0,24,24
POLICY_DEVELOPMENT,BALANCED_STRICT_FDR,PRIMARY_PAIRWISE,0.0,36,0.45,40,1,0.0,0.0,0.0,1.0,1.0,0.0,1.0,0.0,0.0,0,0,40,40
POLICY_DEVELOPMENT,BALANCED_STRICT_FDR,PRIMARY_PAIRWISE,0.0,36,0.45,40,3,0.0,0.0,0.0,1.0,1.0,0.0,0.85,0.0,0.0,0,0,40,40
POLICY_DEVELOPMENT,BALANCED_STRICT_FDR,PRIMARY_PAIRWISE,0.0,96,0.05,1,1,0.0,0.0,0.0,1.0,1.0,0.0,1.0,0.0,0.0,0,0,2,2
POLICY_DEVELOPMENT,BALANCED_STRICT_FDR,PRIMARY_PAIRWISE,0.0,96,0.05,1,3,0.0,0.0,0.0,1.0,1.0,0.0,1.0,0.0,0.0,0,0,1,1
POLICY_DEVELOPMENT,BALANCED_STRICT_FDR,PRIMARY_PAIRWISE,0.0,96,0.05,12,5,0.0,0.0,0.0,1.0,1.0,0.0,0.9444444444444444,0.0,0.0,0,0,36,36
POLICY_DEVELOPMENT,BALANCED_STRICT_FDR,PRIMARY_PAIRWISE,0.0,96,0.05,40,3,0.0,0.0,0.0,1.0,1.0,0.0,0.9,0.0,0.0,0,0,40,40
POLICY_DEVELOPMENT,BALANCED_STRICT_FDR,PRIMARY_PAIRWISE,0.0,96,0.45,1,3,0.0,0.0,0.0,1.0,1.0,0.0,1.0,0.0,0.0,0,0,2,2
POLICY_DEVELOPMENT,BALANCED_STRICT_FDR,PRIMARY_PAIRWISE,0.0,96,0.45,12,3,0.0,0.0,0.0,1.0,1.0,0.0,0.8333333333333334,0.0,0.0,0,0,12,12
POLICY_DEVELOPMENT,BALANCED_STRICT_FDR,PRIMARY_PAIRWISE,0.0,96,0.45,40,1,0.0,0.0,0.0,1.0,1.0,0.0,0.8083333333333333,0.0,0.0,0,0,120,120
POLICY_DEVELOPMENT,BALANCED_STRICT_FDR,PRIMARY_PAIRWISE,0.025,12,0.05,1,1,0.0,0.0,0.0,1.0,1.0,0.0,1.0,0.0,0.0,0,1,0,1
POLICY_DEVELOPMENT,BALANCED_STRICT_FDR,PRIMARY_PAIRWISE,0.025,12,0.05,12,3,0.0,0.0,0.0,1.0,1.0,0.0,1.0,0.0,0.0,0,6,6,12
POLICY_DEVELOPMENT,BALANCED_STRICT_FDR,PRIMARY_PAIRWISE,0.025,12,0.05,12,5,0.0,0.0,0.0,1.0,1.0,0.0,0.8333333333333334,0.0,0.0,0,12,12,24
POLICY_DEVELOPMENT,BALANCED_STRICT_FDR,PRIMARY_PAIRWISE,0.025,12,0.05,40,1,0.0,0.0,0.0,1.0,1.0,0.0,0.9333333333333333,0.0,0.0,0,60,60,120
POLICY_DEVELOPMENT,BALANCED_STRICT_FDR,PRIMARY_PAIRWISE,0.025,12,0.85,1,1,0.0,0.0,0.0,1.0,1.0,0.0,1.0,0.0,0.0,0,1,0,1
POLICY_DEVELOPMENT,BALANCED_STRICT_FDR,PRIMARY_PAIRWISE,0.025,12,0.85,1,3,0.0,0.0,0.0,1.0,1.0,0.0,1.0,0.0,0.0,0,3,0,3
POLICY_DEVELOPMENT,BALANCED_STRICT_FDR,PRIMARY_PAIRWISE,0.025,12,0.85,12,1,0.0,0.0,0.0,1.0,1.0,0.0,0.4166666666666667,0.0,0.0,0,6,6,12
POLICY_DEVELOPMENT,BALANCED_STRICT_FDR,PRIMARY_PAIRWISE,0.025,12,0.85,12,5,0.0,0.0,0.0,1.0,1.0,0.0,1.0,0.0,0.0,0,6,6,12
POLICY_DEVELOPMENT,BALANCED_STRICT_FDR,PRIMARY_PAIRWISE,0.025,12,0.85,40,5,0.0,0.0,0.0,1.0,1.0,0.0,1.0,0.0,0.0,0,20,20,40
POLICY_DEVELOPMENT,BALANCED_STRICT_FDR,PRIMARY_PAIRWISE,0.025,36,0.05,1,3,0.0,0.0,0.0,1.0,1.0,0.0,1.0,0.0,0.0,0,2,0,2
POLICY_DEVELOPMENT,BALANCED_STRICT_FDR,PRIMARY_PAIRWISE,0.025,36,0.05,12,1,0.0,0.0,0.0,1.0,1.0,0.0,0.8333333333333334,0.0,0.0,0,6,6,12
POLICY_DEVELOPMENT,BALANCED_STRICT_FDR,PRIMARY_PAIRWISE,0.025,36,0.05,12,3,0.0,0.0,0.0,1.0,1.0,0.0,1.0,0.0,0.0,0,6,6,12
POLICY_DEVELOPMENT,BALANCED_STRICT_FDR,PRIMARY_PAIRWISE,0.025,36,0.05,40,1,0.05,0.14551858457912786,0.0,0.975,1.0,0.10392408686114205,0.875,0.0,0.0,1,20,20,40
POLICY_DEVELOPMENT,BALANCED_STRICT_FDR,PRIMARY_PAIRWISE,0.025,36,0.05,40,5,0.0,0.0,0.0,1.0,1.0,0.0,0.925,0.0,0.0,0,20,20,40
POLICY_DEVELOPMENT,BALANCED_STRICT_FDR,PRIMARY_PAIRWISE,0.025,36,0.85,1,1,0.0,0.0,0.0,1.0,1.0,0.0,1.0,0.0,0.0,0,2,0,2
POLICY_DEVELOPMENT,BALANCED_STRICT_FDR,PRIMARY_PAIRWISE,0.025,36,0.85,12,5,0.0,0.0,0.0,1.0,1.0,0.0,1.0,0.0,0.0,0,18,18,36
POLICY_DEVELOPMENT,BALANCED_STRICT_FDR,PRIMARY_PAIRWISE,0.025,36,0.85,40,1,0.0,0.0,0.0,1.0,1.0,0.0,0.975,0.0,0.0,0,20,20,40
POLICY_DEVELOPMENT,BALANCED_STRICT_FDR,PRIMARY_PAIRWISE,0.025,36,0.85,40,3,0.0,0.0,0.0,1.0,1.0,0.0,1.0,0.0,0.0,0,20,20,40
POLICY_DEVELOPMENT,BALANCED_STRICT_FDR,PRIMARY_PAIRWISE,0.025,96,0.05,1,1,0.0,0.0,0.5,0.5,0.5,0.005174563259012485,1.0,1.0,0.5,1,2,0,2
POLICY_DEVELOPMENT,BALANCED_STRICT_FDR,PRIMARY_PAIRWISE,0.025,96,0.05,1,3,0.0,0.0,0.0,1.0,1.0,0.0,0.0,0.0,0.0,0,1,0,1
POLICY_DEVELOPMENT,BALANCED_STRICT_FDR,PRIMARY_PAIRWISE,0.025,96,0.05,12,5,0.0,0.0,0.0,1.0,1.0,0.0,0.8611111111111112,0.0,0.0,0,18,18,36
POLICY_DEVELOPMENT,BALANCED_STRICT_FDR,PRIMARY_PAIRWISE,0.025,96,0.05,40,3,0.0,0.0,0.5,0.75,0.5,0.002651005528087014,0.925,1.0,0.5,10,20,20,40
POLICY_DEVELOPMENT,BALANCED_STRICT_FDR,PRIMARY_PAIRWISE,0.025,96,0.85,1,5,0.0,0.0,0.0,1.0,1.0,0.0,1.0,0.0,0.0,0,1,0,1
POLICY_DEVELOPMENT,BALANCED_STRICT_FDR,PRIMARY_PAIRWISE,0.025,96,0.85,12,3,0.0,0.0,0.0,1.0,1.0,0.0,1.0,0.0,0.0,0,12,12,24
POLICY_DEVELOPMENT,BALANCED_STRICT_FDR,PRIMARY_PAIRWISE,0.025,96,0.85,40,1,0.0,0.0,0.0,1.0,1.0,0.0,0.9833333333333333,0.0,0.0,0,60,60,120
POLICY_DEVELOPMENT,BALANCED_STRICT_FDR,PRIMARY_PAIRWISE,0.06,12,0.45,1,1,0.0,0.0,0.0,1.0,1.0,0.0,1.0,0.0,0.0,0,1,0,1
POLICY_DEVELOPMENT,BALANCED_STRICT_FDR,PRIMARY_PAIRWISE,0.06,12,0.45,12,3,0.0,0.0,0.0,1.0,1.0,0.0,1.0,0.0,0.0,0,6,6,12
POLICY_DEVELOPMENT,BALANCED_STRICT_FDR,PRIMARY_PAIRWISE,0.06,12,0.45,12,5,0.0,0.0,0.0,1.0,1.0,0.0,0.8333333333333334,0.0,0.0,0,12,12,24
POLICY_DEVELOPMENT,BALANCED_STRICT_FDR,PRIMARY_PAIRWISE,0.06,12,0.45,40,1,0.0,0.0,0.0,1.0,1.0,0.0,0.95,0.0,0.0,0,40,40,80
POLICY_DEVELOPMENT,BALANCED_STRICT_FDR,PRIMARY_PAIRWISE,0.06,12,0.45,40,3,0.0,0.0,0.0,1.0,1.0,0.0,0.95,0.0,0.0,0,20,20,40
POLICY_DEVELOPMENT,BALANCED_STRICT_FDR,PRIMARY_PAIRWISE,0.06,12,0.85,1,3,0.0,0.0,0.0,1.0,1.0,0.0,1.0,0.0,0.0,0,4,0,4
POLICY_DEVELOPMENT,BALANCED_STRICT_FDR,PRIMARY_PAIRWISE,0.06,12,0.85,12,1,0.0,0.0,0.0,1.0,1.0,0.0,1.0,0.0,0.0,0,6,6,12
POLICY_DEVELOPMENT,BALANCED_STRICT_FDR,PRIMARY_PAIRWISE,0.06,12,0.85,40,5,0.0,0.0,0.0,1.0,1.0,0.0,1.0,0.0,0.0,0,40,40,80
POLICY_DEVELOPMENT,BALANCED_STRICT_FDR,PRIMARY_PAIRWISE,0.06,36,0.45,1,3,0.0,0.0,0.0,1.0,1.0,0.0,1.0,0.0,0.0,0,2,0,2
POLICY_DEVELOPMENT,BALANCED_STRICT_FDR,PRIMARY_PAIRWISE,0.06,36,0.45,12,3,0.0,0.0,1.0,0.5,0.0,0.009440751072763804,0.8333333333333334,1.0,1.0,6,6,6,12
POLICY_DEVELOPMENT,BALANCED_STRICT_FDR,PRIMARY_PAIRWISE,0.06,36,0.45,40,1,0.0,0.0,0.0,1.0,1.0,0.0,0.975,0.0,0.0,0,40,40,80
POLICY_DEVELOPMENT,BALANCED_STRICT_FDR,PRIMARY_PAIRWISE,0.06,36,0.45,40,5,0.0,0.0,0.0,1.0,1.0,0.0,0.775,0.0,0.0,0,20,20,40
POLICY_DEVELOPMENT,BALANCED_STRICT_FDR,PRIMARY_PAIRWISE,0.06,36,0.85,1,1,0.0,0.0,0.0,1.0,1.0,0.0,0.0,0.0,0.0,0,2,0,2
POLICY_DEVELOPMENT,BALANCED_STRICT_FDR,PRIMARY_PAIRWISE,0.06,36,0.85,12,5,0.0,0.0,0.3333333333333333,0.8333333333333334,0.6666666666666667,0.004879753967227129,1.0,1.0,0.3333333333333333,6,18,18,36
POLICY_DEVELOPMENT,BALANCED_STRICT_FDR,PRIMARY_PAIRWISE,0.06,36,0.85,40,3,0.0,0.0,0.0,1.0,1.0,0.0,0.9875,0.0,0.0,0,40,40,80
POLICY_DEVELOPMENT,BALANCED_STRICT_FDR,PRIMARY_PAIRWISE,0.06,96,0.45,1,1,0.0,0.0,0.0,1.0,1.0,0.0,0.0,0.0,0.0,0,1,0,1
POLICY_DEVELOPMENT,BALANCED_STRICT_FDR,PRIMARY_PAIRWISE,0.06,96,0.45,1,3,0.0,0.0,0.0,1.0,1.0,0.0,1.0,0.0,0.0,0,2,0,2
POLICY_DEVELOPMENT,BALANCED_STRICT_FDR,PRIMARY_PAIRWISE,0.06,96,0.45,12,5,0.0,0.0,0.0,1.0,1.0,0.0,1.0,0.0,0.0,0,12,12,24
POLICY_DEVELOPMENT,BALANCED_STRICT_FDR,PRIMARY_PAIRWISE,0.06,96,0.45,40,3,0.0,0.0,0.9,0.55,0.09999999999999998,0.011173693689871301,0.8,1.0,0.9,18,20,20,40
POLICY_DEVELOPMENT,BALANCED_STRICT_FDR,PRIMARY_PAIRWISE,0.06,96,0.45,40,5,0.0,0.0,0.0,1.0,1.0,0.0,0.95,0.0,0.0,0,20,20,40
POLICY_DEVELOPMENT,BALANCED_STRICT_FDR,PRIMARY_PAIRWISE,0.06,96,0.85,1,5,0.0,0.0,0.0,1.0,1.0,0.0,1.0,0.0,0.0,0,1,0,1
POLICY_DEVELOPMENT,BALANCED_STRICT_FDR,PRIMARY_PAIRWISE,0.06,96,0.85,12,3,0.0,0.0,0.5,0.75,0.5,0.025560194447515294,0.7083333333333334,1.0,0.5,6,12,12,24
POLICY_DEVELOPMENT,BALANCED_STRICT_FDR,PRIMARY_PAIRWISE,0.06,96,0.85,40,1,0.0,0.0,0.7333333333333333,0.6333333333333333,0.2666666666666667,0.005684683511386359,1.0,1.0,0.7333333333333333,44,60,60,120
POLICY_DEVELOPMENT,BALANCED_STRICT_FDR,REPAIR,0.0,12,0.05,1,3,0.0,0.0,0.0,1.0,1.0,0.0,0.0,0.0,0.0,0,0,1,1
POLICY_DEVELOPMENT,BALANCED_STRICT_FDR,REPAIR,0.0,12,0.05,1,5,0.0,0.0,0.0,1.0,1.0,0.0,1.0,0.0,0.0,0,0,2,2
POLICY_DEVELOPMENT,BALANCED_STRICT_FDR,REPAIR,0.0,12,0.05,12,1,0.0,0.0,0.0,1.0,1.0,0.0,0.8333333333333334,0.0,0.0,0,0,12,12
POLICY_DEVELOPMENT,BALANCED_STRICT_FDR,REPAIR,0.0,12,0.05,12,3,0.0,0.0,0.0,1.0,1.0,0.0,1.0,0.0,0.0,0,0,12,12
POLICY_DEVELOPMENT,BALANCED_STRICT_FDR,REPAIR,0.0,12,0.05,40,1,0.0,0.0,0.0,1.0,1.0,0.0,0.8625,0.0,0.0,0,0,80,80
POLICY_DEVELOPMENT,BALANCED_STRICT_FDR,REPAIR,0.0,12,0.85,1,1,0.0,0.0,0.0,1.0,1.0,0.0,1.0,0.0,0.0,0,0,1,1
POLICY_DEVELOPMENT,BALANCED_STRICT_FDR,REPAIR,0.0,12,0.85,12,1,0.0,0.0,0.0,1.0,1.0,0.0,1.0,0.0,0.0,0,0,12,12
POLICY_DEVELOPMENT,BALANCED_STRICT_FDR,REPAIR,0.0,12,0.85,12,5,0.0,0.0,0.0,1.0,1.0,0.0,1.0,0.0,0.0,0,0,12,12
POLICY_DEVELOPMENT,BALANCED_STRICT_FDR,REPAIR,0.0,12,0.85,40,3,0.0,0.0,0.0,1.0,1.0,0.0,0.85,0.0,0.0,0,0,120,120
POLICY_DEVELOPMENT,BALANCED_STRICT_FDR,REPAIR,0.0,36,0.05,1,3,0.0,0.0,0.0,1.0,1.0,0.0,1.0,0.0,0.0,0,0,1,1
POLICY_DEVELOPMENT,BALANCED_STRICT_FDR,REPAIR,0.0,36,0.05,12,1,0.0,0.0,0.0,1.0,1.0,0.0,0.9444444444444444,0.0,0.0,0,0,36,36
POLICY_DEVELOPMENT,BALANCED_STRICT_FDR,REPAIR,0.0,36,0.05,40,3,0.0,0.0,0.0,1.0,1.0,0.0,0.925,0.0,0.0,0,0,80,80
POLICY_DEVELOPMENT,BALANCED_STRICT_FDR,REPAIR,0.0,36,0.85,1,5,0.0,0.0,0.0,1.0,1.0,0.0,1.0,0.0,0.0,0,0,3,3
POLICY_DEVELOPMENT,BALANCED_STRICT_FDR,REPAIR,0.0,36,0.85,12,3,0.0,0.0,0.0,1.0,1.0,0.0,1.0,0.0,0.0,0,0,12,12
POLICY_DEVELOPMENT,BALANCED_STRICT_FDR,REPAIR,0.0,36,0.85,40,1,0.0,0.0,0.0,1.0,1.0,0.0,1.0,0.0,0.0,0,0,80,80
POLICY_DEVELOPMENT,BALANCED_STRICT_FDR,REPAIR,0.0,36,0.85,40,3,0.0,0.0,0.0,1.0,1.0,0.0,1.0,0.0,0.0,0,0,40,40
POLICY_DEVELOPMENT,BALANCED_STRICT_FDR,REPAIR,0.0,96,0.05,1,1,0.0,0.0,0.0,1.0,1.0,0.0,1.0,0.0,0.0,0,0,1,1
POLICY_DEVELOPMENT,BALANCED_STRICT_FDR,REPAIR,0.0,96,0.05,1,5,0.0,0.0,0.0,1.0,1.0,0.0,1.0,0.0,0.0,0,0,1,1
POLICY_DEVELOPMENT,BALANCED_STRICT_FDR,REPAIR,0.0,96,0.05,12,5,0.0,0.0,0.0,1.0,1.0,0.0,1.0,0.0,0.0,0,0,12,12
POLICY_DEVELOPMENT,BALANCED_STRICT_FDR,REPAIR,0.0,96,0.05,40,1,0.0,0.0,0.0,1.0,1.0,0.0,0.975,0.0,0.0,0,0,40,40
POLICY_DEVELOPMENT,BALANCED_STRICT_FDR,REPAIR,0.0,96,0.05,40,3,0.0,0.0,0.0,1.0,1.0,0.0,0.925,0.0,0.0,0,0,120,120
POLICY_DEVELOPMENT,BALANCED_STRICT_FDR,REPAIR,0.0,96,0.85,1,3,0.0,0.0,0.0,1.0,1.0,0.0,0.5,0.0,0.0,0,0,2,2
POLICY_DEVELOPMENT,BALANCED_STRICT_FDR,REPAIR,0.0,96,0.85,12,1,0.0,0.0,0.0,1.0,1.0,0.0,1.0,0.0,0.0,0,0,36,36
POLICY_DEVELOPMENT,BALANCED_STRICT_FDR,REPAIR,0.0,96,0.85,40,1,0.0,0.0,0.0,1.0,1.0,0.0,0.5,0.0,0.0,0,0,40,40
POLICY_DEVELOPMENT,BALANCED_STRICT_FDR,REPAIR,0.0,96,0.85,40,5,0.0,0.0,0.0,1.0,1.0,0.0,0.95,0.0,0.0,0,0,40,40
POLICY_DEVELOPMENT,BALANCED_STRICT_FDR,REPAIR,0.025,12,0.45,1,5,0.0,0.0,0.0,1.0,1.0,0.0,1.0,0.0,0.0,0,3,0,3
POLICY_DEVELOPMENT,BALANCED_STRICT_FDR,REPAIR,0.025,12,0.45,12,1,0.0,0.0,0.0,1.0,1.0,0.0,0.9166666666666666,0.0,0.0,0,6,6,12
POLICY_DEVELOPMENT,BALANCED_STRICT_FDR,REPAIR,0.025,12,0.45,12,3,0.0,0.0,0.0,1.0,1.0,0.0,0.6666666666666666,0.0,0.0,0,6,6,12
POLICY_DEVELOPMENT,BALANCED_STRICT_FDR,REPAIR,0.025,12,0.45,40,1,0.0,0.0,0.0,1.0,1.0,0.0,0.9625,0.0,0.0,0,40,40,80
POLICY_DEVELOPMENT,BALANCED_STRICT_FDR,REPAIR,0.025,12,0.85,1,1,0.0,0.0,0.0,1.0,1.0,0.0,1.0,0.0,0.0,0,1,0,1
POLICY_DEVELOPMENT,BALANCED_STRICT_FDR,REPAIR,0.025,12,0.85,1,3,0.0,0.0,0.0,1.0,1.0,0.0,1.0,0.0,0.0,0,1,0,1
POLICY_DEVELOPMENT,BALANCED_STRICT_FDR,REPAIR,0.025,12,0.85,12,1,0.0,0.0,0.0,1.0,1.0,0.0,1.0,0.0,0.0,0,6,6,12
POLICY_DEVELOPMENT,BALANCED_STRICT_FDR,REPAIR,0.025,12,0.85,12,5,0.0,0.0,0.0,1.0,1.0,0.0,1.0,0.0,0.0,0,6,6,12
POLICY_DEVELOPMENT,BALANCED_STRICT_FDR,REPAIR,0.025,12,0.85,40,3,0.0,0.0,0.0,1.0,1.0,0.0,1.0,0.0,0.0,0,40,40,80
POLICY_DEVELOPMENT,BALANCED_STRICT_FDR,REPAIR,0.025,36,0.45,1,3,0.0,0.0,0.0,1.0,1.0,0.0,1.0,0.0,0.0,0,2,0,2
POLICY_DEVELOPMENT,BALANCED_STRICT_FDR,REPAIR,0.025,36,0.45,12,1,0.0,0.0,0.0,1.0,1.0,0.0,0.8888888888888888,0.0,0.0,0,18,18,36
POLICY_DEVELOPMENT,BALANCED_STRICT_FDR,REPAIR,0.025,36,0.45,40,5,0.0,0.0,0.0,1.0,1.0,0.0,0.825,0.0,0.0,0,20,20,40
POLICY_DEVELOPMENT,BALANCED_STRICT_FDR,REPAIR,0.025,36,0.85,1,5,0.0,0.0,0.0,1.0,1.0,0.0,1.0,0.0,0.0,0,3,0,3
POLICY_DEVELOPMENT,BALANCED_STRICT_FDR,REPAIR,0.025,36,0.85,12,3,0.0,0.0,0.0,1.0,1.0,0.0,1.0,0.0,0.0,0,6,6,12
POLICY_DEVELOPMENT,BALANCED_STRICT_FDR,REPAIR,0.025,36,0.85,40,1,0.0,0.0,0.0,1.0,1.0,0.0,1.0,0.0,0.0,0,40,40,80
POLICY_DEVELOPMENT,BALANCED_STRICT_FDR,REPAIR,0.025,36,0.85,40,3,0.65,0.8590411442754751,1.0,0.17500000000000004,0.0,0.09717817302344521,0.025,0.6060606060606061,1.0,33,20,20,40
POLICY_DEVELOPMENT,BALANCED_STRICT_FDR,REPAIR,0.025,96,0.45,1,1,0.0,0.0,0.0,1.0,1.0,0.0,1.0,0.0,0.0,0,1,0,1
POLICY_DEVELOPMENT,BALANCED_STRICT_FDR,REPAIR,0.025,96,0.45,1,5,0.0,0.0,0.0,1.0,1.0,0.0,1.0,0.0,0.0,0,1,0,1
POLICY_DEVELOPMENT,BALANCED_STRICT_FDR,REPAIR,0.025,96,0.45,12,5,0.0,0.0,0.0,1.0,1.0,0.0,1.0,0.0,0.0,0,6,6,12
POLICY_DEVELOPMENT,BALANCED_STRICT_FDR,REPAIR,0.025,96,0.45,40,1,0.0,0.0,0.0,1.0,1.0,0.0,0.95,0.0,0.0,0,20,20,40
POLICY_DEVELOPMENT,BALANCED_STRICT_FDR,REPAIR,0.025,96,0.45,40,3,0.0,0.0,0.03333333333333333,0.9833333333333333,0.9666666666666667,0.025324944509275815,0.9583333333333334,1.0,0.03333333333333333,2,60,60,120
POLICY_DEVELOPMENT,BALANCED_STRICT_FDR,REPAIR,0.025,96,0.85,1,3,0.0,0.0,1.0,0.0,0.0,0.009458475758098411,1.0,1.0,1.0,1,1,0,1
POLICY_DEVELOPMENT,BALANCED_STRICT_FDR,REPAIR,0.025,96,0.85,1,5,0.0,0.0,0.5,0.5,0.5,0.013226428053576877,0.5,1.0,0.5,1,2,0,2
POLICY_DEVELOPMENT,BALANCED_STRICT_FDR,REPAIR,0.025,96,0.85,12,1,0.0,0.0,0.1111111111111111,0.9444444444444444,0.8888888888888888,0.006061892564915532,0.8888888888888888,1.0,0.1111111111111111,2,18,18,36
POLICY_DEVELOPMENT,BALANCED_STRICT_FDR,REPAIR,0.025,96,0.85,40,1,0.0,0.0,0.0,1.0,1.0,0.0,1.0,0.0,0.0,0,20,20,40
POLICY_DEVELOPMENT,BALANCED_STRICT_FDR,REPAIR,0.06,12,0.05,1,3,0.0,0.0,0.0,1.0,1.0,0.0,1.0,0.0,0.0,0,1,0,1
POLICY_DEVELOPMENT,BALANCED_STRICT_FDR,REPAIR,0.06,12,0.05,12,1,0.0,0.0,0.0,1.0,1.0,0.0,0.875,0.0,0.0,0,12,12,24
POLICY_DEVELOPMENT,BALANCED_STRICT_FDR,REPAIR,0.06,12,0.05,12,5,0.0,0.0,0.0,1.0,1.0,0.0,1.0,0.0,0.0,0,6,6,12
POLICY_DEVELOPMENT,BALANCED_STRICT_FDR,REPAIR,0.06,12,0.05,40,3,0.0,0.0,0.0,1.0,1.0,0.0,0.9,0.0,0.0,0,40,40,80
POLICY_DEVELOPMENT,BALANCED_STRICT_FDR,REPAIR,0.06,12,0.45,1,5,0.0,0.0,0.0,1.0,1.0,0.0,0.6666666666666666,0.0,0.0,0,3,0,3
POLICY_DEVELOPMENT,BALANCED_STRICT_FDR,REPAIR,0.06,12,0.45,12,3,0.0,0.0,0.0,1.0,1.0,0.0,0.9583333333333334,0.0,0.0,0,12,12,24
POLICY_DEVELOPMENT,BALANCED_STRICT_FDR,REPAIR,0.06,12,0.45,40,1,0.0,0.0,0.0,1.0,1.0,0.0,0.9625,0.0,0.0,0,40,40,80
POLICY_DEVELOPMENT,BALANCED_STRICT_FDR,REPAIR,0.06,36,0.05,1,5,0.0,0.0,0.0,1.0,1.0,0.0,1.0,0.0,0.0,0,2,0,2
POLICY_DEVELOPMENT,BALANCED_STRICT_FDR,REPAIR,0.06,36,0.05,12,3,0.0,0.0,0.0,1.0,1.0,0.0,1.0,0.0,0.0,0,6,6,12
POLICY_DEVELOPMENT,BALANCED_STRICT_FDR,REPAIR,0.06,36,0.05,12,5,0.0,0.0,0.0,1.0,1.0,0.0,1.0,0.0,0.0,0,6,6,12
POLICY_DEVELOPMENT,BALANCED_STRICT_FDR,REPAIR,0.06,36,0.05,40,1,0.0,0.0,0.0,1.0,1.0,0.0,0.95,0.0,0.0,0,20,20,40
POLICY_DEVELOPMENT,BALANCED_STRICT_FDR,REPAIR,0.06,36,0.05,40,3,0.0,0.0,0.0,1.0,1.0,0.0,0.9375,0.0,0.0,0,40,40,80
POLICY_DEVELOPMENT,BALANCED_STRICT_FDR,REPAIR,0.06,36,0.45,1,3,0.0,0.0,0.0,1.0,1.0,0.0,1.0,0.0,0.0,0,2,0,2
POLICY_DEVELOPMENT,BALANCED_STRICT_FDR,REPAIR,0.06,36,0.45,12,1,0.0,0.0,0.2777777777777778,0.8611111111111112,0.7222222222222222,0.01127042225864025,0.9166666666666666,1.0,0.2777777777777778,5,18,18,36
POLICY_DEVELOPMENT,BALANCED_STRICT_FDR,REPAIR,0.06,36,0.45,40,5,0.0,0.0,0.0,1.0,1.0,0.0,0.875,0.0,0.0,0,20,20,40
POLICY_DEVELOPMENT,BALANCED_STRICT_FDR,REPAIR,0.06,96,0.05,1,3,0.0,0.0,0.0,1.0,1.0,0.0,0.0,0.0,0.0,0,1,0,1
POLICY_DEVELOPMENT,BALANCED_STRICT_FDR,REPAIR,0.06,96,0.05,1,5,0.0,0.0,0.0,1.0,1.0,0.0,0.5,0.0,0.0,0,2,0,2
POLICY_DEVELOPMENT,BALANCED_STRICT_FDR,REPAIR,0.06,96,0.05,12,1,0.08333333333333333,0.23971309426686854,0.5,0.7083333333333333,0.5,0.008375479579790904,0.875,0.8571428571428571,0.5,7,12,12,24
POLICY_DEVELOPMENT,BALANCED_STRICT_FDR,REPAIR,0.06,96,0.05,12,3,0.0,0.0,0.0,1.0,1.0,0.0,0.9166666666666666,0.0,0.0,0,6,6,12
POLICY_DEVELOPMENT,BALANCED_STRICT_FDR,REPAIR,0.06,96,0.05,40,1,0.0,0.0,0.0,1.0,1.0,0.0,0.9,0.0,0.0,0,20,20,40
POLICY_DEVELOPMENT,BALANCED_STRICT_FDR,REPAIR,0.06,96,0.45,1,1,0.0,0.0,0.0,1.0,1.0,0.0,1.0,0.0,0.0,0,1,0,1
POLICY_DEVELOPMENT,BALANCED_STRICT_FDR,REPAIR,0.06,96,0.45,12,5,0.0,0.0,0.16666666666666666,0.9166666666666666,0.8333333333333334,0.016308894842619496,0.7083333333333334,1.0,0.16666666666666666,2,12,12,24
POLICY_DEVELOPMENT,BALANCED_STRICT_FDR,REPAIR,0.06,96,0.45,40,3,0.0,0.0,0.75,0.625,0.25,0.007511823465076365,0.925,1.0,0.75,60,80,80,160
POLICY_DEVELOPMENT,BALANCED_STRICT_FDR,THRESHOLD_PASS,0.0,12,0.05,1,3,0.0,0.0,0.0,1.0,1.0,0.0,1.0,0.0,0.0,0,0,1,1
POLICY_DEVELOPMENT,BALANCED_STRICT_FDR,THRESHOLD_PASS,0.0,12,0.05,1,5,0.0,0.0,0.0,1.0,1.0,0.0,1.0,0.0,0.0,0,0,2,2
POLICY_DEVELOPMENT,BALANCED_STRICT_FDR,THRESHOLD_PASS,0.0,12,0.05,12,1,0.0,0.0,0.0,1.0,1.0,0.0,0.75,0.0,0.0,0,0,12,12
POLICY_DEVELOPMENT,BALANCED_STRICT_FDR,THRESHOLD_PASS,0.0,12,0.05,12,3,0.0,0.0,0.0,1.0,1.0,0.0,0.9166666666666666,0.0,0.0,0,0,12,12
POLICY_DEVELOPMENT,BALANCED_STRICT_FDR,THRESHOLD_PASS,0.0,12,0.05,40,1,0.0,0.0,0.0,1.0,1.0,0.0,0.925,0.0,0.0,0,0,80,80
POLICY_DEVELOPMENT,BALANCED_STRICT_FDR,THRESHOLD_PASS,0.0,12,0.85,1,1,0.0,0.0,0.0,1.0,1.0,0.0,1.0,0.0,0.0,0,0,1,1
POLICY_DEVELOPMENT,BALANCED_STRICT_FDR,THRESHOLD_PASS,0.0,12,0.85,12,1,0.0,0.0,0.0,1.0,1.0,0.0,1.0,0.0,0.0,0,0,12,12
POLICY_DEVELOPMENT,BALANCED_STRICT_FDR,THRESHOLD_PASS,0.0,12,0.85,12,5,0.0,0.0,0.0,1.0,1.0,0.0,1.0,0.0,0.0,0,0,12,12
POLICY_DEVELOPMENT,BALANCED_STRICT_FDR,THRESHOLD_PASS,0.0,12,0.85,40,3,0.0,0.0,0.0,1.0,1.0,0.0,0.9333333333333333,0.0,0.0,0,0,120,120
POLICY_DEVELOPMENT,BALANCED_STRICT_FDR,THRESHOLD_PASS,0.0,36,0.05,1,3,0.0,0.0,0.0,1.0,1.0,0.0,1.0,0.0,0.0,0,0,1,1
POLICY_DEVELOPMENT,BALANCED_STRICT_FDR,THRESHOLD_PASS,0.0,36,0.05,12,1,0.0,0.0,0.0,1.0,1.0,0.0,0.9166666666666666,0.0,0.0,0,0,36,36
POLICY_DEVELOPMENT,BALANCED_STRICT_FDR,THRESHOLD_PASS,0.0,36,0.05,40,3,0.0,0.0,0.0,1.0,1.0,0.0,0.875,0.0,0.0,0,0,80,80
POLICY_DEVELOPMENT,BALANCED_STRICT_FDR,THRESHOLD_PASS,0.0,36,0.85,1,5,0.0,0.0,0.0,1.0,1.0,0.0,0.6666666666666666,0.0,0.0,0,0,3,3
POLICY_DEVELOPMENT,BALANCED_STRICT_FDR,THRESHOLD_PASS,0.0,36,0.85,12,3,0.0,0.0,0.0,1.0,1.0,0.0,0.6666666666666666,0.0,0.0,0,0,12,12
POLICY_DEVELOPMENT,BALANCED_STRICT_FDR,THRESHOLD_PASS,0.0,36,0.85,40,1,0.0,0.0,0.0,1.0,1.0,0.0,1.0,0.0,0.0,0,0,80,80
POLICY_DEVELOPMENT,BALANCED_STRICT_FDR,THRESHOLD_PASS,0.0,36,0.85,40,3,0.0,0.0,0.0,1.0,1.0,0.0,1.0,0.0,0.0,0,0,40,40
POLICY_DEVELOPMENT,BALANCED_STRICT_FDR,THRESHOLD_PASS,0.0,96,0.05,1,1,0.0,0.0,0.0,1.0,1.0,0.0,1.0,0.0,0.0,0,0,1,1
POLICY_DEVELOPMENT,BALANCED_STRICT_FDR,THRESHOLD_PASS,0.0,96,0.05,1,5,0.0,0.0,0.0,1.0,1.0,0.0,1.0,0.0,0.0,0,0,1,1
POLICY_DEVELOPMENT,BALANCED_STRICT_FDR,THRESHOLD_PASS,0.0,96,0.05,12,5,0.0,0.0,0.0,1.0,1.0,0.0,0.8333333333333334,0.0,0.0,0,0,12,12
POLICY_DEVELOPMENT,BALANCED_STRICT_FDR,THRESHOLD_PASS,0.0,96,0.05,40,1,0.0,0.0,0.0,1.0,1.0,0.0,0.9,0.0,0.0,0,0,40,40
POLICY_DEVELOPMENT,BALANCED_STRICT_FDR,THRESHOLD_PASS,0.0,96,0.05,40,3,0.0,0.0,0.0,1.0,1.0,0.0,0.875,0.0,0.0,0,0,120,120
POLICY_DEVELOPMENT,BALANCED_STRICT_FDR,THRESHOLD_PASS,0.0,96,0.85,1,3,0.0,0.0,0.0,1.0,1.0,0.0,1.0,0.0,0.0,0,0,2,2
POLICY_DEVELOPMENT,BALANCED_STRICT_FDR,THRESHOLD_PASS,0.0,96,0.85,12,1,0.0,0.0,0.0,1.0,1.0,0.0,0.7777777777777778,0.0,0.0,0,0,36,36
POLICY_DEVELOPMENT,BALANCED_STRICT_FDR,THRESHOLD_PASS,0.0,96,0.85,40,1,0.0,0.0,0.0,1.0,1.0,0.0,1.0,0.0,0.0,0,0,40,40
POLICY_DEVELOPMENT,BALANCED_STRICT_FDR,THRESHOLD_PASS,0.0,96,0.85,40,5,0.0,0.0,0.0,1.0,1.0,0.0,1.0,0.0,0.0,0,0,40,40
POLICY_DEVELOPMENT,BALANCED_STRICT_FDR,THRESHOLD_PASS,0.025,12,0.45,1,5,0.0,0.0,0.0,1.0,1.0,0.0,1.0,0.0,0.0,0,3,0,3
POLICY_DEVELOPMENT,BALANCED_STRICT_FDR,THRESHOLD_PASS,0.025,12,0.45,12,1,0.0,0.0,0.0,1.0,1.0,0.0,1.0,0.0,0.0,0,6,6,12
POLICY_DEVELOPMENT,BALANCED_STRICT_FDR,THRESHOLD_PASS,0.025,12,0.45,12,3,0.0,0.0,0.0,1.0,1.0,0.0,1.0,0.0,0.0,0,6,6,12
POLICY_DEVELOPMENT,BALANCED_STRICT_FDR,THRESHOLD_PASS,0.025,12,0.45,40,1,0.0,0.0,0.0,1.0,1.0,0.0,0.975,0.0,0.0,0,40,40,80
POLICY_DEVELOPMENT,BALANCED_STRICT_FDR,THRESHOLD_PASS,0.025,12,0.85,1,1,0.0,0.0,0.0,1.0,1.0,0.0,1.0,0.0,0.0,0,1,0,1
POLICY_DEVELOPMENT,BALANCED_STRICT_FDR,THRESHOLD_PASS,0.025,12,0.85,1,3,0.0,0.0,0.0,1.0,1.0,0.0,1.0,0.0,0.0,0,1,0,1
POLICY_DEVELOPMENT,BALANCED_STRICT_FDR,THRESHOLD_PASS,0.025,12,0.85,12,1,0.0,0.0,0.0,1.0,1.0,0.0,1.0,0.0,0.0,0,6,6,12
POLICY_DEVELOPMENT,BALANCED_STRICT_FDR,THRESHOLD_PASS,0.025,12,0.85,12,5,0.0,0.0,0.0,1.0,1.0,0.0,1.0,0.0,0.0,0,6,6,12
POLICY_DEVELOPMENT,BALANCED_STRICT_FDR,THRESHOLD_PASS,0.025,12,0.85,40,3,0.0,0.0,0.0,1.0,1.0,0.0,1.0,0.0,0.0,0,40,40,80
POLICY_DEVELOPMENT,BALANCED_STRICT_FDR,THRESHOLD_PASS,0.025,36,0.45,1,3,0.0,0.0,0.0,1.0,1.0,0.0,1.0,0.0,0.0,0,2,0,2
POLICY_DEVELOPMENT,BALANCED_STRICT_FDR,THRESHOLD_PASS,0.025,36,0.45,12,1,0.0,0.0,0.0,1.0,1.0,0.0,0.9166666666666666,0.0,0.0,0,18,18,36
POLICY_DEVELOPMENT,BALANCED_STRICT_FDR,THRESHOLD_PASS,0.025,36,0.45,40,5,0.0,0.0,0.0,1.0,1.0,0.0,0.525,0.0,0.0,0,20,20,40
POLICY_DEVELOPMENT,BALANCED_STRICT_FDR,THRESHOLD_PASS,0.025,36,0.85,1,5,0.0,0.0,0.0,1.0,1.0,0.0,1.0,0.0,0.0,0,3,0,3
POLICY_DEVELOPMENT,BALANCED_STRICT_FDR,THRESHOLD_PASS,0.025,36,0.85,12,3,0.0,0.0,0.0,1.0,1.0,0.0,1.0,0.0,0.0,0,6,6,12
POLICY_DEVELOPMENT,BALANCED_STRICT_FDR,THRESHOLD_PASS,0.025,36,0.85,40,1,0.0,0.0,0.0,1.0,1.0,0.0,1.0,0.0,0.0,0,40,40,80
POLICY_DEVELOPMENT,BALANCED_STRICT_FDR,THRESHOLD_PASS,0.025,36,0.85,40,3,0.0,0.0,0.0,1.0,1.0,0.0,1.0,0.0,0.0,0,20,20,40
POLICY_DEVELOPMENT,BALANCED_STRICT_FDR,THRESHOLD_PASS,0.025,96,0.45,1,1,0.0,0.0,0.0,1.0,1.0,0.0,1.0,0.0,0.0,0,1,0,1
POLICY_DEVELOPMENT,BALANCED_STRICT_FDR,THRESHOLD_PASS,0.025,96,0.45,1,5,0.0,0.0,0.0,1.0,1.0,0.0,1.0,0.0,0.0,0,1,0,1
POLICY_DEVELOPMENT,BALANCED_STRICT_FDR,THRESHOLD_PASS,0.025,96,0.45,12,5,0.0,0.0,0.6666666666666666,0.6666666666666667,0.33333333333333337,0.0038646854566546695,0.9166666666666666,1.0,0.6666666666666666,4,6,6,12
POLICY_DEVELOPMENT,BALANCED_STRICT_FDR,THRESHOLD_PASS,0.025,96,0.45,40,1,0.0,0.0,0.0,1.0,1.0,0.0,0.975,0.0,0.0,0,20,20,40
POLICY_DEVELOPMENT,BALANCED_STRICT_FDR,THRESHOLD_PASS,0.025,96,0.45,40,3,0.0,0.0,0.05,0.975,0.95,0.028241952534317345,0.75,1.0,0.05,3,60,60,120
POLICY_DEVELOPMENT,BALANCED_STRICT_FDR,THRESHOLD_PASS,0.025,96,0.85,1,3,0.0,0.0,0.0,1.0,1.0,0.0,0.0,0.0,0.0,0,1,0,1
POLICY_DEVELOPMENT,BALANCED_STRICT_FDR,THRESHOLD_PASS,0.025,96,0.85,1,5,0.0,0.0,0.5,0.5,0.5,0.00439704273845477,1.0,1.0,0.5,1,2,0,2
POLICY_DEVELOPMENT,BALANCED_STRICT_FDR,THRESHOLD_PASS,0.025,96,0.85,12,1,0.0,0.0,0.0,1.0,1.0,0.0,0.9722222222222222,0.0,0.0,0,18,18,36
POLICY_DEVELOPMENT,BALANCED_STRICT_FDR,THRESHOLD_PASS,0.025,96,0.85,40,1,0.0,0.0,0.0,1.0,1.0,0.0,1.0,0.0,0.0,0,20,20,40
POLICY_DEVELOPMENT,BALANCED_STRICT_FDR,THRESHOLD_PASS,0.06,12,0.05,1,3,0.0,0.0,0.0,1.0,1.0,0.0,1.0,0.0,0.0,0,1,0,1
POLICY_DEVELOPMENT,BALANCED_STRICT_FDR,THRESHOLD_PASS,0.06,12,0.05,12,1,0.0,0.0,0.0,1.0,1.0,0.0,1.0,0.0,0.0,0,12,12,24
POLICY_DEVELOPMENT,BALANCED_STRICT_FDR,THRESHOLD_PASS,0.06,12,0.05,12,5,0.0,0.0,0.0,1.0,1.0,0.0,1.0,0.0,0.0,0,6,6,12
POLICY_DEVELOPMENT,BALANCED_STRICT_FDR,THRESHOLD_PASS,0.06,12,0.05,40,3,0.0,0.0,0.0,1.0,1.0,0.0,0.8875,0.0,0.0,0,40,40,80
POLICY_DEVELOPMENT,BALANCED_STRICT_FDR,THRESHOLD_PASS,0.06,12,0.45,1,5,0.0,0.0,0.0,1.0,1.0,0.0,1.0,0.0,0.0,0,3,0,3
POLICY_DEVELOPMENT,BALANCED_STRICT_FDR,THRESHOLD_PASS,0.06,12,0.45,12,3,0.0,0.0,0.0,1.0,1.0,0.0,0.9166666666666666,0.0,0.0,0,12,12,24
POLICY_DEVELOPMENT,BALANCED_STRICT_FDR,THRESHOLD_PASS,0.06,12,0.45,40,1,0.0,0.0,0.0,1.0,1.0,0.0,0.8875,0.0,0.0,0,40,40,80
POLICY_DEVELOPMENT,BALANCED_STRICT_FDR,THRESHOLD_PASS,0.06,36,0.05,1,5,0.0,0.0,0.0,1.0,1.0,0.0,1.0,0.0,0.0,0,2,0,2
POLICY_DEVELOPMENT,BALANCED_STRICT_FDR,THRESHOLD_PASS,0.06,36,0.05,12,3,0.0,0.0,1.0,0.5,0.0,0.02233492787198728,0.8333333333333334,1.0,1.0,6,6,6,12
POLICY_DEVELOPMENT,BALANCED_STRICT_FDR,THRESHOLD_PASS,0.06,36,0.05,12,5,0.0,0.0,0.0,1.0,1.0,0.0,1.0,0.0,0.0,0,6,6,12
POLICY_DEVELOPMENT,BALANCED_STRICT_FDR,THRESHOLD_PASS,0.06,36,0.05,40,1,0.0,0.0,0.0,1.0,1.0,0.0,0.9,0.0,0.0,0,20,20,40
POLICY_DEVELOPMENT,BALANCED_STRICT_FDR,THRESHOLD_PASS,0.06,36,0.05,40,3,0.0,0.0,0.0,1.0,1.0,0.0,0.875,0.0,0.0,0,40,40,80
POLICY_DEVELOPMENT,BALANCED_STRICT_FDR,THRESHOLD_PASS,0.06,36,0.45,1,3,0.0,0.0,0.5,0.5,0.5,0.007924377238418087,1.0,1.0,0.5,1,2,0,2
POLICY_DEVELOPMENT,BALANCED_STRICT_FDR,THRESHOLD_PASS,0.06,36,0.45,12,1,0.0,0.0,0.3888888888888889,0.8055555555555556,0.6111111111111112,0.009641398362400466,1.0,1.0,0.3888888888888889,7,18,18,36
POLICY_DEVELOPMENT,BALANCED_STRICT_FDR,THRESHOLD_PASS,0.06,36,0.45,40,5,0.0,0.0,0.0,1.0,1.0,0.0,0.95,0.0,0.0,0,20,20,40
POLICY_DEVELOPMENT,BALANCED_STRICT_FDR,THRESHOLD_PASS,0.06,96,0.05,1,3,0.0,0.0,0.0,1.0,1.0,0.0,1.0,0.0,0.0,0,1,0,1
POLICY_DEVELOPMENT,BALANCED_STRICT_FDR,THRESHOLD_PASS,0.06,96,0.05,1,5,0.0,0.0,0.5,0.5,0.5,0.008948420451572216,1.0,1.0,0.5,1,2,0,2
POLICY_DEVELOPMENT,BALANCED_STRICT_FDR,THRESHOLD_PASS,0.06,96,0.05,12,1,0.0,0.0,0.5,0.75,0.5,0.012607526331963952,0.9166666666666666,1.0,0.5,6,12,12,24
POLICY_DEVELOPMENT,BALANCED_STRICT_FDR,THRESHOLD_PASS,0.06,96,0.05,12,3,0.0,0.0,1.0,0.5,0.0,0.009648437861733939,0.9166666666666666,1.0,1.0,6,6,6,12
POLICY_DEVELOPMENT,BALANCED_STRICT_FDR,THRESHOLD_PASS,0.06,96,0.05,40,1,0.0,0.0,0.0,1.0,1.0,0.0,0.9,0.0,0.0,0,20,20,40
POLICY_DEVELOPMENT,BALANCED_STRICT_FDR,THRESHOLD_PASS,0.06,96,0.45,1,1,0.0,0.0,0.0,1.0,1.0,0.0,1.0,0.0,0.0,0,1,0,1
POLICY_DEVELOPMENT,BALANCED_STRICT_FDR,THRESHOLD_PASS,0.06,96,0.45,12,5,0.0,0.0,0.4166666666666667,0.7916666666666666,0.5833333333333333,0.010219463645258088,0.875,1.0,0.4166666666666667,5,12,12,24
POLICY_DEVELOPMENT,BALANCED_STRICT_FDR,THRESHOLD_PASS,0.06,96,0.45,40,3,0.0,0.0,0.7125,0.64375,0.2875,0.009685672109083084,0.93125,1.0,0.7125,57,80,80,160
POLICY_DEVELOPMENT,BALANCED_STRICT_FDR,TOP_K,0.0,12,0.45,1,3,0.0,0.0,0.0,1.0,1.0,0.0,1.0,0.0,0.0,0,0,1,1
POLICY_DEVELOPMENT,BALANCED_STRICT_FDR,TOP_K,0.0,12,0.45,12,1,0.0,0.0,0.0,1.0,1.0,0.0,1.0,0.0,0.0,0,0,24,24
POLICY_DEVELOPMENT,BALANCED_STRICT_FDR,TOP_K,0.0,12,0.45,12,3,0.0,0.0,0.0,1.0,1.0,0.0,0.75,0.0,0.0,0,0,12,12
POLICY_DEVELOPMENT,BALANCED_STRICT_FDR,TOP_K,0.0,12,0.45,40,5,0.0,0.0,0.0,1.0,1.0,0.0,0.8166666666666667,0.0,0.0,0,0,120,120
POLICY_DEVELOPMENT,BALANCED_STRICT_FDR,TOP_K,0.0,12,0.85,1,1,0.0,0.0,0.0,1.0,1.0,0.0,1.0,0.0,0.0,0,0,3,3
POLICY_DEVELOPMENT,BALANCED_STRICT_FDR,TOP_K,0.0,12,0.85,12,3,0.0,0.0,0.0,1.0,1.0,0.0,1.0,0.0,0.0,0,0,24,24
POLICY_DEVELOPMENT,BALANCED_STRICT_FDR,TOP_K,0.0,12,0.85,40,3,0.0,0.0,0.0,1.0,1.0,0.0,0.925,0.0,0.0,0,0,40,40
POLICY_DEVELOPMENT,BALANCED_STRICT_FDR,TOP_K,0.0,36,0.45,1,1,0.0,0.0,0.0,1.0,1.0,0.0,1.0,0.0,0.0,0,0,3,3
POLICY_DEVELOPMENT,BALANCED_STRICT_FDR,TOP_K,0.0,36,0.45,12,1,0.0,0.0,0.0,1.0,1.0,0.0,1.0,0.0,0.0,0,0,12,12
POLICY_DEVELOPMENT,BALANCED_STRICT_FDR,TOP_K,0.0,36,0.45,12,5,0.0,0.0,0.0,1.0,1.0,0.0,0.6666666666666666,0.0,0.0,0,0,12,12
POLICY_DEVELOPMENT,BALANCED_STRICT_FDR,TOP_K,0.0,36,0.45,40,3,0.175,0.2582639627930355,0.0,0.825,1.0,0.07406270175172423,0.6875,0.0,0.0,14,0,80,80
POLICY_DEVELOPMENT,BALANCED_STRICT_FDR,TOP_K,0.0,36,0.85,1,5,0.0,0.0,0.0,1.0,1.0,0.0,1.0,0.0,0.0,0,0,1,1
POLICY_DEVELOPMENT,BALANCED_STRICT_FDR,TOP_K,0.0,36,0.85,12,1,0.0,0.0,0.0,1.0,1.0,0.0,1.0,0.0,0.0,0,0,12,12
POLICY_DEVELOPMENT,BALANCED_STRICT_FDR,TOP_K,0.0,36,0.85,12,3,0.0,0.0,0.0,1.0,1.0,0.0,1.0,0.0,0.0,0,0,36,36
POLICY_DEVELOPMENT,BALANCED_STRICT_FDR,TOP_K,0.0,36,0.85,40,1,0.0,0.0,0.0,1.0,1.0,0.0,0.9,0.0,0.0,0,0,40,40
POLICY_DEVELOPMENT,BALANCED_STRICT_FDR,TOP_K,0.0,36,0.85,40,5,0.0,0.0,0.0,1.0,1.0,0.0,0.975,0.0,0.0,0,0,40,40
POLICY_DEVELOPMENT,BALANCED_STRICT_FDR,TOP_K,0.0,96,0.45,1,1,0.0,0.0,0.0,1.0,1.0,0.0,1.0,0.0,0.0,0,0,1,1
POLICY_DEVELOPMENT,BALANCED_STRICT_FDR,TOP_K,0.0,96,0.45,1,5,0.0,0.0,0.0,1.0,1.0,0.0,1.0,0.0,0.0,0,0,1,1
POLICY_DEVELOPMENT,BALANCED_STRICT_FDR,TOP_K,0.0,96,0.45,12,3,0.0,0.0,0.0,1.0,1.0,0.0,0.8611111111111112,0.0,0.0,0,0,36,36
POLICY_DEVELOPMENT,BALANCED_STRICT_FDR,TOP_K,0.0,96,0.45,40,1,0.0,0.0,0.0,1.0,1.0,0.0,0.925,0.0,0.0,0,0,40,40
POLICY_DEVELOPMENT,BALANCED_STRICT_FDR,TOP_K,0.0,96,0.85,1,1,0.0,0.0,0.0,1.0,1.0,0.0,1.0,0.0,0.0,0,0,1,1
POLICY_DEVELOPMENT,BALANCED_STRICT_FDR,TOP_K,0.0,96,0.85,1,3,0.0,0.0,0.0,1.0,1.0,0.0,1.0,0.0,0.0,0,0,1,1
POLICY_DEVELOPMENT,BALANCED_STRICT_FDR,TOP_K,0.0,96,0.85,12,1,0.0,0.0,0.0,1.0,1.0,0.0,0.9583333333333334,0.0,0.0,0,0,24,24
POLICY_DEVELOPMENT,BALANCED_STRICT_FDR,TOP_K,0.0,96,0.85,40,3,0.0,0.0,0.0,1.0,1.0,0.0,0.55,0.0,0.0,0,0,40,40
POLICY_DEVELOPMENT,BALANCED_STRICT_FDR,TOP_K,0.0,96,0.85,40,5,0.0,0.0,0.0,1.0,1.0,0.0,1.0,0.0,0.0,0,0,80,80
POLICY_DEVELOPMENT,BALANCED_STRICT_FDR,TOP_K,0.025,12,0.05,1,1,0.0,0.0,0.0,1.0,1.0,0.0,0.6666666666666666,0.0,0.0,0,3,0,3
POLICY_DEVELOPMENT,BALANCED_STRICT_FDR,TOP_K,0.025,12,0.05,12,5,0.0,0.0,0.0,1.0,1.0,0.0,0.8333333333333334,0.0,0.0,0,6,6,12
POLICY_DEVELOPMENT,BALANCED_STRICT_FDR,TOP_K,0.025,12,0.05,40,3,0.0,0.0,0.0,1.0,1.0,0.0,0.9625,0.0,0.0,0,40,40,80
POLICY_DEVELOPMENT,BALANCED_STRICT_FDR,TOP_K,0.025,12,0.45,1,3,0.0,0.0,0.0,1.0,1.0,0.0,1.0,0.0,0.0,0,1,0,1
POLICY_DEVELOPMENT,BALANCED_STRICT_FDR,TOP_K,0.025,12,0.45,12,1,0.0,0.0,0.0,1.0,1.0,0.0,1.0,0.0,0.0,0,12,12,24
POLICY_DEVELOPMENT,BALANCED_STRICT_FDR,TOP_K,0.025,12,0.45,12,3,0.0,0.0,0.0,1.0,1.0,0.0,0.75,0.0,0.0,0,6,6,12
POLICY_DEVELOPMENT,BALANCED_STRICT_FDR,TOP_K,0.025,12,0.45,40,5,0.0,0.0,0.0,1.0,1.0,0.0,0.875,0.0,0.0,0,60,60,120
POLICY_DEVELOPMENT,BALANCED_STRICT_FDR,TOP_K,0.025,36,0.05,1,5,0.0,0.0,1.0,0.0,0.0,0.01333099787634151,1.0,1.0,1.0,1,1,0,1
POLICY_DEVELOPMENT,BALANCED_STRICT_FDR,TOP_K,0.025,36,0.05,12,1,0.0,0.0,0.0,1.0,1.0,0.0,0.9166666666666666,0.0,0.0,0,6,6,12
POLICY_DEVELOPMENT,BALANCED_STRICT_FDR,TOP_K,0.025,36,0.05,12,3,0.0,0.0,0.0,1.0,1.0,0.0,0.9166666666666666,0.0,0.0,0,18,18,36
POLICY_DEVELOPMENT,BALANCED_STRICT_FDR,TOP_K,0.025,36,0.05,40,1,0.0,0.0,0.0,1.0,1.0,0.0,0.975,0.0,0.0,0,20,20,40
POLICY_DEVELOPMENT,BALANCED_STRICT_FDR,TOP_K,0.025,36,0.05,40,5,0.0,0.0,0.0,1.0,1.0,0.0,0.925,0.0,0.0,0,20,20,40
POLICY_DEVELOPMENT,BALANCED_STRICT_FDR,TOP_K,0.025,36,0.45,1,1,0.0,0.0,0.0,1.0,1.0,0.0,1.0,0.0,0.0,0,3,0,3
POLICY_DEVELOPMENT,BALANCED_STRICT_FDR,TOP_K,0.025,36,0.45,12,1,0.0,0.0,0.0,1.0,1.0,0.0,1.0,0.0,0.0,0,6,6,12
POLICY_DEVELOPMENT,BALANCED_STRICT_FDR,TOP_K,0.025,36,0.45,40,3,0.0,0.0,0.0,1.0,1.0,0.0,0.975,0.0,0.0,0,20,20,40
POLICY_DEVELOPMENT,BALANCED_STRICT_FDR,TOP_K,0.025,36,0.45,40,5,0.0,0.0,0.1,0.95,0.9,0.025756401401197643,0.9625,1.0,0.1,4,40,40,80
POLICY_DEVELOPMENT,BALANCED_STRICT_FDR,TOP_K,0.025,96,0.05,1,1,0.0,0.0,0.0,1.0,1.0,0.0,1.0,0.0,0.0,0,1,0,1
POLICY_DEVELOPMENT,BALANCED_STRICT_FDR,TOP_K,0.025,96,0.05,1,3,0.0,0.0,0.0,1.0,1.0,0.0,0.0,0.0,0.0,0,1,0,1
POLICY_DEVELOPMENT,BALANCED_STRICT_FDR,TOP_K,0.025,96,0.05,12,1,0.0,0.0,0.0,1.0,1.0,0.0,1.0,0.0,0.0,0,12,12,24
POLICY_DEVELOPMENT,BALANCED_STRICT_FDR,TOP_K,0.025,96,0.05,40,5,0.0,0.0,0.21666666666666667,0.8916666666666666,0.7833333333333333,0.009140260364280405,0.9,1.0,0.21666666666666667,13,60,60,120
POLICY_DEVELOPMENT,BALANCED_STRICT_FDR,TOP_K,0.025,96,0.45,1,1,0.0,0.0,0.0,1.0,1.0,0.0,1.0,0.0,0.0,0,1,0,1
POLICY_DEVELOPMENT,BALANCED_STRICT_FDR,TOP_K,0.025,96,0.45,1,5,0.0,0.0,1.0,0.0,0.0,0.013731035914003271,1.0,1.0,1.0,1,1,0,1
POLICY_DEVELOPMENT,BALANCED_STRICT_FDR,TOP_K,0.025,96,0.45,12,3,0.0,0.0,0.0,1.0,1.0,0.0,0.9583333333333334,0.0,0.0,0,12,12,24
POLICY_DEVELOPMENT,BALANCED_STRICT_FDR,TOP_K,0.025,96,0.45,40,1,0.0,0.0,0.0,1.0,1.0,0.0,0.975,0.0,0.0,0,20,20,40
POLICY_DEVELOPMENT,BALANCED_STRICT_FDR,TOP_K,0.025,96,0.45,40,3,0.0,0.0,0.45,0.775,0.55,0.0028345893309440168,1.0,1.0,0.45,9,20,20,40
POLICY_DEVELOPMENT,BALANCED_STRICT_FDR,TOP_K,0.06,12,0.05,1,1,0.0,0.0,0.0,1.0,1.0,0.0,1.0,0.0,0.0,0,3,0,3
POLICY_DEVELOPMENT,BALANCED_STRICT_FDR,TOP_K,0.06,12,0.05,12,5,0.0,0.0,0.0,1.0,1.0,0.0,0.5833333333333334,0.0,0.0,0,6,6,12
POLICY_DEVELOPMENT,BALANCED_STRICT_FDR,TOP_K,0.06,12,0.05,40,3,0.0,0.0,0.0,1.0,1.0,0.0,0.9375,0.0,0.0,0,40,40,80
POLICY_DEVELOPMENT,BALANCED_STRICT_FDR,TOP_K,0.06,12,0.85,1,3,0.0,0.0,0.0,1.0,1.0,0.0,1.0,0.0,0.0,0,1,0,1
POLICY_DEVELOPMENT,BALANCED_STRICT_FDR,TOP_K,0.06,12,0.85,1,5,0.0,0.0,0.0,1.0,1.0,0.0,1.0,0.0,0.0,0,1,0,1
POLICY_DEVELOPMENT,BALANCED_STRICT_FDR,TOP_K,0.06,12,0.85,12,1,0.0,0.0,0.0,1.0,1.0,0.0,1.0,0.0,0.0,0,6,6,12
POLICY_DEVELOPMENT,BALANCED_STRICT_FDR,TOP_K,0.06,12,0.85,12,3,0.0,0.0,0.0,1.0,1.0,0.0,0.9583333333333334,0.0,0.0,0,12,12,24
POLICY_DEVELOPMENT,BALANCED_STRICT_FDR,TOP_K,0.06,12,0.85,40,5,0.0,0.0,0.0,1.0,1.0,0.0,1.0,0.0,0.0,0,40,40,80
POLICY_DEVELOPMENT,BALANCED_STRICT_FDR,TOP_K,0.06,36,0.05,1,5,0.0,0.0,0.0,1.0,1.0,0.0,1.0,0.0,0.0,0,2,0,2
POLICY_DEVELOPMENT,BALANCED_STRICT_FDR,TOP_K,0.06,36,0.05,12,3,0.0,0.0,0.4166666666666667,0.7916666666666666,0.5833333333333333,0.012879967821351746,0.8958333333333334,1.0,0.4166666666666667,10,24,24,48
POLICY_DEVELOPMENT,BALANCED_STRICT_FDR,TOP_K,0.06,36,0.05,40,1,0.0,0.0,0.0,1.0,1.0,0.0,0.875,0.0,0.0,0,20,20,40
POLICY_DEVELOPMENT,BALANCED_STRICT_FDR,TOP_K,0.06,36,0.85,1,1,0.0,0.0,0.0,1.0,1.0,0.0,0.0,0.0,0.0,0,2,0,2
POLICY_DEVELOPMENT,BALANCED_STRICT_FDR,TOP_K,0.06,36,0.85,1,3,0.0,0.0,1.0,0.0,0.0,0.0032496987302067445,1.0,1.0,1.0,1,1,0,1
POLICY_DEVELOPMENT,BALANCED_STRICT_FDR,TOP_K,0.06,36,0.85,12,1,0.0,0.0,0.0,1.0,1.0,0.0,1.0,0.0,0.0,0,6,6,12
POLICY_DEVELOPMENT,BALANCED_STRICT_FDR,TOP_K,0.06,36,0.85,40,3,0.0,0.0,0.0,1.0,1.0,0.0,1.0,0.0,0.0,0,20,20,40
POLICY_DEVELOPMENT,BALANCED_STRICT_FDR,TOP_K,0.06,36,0.85,40,5,0.0,0.0,0.5,0.75,0.5,0.00950880758707125,1.0,1.0,0.5,20,40,40,80
POLICY_DEVELOPMENT,BALANCED_STRICT_FDR,TOP_K,0.06,96,0.05,1,3,0.0,0.0,0.5,0.5,0.5,0.002824142991959301,1.0,1.0,0.5,1,2,0,2
POLICY_DEVELOPMENT,BALANCED_STRICT_FDR,TOP_K,0.06,96,0.05,12,1,0.0,0.0,0.5,0.75,0.5,0.002605950112761119,0.9583333333333334,1.0,0.5,6,12,12,24
POLICY_DEVELOPMENT,BALANCED_STRICT_FDR,TOP_K,0.06,96,0.05,40,5,0.0,0.0,0.5833333333333334,0.7083333333333333,0.41666666666666663,0.007687827600334435,0.8916666666666667,1.0,0.5833333333333334,35,60,60,120
POLICY_DEVELOPMENT,BALANCED_STRICT_FDR,TOP_K,0.06,96,0.85,1,1,0.0,0.0,0.5,0.5,0.5,0.025265433088861575,1.0,1.0,0.5,1,2,0,2
POLICY_DEVELOPMENT,BALANCED_STRICT_FDR,TOP_K,0.06,96,0.85,1,5,0.0,0.0,0.0,1.0,1.0,0.0,1.0,0.0,0.0,0,1,0,1
POLICY_DEVELOPMENT,BALANCED_STRICT_FDR,TOP_K,0.06,96,0.85,12,3,0.0,0.0,0.0,1.0,1.0,0.0,1.0,0.0,0.0,0,12,12,24
POLICY_DEVELOPMENT,BALANCED_STRICT_FDR,TOP_K,0.06,96,0.85,40,3,0.0,0.0,1.0,0.5,0.0,0.0032375554762953465,1.0,1.0,1.0,20,20,20,40
POLICY_DEVELOPMENT,BALANCED_STRICT_FDR,TRANSPORT,0.0,12,0.45,1,3,0.0,0.0,0.0,1.0,1.0,0.0,1.0,0.0,0.0,0,0,1,1
POLICY_DEVELOPMENT,BALANCED_STRICT_FDR,TRANSPORT,0.0,12,0.45,12,1,0.0,0.0,0.0,1.0,1.0,0.0,1.0,0.0,0.0,0,0,24,24
POLICY_DEVELOPMENT,BALANCED_STRICT_FDR,TRANSPORT,0.0,12,0.45,12,3,0.0,0.0,0.0,1.0,1.0,0.0,0.9166666666666666,0.0,0.0,0,0,12,12
POLICY_DEVELOPMENT,BALANCED_STRICT_FDR,TRANSPORT,0.0,12,0.45,40,5,0.0,0.0,0.0,1.0,1.0,0.0,0.8916666666666667,0.0,0.0,0,0,120,120
POLICY_DEVELOPMENT,BALANCED_STRICT_FDR,TRANSPORT,0.0,12,0.85,1,1,0.0,0.0,0.0,1.0,1.0,0.0,1.0,0.0,0.0,0,0,3,3
POLICY_DEVELOPMENT,BALANCED_STRICT_FDR,TRANSPORT,0.0,12,0.85,12,3,0.0,0.0,0.0,1.0,1.0,0.0,1.0,0.0,0.0,0,0,24,24
POLICY_DEVELOPMENT,BALANCED_STRICT_FDR,TRANSPORT,0.0,12,0.85,40,3,0.0,0.0,0.0,1.0,1.0,0.0,1.0,0.0,0.0,0,0,40,40
POLICY_DEVELOPMENT,BALANCED_STRICT_FDR,TRANSPORT,0.0,36,0.45,1,1,0.0,0.0,0.0,1.0,1.0,0.0,1.0,0.0,0.0,0,0,3,3
POLICY_DEVELOPMENT,BALANCED_STRICT_FDR,TRANSPORT,0.0,36,0.45,12,1,0.0,0.0,0.0,1.0,1.0,0.0,1.0,0.0,0.0,0,0,12,12
POLICY_DEVELOPMENT,BALANCED_STRICT_FDR,TRANSPORT,0.0,36,0.45,12,5,0.0,0.0,0.0,1.0,1.0,0.0,1.0,0.0,0.0,0,0,12,12
POLICY_DEVELOPMENT,BALANCED_STRICT_FDR,TRANSPORT,0.0,36,0.45,40,3,0.0,0.0,0.0,1.0,1.0,0.0,0.8625,0.0,0.0,0,0,80,80
POLICY_DEVELOPMENT,BALANCED_STRICT_FDR,TRANSPORT,0.0,36,0.85,1,5,0.0,0.0,0.0,1.0,1.0,0.0,1.0,0.0,0.0,0,0,1,1
POLICY_DEVELOPMENT,BALANCED_STRICT_FDR,TRANSPORT,0.0,36,0.85,12,1,0.0,0.0,0.0,1.0,1.0,0.0,1.0,0.0,0.0,0,0,12,12
POLICY_DEVELOPMENT,BALANCED_STRICT_FDR,TRANSPORT,0.0,36,0.85,12,3,0.0,0.0,0.0,1.0,1.0,0.0,1.0,0.0,0.0,0,0,36,36
POLICY_DEVELOPMENT,BALANCED_STRICT_FDR,TRANSPORT,0.0,36,0.85,40,1,0.0,0.0,0.0,1.0,1.0,0.0,1.0,0.0,0.0,0,0,40,40
POLICY_DEVELOPMENT,BALANCED_STRICT_FDR,TRANSPORT,0.0,36,0.85,40,5,0.0,0.0,0.0,1.0,1.0,0.0,1.0,0.0,0.0,0,0,40,40
POLICY_DEVELOPMENT,BALANCED_STRICT_FDR,TRANSPORT,0.0,96,0.45,1,1,0.0,0.0,0.0,1.0,1.0,0.0,1.0,0.0,0.0,0,0,1,1
POLICY_DEVELOPMENT,BALANCED_STRICT_FDR,TRANSPORT,0.0,96,0.45,1,5,0.0,0.0,0.0,1.0,1.0,0.0,1.0,0.0,0.0,0,0,1,1
POLICY_DEVELOPMENT,BALANCED_STRICT_FDR,TRANSPORT,0.0,96,0.45,12,3,0.0,0.0,0.0,1.0,1.0,0.0,0.8055555555555556,0.0,0.0,0,0,36,36
POLICY_DEVELOPMENT,BALANCED_STRICT_FDR,TRANSPORT,0.0,96,0.45,40,1,0.0,0.0,0.0,1.0,1.0,0.0,0.925,0.0,0.0,0,0,40,40
POLICY_DEVELOPMENT,BALANCED_STRICT_FDR,TRANSPORT,0.0,96,0.85,1,1,0.0,0.0,0.0,1.0,1.0,0.0,1.0,0.0,0.0,0,0,1,1
POLICY_DEVELOPMENT,BALANCED_STRICT_FDR,TRANSPORT,0.0,96,0.85,1,3,0.0,0.0,0.0,1.0,1.0,0.0,1.0,0.0,0.0,0,0,1,1
POLICY_DEVELOPMENT,BALANCED_STRICT_FDR,TRANSPORT,0.0,96,0.85,12,1,0.0,0.0,0.0,1.0,1.0,0.0,1.0,0.0,0.0,0,0,24,24
POLICY_DEVELOPMENT,BALANCED_STRICT_FDR,TRANSPORT,0.0,96,0.85,40,3,0.0,0.0,0.0,1.0,1.0,0.0,1.0,0.0,0.0,0,0,40,40
POLICY_DEVELOPMENT,BALANCED_STRICT_FDR,TRANSPORT,0.0,96,0.85,40,5,0.0,0.0,0.0,1.0,1.0,0.0,1.0,0.0,0.0,0,0,80,80
POLICY_DEVELOPMENT,BALANCED_STRICT_FDR,TRANSPORT,0.025,12,0.05,1,1,0.0,0.0,0.0,1.0,1.0,0.0,0.6666666666666666,0.0,0.0,0,2,1,3
POLICY_DEVELOPMENT,BALANCED_STRICT_FDR,TRANSPORT,0.025,12,0.05,12,5,0.0,0.0,0.0,1.0,1.0,0.0,0.8333333333333334,0.0,0.0,0,6,6,12
POLICY_DEVELOPMENT,BALANCED_STRICT_FDR,TRANSPORT,0.025,12,0.05,40,3,0.0,0.0,0.0,1.0,1.0,0.0,0.8875,0.0,0.0,0,40,40,80
POLICY_DEVELOPMENT,BALANCED_STRICT_FDR,TRANSPORT,0.025,12,0.45,1,3,0.0,0.0,0.0,1.0,1.0,0.0,1.0,0.0,0.0,0,1,0,1
POLICY_DEVELOPMENT,BALANCED_STRICT_FDR,TRANSPORT,0.025,12,0.45,12,1,0.0,0.0,0.0,1.0,1.0,0.0,0.9166666666666666,0.0,0.0,0,12,12,24
POLICY_DEVELOPMENT,BALANCED_STRICT_FDR,TRANSPORT,0.025,12,0.45,12,3,0.0,0.0,0.0,1.0,1.0,0.0,1.0,0.0,0.0,0,6,6,12
POLICY_DEVELOPMENT,BALANCED_STRICT_FDR,TRANSPORT,0.025,12,0.45,40,5,0.0,0.0,0.0,1.0,1.0,0.0,0.8416666666666667,0.0,0.0,0,60,60,120
POLICY_DEVELOPMENT,BALANCED_STRICT_FDR,TRANSPORT,0.025,36,0.05,1,5,0.0,0.0,0.0,1.0,1.0,0.0,1.0,0.0,0.0,0,1,0,1
POLICY_DEVELOPMENT,BALANCED_STRICT_FDR,TRANSPORT,0.025,36,0.05,12,1,0.0,0.0,0.0,1.0,1.0,0.0,1.0,0.0,0.0,0,0,12,12
POLICY_DEVELOPMENT,BALANCED_STRICT_FDR,TRANSPORT,0.025,36,0.05,12,3,0.0,0.0,0.0,1.0,1.0,0.0,0.9444444444444444,0.0,0.0,0,18,18,36
POLICY_DEVELOPMENT,BALANCED_STRICT_FDR,TRANSPORT,0.025,36,0.05,40,1,0.0,0.0,0.0,1.0,1.0,0.0,0.925,0.0,0.0,0,0,40,40
POLICY_DEVELOPMENT,BALANCED_STRICT_FDR,TRANSPORT,0.025,36,0.05,40,5,0.0,0.0,0.0,1.0,1.0,0.0,0.925,0.0,0.0,0,20,20,40
POLICY_DEVELOPMENT,BALANCED_STRICT_FDR,TRANSPORT,0.025,36,0.45,1,1,0.0,0.0,0.0,1.0,1.0,0.0,1.0,0.0,0.0,0,3,0,3
POLICY_DEVELOPMENT,BALANCED_STRICT_FDR,TRANSPORT,0.025,36,0.45,12,1,0.0,0.0,0.0,1.0,1.0,0.0,1.0,0.0,0.0,0,6,6,12
POLICY_DEVELOPMENT,BALANCED_STRICT_FDR,TRANSPORT,0.025,36,0.45,40,3,0.0,0.0,0.0,1.0,1.0,0.0,0.975,0.0,0.0,0,20,20,40
POLICY_DEVELOPMENT,BALANCED_STRICT_FDR,TRANSPORT,0.025,36,0.45,40,5,0.0,0.0,0.0,1.0,1.0,0.0,0.85,0.0,0.0,0,40,40,80
POLICY_DEVELOPMENT,BALANCED_STRICT_FDR,TRANSPORT,0.025,96,0.05,1,1,0.0,0.0,0.0,1.0,1.0,0.0,1.0,0.0,0.0,0,1,0,1
POLICY_DEVELOPMENT,BALANCED_STRICT_FDR,TRANSPORT,0.025,96,0.05,1,3,0.0,0.0,0.0,1.0,1.0,0.0,1.0,0.0,0.0,0,1,0,1
POLICY_DEVELOPMENT,BALANCED_STRICT_FDR,TRANSPORT,0.025,96,0.05,12,1,0.0,0.0,0.0,1.0,1.0,0.0,1.0,0.0,0.0,0,6,18,24
POLICY_DEVELOPMENT,BALANCED_STRICT_FDR,TRANSPORT,0.025,96,0.05,40,5,0.0,0.0,0.11666666666666667,0.9416666666666667,0.8833333333333333,0.0062993392793003035,0.9333333333333333,1.0,0.11666666666666667,7,60,60,120
POLICY_DEVELOPMENT,BALANCED_STRICT_FDR,TRANSPORT,0.025,96,0.45,1,1,0.0,0.0,0.0,1.0,1.0,0.0,1.0,0.0,0.0,0,1,0,1
POLICY_DEVELOPMENT,BALANCED_STRICT_FDR,TRANSPORT,0.025,96,0.45,1,5,0.0,0.0,0.0,1.0,1.0,0.0,1.0,0.0,0.0,0,1,0,1
POLICY_DEVELOPMENT,BALANCED_STRICT_FDR,TRANSPORT,0.025,96,0.45,12,3,0.0,0.0,0.08333333333333333,0.9583333333333334,0.9166666666666666,0.02236092324791989,0.9166666666666666,1.0,0.08333333333333333,1,12,12,24
POLICY_DEVELOPMENT,BALANCED_STRICT_FDR,TRANSPORT,0.025,96,0.45,40,1,0.0,0.0,0.0,1.0,1.0,0.0,0.9,0.0,0.0,0,20,20,40
POLICY_DEVELOPMENT,BALANCED_STRICT_FDR,TRANSPORT,0.025,96,0.45,40,3,0.0,0.0,0.85,0.575,0.15000000000000002,0.009827006646340722,0.925,1.0,0.85,17,20,20,40
POLICY_DEVELOPMENT,BALANCED_STRICT_FDR,TRANSPORT,0.06,12,0.05,1,1,0.0,0.0,0.0,1.0,1.0,0.0,1.0,0.0,0.0,0,3,0,3
POLICY_DEVELOPMENT,BALANCED_STRICT_FDR,TRANSPORT,0.06,12,0.05,12,5,0.0,0.0,0.0,1.0,1.0,0.0,0.6666666666666666,0.0,0.0,0,6,6,12
POLICY_DEVELOPMENT,BALANCED_STRICT_FDR,TRANSPORT,0.06,12,0.05,40,3,0.0,0.0,0.0,1.0,1.0,0.0,0.9375,0.0,0.0,0,40,40,80
POLICY_DEVELOPMENT,BALANCED_STRICT_FDR,TRANSPORT,0.06,12,0.85,1,3,0.0,0.0,0.0,1.0,1.0,0.0,1.0,0.0,0.0,0,1,0,1
POLICY_DEVELOPMENT,BALANCED_STRICT_FDR,TRANSPORT,0.06,12,0.85,1,5,0.0,0.0,0.0,1.0,1.0,0.0,0.0,0.0,0.0,0,1,0,1
POLICY_DEVELOPMENT,BALANCED_STRICT_FDR,TRANSPORT,0.06,12,0.85,12,1,0.0,0.0,0.0,1.0,1.0,0.0,0.9166666666666666,0.0,0.0,0,6,6,12
POLICY_DEVELOPMENT,BALANCED_STRICT_FDR,TRANSPORT,0.06,12,0.85,12,3,0.0,0.0,0.0,1.0,1.0,0.0,1.0,0.0,0.0,0,6,18,24
POLICY_DEVELOPMENT,BALANCED_STRICT_FDR,TRANSPORT,0.06,12,0.85,40,5,0.0,0.0,0.0,1.0,1.0,0.0,1.0,0.0,0.0,0,40,40,80
POLICY_DEVELOPMENT,BALANCED_STRICT_FDR,TRANSPORT,0.06,36,0.05,1,5,0.0,0.0,0.5,0.5,0.5,0.0043310177662899685,0.5,1.0,0.5,1,2,0,2
POLICY_DEVELOPMENT,BALANCED_STRICT_FDR,TRANSPORT,0.06,36,0.05,12,3,0.0,0.0,0.5416666666666666,0.7291666666666667,0.45833333333333337,0.009980969220582904,0.9791666666666666,1.0,0.5416666666666666,13,24,24,48
POLICY_DEVELOPMENT,BALANCED_STRICT_FDR,TRANSPORT,0.06,36,0.05,40,1,0.0,0.0,0.0,1.0,1.0,0.0,0.925,0.0,0.0,0,20,20,40
POLICY_DEVELOPMENT,BALANCED_STRICT_FDR,TRANSPORT,0.06,36,0.85,1,1,0.0,0.0,0.0,1.0,1.0,0.0,0.5,0.0,0.0,0,2,0,2
POLICY_DEVELOPMENT,BALANCED_STRICT_FDR,TRANSPORT,0.06,36,0.85,1,3,0.0,0.0,0.0,1.0,1.0,0.0,1.0,0.0,0.0,0,0,1,1
POLICY_DEVELOPMENT,BALANCED_STRICT_FDR,TRANSPORT,0.06,36,0.85,12,1,0.0,0.0,0.0,1.0,1.0,0.0,0.9166666666666666,0.0,0.0,0,6,6,12
POLICY_DEVELOPMENT,BALANCED_STRICT_FDR,TRANSPORT,0.06,36,0.85,40,3,0.0,0.0,0.0,1.0,1.0,0.0,0.975,0.0,0.0,0,0,40,40
POLICY_DEVELOPMENT,BALANCED_STRICT_FDR,TRANSPORT,0.06,36,0.85,40,5,0.0,0.0,0.475,0.7625,0.525,0.01955331162921819,0.625,1.0,0.475,19,40,40,80
POLICY_DEVELOPMENT,BALANCED_STRICT_FDR,TRANSPORT,0.06,96,0.05,1,3,0.0,0.0,1.0,0.0,0.0,0.003889740352973625,1.0,1.0,1.0,2,2,0,2
POLICY_DEVELOPMENT,BALANCED_STRICT_FDR,TRANSPORT,0.06,96,0.05,12,1,0.0,0.0,0.0,1.0,1.0,0.0,0.9166666666666666,0.0,0.0,0,12,12,24
POLICY_DEVELOPMENT,BALANCED_STRICT_FDR,TRANSPORT,0.06,96,0.05,40,5,0.0,0.0,0.18333333333333332,0.9083333333333333,0.8166666666666667,0.005924002293265504,0.875,1.0,0.18333333333333332,11,60,60,120
POLICY_DEVELOPMENT,BALANCED_STRICT_FDR,TRANSPORT,0.06,96,0.85,1,1,0.0,0.0,0.0,1.0,1.0,0.0,1.0,0.0,0.0,0,2,0,2
POLICY_DEVELOPMENT,BALANCED_STRICT_FDR,TRANSPORT,0.06,96,0.85,1,5,0.0,0.0,1.0,0.0,0.0,0.0026978026528096527,1.0,1.0,1.0,1,1,0,1
POLICY_DEVELOPMENT,BALANCED_STRICT_FDR,TRANSPORT,0.06,96,0.85,12,3,0.0,0.0,1.0,0.75,0.0,0.032310242298001654,0.75,1.0,1.0,6,6,18,24
POLICY_DEVELOPMENT,BALANCED_STRICT_FDR,TRANSPORT,0.06,96,0.85,40,3,0.0,0.0,1.0,0.5,0.0,0.003941176011863283,1.0,1.0,1.0,20,20,20,40
POLICY_DEVELOPMENT,BALANCED_STRICT_REGRET,ITEM_DIAGNOSTICS,0.0,12,0.05,1,1,0.0,0.0,0.0,1.0,1.0,0.0,1.0,0.0,0.0,0,0,1,1
POLICY_DEVELOPMENT,BALANCED_STRICT_REGRET,ITEM_DIAGNOSTICS,0.0,12,0.05,1,5,0.0,0.0,0.0,1.0,1.0,0.0,1.0,0.0,0.0,0,0,1,1
POLICY_DEVELOPMENT,BALANCED_STRICT_REGRET,ITEM_DIAGNOSTICS,0.0,12,0.05,12,3,0.0,0.0,0.0,1.0,1.0,0.0,0.7916666666666666,0.0,0.0,0,0,24,24
POLICY_DEVELOPMENT,BALANCED_STRICT_REGRET,ITEM_DIAGNOSTICS,0.0,12,0.05,40,1,0.0,0.0,0.0,1.0,1.0,0.0,0.9,0.0,0.0,0,0,120,120
POLICY_DEVELOPMENT,BALANCED_STRICT_REGRET,ITEM_DIAGNOSTICS,0.0,12,0.45,1,1,0.0,0.0,0.0,1.0,1.0,0.0,1.0,0.0,0.0,0,0,1,1
POLICY_DEVELOPMENT,BALANCED_STRICT_REGRET,ITEM_DIAGNOSTICS,0.0,12,0.45,1,3,0.0,0.0,0.0,1.0,1.0,0.0,1.0,0.0,0.0,0,0,3,3
POLICY_DEVELOPMENT,BALANCED_STRICT_REGRET,ITEM_DIAGNOSTICS,0.0,12,0.45,12,1,0.0,0.0,0.0,1.0,1.0,0.0,0.4166666666666667,0.0,0.0,0,0,12,12
POLICY_DEVELOPMENT,BALANCED_STRICT_REGRET,ITEM_DIAGNOSTICS,0.0,12,0.45,12,5,0.0,0.0,0.0,1.0,1.0,0.0,1.0,0.0,0.0,0,0,12,12
POLICY_DEVELOPMENT,BALANCED_STRICT_REGRET,ITEM_DIAGNOSTICS,0.0,12,0.45,40,5,0.0,0.0,0.0,1.0,1.0,0.0,0.85,0.0,0.0,0,0,40,40
POLICY_DEVELOPMENT,BALANCED_STRICT_REGRET,ITEM_DIAGNOSTICS,0.0,36,0.05,1,3,0.0,0.0,0.0,1.0,1.0,0.0,0.6666666666666666,0.0,0.0,0,0,3,3
POLICY_DEVELOPMENT,BALANCED_STRICT_REGRET,ITEM_DIAGNOSTICS,0.0,36,0.05,12,1,0.0,0.0,0.0,1.0,1.0,0.0,0.8333333333333334,0.0,0.0,0,0,12,12
POLICY_DEVELOPMENT,BALANCED_STRICT_REGRET,ITEM_DIAGNOSTICS,0.0,36,0.05,40,1,0.0,0.0,0.0,1.0,1.0,0.0,0.8,0.0,0.0,0,0,40,40
POLICY_DEVELOPMENT,BALANCED_STRICT_REGRET,ITEM_DIAGNOSTICS,0.0,36,0.05,40,5,0.0,0.0,0.0,1.0,1.0,0.0,0.875,0.0,0.0,0,0,40,40
POLICY_DEVELOPMENT,BALANCED_STRICT_REGRET,ITEM_DIAGNOSTICS,0.0,36,0.45,1,1,0.0,0.0,0.0,1.0,1.0,0.0,1.0,0.0,0.0,0,0,2,2
POLICY_DEVELOPMENT,BALANCED_STRICT_REGRET,ITEM_DIAGNOSTICS,0.0,36,0.45,12,3,0.0,0.0,0.0,1.0,1.0,0.0,0.8333333333333334,0.0,0.0,0,0,12,12
POLICY_DEVELOPMENT,BALANCED_STRICT_REGRET,ITEM_DIAGNOSTICS,0.0,36,0.45,12,5,0.0,0.0,0.0,1.0,1.0,0.0,0.9166666666666666,0.0,0.0,0,0,24,24
POLICY_DEVELOPMENT,BALANCED_STRICT_REGRET,ITEM_DIAGNOSTICS,0.0,36,0.45,40,1,0.0,0.0,0.0,1.0,1.0,0.0,0.975,0.0,0.0,0,0,40,40
POLICY_DEVELOPMENT,BALANCED_STRICT_REGRET,ITEM_DIAGNOSTICS,0.0,36,0.45,40,3,0.0,0.0,0.0,1.0,1.0,0.0,0.9,0.0,0.0,0,0,40,40
POLICY_DEVELOPMENT,BALANCED_STRICT_REGRET,ITEM_DIAGNOSTICS,0.0,96,0.05,1,1,0.0,0.0,0.0,1.0,1.0,0.0,0.5,0.0,0.0,0,0,2,2
POLICY_DEVELOPMENT,BALANCED_STRICT_REGRET,ITEM_DIAGNOSTICS,0.0,96,0.05,1,3,0.0,0.0,0.0,1.0,1.0,0.0,1.0,0.0,0.0,0,0,1,1
POLICY_DEVELOPMENT,BALANCED_STRICT_REGRET,ITEM_DIAGNOSTICS,0.0,96,0.05,12,5,0.0,0.0,0.0,1.0,1.0,0.0,0.9444444444444444,0.0,0.0,0,0,36,36
POLICY_DEVELOPMENT,BALANCED_STRICT_REGRET,ITEM_DIAGNOSTICS,0.0,96,0.05,40,3,0.0,0.0,0.0,1.0,1.0,0.0,0.9,0.0,0.0,0,0,40,40
POLICY_DEVELOPMENT,BALANCED_STRICT_REGRET,ITEM_DIAGNOSTICS,0.0,96,0.45,1,3,0.0,0.0,0.0,1.0,1.0,0.0,1.0,0.0,0.0,0,0,2,2
POLICY_DEVELOPMENT,BALANCED_STRICT_REGRET,ITEM_DIAGNOSTICS,0.0,96,0.45,12,3,0.0,0.0,0.0,1.0,1.0,0.0,1.0,0.0,0.0,0,0,12,12
POLICY_DEVELOPMENT,BALANCED_STRICT_REGRET,ITEM_DIAGNOSTICS,0.0,96,0.45,40,1,0.0,0.0,0.0,1.0,1.0,0.0,0.8666666666666667,0.0,0.0,0,0,120,120
POLICY_DEVELOPMENT,BALANCED_STRICT_REGRET,ITEM_DIAGNOSTICS,0.025,12,0.05,1,1,0.0,0.0,0.0,1.0,1.0,0.0,1.0,0.0,0.0,0,1,0,1
POLICY_DEVELOPMENT,BALANCED_STRICT_REGRET,ITEM_DIAGNOSTICS,0.025,12,0.05,12,3,0.0,0.0,0.0,1.0,1.0,0.0,0.9166666666666666,0.0,0.0,0,6,6,12
POLICY_DEVELOPMENT,BALANCED_STRICT_REGRET,ITEM_DIAGNOSTICS,0.025,12,0.05,12,5,0.0,0.0,0.0,1.0,1.0,0.0,0.75,0.0,0.0,0,12,12,24
POLICY_DEVELOPMENT,BALANCED_STRICT_REGRET,ITEM_DIAGNOSTICS,0.025,12,0.05,40,1,0.0,0.0,0.0,1.0,1.0,0.0,0.9083333333333333,0.0,0.0,0,60,60,120
POLICY_DEVELOPMENT,BALANCED_STRICT_REGRET,ITEM_DIAGNOSTICS,0.025,12,0.85,1,1,0.0,0.0,0.0,1.0,1.0,0.0,1.0,0.0,0.0,0,1,0,1
POLICY_DEVELOPMENT,BALANCED_STRICT_REGRET,ITEM_DIAGNOSTICS,0.025,12,0.85,1,3,0.0,0.0,0.0,1.0,1.0,0.0,1.0,0.0,0.0,0,3,0,3
POLICY_DEVELOPMENT,BALANCED_STRICT_REGRET,ITEM_DIAGNOSTICS,0.025,12,0.85,12,1,0.0,0.0,0.0,1.0,1.0,0.0,1.0,0.0,0.0,0,6,6,12
POLICY_DEVELOPMENT,BALANCED_STRICT_REGRET,ITEM_DIAGNOSTICS,0.025,12,0.85,12,5,0.0,0.0,0.0,1.0,1.0,0.0,1.0,0.0,0.0,0,6,6,12
POLICY_DEVELOPMENT,BALANCED_STRICT_REGRET,ITEM_DIAGNOSTICS,0.025,12,0.85,40,5,0.0,0.0,0.0,1.0,1.0,0.0,1.0,0.0,0.0,0,20,20,40
POLICY_DEVELOPMENT,BALANCED_STRICT_REGRET,ITEM_DIAGNOSTICS,0.025,36,0.05,1,3,0.0,0.0,0.0,1.0,1.0,0.0,0.5,0.0,0.0,0,2,0,2
POLICY_DEVELOPMENT,BALANCED_STRICT_REGRET,ITEM_DIAGNOSTICS,0.025,36,0.05,12,1,0.0,0.0,0.0,1.0,1.0,0.0,0.8333333333333334,0.0,0.0,0,6,6,12
POLICY_DEVELOPMENT,BALANCED_STRICT_REGRET,ITEM_DIAGNOSTICS,0.025,36,0.05,12,3,0.0,0.0,0.0,1.0,1.0,0.0,0.8333333333333334,0.0,0.0,0,6,6,12
POLICY_DEVELOPMENT,BALANCED_STRICT_REGRET,ITEM_DIAGNOSTICS,0.025,36,0.05,40,1,0.0,0.0,0.0,1.0,1.0,0.0,0.875,0.0,0.0,0,20,20,40
POLICY_DEVELOPMENT,BALANCED_STRICT_REGRET,ITEM_DIAGNOSTICS,0.025,36,0.05,40,5,0.0,0.0,0.0,1.0,1.0,0.0,0.825,0.0,0.0,0,20,20,40
POLICY_DEVELOPMENT,BALANCED_STRICT_REGRET,ITEM_DIAGNOSTICS,0.025,36,0.85,1,1,0.0,0.0,0.0,1.0,1.0,0.0,0.5,0.0,0.0,0,2,0,2
POLICY_DEVELOPMENT,BALANCED_STRICT_REGRET,ITEM_DIAGNOSTICS,0.025,36,0.85,12,5,0.0,0.0,0.2222222222222222,0.8888888888888888,0.7777777777777778,0.017778990327928717,1.0,1.0,0.2222222222222222,4,18,18,36
POLICY_DEVELOPMENT,BALANCED_STRICT_REGRET,ITEM_DIAGNOSTICS,0.025,36,0.85,40,1,0.0,0.0,0.0,1.0,1.0,0.0,0.75,0.0,0.0,0,20,20,40
POLICY_DEVELOPMENT,BALANCED_STRICT_REGRET,ITEM_DIAGNOSTICS,0.025,36,0.85,40,3,0.0,0.0,0.0,1.0,1.0,0.0,1.0,0.0,0.0,0,20,20,40
POLICY_DEVELOPMENT,BALANCED_STRICT_REGRET,ITEM_DIAGNOSTICS,0.025,96,0.05,1,1,0.0,0.0,0.0,1.0,1.0,0.0,1.0,0.0,0.0,0,2,0,2
POLICY_DEVELOPMENT,BALANCED_STRICT_REGRET,ITEM_DIAGNOSTICS,0.025,96,0.05,1,3,0.0,0.0,0.0,1.0,1.0,0.0,1.0,0.0,0.0,0,1,0,1
POLICY_DEVELOPMENT,BALANCED_STRICT_REGRET,ITEM_DIAGNOSTICS,0.025,96,0.05,12,5,0.0,0.0,0.0,1.0,1.0,0.0,0.8611111111111112,0.0,0.0,0,18,18,36
POLICY_DEVELOPMENT,BALANCED_STRICT_REGRET,ITEM_DIAGNOSTICS,0.025,96,0.05,40,3,0.0,0.0,0.65,0.675,0.35,0.006591453586010946,0.925,1.0,0.65,13,20,20,40
POLICY_DEVELOPMENT,BALANCED_STRICT_REGRET,ITEM_DIAGNOSTICS,0.025,96,0.85,1,5,0.0,0.0,0.0,1.0,1.0,0.0,1.0,0.0,0.0,0,1,0,1
POLICY_DEVELOPMENT,BALANCED_STRICT_REGRET,ITEM_DIAGNOSTICS,0.025,96,0.85,12,3,0.0,0.0,0.0,1.0,1.0,0.0,0.75,0.0,0.0,0,12,12,24
POLICY_DEVELOPMENT,BALANCED_STRICT_REGRET,ITEM_DIAGNOSTICS,0.025,96,0.85,40,1,0.0,0.0,0.0,1.0,1.0,0.0,0.8583333333333333,0.0,0.0,0,60,60,120
POLICY_DEVELOPMENT,BALANCED_STRICT_REGRET,ITEM_DIAGNOSTICS,0.06,12,0.45,1,1,0.0,0.0,0.0,1.0,1.0,0.0,0.0,0.0,0.0,0,1,0,1
POLICY_DEVELOPMENT,BALANCED_STRICT_REGRET,ITEM_DIAGNOSTICS,0.06,12,0.45,12,3,0.0,0.0,0.0,1.0,1.0,0.0,1.0,0.0,0.0,0,6,6,12
POLICY_DEVELOPMENT,BALANCED_STRICT_REGRET,ITEM_DIAGNOSTICS,0.06,12,0.45,12,5,0.0,0.0,0.0,1.0,1.0,0.0,0.9166666666666666,0.0,0.0,0,12,12,24
POLICY_DEVELOPMENT,BALANCED_STRICT_REGRET,ITEM_DIAGNOSTICS,0.06,12,0.45,40,1,0.0,0.0,0.0,1.0,1.0,0.0,0.9875,0.0,0.0,0,40,40,80
POLICY_DEVELOPMENT,BALANCED_STRICT_REGRET,ITEM_DIAGNOSTICS,0.06,12,0.45,40,3,0.0,0.0,0.0,1.0,1.0,0.0,1.0,0.0,0.0,0,20,20,40
POLICY_DEVELOPMENT,BALANCED_STRICT_REGRET,ITEM_DIAGNOSTICS,0.06,12,0.85,1,3,0.0,0.0,0.0,1.0,1.0,0.0,0.75,0.0,0.0,0,4,0,4
POLICY_DEVELOPMENT,BALANCED_STRICT_REGRET,ITEM_DIAGNOSTICS,0.06,12,0.85,12,1,0.0,0.0,0.0,1.0,1.0,0.0,1.0,0.0,0.0,0,6,6,12
POLICY_DEVELOPMENT,BALANCED_STRICT_REGRET,ITEM_DIAGNOSTICS,0.06,12,0.85,40,5,0.0,0.0,0.0,1.0,1.0,0.0,0.825,0.0,0.0,0,40,40,80
POLICY_DEVELOPMENT,BALANCED_STRICT_REGRET,ITEM_DIAGNOSTICS,0.06,36,0.45,1,3,0.0,0.0,0.0,1.0,1.0,0.0,1.0,0.0,0.0,0,2,0,2
POLICY_DEVELOPMENT,BALANCED_STRICT_REGRET,ITEM_DIAGNOSTICS,0.06,36,0.45,12,3,0.0,0.0,1.0,0.5,0.0,0.0058191816176726635,1.0,1.0,1.0,6,6,6,12
POLICY_DEVELOPMENT,BALANCED_STRICT_REGRET,ITEM_DIAGNOSTICS,0.06,36,0.45,40,1,0.0,0.0,0.0,1.0,1.0,0.0,0.95,0.0,0.0,0,40,40,80
POLICY_DEVELOPMENT,BALANCED_STRICT_REGRET,ITEM_DIAGNOSTICS,0.06,36,0.45,40,5,0.0,0.0,0.0,1.0,1.0,0.0,0.975,0.0,0.0,0,20,20,40
POLICY_DEVELOPMENT,BALANCED_STRICT_REGRET,ITEM_DIAGNOSTICS,0.06,36,0.85,1,1,0.0,0.0,0.5,0.5,0.5,0.0037498551755947712,1.0,1.0,0.5,1,2,0,2
POLICY_DEVELOPMENT,BALANCED_STRICT_REGRET,ITEM_DIAGNOSTICS,0.06,36,0.85,12,5,0.0,0.0,0.3333333333333333,0.8333333333333334,0.6666666666666667,0.00656578949656502,0.9722222222222222,1.0,0.3333333333333333,6,18,18,36
POLICY_DEVELOPMENT,BALANCED_STRICT_REGRET,ITEM_DIAGNOSTICS,0.06,36,0.85,40,3,0.0,0.0,0.475,0.7625,0.525,0.03921670636030759,0.4875,1.0,0.475,19,40,40,80
POLICY_DEVELOPMENT,BALANCED_STRICT_REGRET,ITEM_DIAGNOSTICS,0.06,96,0.45,1,1,0.0,0.0,0.0,1.0,1.0,0.0,1.0,0.0,0.0,0,1,0,1
POLICY_DEVELOPMENT,BALANCED_STRICT_REGRET,ITEM_DIAGNOSTICS,0.06,96,0.45,1,3,0.0,0.0,0.0,1.0,1.0,0.0,1.0,0.0,0.0,0,2,0,2
POLICY_DEVELOPMENT,BALANCED_STRICT_REGRET,ITEM_DIAGNOSTICS,0.06,96,0.45,12,5,0.0,0.0,0.0,1.0,1.0,0.0,1.0,0.0,0.0,0,12,12,24
POLICY_DEVELOPMENT,BALANCED_STRICT_REGRET,ITEM_DIAGNOSTICS,0.06,96,0.45,40,3,0.0,0.0,0.0,1.0,1.0,0.0,0.725,0.0,0.0,0,20,20,40
POLICY_DEVELOPMENT,BALANCED_STRICT_REGRET,ITEM_DIAGNOSTICS,0.06,96,0.45,40,5,0.0,0.0,0.0,1.0,1.0,0.0,1.0,0.0,0.0,0,20,20,40
POLICY_DEVELOPMENT,BALANCED_STRICT_REGRET,ITEM_DIAGNOSTICS,0.06,96,0.85,1,5,0.0,0.0,0.0,1.0,1.0,0.0,1.0,0.0,0.0,0,1,0,1
POLICY_DEVELOPMENT,BALANCED_STRICT_REGRET,ITEM_DIAGNOSTICS,0.06,96,0.85,12,3,0.0,0.0,0.5,0.75,0.5,0.005541659784338783,0.7916666666666666,1.0,0.5,6,12,12,24
POLICY_DEVELOPMENT,BALANCED_STRICT_REGRET,ITEM_DIAGNOSTICS,0.06,96,0.85,40,1,0.0,0.0,0.6666666666666666,0.6666666666666667,0.33333333333333337,0.007297281834270078,0.9833333333333333,1.0,0.6666666666666666,40,60,60,120
POLICY_DEVELOPMENT,BALANCED_STRICT_REGRET,PRIMARY_PAIRWISE,0.0,12,0.05,1,1,0.0,0.0,0.0,1.0,1.0,0.0,1.0,0.0,0.0,0,0,1,1
POLICY_DEVELOPMENT,BALANCED_STRICT_REGRET,PRIMARY_PAIRWISE,0.0,12,0.05,1,5,0.0,0.0,0.0,1.0,1.0,0.0,1.0,0.0,0.0,0,0,1,1
POLICY_DEVELOPMENT,BALANCED_STRICT_REGRET,PRIMARY_PAIRWISE,0.0,12,0.05,12,3,0.0,0.0,0.0,1.0,1.0,0.0,0.75,0.0,0.0,0,0,24,24
POLICY_DEVELOPMENT,BALANCED_STRICT_REGRET,PRIMARY_PAIRWISE,0.0,12,0.05,40,1,0.0,0.0,0.0,1.0,1.0,0.0,0.8416666666666667,0.0,0.0,0,0,120,120
POLICY_DEVELOPMENT,BALANCED_STRICT_REGRET,PRIMARY_PAIRWISE,0.0,12,0.45,1,1,0.0,0.0,0.0,1.0,1.0,0.0,0.0,0.0,0.0,0,0,1,1
POLICY_DEVELOPMENT,BALANCED_STRICT_REGRET,PRIMARY_PAIRWISE,0.0,12,0.45,1,3,0.0,0.0,0.0,1.0,1.0,0.0,0.6666666666666666,0.0,0.0,0,0,3,3
POLICY_DEVELOPMENT,BALANCED_STRICT_REGRET,PRIMARY_PAIRWISE,0.0,12,0.45,12,1,0.0,0.0,0.0,1.0,1.0,0.0,0.9166666666666666,0.0,0.0,0,0,12,12
POLICY_DEVELOPMENT,BALANCED_STRICT_REGRET,PRIMARY_PAIRWISE,0.0,12,0.45,12,5,0.0,0.0,0.0,1.0,1.0,0.0,0.75,0.0,0.0,0,0,12,12
POLICY_DEVELOPMENT,BALANCED_STRICT_REGRET,PRIMARY_PAIRWISE,0.0,12,0.45,40,5,0.0,0.0,0.0,1.0,1.0,0.0,0.825,0.0,0.0,0,0,40,40
POLICY_DEVELOPMENT,BALANCED_STRICT_REGRET,PRIMARY_PAIRWISE,0.0,36,0.05,1,3,0.0,0.0,0.0,1.0,1.0,0.0,0.6666666666666666,0.0,0.0,0,0,3,3
POLICY_DEVELOPMENT,BALANCED_STRICT_REGRET,PRIMARY_PAIRWISE,0.0,36,0.05,12,1,0.0,0.0,0.0,1.0,1.0,0.0,0.9166666666666666,0.0,0.0,0,0,12,12
POLICY_DEVELOPMENT,BALANCED_STRICT_REGRET,PRIMARY_PAIRWISE,0.0,36,0.05,40,1,0.0,0.0,0.0,1.0,1.0,0.0,0.85,0.0,0.0,0,0,40,40
POLICY_DEVELOPMENT,BALANCED_STRICT_REGRET,PRIMARY_PAIRWISE,0.0,36,0.05,40,5,0.0,0.0,0.0,1.0,1.0,0.0,0.95,0.0,0.0,0,0,40,40
POLICY_DEVELOPMENT,BALANCED_STRICT_REGRET,PRIMARY_PAIRWISE,0.0,36,0.45,1,1,0.0,0.0,0.0,1.0,1.0,0.0,1.0,0.0,0.0,0,0,2,2
POLICY_DEVELOPMENT,BALANCED_STRICT_REGRET,PRIMARY_PAIRWISE,0.0,36,0.45,12,3,0.0,0.0,0.0,1.0,1.0,0.0,0.9166666666666666,0.0,0.0,0,0,12,12
POLICY_DEVELOPMENT,BALANCED_STRICT_REGRET,PRIMARY_PAIRWISE,0.0,36,0.45,12,5,0.0,0.0,0.0,1.0,1.0,0.0,0.8333333333333334,0.0,0.0,0,0,24,24
POLICY_DEVELOPMENT,BALANCED_STRICT_REGRET,PRIMARY_PAIRWISE,0.0,36,0.45,40,1,0.0,0.0,0.0,1.0,1.0,0.0,1.0,0.0,0.0,0,0,40,40
POLICY_DEVELOPMENT,BALANCED_STRICT_REGRET,PRIMARY_PAIRWISE,0.0,36,0.45,40,3,0.0,0.0,0.0,1.0,1.0,0.0,0.85,0.0,0.0,0,0,40,40
POLICY_DEVELOPMENT,BALANCED_STRICT_REGRET,PRIMARY_PAIRWISE,0.0,96,0.05,1,1,0.0,0.0,0.0,1.0,1.0,0.0,1.0,0.0,0.0,0,0,2,2
POLICY_DEVELOPMENT,BALANCED_STRICT_REGRET,PRIMARY_PAIRWISE,0.0,96,0.05,1,3,0.0,0.0,0.0,1.0,1.0,0.0,1.0,0.0,0.0,0,0,1,1
POLICY_DEVELOPMENT,BALANCED_STRICT_REGRET,PRIMARY_PAIRWISE,0.0,96,0.05,12,5,0.0,0.0,0.0,1.0,1.0,0.0,0.9444444444444444,0.0,0.0,0,0,36,36
POLICY_DEVELOPMENT,BALANCED_STRICT_REGRET,PRIMARY_PAIRWISE,0.0,96,0.05,40,3,0.0,0.0,0.0,1.0,1.0,0.0,0.9,0.0,0.0,0,0,40,40
POLICY_DEVELOPMENT,BALANCED_STRICT_REGRET,PRIMARY_PAIRWISE,0.0,96,0.45,1,3,0.0,0.0,0.0,1.0,1.0,0.0,1.0,0.0,0.0,0,0,2,2
POLICY_DEVELOPMENT,BALANCED_STRICT_REGRET,PRIMARY_PAIRWISE,0.0,96,0.45,12,3,0.0,0.0,0.0,1.0,1.0,0.0,0.8333333333333334,0.0,0.0,0,0,12,12
POLICY_DEVELOPMENT,BALANCED_STRICT_REGRET,PRIMARY_PAIRWISE,0.0,96,0.45,40,1,0.0,0.0,0.0,1.0,1.0,0.0,0.8083333333333333,0.0,0.0,0,0,120,120
POLICY_DEVELOPMENT,BALANCED_STRICT_REGRET,PRIMARY_PAIRWISE,0.025,12,0.05,1,1,0.0,0.0,0.0,1.0,1.0,0.0,1.0,0.0,0.0,0,1,0,1
POLICY_DEVELOPMENT,BALANCED_STRICT_REGRET,PRIMARY_PAIRWISE,0.025,12,0.05,12,3,0.0,0.0,0.0,1.0,1.0,0.0,1.0,0.0,0.0,0,6,6,12
POLICY_DEVELOPMENT,BALANCED_STRICT_REGRET,PRIMARY_PAIRWISE,0.025,12,0.05,12,5,0.0,0.0,0.0,1.0,1.0,0.0,0.8333333333333334,0.0,0.0,0,12,12,24
POLICY_DEVELOPMENT,BALANCED_STRICT_REGRET,PRIMARY_PAIRWISE,0.025,12,0.05,40,1,0.0,0.0,0.0,1.0,1.0,0.0,0.9333333333333333,0.0,0.0,0,60,60,120
POLICY_DEVELOPMENT,BALANCED_STRICT_REGRET,PRIMARY_PAIRWISE,0.025,12,0.85,1,1,0.0,0.0,0.0,1.0,1.0,0.0,1.0,0.0,0.0,0,1,0,1
POLICY_DEVELOPMENT,BALANCED_STRICT_REGRET,PRIMARY_PAIRWISE,0.025,12,0.85,1,3,0.0,0.0,0.0,1.0,1.0,0.0,1.0,0.0,0.0,0,3,0,3
POLICY_DEVELOPMENT,BALANCED_STRICT_REGRET,PRIMARY_PAIRWISE,0.025,12,0.85,12,1,0.0,0.0,0.0,1.0,1.0,0.0,0.4166666666666667,0.0,0.0,0,6,6,12
POLICY_DEVELOPMENT,BALANCED_STRICT_REGRET,PRIMARY_PAIRWISE,0.025,12,0.85,12,5,0.0,0.0,0.0,1.0,1.0,0.0,1.0,0.0,0.0,0,6,6,12
POLICY_DEVELOPMENT,BALANCED_STRICT_REGRET,PRIMARY_PAIRWISE,0.025,12,0.85,40,5,0.0,0.0,0.0,1.0,1.0,0.0,1.0,0.0,0.0,0,20,20,40
POLICY_DEVELOPMENT,BALANCED_STRICT_REGRET,PRIMARY_PAIRWISE,0.025,36,0.05,1,3,0.0,0.0,0.0,1.0,1.0,0.0,1.0,0.0,0.0,0,2,0,2
POLICY_DEVELOPMENT,BALANCED_STRICT_REGRET,PRIMARY_PAIRWISE,0.025,36,0.05,12,1,0.0,0.0,0.0,1.0,1.0,0.0,0.8333333333333334,0.0,0.0,0,6,6,12
POLICY_DEVELOPMENT,BALANCED_STRICT_REGRET,PRIMARY_PAIRWISE,0.025,36,0.05,12,3,0.0,0.0,0.0,1.0,1.0,0.0,1.0,0.0,0.0,0,6,6,12
POLICY_DEVELOPMENT,BALANCED_STRICT_REGRET,PRIMARY_PAIRWISE,0.025,36,0.05,40,1,0.05,0.14551858457912786,0.0,0.975,1.0,0.10392408686114205,0.875,0.0,0.0,1,20,20,40
POLICY_DEVELOPMENT,BALANCED_STRICT_REGRET,PRIMARY_PAIRWISE,0.025,36,0.05,40,5,0.0,0.0,0.0,1.0,1.0,0.0,0.925,0.0,0.0,0,20,20,40
POLICY_DEVELOPMENT,BALANCED_STRICT_REGRET,PRIMARY_PAIRWISE,0.025,36,0.85,1,1,0.0,0.0,0.0,1.0,1.0,0.0,1.0,0.0,0.0,0,2,0,2
POLICY_DEVELOPMENT,BALANCED_STRICT_REGRET,PRIMARY_PAIRWISE,0.025,36,0.85,12,5,0.0,0.0,0.0,1.0,1.0,0.0,1.0,0.0,0.0,0,18,18,36
POLICY_DEVELOPMENT,BALANCED_STRICT_REGRET,PRIMARY_PAIRWISE,0.025,36,0.85,40,1,0.0,0.0,0.0,1.0,1.0,0.0,0.975,0.0,0.0,0,20,20,40
POLICY_DEVELOPMENT,BALANCED_STRICT_REGRET,PRIMARY_PAIRWISE,0.025,36,0.85,40,3,0.0,0.0,0.0,1.0,1.0,0.0,1.0,0.0,0.0,0,20,20,40
POLICY_DEVELOPMENT,BALANCED_STRICT_REGRET,PRIMARY_PAIRWISE,0.025,96,0.05,1,1,0.0,0.0,0.5,0.5,0.5,0.005174563259012485,1.0,1.0,0.5,1,2,0,2
POLICY_DEVELOPMENT,BALANCED_STRICT_REGRET,PRIMARY_PAIRWISE,0.025,96,0.05,1,3,0.0,0.0,0.0,1.0,1.0,0.0,0.0,0.0,0.0,0,1,0,1
POLICY_DEVELOPMENT,BALANCED_STRICT_REGRET,PRIMARY_PAIRWISE,0.025,96,0.05,12,5,0.0,0.0,0.0,1.0,1.0,0.0,0.8611111111111112,0.0,0.0,0,18,18,36
POLICY_DEVELOPMENT,BALANCED_STRICT_REGRET,PRIMARY_PAIRWISE,0.025,96,0.05,40,3,0.0,0.0,0.5,0.75,0.5,0.002651005528087014,0.925,1.0,0.5,10,20,20,40
POLICY_DEVELOPMENT,BALANCED_STRICT_REGRET,PRIMARY_PAIRWISE,0.025,96,0.85,1,5,0.0,0.0,0.0,1.0,1.0,0.0,1.0,0.0,0.0,0,1,0,1
POLICY_DEVELOPMENT,BALANCED_STRICT_REGRET,PRIMARY_PAIRWISE,0.025,96,0.85,12,3,0.0,0.0,0.0,1.0,1.0,0.0,1.0,0.0,0.0,0,12,12,24
POLICY_DEVELOPMENT,BALANCED_STRICT_REGRET,PRIMARY_PAIRWISE,0.025,96,0.85,40,1,0.0,0.0,0.0,1.0,1.0,0.0,0.9833333333333333,0.0,0.0,0,60,60,120
POLICY_DEVELOPMENT,BALANCED_STRICT_REGRET,PRIMARY_PAIRWISE,0.06,12,0.45,1,1,0.0,0.0,0.0,1.0,1.0,0.0,1.0,0.0,0.0,0,1,0,1
POLICY_DEVELOPMENT,BALANCED_STRICT_REGRET,PRIMARY_PAIRWISE,0.06,12,0.45,12,3,0.0,0.0,0.0,1.0,1.0,0.0,1.0,0.0,0.0,0,6,6,12
POLICY_DEVELOPMENT,BALANCED_STRICT_REGRET,PRIMARY_PAIRWISE,0.06,12,0.45,12,5,0.0,0.0,0.0,1.0,1.0,0.0,0.8333333333333334,0.0,0.0,0,12,12,24
POLICY_DEVELOPMENT,BALANCED_STRICT_REGRET,PRIMARY_PAIRWISE,0.06,12,0.45,40,1,0.0,0.0,0.0,1.0,1.0,0.0,0.95,0.0,0.0,0,40,40,80
POLICY_DEVELOPMENT,BALANCED_STRICT_REGRET,PRIMARY_PAIRWISE,0.06,12,0.45,40,3,0.0,0.0,0.0,1.0,1.0,0.0,0.95,0.0,0.0,0,20,20,40
POLICY_DEVELOPMENT,BALANCED_STRICT_REGRET,PRIMARY_PAIRWISE,0.06,12,0.85,1,3,0.0,0.0,0.0,1.0,1.0,0.0,1.0,0.0,0.0,0,4,0,4
POLICY_DEVELOPMENT,BALANCED_STRICT_REGRET,PRIMARY_PAIRWISE,0.06,12,0.85,12,1,0.0,0.0,0.0,1.0,1.0,0.0,1.0,0.0,0.0,0,6,6,12
POLICY_DEVELOPMENT,BALANCED_STRICT_REGRET,PRIMARY_PAIRWISE,0.06,12,0.85,40,5,0.0,0.0,0.0,1.0,1.0,0.0,1.0,0.0,0.0,0,40,40,80
POLICY_DEVELOPMENT,BALANCED_STRICT_REGRET,PRIMARY_PAIRWISE,0.06,36,0.45,1,3,0.0,0.0,0.0,1.0,1.0,0.0,1.0,0.0,0.0,0,2,0,2
POLICY_DEVELOPMENT,BALANCED_STRICT_REGRET,PRIMARY_PAIRWISE,0.06,36,0.45,12,3,0.0,0.0,1.0,0.5,0.0,0.009440751072763804,0.8333333333333334,1.0,1.0,6,6,6,12
POLICY_DEVELOPMENT,BALANCED_STRICT_REGRET,PRIMARY_PAIRWISE,0.06,36,0.45,40,1,0.0,0.0,0.0,1.0,1.0,0.0,0.975,0.0,0.0,0,40,40,80
POLICY_DEVELOPMENT,BALANCED_STRICT_REGRET,PRIMARY_PAIRWISE,0.06,36,0.45,40,5,0.0,0.0,0.0,1.0,1.0,0.0,0.775,0.0,0.0,0,20,20,40
POLICY_DEVELOPMENT,BALANCED_STRICT_REGRET,PRIMARY_PAIRWISE,0.06,36,0.85,1,1,0.0,0.0,0.0,1.0,1.0,0.0,0.0,0.0,0.0,0,2,0,2
POLICY_DEVELOPMENT,BALANCED_STRICT_REGRET,PRIMARY_PAIRWISE,0.06,36,0.85,12,5,0.0,0.0,0.3333333333333333,0.8333333333333334,0.6666666666666667,0.004879753967227129,1.0,1.0,0.3333333333333333,6,18,18,36
POLICY_DEVELOPMENT,BALANCED_STRICT_REGRET,PRIMARY_PAIRWISE,0.06,36,0.85,40,3,0.0,0.0,0.0,1.0,1.0,0.0,0.9875,0.0,0.0,0,40,40,80
POLICY_DEVELOPMENT,BALANCED_STRICT_REGRET,PRIMARY_PAIRWISE,0.06,96,0.45,1,1,0.0,0.0,0.0,1.0,1.0,0.0,0.0,0.0,0.0,0,1,0,1
POLICY_DEVELOPMENT,BALANCED_STRICT_REGRET,PRIMARY_PAIRWISE,0.06,96,0.45,1,3,0.0,0.0,0.0,1.0,1.0,0.0,1.0,0.0,0.0,0,2,0,2
POLICY_DEVELOPMENT,BALANCED_STRICT_REGRET,PRIMARY_PAIRWISE,0.06,96,0.45,12,5,0.0,0.0,0.0,1.0,1.0,0.0,1.0,0.0,0.0,0,12,12,24
POLICY_DEVELOPMENT,BALANCED_STRICT_REGRET,PRIMARY_PAIRWISE,0.06,96,0.45,40,3,0.0,0.0,0.95,0.525,0.050000000000000044,0.011974587792569134,0.8,1.0,0.95,19,20,20,40
POLICY_DEVELOPMENT,BALANCED_STRICT_REGRET,PRIMARY_PAIRWISE,0.06,96,0.45,40,5,0.0,0.0,0.0,1.0,1.0,0.0,0.95,0.0,0.0,0,20,20,40
POLICY_DEVELOPMENT,BALANCED_STRICT_REGRET,PRIMARY_PAIRWISE,0.06,96,0.85,1,5,0.0,0.0,0.0,1.0,1.0,0.0,1.0,0.0,0.0,0,1,0,1
POLICY_DEVELOPMENT,BALANCED_STRICT_REGRET,PRIMARY_PAIRWISE,0.06,96,0.85,12,3,0.0,0.0,0.5,0.75,0.5,0.025560194447515294,0.7083333333333334,1.0,0.5,6,12,12,24
POLICY_DEVELOPMENT,BALANCED_STRICT_REGRET,PRIMARY_PAIRWISE,0.06,96,0.85,40,1,0.0,0.0,0.95,0.525,0.050000000000000044,0.0056069239351110274,1.0,1.0,0.95,57,60,60,120
POLICY_DEVELOPMENT,BALANCED_STRICT_REGRET,REPAIR,0.0,12,0.05,1,3,0.0,0.0,0.0,1.0,1.0,0.0,0.0,0.0,0.0,0,0,1,1
POLICY_DEVELOPMENT,BALANCED_STRICT_REGRET,REPAIR,0.0,12,0.05,1,5,0.0,0.0,0.0,1.0,1.0,0.0,1.0,0.0,0.0,0,0,2,2
POLICY_DEVELOPMENT,BALANCED_STRICT_REGRET,REPAIR,0.0,12,0.05,12,1,0.0,0.0,0.0,1.0,1.0,0.0,0.8333333333333334,0.0,0.0,0,0,12,12
POLICY_DEVELOPMENT,BALANCED_STRICT_REGRET,REPAIR,0.0,12,0.05,12,3,0.0,0.0,0.0,1.0,1.0,0.0,1.0,0.0,0.0,0,0,12,12
POLICY_DEVELOPMENT,BALANCED_STRICT_REGRET,REPAIR,0.0,12,0.05,40,1,0.0,0.0,0.0,1.0,1.0,0.0,0.8625,0.0,0.0,0,0,80,80
POLICY_DEVELOPMENT,BALANCED_STRICT_REGRET,REPAIR,0.0,12,0.85,1,1,0.0,0.0,0.0,1.0,1.0,0.0,1.0,0.0,0.0,0,0,1,1
POLICY_DEVELOPMENT,BALANCED_STRICT_REGRET,REPAIR,0.0,12,0.85,12,1,0.0,0.0,0.0,1.0,1.0,0.0,1.0,0.0,0.0,0,0,12,12
POLICY_DEVELOPMENT,BALANCED_STRICT_REGRET,REPAIR,0.0,12,0.85,12,5,0.0,0.0,0.0,1.0,1.0,0.0,1.0,0.0,0.0,0,0,12,12
POLICY_DEVELOPMENT,BALANCED_STRICT_REGRET,REPAIR,0.0,12,0.85,40,3,0.0,0.0,0.0,1.0,1.0,0.0,0.85,0.0,0.0,0,0,120,120
POLICY_DEVELOPMENT,BALANCED_STRICT_REGRET,REPAIR,0.0,36,0.05,1,3,0.0,0.0,0.0,1.0,1.0,0.0,1.0,0.0,0.0,0,0,1,1
POLICY_DEVELOPMENT,BALANCED_STRICT_REGRET,REPAIR,0.0,36,0.05,12,1,0.0,0.0,0.0,1.0,1.0,0.0,0.9444444444444444,0.0,0.0,0,0,36,36
POLICY_DEVELOPMENT,BALANCED_STRICT_REGRET,REPAIR,0.0,36,0.05,40,3,0.0,0.0,0.0,1.0,1.0,0.0,0.925,0.0,0.0,0,0,80,80
POLICY_DEVELOPMENT,BALANCED_STRICT_REGRET,REPAIR,0.0,36,0.85,1,5,0.0,0.0,0.0,1.0,1.0,0.0,1.0,0.0,0.0,0,0,3,3
POLICY_DEVELOPMENT,BALANCED_STRICT_REGRET,REPAIR,0.0,36,0.85,12,3,0.0,0.0,0.0,1.0,1.0,0.0,1.0,0.0,0.0,0,0,12,12
POLICY_DEVELOPMENT,BALANCED_STRICT_REGRET,REPAIR,0.0,36,0.85,40,1,0.0,0.0,0.0,1.0,1.0,0.0,1.0,0.0,0.0,0,0,80,80
POLICY_DEVELOPMENT,BALANCED_STRICT_REGRET,REPAIR,0.0,36,0.85,40,3,0.0,0.0,0.0,1.0,1.0,0.0,1.0,0.0,0.0,0,0,40,40
POLICY_DEVELOPMENT,BALANCED_STRICT_REGRET,REPAIR,0.0,96,0.05,1,1,0.0,0.0,0.0,1.0,1.0,0.0,1.0,0.0,0.0,0,0,1,1
POLICY_DEVELOPMENT,BALANCED_STRICT_REGRET,REPAIR,0.0,96,0.05,1,5,0.0,0.0,0.0,1.0,1.0,0.0,1.0,0.0,0.0,0,0,1,1
POLICY_DEVELOPMENT,BALANCED_STRICT_REGRET,REPAIR,0.0,96,0.05,12,5,0.0,0.0,0.0,1.0,1.0,0.0,1.0,0.0,0.0,0,0,12,12
POLICY_DEVELOPMENT,BALANCED_STRICT_REGRET,REPAIR,0.0,96,0.05,40,1,0.0,0.0,0.0,1.0,1.0,0.0,0.975,0.0,0.0,0,0,40,40
POLICY_DEVELOPMENT,BALANCED_STRICT_REGRET,REPAIR,0.0,96,0.05,40,3,0.0,0.0,0.0,1.0,1.0,0.0,0.925,0.0,0.0,0,0,120,120
POLICY_DEVELOPMENT,BALANCED_STRICT_REGRET,REPAIR,0.0,96,0.85,1,3,0.0,0.0,0.0,1.0,1.0,0.0,0.5,0.0,0.0,0,0,2,2
POLICY_DEVELOPMENT,BALANCED_STRICT_REGRET,REPAIR,0.0,96,0.85,12,1,0.0,0.0,0.0,1.0,1.0,0.0,1.0,0.0,0.0,0,0,36,36
POLICY_DEVELOPMENT,BALANCED_STRICT_REGRET,REPAIR,0.0,96,0.85,40,1,0.0,0.0,0.0,1.0,1.0,0.0,0.5,0.0,0.0,0,0,40,40
POLICY_DEVELOPMENT,BALANCED_STRICT_REGRET,REPAIR,0.0,96,0.85,40,5,0.0,0.0,0.0,1.0,1.0,0.0,0.95,0.0,0.0,0,0,40,40
POLICY_DEVELOPMENT,BALANCED_STRICT_REGRET,REPAIR,0.025,12,0.45,1,5,0.0,0.0,0.0,1.0,1.0,0.0,1.0,0.0,0.0,0,3,0,3
POLICY_DEVELOPMENT,BALANCED_STRICT_REGRET,REPAIR,0.025,12,0.45,12,1,0.0,0.0,0.0,1.0,1.0,0.0,0.9166666666666666,0.0,0.0,0,6,6,12
POLICY_DEVELOPMENT,BALANCED_STRICT_REGRET,REPAIR,0.025,12,0.45,12,3,0.0,0.0,0.0,1.0,1.0,0.0,0.6666666666666666,0.0,0.0,0,6,6,12
POLICY_DEVELOPMENT,BALANCED_STRICT_REGRET,REPAIR,0.025,12,0.45,40,1,0.0,0.0,0.0,1.0,1.0,0.0,0.9625,0.0,0.0,0,40,40,80
POLICY_DEVELOPMENT,BALANCED_STRICT_REGRET,REPAIR,0.025,12,0.85,1,1,0.0,0.0,0.0,1.0,1.0,0.0,1.0,0.0,0.0,0,1,0,1
POLICY_DEVELOPMENT,BALANCED_STRICT_REGRET,REPAIR,0.025,12,0.85,1,3,0.0,0.0,0.0,1.0,1.0,0.0,1.0,0.0,0.0,0,1,0,1
POLICY_DEVELOPMENT,BALANCED_STRICT_REGRET,REPAIR,0.025,12,0.85,12,1,0.0,0.0,0.0,1.0,1.0,0.0,1.0,0.0,0.0,0,6,6,12
POLICY_DEVELOPMENT,BALANCED_STRICT_REGRET,REPAIR,0.025,12,0.85,12,5,0.0,0.0,0.0,1.0,1.0,0.0,1.0,0.0,0.0,0,6,6,12
POLICY_DEVELOPMENT,BALANCED_STRICT_REGRET,REPAIR,0.025,12,0.85,40,3,0.0,0.0,0.0,1.0,1.0,0.0,1.0,0.0,0.0,0,40,40,80
POLICY_DEVELOPMENT,BALANCED_STRICT_REGRET,REPAIR,0.025,36,0.45,1,3,0.0,0.0,0.0,1.0,1.0,0.0,1.0,0.0,0.0,0,2,0,2
POLICY_DEVELOPMENT,BALANCED_STRICT_REGRET,REPAIR,0.025,36,0.45,12,1,0.0,0.0,0.0,1.0,1.0,0.0,0.8888888888888888,0.0,0.0,0,18,18,36
POLICY_DEVELOPMENT,BALANCED_STRICT_REGRET,REPAIR,0.025,36,0.45,40,5,0.0,0.0,0.0,1.0,1.0,0.0,0.825,0.0,0.0,0,20,20,40
POLICY_DEVELOPMENT,BALANCED_STRICT_REGRET,REPAIR,0.025,36,0.85,1,5,0.0,0.0,0.0,1.0,1.0,0.0,1.0,0.0,0.0,0,3,0,3
POLICY_DEVELOPMENT,BALANCED_STRICT_REGRET,REPAIR,0.025,36,0.85,12,3,0.0,0.0,0.0,1.0,1.0,0.0,1.0,0.0,0.0,0,6,6,12
POLICY_DEVELOPMENT,BALANCED_STRICT_REGRET,REPAIR,0.025,36,0.85,40,1,0.0,0.0,0.0,1.0,1.0,0.0,1.0,0.0,0.0,0,40,40,80
POLICY_DEVELOPMENT,BALANCED_STRICT_REGRET,REPAIR,0.025,36,0.85,40,3,0.7,0.9008402350128081,1.0,0.15000000000000002,0.0,0.09681463948276982,0.025,0.5882352941176471,1.0,34,20,20,40
POLICY_DEVELOPMENT,BALANCED_STRICT_REGRET,REPAIR,0.025,96,0.45,1,1,0.0,0.0,0.0,1.0,1.0,0.0,1.0,0.0,0.0,0,1,0,1
POLICY_DEVELOPMENT,BALANCED_STRICT_REGRET,REPAIR,0.025,96,0.45,1,5,0.0,0.0,0.0,1.0,1.0,0.0,1.0,0.0,0.0,0,1,0,1
POLICY_DEVELOPMENT,BALANCED_STRICT_REGRET,REPAIR,0.025,96,0.45,12,5,0.0,0.0,0.0,1.0,1.0,0.0,1.0,0.0,0.0,0,6,6,12
POLICY_DEVELOPMENT,BALANCED_STRICT_REGRET,REPAIR,0.025,96,0.45,40,1,0.0,0.0,0.0,1.0,1.0,0.0,0.95,0.0,0.0,0,20,20,40
POLICY_DEVELOPMENT,BALANCED_STRICT_REGRET,REPAIR,0.025,96,0.45,40,3,0.0,0.0,0.11666666666666667,0.9416666666666667,0.8833333333333333,0.019317373514943594,0.9583333333333334,1.0,0.11666666666666667,7,60,60,120
POLICY_DEVELOPMENT,BALANCED_STRICT_REGRET,REPAIR,0.025,96,0.85,1,3,0.0,0.0,1.0,0.0,0.0,0.009458475758098411,1.0,1.0,1.0,1,1,0,1
POLICY_DEVELOPMENT,BALANCED_STRICT_REGRET,REPAIR,0.025,96,0.85,1,5,0.0,0.0,0.5,0.5,0.5,0.013226428053576877,0.5,1.0,0.5,1,2,0,2
POLICY_DEVELOPMENT,BALANCED_STRICT_REGRET,REPAIR,0.025,96,0.85,12,1,0.0,0.0,0.1111111111111111,0.9444444444444444,0.8888888888888888,0.006061892564915532,0.8888888888888888,1.0,0.1111111111111111,2,18,18,36
POLICY_DEVELOPMENT,BALANCED_STRICT_REGRET,REPAIR,0.025,96,0.85,40,1,0.0,0.0,0.0,1.0,1.0,0.0,1.0,0.0,0.0,0,20,20,40
POLICY_DEVELOPMENT,BALANCED_STRICT_REGRET,REPAIR,0.06,12,0.05,1,3,0.0,0.0,0.0,1.0,1.0,0.0,1.0,0.0,0.0,0,1,0,1
POLICY_DEVELOPMENT,BALANCED_STRICT_REGRET,REPAIR,0.06,12,0.05,12,1,0.0,0.0,0.0,1.0,1.0,0.0,0.875,0.0,0.0,0,12,12,24
POLICY_DEVELOPMENT,BALANCED_STRICT_REGRET,REPAIR,0.06,12,0.05,12,5,0.0,0.0,0.0,1.0,1.0,0.0,1.0,0.0,0.0,0,6,6,12
POLICY_DEVELOPMENT,BALANCED_STRICT_REGRET,REPAIR,0.06,12,0.05,40,3,0.0,0.0,0.0,1.0,1.0,0.0,0.9,0.0,0.0,0,40,40,80
POLICY_DEVELOPMENT,BALANCED_STRICT_REGRET,REPAIR,0.06,12,0.45,1,5,0.0,0.0,0.0,1.0,1.0,0.0,0.6666666666666666,0.0,0.0,0,3,0,3
POLICY_DEVELOPMENT,BALANCED_STRICT_REGRET,REPAIR,0.06,12,0.45,12,3,0.0,0.0,0.0,1.0,1.0,0.0,0.9583333333333334,0.0,0.0,0,12,12,24
POLICY_DEVELOPMENT,BALANCED_STRICT_REGRET,REPAIR,0.06,12,0.45,40,1,0.0,0.0,0.0,1.0,1.0,0.0,0.9625,0.0,0.0,0,40,40,80
POLICY_DEVELOPMENT,BALANCED_STRICT_REGRET,REPAIR,0.06,36,0.05,1,5,0.0,0.0,0.0,1.0,1.0,0.0,1.0,0.0,0.0,0,2,0,2
POLICY_DEVELOPMENT,BALANCED_STRICT_REGRET,REPAIR,0.06,36,0.05,12,3,0.0,0.0,0.0,1.0,1.0,0.0,1.0,0.0,0.0,0,6,6,12
POLICY_DEVELOPMENT,BALANCED_STRICT_REGRET,REPAIR,0.06,36,0.05,12,5,0.0,0.0,0.0,1.0,1.0,0.0,1.0,0.0,0.0,0,6,6,12
POLICY_DEVELOPMENT,BALANCED_STRICT_REGRET,REPAIR,0.06,36,0.05,40,1,0.0,0.0,0.0,1.0,1.0,0.0,0.95,0.0,0.0,0,20,20,40
POLICY_DEVELOPMENT,BALANCED_STRICT_REGRET,REPAIR,0.06,36,0.05,40,3,0.0,0.0,0.0,1.0,1.0,0.0,0.9375,0.0,0.0,0,40,40,80
POLICY_DEVELOPMENT,BALANCED_STRICT_REGRET,REPAIR,0.06,36,0.45,1,3,0.0,0.0,0.0,1.0,1.0,0.0,1.0,0.0,0.0,0,2,0,2
POLICY_DEVELOPMENT,BALANCED_STRICT_REGRET,REPAIR,0.06,36,0.45,12,1,0.0,0.0,0.2777777777777778,0.8611111111111112,0.7222222222222222,0.01127042225864025,0.9166666666666666,1.0,0.2777777777777778,5,18,18,36
POLICY_DEVELOPMENT,BALANCED_STRICT_REGRET,REPAIR,0.06,36,0.45,40,5,0.0,0.0,0.0,1.0,1.0,0.0,0.875,0.0,0.0,0,20,20,40
POLICY_DEVELOPMENT,BALANCED_STRICT_REGRET,REPAIR,0.06,96,0.05,1,3,0.0,0.0,0.0,1.0,1.0,0.0,0.0,0.0,0.0,0,1,0,1
POLICY_DEVELOPMENT,BALANCED_STRICT_REGRET,REPAIR,0.06,96,0.05,1,5,0.0,0.0,0.0,1.0,1.0,0.0,0.5,0.0,0.0,0,2,0,2
POLICY_DEVELOPMENT,BALANCED_STRICT_REGRET,REPAIR,0.06,96,0.05,12,1,0.08333333333333333,0.23971309426686854,0.5,0.7083333333333333,0.5,0.008375479579790904,0.875,0.8571428571428571,0.5,7,12,12,24
POLICY_DEVELOPMENT,BALANCED_STRICT_REGRET,REPAIR,0.06,96,0.05,12,3,0.0,0.0,0.0,1.0,1.0,0.0,0.9166666666666666,0.0,0.0,0,6,6,12
POLICY_DEVELOPMENT,BALANCED_STRICT_REGRET,REPAIR,0.06,96,0.05,40,1,0.0,0.0,0.0,1.0,1.0,0.0,0.9,0.0,0.0,0,20,20,40
POLICY_DEVELOPMENT,BALANCED_STRICT_REGRET,REPAIR,0.06,96,0.45,1,1,0.0,0.0,0.0,1.0,1.0,0.0,1.0,0.0,0.0,0,1,0,1
POLICY_DEVELOPMENT,BALANCED_STRICT_REGRET,REPAIR,0.06,96,0.45,12,5,0.0,0.0,0.25,0.875,0.75,0.019214870816608807,0.7083333333333334,1.0,0.25,3,12,12,24
POLICY_DEVELOPMENT,BALANCED_STRICT_REGRET,REPAIR,0.06,96,0.45,40,3,0.0,0.0,0.75,0.625,0.25,0.007511823465076365,0.925,1.0,0.75,60,80,80,160
POLICY_DEVELOPMENT,BALANCED_STRICT_REGRET,THRESHOLD_PASS,0.0,12,0.05,1,3,0.0,0.0,0.0,1.0,1.0,0.0,1.0,0.0,0.0,0,0,1,1
POLICY_DEVELOPMENT,BALANCED_STRICT_REGRET,THRESHOLD_PASS,0.0,12,0.05,1,5,0.0,0.0,0.0,1.0,1.0,0.0,1.0,0.0,0.0,0,0,2,2
POLICY_DEVELOPMENT,BALANCED_STRICT_REGRET,THRESHOLD_PASS,0.0,12,0.05,12,1,0.0,0.0,0.0,1.0,1.0,0.0,0.75,0.0,0.0,0,0,12,12
POLICY_DEVELOPMENT,BALANCED_STRICT_REGRET,THRESHOLD_PASS,0.0,12,0.05,12,3,0.0,0.0,0.0,1.0,1.0,0.0,0.9166666666666666,0.0,0.0,0,0,12,12
POLICY_DEVELOPMENT,BALANCED_STRICT_REGRET,THRESHOLD_PASS,0.0,12,0.05,40,1,0.0,0.0,0.0,1.0,1.0,0.0,0.925,0.0,0.0,0,0,80,80
POLICY_DEVELOPMENT,BALANCED_STRICT_REGRET,THRESHOLD_PASS,0.0,12,0.85,1,1,0.0,0.0,0.0,1.0,1.0,0.0,1.0,0.0,0.0,0,0,1,1
POLICY_DEVELOPMENT,BALANCED_STRICT_REGRET,THRESHOLD_PASS,0.0,12,0.85,12,1,0.0,0.0,0.0,1.0,1.0,0.0,1.0,0.0,0.0,0,0,12,12
POLICY_DEVELOPMENT,BALANCED_STRICT_REGRET,THRESHOLD_PASS,0.0,12,0.85,12,5,0.0,0.0,0.0,1.0,1.0,0.0,1.0,0.0,0.0,0,0,12,12
POLICY_DEVELOPMENT,BALANCED_STRICT_REGRET,THRESHOLD_PASS,0.0,12,0.85,40,3,0.0,0.0,0.0,1.0,1.0,0.0,0.9333333333333333,0.0,0.0,0,0,120,120
POLICY_DEVELOPMENT,BALANCED_STRICT_REGRET,THRESHOLD_PASS,0.0,36,0.05,1,3,0.0,0.0,0.0,1.0,1.0,0.0,1.0,0.0,0.0,0,0,1,1
POLICY_DEVELOPMENT,BALANCED_STRICT_REGRET,THRESHOLD_PASS,0.0,36,0.05,12,1,0.0,0.0,0.0,1.0,1.0,0.0,0.9166666666666666,0.0,0.0,0,0,36,36
POLICY_DEVELOPMENT,BALANCED_STRICT_REGRET,THRESHOLD_PASS,0.0,36,0.05,40,3,0.0125,0.036846393470080945,0.0,0.9875,1.0,0.04649618834902028,0.875,0.0,0.0,1,0,80,80
POLICY_DEVELOPMENT,BALANCED_STRICT_REGRET,THRESHOLD_PASS,0.0,36,0.85,1,5,0.0,0.0,0.0,1.0,1.0,0.0,0.6666666666666666,0.0,0.0,0,0,3,3
POLICY_DEVELOPMENT,BALANCED_STRICT_REGRET,THRESHOLD_PASS,0.0,36,0.85,12,3,0.0,0.0,0.0,1.0,1.0,0.0,0.6666666666666666,0.0,0.0,0,0,12,12
POLICY_DEVELOPMENT,BALANCED_STRICT_REGRET,THRESHOLD_PASS,0.0,36,0.85,40,1,0.0,0.0,0.0,1.0,1.0,0.0,1.0,0.0,0.0,0,0,80,80
POLICY_DEVELOPMENT,BALANCED_STRICT_REGRET,THRESHOLD_PASS,0.0,36,0.85,40,3,0.0,0.0,0.0,1.0,1.0,0.0,1.0,0.0,0.0,0,0,40,40
POLICY_DEVELOPMENT,BALANCED_STRICT_REGRET,THRESHOLD_PASS,0.0,96,0.05,1,1,0.0,0.0,0.0,1.0,1.0,0.0,1.0,0.0,0.0,0,0,1,1
POLICY_DEVELOPMENT,BALANCED_STRICT_REGRET,THRESHOLD_PASS,0.0,96,0.05,1,5,0.0,0.0,0.0,1.0,1.0,0.0,1.0,0.0,0.0,0,0,1,1
POLICY_DEVELOPMENT,BALANCED_STRICT_REGRET,THRESHOLD_PASS,0.0,96,0.05,12,5,0.0,0.0,0.0,1.0,1.0,0.0,0.8333333333333334,0.0,0.0,0,0,12,12
POLICY_DEVELOPMENT,BALANCED_STRICT_REGRET,THRESHOLD_PASS,0.0,96,0.05,40,1,0.0,0.0,0.0,1.0,1.0,0.0,0.9,0.0,0.0,0,0,40,40
POLICY_DEVELOPMENT,BALANCED_STRICT_REGRET,THRESHOLD_PASS,0.0,96,0.05,40,3,0.0,0.0,0.0,1.0,1.0,0.0,0.875,0.0,0.0,0,0,120,120
POLICY_DEVELOPMENT,BALANCED_STRICT_REGRET,THRESHOLD_PASS,0.0,96,0.85,1,3,0.0,0.0,0.0,1.0,1.0,0.0,1.0,0.0,0.0,0,0,2,2
POLICY_DEVELOPMENT,BALANCED_STRICT_REGRET,THRESHOLD_PASS,0.0,96,0.85,12,1,0.0,0.0,0.0,1.0,1.0,0.0,0.7777777777777778,0.0,0.0,0,0,36,36
POLICY_DEVELOPMENT,BALANCED_STRICT_REGRET,THRESHOLD_PASS,0.0,96,0.85,40,1,0.0,0.0,0.0,1.0,1.0,0.0,1.0,0.0,0.0,0,0,40,40
POLICY_DEVELOPMENT,BALANCED_STRICT_REGRET,THRESHOLD_PASS,0.0,96,0.85,40,5,0.0,0.0,0.0,1.0,1.0,0.0,1.0,0.0,0.0,0,0,40,40
POLICY_DEVELOPMENT,BALANCED_STRICT_REGRET,THRESHOLD_PASS,0.025,12,0.45,1,5,0.0,0.0,0.0,1.0,1.0,0.0,1.0,0.0,0.0,0,3,0,3
POLICY_DEVELOPMENT,BALANCED_STRICT_REGRET,THRESHOLD_PASS,0.025,12,0.45,12,1,0.0,0.0,0.0,1.0,1.0,0.0,1.0,0.0,0.0,0,6,6,12
POLICY_DEVELOPMENT,BALANCED_STRICT_REGRET,THRESHOLD_PASS,0.025,12,0.45,12,3,0.0,0.0,0.0,1.0,1.0,0.0,1.0,0.0,0.0,0,6,6,12
POLICY_DEVELOPMENT,BALANCED_STRICT_REGRET,THRESHOLD_PASS,0.025,12,0.45,40,1,0.0,0.0,0.0,1.0,1.0,0.0,0.975,0.0,0.0,0,40,40,80
POLICY_DEVELOPMENT,BALANCED_STRICT_REGRET,THRESHOLD_PASS,0.025,12,0.85,1,1,0.0,0.0,0.0,1.0,1.0,0.0,1.0,0.0,0.0,0,1,0,1
POLICY_DEVELOPMENT,BALANCED_STRICT_REGRET,THRESHOLD_PASS,0.025,12,0.85,1,3,0.0,0.0,0.0,1.0,1.0,0.0,1.0,0.0,0.0,0,1,0,1
POLICY_DEVELOPMENT,BALANCED_STRICT_REGRET,THRESHOLD_PASS,0.025,12,0.85,12,1,0.0,0.0,0.0,1.0,1.0,0.0,1.0,0.0,0.0,0,6,6,12
POLICY_DEVELOPMENT,BALANCED_STRICT_REGRET,THRESHOLD_PASS,0.025,12,0.85,12,5,0.0,0.0,0.0,1.0,1.0,0.0,1.0,0.0,0.0,0,6,6,12
POLICY_DEVELOPMENT,BALANCED_STRICT_REGRET,THRESHOLD_PASS,0.025,12,0.85,40,3,0.0,0.0,0.0,1.0,1.0,0.0,1.0,0.0,0.0,0,40,40,80
POLICY_DEVELOPMENT,BALANCED_STRICT_REGRET,THRESHOLD_PASS,0.025,36,0.45,1,3,0.0,0.0,0.0,1.0,1.0,0.0,1.0,0.0,0.0,0,2,0,2
POLICY_DEVELOPMENT,BALANCED_STRICT_REGRET,THRESHOLD_PASS,0.025,36,0.45,12,1,0.0,0.0,0.0,1.0,1.0,0.0,0.9166666666666666,0.0,0.0,0,18,18,36
POLICY_DEVELOPMENT,BALANCED_STRICT_REGRET,THRESHOLD_PASS,0.025,36,0.45,40,5,0.0,0.0,0.0,1.0,1.0,0.0,0.525,0.0,0.0,0,20,20,40
POLICY_DEVELOPMENT,BALANCED_STRICT_REGRET,THRESHOLD_PASS,0.025,36,0.85,1,5,0.0,0.0,0.0,1.0,1.0,0.0,1.0,0.0,0.0,0,3,0,3
POLICY_DEVELOPMENT,BALANCED_STRICT_REGRET,THRESHOLD_PASS,0.025,36,0.85,12,3,0.0,0.0,0.0,1.0,1.0,0.0,1.0,0.0,0.0,0,6,6,12
POLICY_DEVELOPMENT,BALANCED_STRICT_REGRET,THRESHOLD_PASS,0.025,36,0.85,40,1,0.0,0.0,0.0,1.0,1.0,0.0,1.0,0.0,0.0,0,40,40,80
POLICY_DEVELOPMENT,BALANCED_STRICT_REGRET,THRESHOLD_PASS,0.025,36,0.85,40,3,0.0,0.0,0.0,1.0,1.0,0.0,1.0,0.0,0.0,0,20,20,40
POLICY_DEVELOPMENT,BALANCED_STRICT_REGRET,THRESHOLD_PASS,0.025,96,0.45,1,1,0.0,0.0,0.0,1.0,1.0,0.0,1.0,0.0,0.0,0,1,0,1
POLICY_DEVELOPMENT,BALANCED_STRICT_REGRET,THRESHOLD_PASS,0.025,96,0.45,1,5,0.0,0.0,0.0,1.0,1.0,0.0,1.0,0.0,0.0,0,1,0,1
POLICY_DEVELOPMENT,BALANCED_STRICT_REGRET,THRESHOLD_PASS,0.025,96,0.45,12,5,0.0,0.0,0.6666666666666666,0.6666666666666667,0.33333333333333337,0.0038646854566546695,0.9166666666666666,1.0,0.6666666666666666,4,6,6,12
POLICY_DEVELOPMENT,BALANCED_STRICT_REGRET,THRESHOLD_PASS,0.025,96,0.45,40,1,0.0,0.0,0.0,1.0,1.0,0.0,0.975,0.0,0.0,0,20,20,40
POLICY_DEVELOPMENT,BALANCED_STRICT_REGRET,THRESHOLD_PASS,0.025,96,0.45,40,3,0.0,0.0,0.11666666666666667,0.9416666666666667,0.8833333333333333,0.01942327479789711,0.75,1.0,0.11666666666666667,7,60,60,120
POLICY_DEVELOPMENT,BALANCED_STRICT_REGRET,THRESHOLD_PASS,0.025,96,0.85,1,3,0.0,0.0,0.0,1.0,1.0,0.0,0.0,0.0,0.0,0,1,0,1
POLICY_DEVELOPMENT,BALANCED_STRICT_REGRET,THRESHOLD_PASS,0.025,96,0.85,1,5,0.0,0.0,0.5,0.5,0.5,0.00439704273845477,1.0,1.0,0.5,1,2,0,2
POLICY_DEVELOPMENT,BALANCED_STRICT_REGRET,THRESHOLD_PASS,0.025,96,0.85,12,1,0.0,0.0,0.0,1.0,1.0,0.0,0.9722222222222222,0.0,0.0,0,18,18,36
POLICY_DEVELOPMENT,BALANCED_STRICT_REGRET,THRESHOLD_PASS,0.025,96,0.85,40,1,0.0,0.0,0.0,1.0,1.0,0.0,1.0,0.0,0.0,0,20,20,40
POLICY_DEVELOPMENT,BALANCED_STRICT_REGRET,THRESHOLD_PASS,0.06,12,0.05,1,3,0.0,0.0,0.0,1.0,1.0,0.0,1.0,0.0,0.0,0,1,0,1
POLICY_DEVELOPMENT,BALANCED_STRICT_REGRET,THRESHOLD_PASS,0.06,12,0.05,12,1,0.0,0.0,0.0,1.0,1.0,0.0,1.0,0.0,0.0,0,12,12,24
POLICY_DEVELOPMENT,BALANCED_STRICT_REGRET,THRESHOLD_PASS,0.06,12,0.05,12,5,0.0,0.0,0.0,1.0,1.0,0.0,1.0,0.0,0.0,0,6,6,12
POLICY_DEVELOPMENT,BALANCED_STRICT_REGRET,THRESHOLD_PASS,0.06,12,0.05,40,3,0.0,0.0,0.0,1.0,1.0,0.0,0.8875,0.0,0.0,0,40,40,80
POLICY_DEVELOPMENT,BALANCED_STRICT_REGRET,THRESHOLD_PASS,0.06,12,0.45,1,5,0.0,0.0,0.0,1.0,1.0,0.0,1.0,0.0,0.0,0,3,0,3
POLICY_DEVELOPMENT,BALANCED_STRICT_REGRET,THRESHOLD_PASS,0.06,12,0.45,12,3,0.0,0.0,0.0,1.0,1.0,0.0,0.9166666666666666,0.0,0.0,0,12,12,24
POLICY_DEVELOPMENT,BALANCED_STRICT_REGRET,THRESHOLD_PASS,0.06,12,0.45,40,1,0.0,0.0,0.0,1.0,1.0,0.0,0.8875,0.0,0.0,0,40,40,80
POLICY_DEVELOPMENT,BALANCED_STRICT_REGRET,THRESHOLD_PASS,0.06,36,0.05,1,5,0.0,0.0,0.0,1.0,1.0,0.0,1.0,0.0,0.0,0,2,0,2
POLICY_DEVELOPMENT,BALANCED_STRICT_REGRET,THRESHOLD_PASS,0.06,36,0.05,12,3,0.0,0.0,1.0,0.5,0.0,0.02233492787198728,0.8333333333333334,1.0,1.0,6,6,6,12
POLICY_DEVELOPMENT,BALANCED_STRICT_REGRET,THRESHOLD_PASS,0.06,36,0.05,12,5,0.0,0.0,0.0,1.0,1.0,0.0,1.0,0.0,0.0,0,6,6,12
POLICY_DEVELOPMENT,BALANCED_STRICT_REGRET,THRESHOLD_PASS,0.06,36,0.05,40,1,0.0,0.0,0.0,1.0,1.0,0.0,0.9,0.0,0.0,0,20,20,40
POLICY_DEVELOPMENT,BALANCED_STRICT_REGRET,THRESHOLD_PASS,0.06,36,0.05,40,3,0.0,0.0,0.0,1.0,1.0,0.0,0.875,0.0,0.0,0,40,40,80
POLICY_DEVELOPMENT,BALANCED_STRICT_REGRET,THRESHOLD_PASS,0.06,36,0.45,1,3,0.0,0.0,0.5,0.5,0.5,0.007924377238418087,1.0,1.0,0.5,1,2,0,2
POLICY_DEVELOPMENT,BALANCED_STRICT_REGRET,THRESHOLD_PASS,0.06,36,0.45,12,1,0.0,0.0,0.5,0.75,0.5,0.014087561956648132,1.0,1.0,0.5,9,18,18,36
POLICY_DEVELOPMENT,BALANCED_STRICT_REGRET,THRESHOLD_PASS,0.06,36,0.45,40,5,0.0,0.0,0.0,1.0,1.0,0.0,0.95,0.0,0.0,0,20,20,40
POLICY_DEVELOPMENT,BALANCED_STRICT_REGRET,THRESHOLD_PASS,0.06,96,0.05,1,3,0.0,0.0,0.0,1.0,1.0,0.0,1.0,0.0,0.0,0,1,0,1
POLICY_DEVELOPMENT,BALANCED_STRICT_REGRET,THRESHOLD_PASS,0.06,96,0.05,1,5,0.0,0.0,0.5,0.5,0.5,0.008948420451572216,1.0,1.0,0.5,1,2,0,2
POLICY_DEVELOPMENT,BALANCED_STRICT_REGRET,THRESHOLD_PASS,0.06,96,0.05,12,1,0.0,0.0,0.5,0.75,0.5,0.012607526331963952,0.9166666666666666,1.0,0.5,6,12,12,24
POLICY_DEVELOPMENT,BALANCED_STRICT_REGRET,THRESHOLD_PASS,0.06,96,0.05,12,3,0.0,0.0,1.0,0.5,0.0,0.009648437861733939,0.9166666666666666,1.0,1.0,6,6,6,12
POLICY_DEVELOPMENT,BALANCED_STRICT_REGRET,THRESHOLD_PASS,0.06,96,0.05,40,1,0.0,0.0,0.0,1.0,1.0,0.0,0.9,0.0,0.0,0,20,20,40
POLICY_DEVELOPMENT,BALANCED_STRICT_REGRET,THRESHOLD_PASS,0.06,96,0.45,1,1,0.0,0.0,0.0,1.0,1.0,0.0,1.0,0.0,0.0,0,1,0,1
POLICY_DEVELOPMENT,BALANCED_STRICT_REGRET,THRESHOLD_PASS,0.06,96,0.45,12,5,0.0,0.0,0.4166666666666667,0.7916666666666666,0.5833333333333333,0.010219463645258088,0.875,1.0,0.4166666666666667,5,12,12,24
POLICY_DEVELOPMENT,BALANCED_STRICT_REGRET,THRESHOLD_PASS,0.06,96,0.45,40,3,0.0,0.0,0.725,0.6375,0.275,0.00991606339858134,0.93125,1.0,0.725,58,80,80,160
POLICY_DEVELOPMENT,BALANCED_STRICT_REGRET,TOP_K,0.0,12,0.45,1,3,0.0,0.0,0.0,1.0,1.0,0.0,1.0,0.0,0.0,0,0,1,1
POLICY_DEVELOPMENT,BALANCED_STRICT_REGRET,TOP_K,0.0,12,0.45,12,1,0.0,0.0,0.0,1.0,1.0,0.0,1.0,0.0,0.0,0,0,24,24
POLICY_DEVELOPMENT,BALANCED_STRICT_REGRET,TOP_K,0.0,12,0.45,12,3,0.0,0.0,0.0,1.0,1.0,0.0,0.75,0.0,0.0,0,0,12,12
POLICY_DEVELOPMENT,BALANCED_STRICT_REGRET,TOP_K,0.0,12,0.45,40,5,0.0,0.0,0.0,1.0,1.0,0.0,0.8166666666666667,0.0,0.0,0,0,120,120
POLICY_DEVELOPMENT,BALANCED_STRICT_REGRET,TOP_K,0.0,12,0.85,1,1,0.0,0.0,0.0,1.0,1.0,0.0,1.0,0.0,0.0,0,0,3,3
POLICY_DEVELOPMENT,BALANCED_STRICT_REGRET,TOP_K,0.0,12,0.85,12,3,0.0,0.0,0.0,1.0,1.0,0.0,1.0,0.0,0.0,0,0,24,24
POLICY_DEVELOPMENT,BALANCED_STRICT_REGRET,TOP_K,0.0,12,0.85,40,3,0.0,0.0,0.0,1.0,1.0,0.0,0.925,0.0,0.0,0,0,40,40
POLICY_DEVELOPMENT,BALANCED_STRICT_REGRET,TOP_K,0.0,36,0.45,1,1,0.0,0.0,0.0,1.0,1.0,0.0,1.0,0.0,0.0,0,0,3,3
POLICY_DEVELOPMENT,BALANCED_STRICT_REGRET,TOP_K,0.0,36,0.45,12,1,0.0,0.0,0.0,1.0,1.0,0.0,1.0,0.0,0.0,0,0,12,12
POLICY_DEVELOPMENT,BALANCED_STRICT_REGRET,TOP_K,0.0,36,0.45,12,5,0.0,0.0,0.0,1.0,1.0,0.0,0.6666666666666666,0.0,0.0,0,0,12,12
POLICY_DEVELOPMENT,BALANCED_STRICT_REGRET,TOP_K,0.0,36,0.45,40,3,0.1875,0.27303097026808476,0.0,0.8125,1.0,0.07302542030352832,0.6875,0.0,0.0,15,0,80,80
POLICY_DEVELOPMENT,BALANCED_STRICT_REGRET,TOP_K,0.0,36,0.85,1,5,0.0,0.0,0.0,1.0,1.0,0.0,1.0,0.0,0.0,0,0,1,1
POLICY_DEVELOPMENT,BALANCED_STRICT_REGRET,TOP_K,0.0,36,0.85,12,1,0.0,0.0,0.0,1.0,1.0,0.0,1.0,0.0,0.0,0,0,12,12
POLICY_DEVELOPMENT,BALANCED_STRICT_REGRET,TOP_K,0.0,36,0.85,12,3,0.0,0.0,0.0,1.0,1.0,0.0,1.0,0.0,0.0,0,0,36,36
POLICY_DEVELOPMENT,BALANCED_STRICT_REGRET,TOP_K,0.0,36,0.85,40,1,0.0,0.0,0.0,1.0,1.0,0.0,0.9,0.0,0.0,0,0,40,40
POLICY_DEVELOPMENT,BALANCED_STRICT_REGRET,TOP_K,0.0,36,0.85,40,5,0.0,0.0,0.0,1.0,1.0,0.0,0.975,0.0,0.0,0,0,40,40
POLICY_DEVELOPMENT,BALANCED_STRICT_REGRET,TOP_K,0.0,96,0.45,1,1,0.0,0.0,0.0,1.0,1.0,0.0,1.0,0.0,0.0,0,0,1,1
POLICY_DEVELOPMENT,BALANCED_STRICT_REGRET,TOP_K,0.0,96,0.45,1,5,0.0,0.0,0.0,1.0,1.0,0.0,1.0,0.0,0.0,0,0,1,1
POLICY_DEVELOPMENT,BALANCED_STRICT_REGRET,TOP_K,0.0,96,0.45,12,3,0.0,0.0,0.0,1.0,1.0,0.0,0.8611111111111112,0.0,0.0,0,0,36,36
POLICY_DEVELOPMENT,BALANCED_STRICT_REGRET,TOP_K,0.0,96,0.45,40,1,0.0,0.0,0.0,1.0,1.0,0.0,0.925,0.0,0.0,0,0,40,40
POLICY_DEVELOPMENT,BALANCED_STRICT_REGRET,TOP_K,0.0,96,0.85,1,1,0.0,0.0,0.0,1.0,1.0,0.0,1.0,0.0,0.0,0,0,1,1
POLICY_DEVELOPMENT,BALANCED_STRICT_REGRET,TOP_K,0.0,96,0.85,1,3,0.0,0.0,0.0,1.0,1.0,0.0,1.0,0.0,0.0,0,0,1,1
POLICY_DEVELOPMENT,BALANCED_STRICT_REGRET,TOP_K,0.0,96,0.85,12,1,0.0,0.0,0.0,1.0,1.0,0.0,0.9583333333333334,0.0,0.0,0,0,24,24
POLICY_DEVELOPMENT,BALANCED_STRICT_REGRET,TOP_K,0.0,96,0.85,40,3,0.0,0.0,0.0,1.0,1.0,0.0,0.55,0.0,0.0,0,0,40,40
POLICY_DEVELOPMENT,BALANCED_STRICT_REGRET,TOP_K,0.0,96,0.85,40,5,0.0,0.0,0.0,1.0,1.0,0.0,1.0,0.0,0.0,0,0,80,80
POLICY_DEVELOPMENT,BALANCED_STRICT_REGRET,TOP_K,0.025,12,0.05,1,1,0.0,0.0,0.0,1.0,1.0,0.0,0.6666666666666666,0.0,0.0,0,3,0,3
POLICY_DEVELOPMENT,BALANCED_STRICT_REGRET,TOP_K,0.025,12,0.05,12,5,0.0,0.0,0.0,1.0,1.0,0.0,0.8333333333333334,0.0,0.0,0,6,6,12
POLICY_DEVELOPMENT,BALANCED_STRICT_REGRET,TOP_K,0.025,12,0.05,40,3,0.0,0.0,0.0,1.0,1.0,0.0,0.9625,0.0,0.0,0,40,40,80
POLICY_DEVELOPMENT,BALANCED_STRICT_REGRET,TOP_K,0.025,12,0.45,1,3,0.0,0.0,0.0,1.0,1.0,0.0,1.0,0.0,0.0,0,1,0,1
POLICY_DEVELOPMENT,BALANCED_STRICT_REGRET,TOP_K,0.025,12,0.45,12,1,0.0,0.0,0.0,1.0,1.0,0.0,1.0,0.0,0.0,0,12,12,24
POLICY_DEVELOPMENT,BALANCED_STRICT_REGRET,TOP_K,0.025,12,0.45,12,3,0.0,0.0,0.0,1.0,1.0,0.0,0.75,0.0,0.0,0,6,6,12
POLICY_DEVELOPMENT,BALANCED_STRICT_REGRET,TOP_K,0.025,12,0.45,40,5,0.0,0.0,0.0,1.0,1.0,0.0,0.875,0.0,0.0,0,60,60,120
POLICY_DEVELOPMENT,BALANCED_STRICT_REGRET,TOP_K,0.025,36,0.05,1,5,0.0,0.0,1.0,0.0,0.0,0.01333099787634151,1.0,1.0,1.0,1,1,0,1
POLICY_DEVELOPMENT,BALANCED_STRICT_REGRET,TOP_K,0.025,36,0.05,12,1,0.0,0.0,0.0,1.0,1.0,0.0,0.9166666666666666,0.0,0.0,0,6,6,12
POLICY_DEVELOPMENT,BALANCED_STRICT_REGRET,TOP_K,0.025,36,0.05,12,3,0.0,0.0,0.0,1.0,1.0,0.0,0.9166666666666666,0.0,0.0,0,18,18,36
POLICY_DEVELOPMENT,BALANCED_STRICT_REGRET,TOP_K,0.025,36,0.05,40,1,0.0,0.0,0.0,1.0,1.0,0.0,0.975,0.0,0.0,0,20,20,40
POLICY_DEVELOPMENT,BALANCED_STRICT_REGRET,TOP_K,0.025,36,0.05,40,5,0.0,0.0,0.0,1.0,1.0,0.0,0.925,0.0,0.0,0,20,20,40
POLICY_DEVELOPMENT,BALANCED_STRICT_REGRET,TOP_K,0.025,36,0.45,1,1,0.0,0.0,0.0,1.0,1.0,0.0,1.0,0.0,0.0,0,3,0,3
POLICY_DEVELOPMENT,BALANCED_STRICT_REGRET,TOP_K,0.025,36,0.45,12,1,0.0,0.0,0.0,1.0,1.0,0.0,1.0,0.0,0.0,0,6,6,12
POLICY_DEVELOPMENT,BALANCED_STRICT_REGRET,TOP_K,0.025,36,0.45,40,3,0.0,0.0,0.0,1.0,1.0,0.0,0.975,0.0,0.0,0,20,20,40
POLICY_DEVELOPMENT,BALANCED_STRICT_REGRET,TOP_K,0.025,36,0.45,40,5,0.0,0.0,0.1,0.95,0.9,0.025756401401197643,0.9625,1.0,0.1,4,40,40,80
POLICY_DEVELOPMENT,BALANCED_STRICT_REGRET,TOP_K,0.025,96,0.05,1,1,0.0,0.0,0.0,1.0,1.0,0.0,1.0,0.0,0.0,0,1,0,1
POLICY_DEVELOPMENT,BALANCED_STRICT_REGRET,TOP_K,0.025,96,0.05,1,3,0.0,0.0,0.0,1.0,1.0,0.0,0.0,0.0,0.0,0,1,0,1
POLICY_DEVELOPMENT,BALANCED_STRICT_REGRET,TOP_K,0.025,96,0.05,12,1,0.0,0.0,0.0,1.0,1.0,0.0,1.0,0.0,0.0,0,12,12,24
POLICY_DEVELOPMENT,BALANCED_STRICT_REGRET,TOP_K,0.025,96,0.05,40,5,0.0,0.0,0.21666666666666667,0.8916666666666666,0.7833333333333333,0.009140260364280405,0.9,1.0,0.21666666666666667,13,60,60,120
POLICY_DEVELOPMENT,BALANCED_STRICT_REGRET,TOP_K,0.025,96,0.45,1,1,0.0,0.0,0.0,1.0,1.0,0.0,1.0,0.0,0.0,0,1,0,1
POLICY_DEVELOPMENT,BALANCED_STRICT_REGRET,TOP_K,0.025,96,0.45,1,5,0.0,0.0,1.0,0.0,0.0,0.013731035914003271,1.0,1.0,1.0,1,1,0,1
POLICY_DEVELOPMENT,BALANCED_STRICT_REGRET,TOP_K,0.025,96,0.45,12,3,0.0,0.0,0.0,1.0,1.0,0.0,0.9583333333333334,0.0,0.0,0,12,12,24
POLICY_DEVELOPMENT,BALANCED_STRICT_REGRET,TOP_K,0.025,96,0.45,40,1,0.0,0.0,0.0,1.0,1.0,0.0,0.975,0.0,0.0,0,20,20,40
POLICY_DEVELOPMENT,BALANCED_STRICT_REGRET,TOP_K,0.025,96,0.45,40,3,0.0,0.0,0.45,0.775,0.55,0.0028345893309440168,1.0,1.0,0.45,9,20,20,40
POLICY_DEVELOPMENT,BALANCED_STRICT_REGRET,TOP_K,0.06,12,0.05,1,1,0.0,0.0,0.0,1.0,1.0,0.0,1.0,0.0,0.0,0,3,0,3
POLICY_DEVELOPMENT,BALANCED_STRICT_REGRET,TOP_K,0.06,12,0.05,12,5,0.0,0.0,0.0,1.0,1.0,0.0,0.5833333333333334,0.0,0.0,0,6,6,12
POLICY_DEVELOPMENT,BALANCED_STRICT_REGRET,TOP_K,0.06,12,0.05,40,3,0.0,0.0,0.0,1.0,1.0,0.0,0.9375,0.0,0.0,0,40,40,80
POLICY_DEVELOPMENT,BALANCED_STRICT_REGRET,TOP_K,0.06,12,0.85,1,3,0.0,0.0,0.0,1.0,1.0,0.0,1.0,0.0,0.0,0,1,0,1
POLICY_DEVELOPMENT,BALANCED_STRICT_REGRET,TOP_K,0.06,12,0.85,1,5,0.0,0.0,0.0,1.0,1.0,0.0,1.0,0.0,0.0,0,1,0,1
POLICY_DEVELOPMENT,BALANCED_STRICT_REGRET,TOP_K,0.06,12,0.85,12,1,0.0,0.0,0.0,1.0,1.0,0.0,1.0,0.0,0.0,0,6,6,12
POLICY_DEVELOPMENT,BALANCED_STRICT_REGRET,TOP_K,0.06,12,0.85,12,3,0.0,0.0,0.0,1.0,1.0,0.0,0.9583333333333334,0.0,0.0,0,12,12,24
POLICY_DEVELOPMENT,BALANCED_STRICT_REGRET,TOP_K,0.06,12,0.85,40,5,0.0,0.0,0.0,1.0,1.0,0.0,1.0,0.0,0.0,0,40,40,80
POLICY_DEVELOPMENT,BALANCED_STRICT_REGRET,TOP_K,0.06,36,0.05,1,5,0.0,0.0,0.0,1.0,1.0,0.0,1.0,0.0,0.0,0,2,0,2
POLICY_DEVELOPMENT,BALANCED_STRICT_REGRET,TOP_K,0.06,36,0.05,12,3,0.0,0.0,0.5416666666666666,0.7291666666666667,0.45833333333333337,0.012430743831331251,0.8958333333333334,1.0,0.5416666666666666,13,24,24,48
POLICY_DEVELOPMENT,BALANCED_STRICT_REGRET,TOP_K,0.06,36,0.05,40,1,0.0,0.0,0.0,1.0,1.0,0.0,0.875,0.0,0.0,0,20,20,40
POLICY_DEVELOPMENT,BALANCED_STRICT_REGRET,TOP_K,0.06,36,0.85,1,1,0.0,0.0,0.0,1.0,1.0,0.0,0.0,0.0,0.0,0,2,0,2
POLICY_DEVELOPMENT,BALANCED_STRICT_REGRET,TOP_K,0.06,36,0.85,1,3,0.0,0.0,1.0,0.0,0.0,0.0032496987302067445,1.0,1.0,1.0,1,1,0,1
POLICY_DEVELOPMENT,BALANCED_STRICT_REGRET,TOP_K,0.06,36,0.85,12,1,0.0,0.0,0.0,1.0,1.0,0.0,1.0,0.0,0.0,0,6,6,12
POLICY_DEVELOPMENT,BALANCED_STRICT_REGRET,TOP_K,0.06,36,0.85,40,3,0.0,0.0,0.0,1.0,1.0,0.0,1.0,0.0,0.0,0,20,20,40
POLICY_DEVELOPMENT,BALANCED_STRICT_REGRET,TOP_K,0.06,36,0.85,40,5,0.0,0.0,0.5,0.75,0.5,0.00950880758707125,1.0,1.0,0.5,20,40,40,80
POLICY_DEVELOPMENT,BALANCED_STRICT_REGRET,TOP_K,0.06,96,0.05,1,3,0.0,0.0,0.5,0.5,0.5,0.002824142991959301,1.0,1.0,0.5,1,2,0,2
POLICY_DEVELOPMENT,BALANCED_STRICT_REGRET,TOP_K,0.06,96,0.05,12,1,0.0,0.0,0.5,0.75,0.5,0.002605950112761119,0.9583333333333334,1.0,0.5,6,12,12,24
POLICY_DEVELOPMENT,BALANCED_STRICT_REGRET,TOP_K,0.06,96,0.05,40,5,0.0,0.0,0.6,0.7,0.4,0.00793524125360194,0.8916666666666667,1.0,0.6,36,60,60,120
POLICY_DEVELOPMENT,BALANCED_STRICT_REGRET,TOP_K,0.06,96,0.85,1,1,0.0,0.0,0.5,0.5,0.5,0.025265433088861575,1.0,1.0,0.5,1,2,0,2
POLICY_DEVELOPMENT,BALANCED_STRICT_REGRET,TOP_K,0.06,96,0.85,1,5,0.0,0.0,0.0,1.0,1.0,0.0,1.0,0.0,0.0,0,1,0,1
POLICY_DEVELOPMENT,BALANCED_STRICT_REGRET,TOP_K,0.06,96,0.85,12,3,0.0,0.0,0.0,1.0,1.0,0.0,1.0,0.0,0.0,0,12,12,24
POLICY_DEVELOPMENT,BALANCED_STRICT_REGRET,TOP_K,0.06,96,0.85,40,3,0.0,0.0,1.0,0.5,0.0,0.0032375554762953465,1.0,1.0,1.0,20,20,20,40
POLICY_DEVELOPMENT,BALANCED_STRICT_REGRET,TRANSPORT,0.0,12,0.45,1,3,0.0,0.0,0.0,1.0,1.0,0.0,1.0,0.0,0.0,0,0,1,1
POLICY_DEVELOPMENT,BALANCED_STRICT_REGRET,TRANSPORT,0.0,12,0.45,12,1,0.0,0.0,0.0,1.0,1.0,0.0,1.0,0.0,0.0,0,0,24,24
POLICY_DEVELOPMENT,BALANCED_STRICT_REGRET,TRANSPORT,0.0,12,0.45,12,3,0.0,0.0,0.0,1.0,1.0,0.0,0.9166666666666666,0.0,0.0,0,0,12,12
POLICY_DEVELOPMENT,BALANCED_STRICT_REGRET,TRANSPORT,0.0,12,0.45,40,5,0.0,0.0,0.0,1.0,1.0,0.0,0.8916666666666667,0.0,0.0,0,0,120,120
POLICY_DEVELOPMENT,BALANCED_STRICT_REGRET,TRANSPORT,0.0,12,0.85,1,1,0.0,0.0,0.0,1.0,1.0,0.0,1.0,0.0,0.0,0,0,3,3
POLICY_DEVELOPMENT,BALANCED_STRICT_REGRET,TRANSPORT,0.0,12,0.85,12,3,0.0,0.0,0.0,1.0,1.0,0.0,1.0,0.0,0.0,0,0,24,24
POLICY_DEVELOPMENT,BALANCED_STRICT_REGRET,TRANSPORT,0.0,12,0.85,40,3,0.0,0.0,0.0,1.0,1.0,0.0,1.0,0.0,0.0,0,0,40,40
POLICY_DEVELOPMENT,BALANCED_STRICT_REGRET,TRANSPORT,0.0,36,0.45,1,1,0.0,0.0,0.0,1.0,1.0,0.0,1.0,0.0,0.0,0,0,3,3
POLICY_DEVELOPMENT,BALANCED_STRICT_REGRET,TRANSPORT,0.0,36,0.45,12,1,0.0,0.0,0.0,1.0,1.0,0.0,1.0,0.0,0.0,0,0,12,12
POLICY_DEVELOPMENT,BALANCED_STRICT_REGRET,TRANSPORT,0.0,36,0.45,12,5,0.0,0.0,0.0,1.0,1.0,0.0,1.0,0.0,0.0,0,0,12,12
POLICY_DEVELOPMENT,BALANCED_STRICT_REGRET,TRANSPORT,0.0,36,0.45,40,3,0.0,0.0,0.0,1.0,1.0,0.0,0.8625,0.0,0.0,0,0,80,80
POLICY_DEVELOPMENT,BALANCED_STRICT_REGRET,TRANSPORT,0.0,36,0.85,1,5,0.0,0.0,0.0,1.0,1.0,0.0,1.0,0.0,0.0,0,0,1,1
POLICY_DEVELOPMENT,BALANCED_STRICT_REGRET,TRANSPORT,0.0,36,0.85,12,1,0.0,0.0,0.0,1.0,1.0,0.0,1.0,0.0,0.0,0,0,12,12
POLICY_DEVELOPMENT,BALANCED_STRICT_REGRET,TRANSPORT,0.0,36,0.85,12,3,0.0,0.0,0.0,1.0,1.0,0.0,1.0,0.0,0.0,0,0,36,36
POLICY_DEVELOPMENT,BALANCED_STRICT_REGRET,TRANSPORT,0.0,36,0.85,40,1,0.0,0.0,0.0,1.0,1.0,0.0,1.0,0.0,0.0,0,0,40,40
POLICY_DEVELOPMENT,BALANCED_STRICT_REGRET,TRANSPORT,0.0,36,0.85,40,5,0.0,0.0,0.0,1.0,1.0,0.0,1.0,0.0,0.0,0,0,40,40
POLICY_DEVELOPMENT,BALANCED_STRICT_REGRET,TRANSPORT,0.0,96,0.45,1,1,0.0,0.0,0.0,1.0,1.0,0.0,1.0,0.0,0.0,0,0,1,1
POLICY_DEVELOPMENT,BALANCED_STRICT_REGRET,TRANSPORT,0.0,96,0.45,1,5,0.0,0.0,0.0,1.0,1.0,0.0,1.0,0.0,0.0,0,0,1,1
POLICY_DEVELOPMENT,BALANCED_STRICT_REGRET,TRANSPORT,0.0,96,0.45,12,3,0.0,0.0,0.0,1.0,1.0,0.0,0.8055555555555556,0.0,0.0,0,0,36,36
POLICY_DEVELOPMENT,BALANCED_STRICT_REGRET,TRANSPORT,0.0,96,0.45,40,1,0.0,0.0,0.0,1.0,1.0,0.0,0.925,0.0,0.0,0,0,40,40
POLICY_DEVELOPMENT,BALANCED_STRICT_REGRET,TRANSPORT,0.0,96,0.85,1,1,0.0,0.0,0.0,1.0,1.0,0.0,1.0,0.0,0.0,0,0,1,1
POLICY_DEVELOPMENT,BALANCED_STRICT_REGRET,TRANSPORT,0.0,96,0.85,1,3,0.0,0.0,0.0,1.0,1.0,0.0,1.0,0.0,0.0,0,0,1,1
POLICY_DEVELOPMENT,BALANCED_STRICT_REGRET,TRANSPORT,0.0,96,0.85,12,1,0.0,0.0,0.0,1.0,1.0,0.0,1.0,0.0,0.0,0,0,24,24
POLICY_DEVELOPMENT,BALANCED_STRICT_REGRET,TRANSPORT,0.0,96,0.85,40,3,0.0,0.0,0.0,1.0,1.0,0.0,1.0,0.0,0.0,0,0,40,40
POLICY_DEVELOPMENT,BALANCED_STRICT_REGRET,TRANSPORT,0.0,96,0.85,40,5,0.0,0.0,0.0,1.0,1.0,0.0,1.0,0.0,0.0,0,0,80,80
POLICY_DEVELOPMENT,BALANCED_STRICT_REGRET,TRANSPORT,0.025,12,0.05,1,1,0.0,0.0,0.0,1.0,1.0,0.0,0.6666666666666666,0.0,0.0,0,2,1,3
POLICY_DEVELOPMENT,BALANCED_STRICT_REGRET,TRANSPORT,0.025,12,0.05,12,5,0.0,0.0,0.0,1.0,1.0,0.0,0.8333333333333334,0.0,0.0,0,6,6,12
POLICY_DEVELOPMENT,BALANCED_STRICT_REGRET,TRANSPORT,0.025,12,0.05,40,3,0.0,0.0,0.0,1.0,1.0,0.0,0.8875,0.0,0.0,0,40,40,80
POLICY_DEVELOPMENT,BALANCED_STRICT_REGRET,TRANSPORT,0.025,12,0.45,1,3,0.0,0.0,0.0,1.0,1.0,0.0,1.0,0.0,0.0,0,1,0,1
POLICY_DEVELOPMENT,BALANCED_STRICT_REGRET,TRANSPORT,0.025,12,0.45,12,1,0.0,0.0,0.0,1.0,1.0,0.0,0.9166666666666666,0.0,0.0,0,12,12,24
POLICY_DEVELOPMENT,BALANCED_STRICT_REGRET,TRANSPORT,0.025,12,0.45,12,3,0.0,0.0,0.0,1.0,1.0,0.0,1.0,0.0,0.0,0,6,6,12
POLICY_DEVELOPMENT,BALANCED_STRICT_REGRET,TRANSPORT,0.025,12,0.45,40,5,0.0,0.0,0.0,1.0,1.0,0.0,0.8416666666666667,0.0,0.0,0,60,60,120
POLICY_DEVELOPMENT,BALANCED_STRICT_REGRET,TRANSPORT,0.025,36,0.05,1,5,0.0,0.0,0.0,1.0,1.0,0.0,1.0,0.0,0.0,0,1,0,1
POLICY_DEVELOPMENT,BALANCED_STRICT_REGRET,TRANSPORT,0.025,36,0.05,12,1,0.0,0.0,0.0,1.0,1.0,0.0,1.0,0.0,0.0,0,0,12,12
POLICY_DEVELOPMENT,BALANCED_STRICT_REGRET,TRANSPORT,0.025,36,0.05,12,3,0.05555555555555555,0.16137653438793323,0.0,0.9722222222222222,1.0,0.06628474570572951,0.9444444444444444,0.0,0.0,1,18,18,36
POLICY_DEVELOPMENT,BALANCED_STRICT_REGRET,TRANSPORT,0.025,36,0.05,40,1,0.0,0.0,0.0,1.0,1.0,0.0,0.925,0.0,0.0,0,0,40,40
POLICY_DEVELOPMENT,BALANCED_STRICT_REGRET,TRANSPORT,0.025,36,0.05,40,5,0.0,0.0,0.0,1.0,1.0,0.0,0.925,0.0,0.0,0,20,20,40
POLICY_DEVELOPMENT,BALANCED_STRICT_REGRET,TRANSPORT,0.025,36,0.45,1,1,0.0,0.0,0.0,1.0,1.0,0.0,1.0,0.0,0.0,0,3,0,3
POLICY_DEVELOPMENT,BALANCED_STRICT_REGRET,TRANSPORT,0.025,36,0.45,12,1,0.0,0.0,0.0,1.0,1.0,0.0,1.0,0.0,0.0,0,6,6,12
POLICY_DEVELOPMENT,BALANCED_STRICT_REGRET,TRANSPORT,0.025,36,0.45,40,3,0.0,0.0,0.25,0.875,0.75,0.021409185035792488,0.975,1.0,0.25,5,20,20,40
POLICY_DEVELOPMENT,BALANCED_STRICT_REGRET,TRANSPORT,0.025,36,0.45,40,5,0.0,0.0,0.0,1.0,1.0,0.0,0.85,0.0,0.0,0,40,40,80
POLICY_DEVELOPMENT,BALANCED_STRICT_REGRET,TRANSPORT,0.025,96,0.05,1,1,0.0,0.0,0.0,1.0,1.0,0.0,1.0,0.0,0.0,0,1,0,1
POLICY_DEVELOPMENT,BALANCED_STRICT_REGRET,TRANSPORT,0.025,96,0.05,1,3,0.0,0.0,0.0,1.0,1.0,0.0,1.0,0.0,0.0,0,1,0,1
POLICY_DEVELOPMENT,BALANCED_STRICT_REGRET,TRANSPORT,0.025,96,0.05,12,1,0.0,0.0,0.0,1.0,1.0,0.0,1.0,0.0,0.0,0,6,18,24
POLICY_DEVELOPMENT,BALANCED_STRICT_REGRET,TRANSPORT,0.025,96,0.05,40,5,0.0,0.0,0.11666666666666667,0.9416666666666667,0.8833333333333333,0.0062993392793003035,0.9333333333333333,1.0,0.11666666666666667,7,60,60,120
POLICY_DEVELOPMENT,BALANCED_STRICT_REGRET,TRANSPORT,0.025,96,0.45,1,1,0.0,0.0,0.0,1.0,1.0,0.0,1.0,0.0,0.0,0,1,0,1
POLICY_DEVELOPMENT,BALANCED_STRICT_REGRET,TRANSPORT,0.025,96,0.45,1,5,0.0,0.0,0.0,1.0,1.0,0.0,1.0,0.0,0.0,0,1,0,1
POLICY_DEVELOPMENT,BALANCED_STRICT_REGRET,TRANSPORT,0.025,96,0.45,12,3,0.0,0.0,0.16666666666666666,0.9166666666666666,0.8333333333333334,0.019056706606069927,0.9166666666666666,1.0,0.16666666666666666,2,12,12,24
POLICY_DEVELOPMENT,BALANCED_STRICT_REGRET,TRANSPORT,0.025,96,0.45,40,1,0.0,0.0,0.0,1.0,1.0,0.0,0.9,0.0,0.0,0,20,20,40
POLICY_DEVELOPMENT,BALANCED_STRICT_REGRET,TRANSPORT,0.025,96,0.45,40,3,0.0,0.0,0.85,0.575,0.15000000000000002,0.009827006646340722,0.925,1.0,0.85,17,20,20,40
POLICY_DEVELOPMENT,BALANCED_STRICT_REGRET,TRANSPORT,0.06,12,0.05,1,1,0.0,0.0,0.0,1.0,1.0,0.0,1.0,0.0,0.0,0,3,0,3
POLICY_DEVELOPMENT,BALANCED_STRICT_REGRET,TRANSPORT,0.06,12,0.05,12,5,0.0,0.0,0.0,1.0,1.0,0.0,0.6666666666666666,0.0,0.0,0,6,6,12
POLICY_DEVELOPMENT,BALANCED_STRICT_REGRET,TRANSPORT,0.06,12,0.05,40,3,0.0,0.0,0.0,1.0,1.0,0.0,0.9375,0.0,0.0,0,40,40,80
POLICY_DEVELOPMENT,BALANCED_STRICT_REGRET,TRANSPORT,0.06,12,0.85,1,3,0.0,0.0,0.0,1.0,1.0,0.0,1.0,0.0,0.0,0,1,0,1
POLICY_DEVELOPMENT,BALANCED_STRICT_REGRET,TRANSPORT,0.06,12,0.85,1,5,0.0,0.0,0.0,1.0,1.0,0.0,0.0,0.0,0.0,0,1,0,1
POLICY_DEVELOPMENT,BALANCED_STRICT_REGRET,TRANSPORT,0.06,12,0.85,12,1,0.0,0.0,0.0,1.0,1.0,0.0,0.9166666666666666,0.0,0.0,0,6,6,12
POLICY_DEVELOPMENT,BALANCED_STRICT_REGRET,TRANSPORT,0.06,12,0.85,12,3,0.0,0.0,0.0,1.0,1.0,0.0,1.0,0.0,0.0,0,6,18,24
POLICY_DEVELOPMENT,BALANCED_STRICT_REGRET,TRANSPORT,0.06,12,0.85,40,5,0.0,0.0,0.0,1.0,1.0,0.0,1.0,0.0,0.0,0,40,40,80
POLICY_DEVELOPMENT,BALANCED_STRICT_REGRET,TRANSPORT,0.06,36,0.05,1,5,0.0,0.0,0.5,0.5,0.5,0.0043310177662899685,0.5,1.0,0.5,1,2,0,2
POLICY_DEVELOPMENT,BALANCED_STRICT_REGRET,TRANSPORT,0.06,36,0.05,12,3,0.0,0.0,0.5416666666666666,0.7291666666666667,0.45833333333333337,0.009980969220582904,0.9791666666666666,1.0,0.5416666666666666,13,24,24,48
POLICY_DEVELOPMENT,BALANCED_STRICT_REGRET,TRANSPORT,0.06,36,0.05,40,1,0.0,0.0,0.0,1.0,1.0,0.0,0.925,0.0,0.0,0,20,20,40
POLICY_DEVELOPMENT,BALANCED_STRICT_REGRET,TRANSPORT,0.06,36,0.85,1,1,0.0,0.0,0.0,1.0,1.0,0.0,0.5,0.0,0.0,0,2,0,2
POLICY_DEVELOPMENT,BALANCED_STRICT_REGRET,TRANSPORT,0.06,36,0.85,1,3,0.0,0.0,0.0,1.0,1.0,0.0,1.0,0.0,0.0,0,0,1,1
POLICY_DEVELOPMENT,BALANCED_STRICT_REGRET,TRANSPORT,0.06,36,0.85,12,1,0.0,0.0,0.0,1.0,1.0,0.0,0.9166666666666666,0.0,0.0,0,6,6,12
POLICY_DEVELOPMENT,BALANCED_STRICT_REGRET,TRANSPORT,0.06,36,0.85,40,3,0.0,0.0,0.0,1.0,1.0,0.0,0.975,0.0,0.0,0,0,40,40
POLICY_DEVELOPMENT,BALANCED_STRICT_REGRET,TRANSPORT,0.06,36,0.85,40,5,0.0,0.0,0.475,0.7625,0.525,0.01955331162921819,0.625,1.0,0.475,19,40,40,80
POLICY_DEVELOPMENT,BALANCED_STRICT_REGRET,TRANSPORT,0.06,96,0.05,1,3,0.0,0.0,1.0,0.0,0.0,0.003889740352973625,1.0,1.0,1.0,2,2,0,2
POLICY_DEVELOPMENT,BALANCED_STRICT_REGRET,TRANSPORT,0.06,96,0.05,12,1,0.0,0.0,0.0,1.0,1.0,0.0,0.9166666666666666,0.0,0.0,0,12,12,24
POLICY_DEVELOPMENT,BALANCED_STRICT_REGRET,TRANSPORT,0.06,96,0.05,40,5,0.0,0.0,0.21666666666666667,0.8916666666666666,0.7833333333333333,0.006959000769093205,0.875,1.0,0.21666666666666667,13,60,60,120
POLICY_DEVELOPMENT,BALANCED_STRICT_REGRET,TRANSPORT,0.06,96,0.85,1,1,0.0,0.0,0.0,1.0,1.0,0.0,1.0,0.0,0.0,0,2,0,2
POLICY_DEVELOPMENT,BALANCED_STRICT_REGRET,TRANSPORT,0.06,96,0.85,1,5,0.0,0.0,1.0,0.0,0.0,0.0026978026528096527,1.0,1.0,1.0,1,1,0,1
POLICY_DEVELOPMENT,BALANCED_STRICT_REGRET,TRANSPORT,0.06,96,0.85,12,3,0.0,0.0,1.0,0.75,0.0,0.032310242298001654,0.75,1.0,1.0,6,6,18,24
POLICY_DEVELOPMENT,BALANCED_STRICT_REGRET,TRANSPORT,0.06,96,0.85,40,3,0.0,0.0,1.0,0.5,0.0,0.003941176011863283,1.0,1.0,1.0,20,20,20,40
POLICY_DEVELOPMENT,HIGH_COVERAGE,ITEM_DIAGNOSTICS,0.0,12,0.05,1,1,0.0,0.0,0.0,1.0,1.0,0.0,1.0,0.0,0.0,0,0,1,1
POLICY_DEVELOPMENT,HIGH_COVERAGE,ITEM_DIAGNOSTICS,0.0,12,0.05,1,5,0.0,0.0,0.0,1.0,1.0,0.0,1.0,0.0,0.0,0,0,1,1
POLICY_DEVELOPMENT,HIGH_COVERAGE,ITEM_DIAGNOSTICS,0.0,12,0.05,12,3,0.0,0.0,0.0,1.0,1.0,0.0,0.7916666666666666,0.0,0.0,0,0,24,24
POLICY_DEVELOPMENT,HIGH_COVERAGE,ITEM_DIAGNOSTICS,0.0,12,0.05,40,1,0.0,0.0,0.0,1.0,1.0,0.0,0.8583333333333333,0.0,0.0,0,0,120,120
POLICY_DEVELOPMENT,HIGH_COVERAGE,ITEM_DIAGNOSTICS,0.0,12,0.45,1,1,0.0,0.0,0.0,1.0,1.0,0.0,1.0,0.0,0.0,0,0,1,1
POLICY_DEVELOPMENT,HIGH_COVERAGE,ITEM_DIAGNOSTICS,0.0,12,0.45,1,3,0.0,0.0,0.0,1.0,1.0,0.0,1.0,0.0,0.0,0,0,3,3
POLICY_DEVELOPMENT,HIGH_COVERAGE,ITEM_DIAGNOSTICS,0.0,12,0.45,12,1,0.16666666666666666,0.3775290932935149,0.0,0.8333333333333334,1.0,0.08682378719130857,0.3333333333333333,0.0,0.0,2,0,12,12
POLICY_DEVELOPMENT,HIGH_COVERAGE,ITEM_DIAGNOSTICS,0.0,12,0.45,12,5,0.0,0.0,0.0,1.0,1.0,0.0,1.0,0.0,0.0,0,0,12,12
POLICY_DEVELOPMENT,HIGH_COVERAGE,ITEM_DIAGNOSTICS,0.0,12,0.45,40,5,0.0,0.0,0.0,1.0,1.0,0.0,0.8,0.0,0.0,0,0,40,40
POLICY_DEVELOPMENT,HIGH_COVERAGE,ITEM_DIAGNOSTICS,0.0,36,0.05,1,3,0.0,0.0,0.0,1.0,1.0,0.0,0.6666666666666666,0.0,0.0,0,0,3,3
POLICY_DEVELOPMENT,HIGH_COVERAGE,ITEM_DIAGNOSTICS,0.0,36,0.05,12,1,0.0,0.0,0.0,1.0,1.0,0.0,0.6666666666666666,0.0,0.0,0,0,12,12
POLICY_DEVELOPMENT,HIGH_COVERAGE,ITEM_DIAGNOSTICS,0.0,36,0.05,40,1,0.0,0.0,0.0,1.0,1.0,0.0,0.725,0.0,0.0,0,0,40,40
POLICY_DEVELOPMENT,HIGH_COVERAGE,ITEM_DIAGNOSTICS,0.0,36,0.05,40,5,0.0,0.0,0.0,1.0,1.0,0.0,0.825,0.0,0.0,0,0,40,40
POLICY_DEVELOPMENT,HIGH_COVERAGE,ITEM_DIAGNOSTICS,0.0,36,0.45,1,1,0.0,0.0,0.0,1.0,1.0,0.0,1.0,0.0,0.0,0,0,2,2
POLICY_DEVELOPMENT,HIGH_COVERAGE,ITEM_DIAGNOSTICS,0.0,36,0.45,12,3,0.0,0.0,0.0,1.0,1.0,0.0,0.8333333333333334,0.0,0.0,0,0,12,12
POLICY_DEVELOPMENT,HIGH_COVERAGE,ITEM_DIAGNOSTICS,0.0,36,0.45,12,5,0.0,0.0,0.0,1.0,1.0,0.0,0.7083333333333334,0.0,0.0,0,0,24,24
POLICY_DEVELOPMENT,HIGH_COVERAGE,ITEM_DIAGNOSTICS,0.0,36,0.45,40,1,0.0,0.0,0.0,1.0,1.0,0.0,0.975,0.0,0.0,0,0,40,40
POLICY_DEVELOPMENT,HIGH_COVERAGE,ITEM_DIAGNOSTICS,0.0,36,0.45,40,3,0.0,0.0,0.0,1.0,1.0,0.0,0.9,0.0,0.0,0,0,40,40
POLICY_DEVELOPMENT,HIGH_COVERAGE,ITEM_DIAGNOSTICS,0.0,96,0.05,1,1,0.0,0.0,0.0,1.0,1.0,0.0,0.5,0.0,0.0,0,0,2,2
POLICY_DEVELOPMENT,HIGH_COVERAGE,ITEM_DIAGNOSTICS,0.0,96,0.05,1,3,0.0,0.0,0.0,1.0,1.0,0.0,1.0,0.0,0.0,0,0,1,1
POLICY_DEVELOPMENT,HIGH_COVERAGE,ITEM_DIAGNOSTICS,0.0,96,0.05,12,5,0.0,0.0,0.0,1.0,1.0,0.0,0.8333333333333334,0.0,0.0,0,0,36,36
POLICY_DEVELOPMENT,HIGH_COVERAGE,ITEM_DIAGNOSTICS,0.0,96,0.05,40,3,0.0,0.0,0.0,1.0,1.0,0.0,0.8,0.0,0.0,0,0,40,40
POLICY_DEVELOPMENT,HIGH_COVERAGE,ITEM_DIAGNOSTICS,0.0,96,0.45,1,3,0.0,0.0,0.0,1.0,1.0,0.0,0.5,0.0,0.0,0,0,2,2
POLICY_DEVELOPMENT,HIGH_COVERAGE,ITEM_DIAGNOSTICS,0.0,96,0.45,12,3,0.0,0.0,0.0,1.0,1.0,0.0,0.8333333333333334,0.0,0.0,0,0,12,12
POLICY_DEVELOPMENT,HIGH_COVERAGE,ITEM_DIAGNOSTICS,0.0,96,0.45,40,1,0.0,0.0,0.0,1.0,1.0,0.0,0.7333333333333333,0.0,0.0,0,0,120,120
POLICY_DEVELOPMENT,HIGH_COVERAGE,ITEM_DIAGNOSTICS,0.025,12,0.05,1,1,0.0,0.0,0.0,1.0,1.0,0.0,1.0,0.0,0.0,0,1,0,1
POLICY_DEVELOPMENT,HIGH_COVERAGE,ITEM_DIAGNOSTICS,0.025,12,0.05,12,3,0.0,0.0,0.0,1.0,1.0,0.0,0.8333333333333334,0.0,0.0,0,6,6,12
POLICY_DEVELOPMENT,HIGH_COVERAGE,ITEM_DIAGNOSTICS,0.025,12,0.05,12,5,0.0,0.0,0.0,1.0,1.0,0.0,0.625,0.0,0.0,0,12,12,24
POLICY_DEVELOPMENT,HIGH_COVERAGE,ITEM_DIAGNOSTICS,0.025,12,0.05,40,1,0.0,0.0,0.03333333333333333,0.9833333333333333,0.9666666666666667,0.05659987828815216,0.8,1.0,0.03333333333333333,2,60,60,120
POLICY_DEVELOPMENT,HIGH_COVERAGE,ITEM_DIAGNOSTICS,0.025,12,0.85,1,1,0.0,0.0,1.0,0.0,0.0,0.033452928504518885,1.0,1.0,1.0,1,1,0,1
POLICY_DEVELOPMENT,HIGH_COVERAGE,ITEM_DIAGNOSTICS,0.025,12,0.85,1,3,0.0,0.0,0.0,1.0,1.0,0.0,1.0,0.0,0.0,0,3,0,3
POLICY_DEVELOPMENT,HIGH_COVERAGE,ITEM_DIAGNOSTICS,0.025,12,0.85,12,1,0.0,0.0,0.0,1.0,1.0,0.0,1.0,0.0,0.0,0,6,6,12
POLICY_DEVELOPMENT,HIGH_COVERAGE,ITEM_DIAGNOSTICS,0.025,12,0.85,12,5,0.0,0.0,0.0,1.0,1.0,0.0,1.0,0.0,0.0,0,6,6,12
POLICY_DEVELOPMENT,HIGH_COVERAGE,ITEM_DIAGNOSTICS,0.025,12,0.85,40,5,0.0,0.0,0.0,1.0,1.0,0.0,1.0,0.0,0.0,0,20,20,40
POLICY_DEVELOPMENT,HIGH_COVERAGE,ITEM_DIAGNOSTICS,0.025,36,0.05,1,3,0.0,0.0,0.5,0.5,0.5,0.04306733544041413,0.5,1.0,0.5,1,2,0,2
POLICY_DEVELOPMENT,HIGH_COVERAGE,ITEM_DIAGNOSTICS,0.025,36,0.05,12,1,0.0,0.0,0.0,1.0,1.0,0.0,0.75,0.0,0.0,0,6,6,12
POLICY_DEVELOPMENT,HIGH_COVERAGE,ITEM_DIAGNOSTICS,0.025,36,0.05,12,3,0.0,0.0,0.0,1.0,1.0,0.0,0.8333333333333334,0.0,0.0,0,6,6,12
POLICY_DEVELOPMENT,HIGH_COVERAGE,ITEM_DIAGNOSTICS,0.025,36,0.05,40,1,0.0,0.0,0.0,1.0,1.0,0.0,0.725,0.0,0.0,0,20,20,40
POLICY_DEVELOPMENT,HIGH_COVERAGE,ITEM_DIAGNOSTICS,0.025,36,0.05,40,5,0.0,0.0,0.0,1.0,1.0,0.0,0.775,0.0,0.0,0,20,20,40
POLICY_DEVELOPMENT,HIGH_COVERAGE,ITEM_DIAGNOSTICS,0.025,36,0.85,1,1,0.0,0.0,0.0,1.0,1.0,0.0,0.5,0.0,0.0,0,2,0,2
POLICY_DEVELOPMENT,HIGH_COVERAGE,ITEM_DIAGNOSTICS,0.025,36,0.85,12,5,0.0,0.0,0.2777777777777778,0.8611111111111112,0.7222222222222222,0.01624254528701067,0.8611111111111112,1.0,0.2777777777777778,5,18,18,36
POLICY_DEVELOPMENT,HIGH_COVERAGE,ITEM_DIAGNOSTICS,0.025,36,0.85,40,1,0.0,0.0,0.0,1.0,1.0,0.0,0.35,0.0,0.0,0,20,20,40
POLICY_DEVELOPMENT,HIGH_COVERAGE,ITEM_DIAGNOSTICS,0.025,36,0.85,40,3,0.0,0.0,0.0,1.0,1.0,0.0,1.0,0.0,0.0,0,20,20,40
POLICY_DEVELOPMENT,HIGH_COVERAGE,ITEM_DIAGNOSTICS,0.025,96,0.05,1,1,0.0,0.0,0.5,0.5,0.5,0.004509442461722475,1.0,1.0,0.5,1,2,0,2
POLICY_DEVELOPMENT,HIGH_COVERAGE,ITEM_DIAGNOSTICS,0.025,96,0.05,1,3,0.0,0.0,1.0,0.0,0.0,0.012278297006425548,1.0,1.0,1.0,1,1,0,1
POLICY_DEVELOPMENT,HIGH_COVERAGE,ITEM_DIAGNOSTICS,0.025,96,0.05,12,5,0.0,0.0,0.4444444444444444,0.7777777777777778,0.5555555555555556,0.006333848444944586,0.8333333333333334,1.0,0.4444444444444444,8,18,18,36
POLICY_DEVELOPMENT,HIGH_COVERAGE,ITEM_DIAGNOSTICS,0.025,96,0.05,40,3,0.0,0.0,1.0,0.5,0.0,0.005577610458480051,0.85,1.0,1.0,20,20,20,40
POLICY_DEVELOPMENT,HIGH_COVERAGE,ITEM_DIAGNOSTICS,0.025,96,0.85,1,5,0.0,0.0,0.0,1.0,1.0,0.0,0.0,0.0,0.0,0,1,0,1
POLICY_DEVELOPMENT,HIGH_COVERAGE,ITEM_DIAGNOSTICS,0.025,96,0.85,12,3,0.0,0.0,0.0,1.0,1.0,0.0,0.5,0.0,0.0,0,12,12,24
POLICY_DEVELOPMENT,HIGH_COVERAGE,ITEM_DIAGNOSTICS,0.025,96,0.85,40,1,0.05,0.10514768051937151,0.5833333333333334,0.6833333333333333,0.41666666666666663,0.022034414746912496,0.65,0.9210526315789473,0.5833333333333334,38,60,60,120
POLICY_DEVELOPMENT,HIGH_COVERAGE,ITEM_DIAGNOSTICS,0.06,12,0.45,1,1,0.0,0.0,0.0,1.0,1.0,0.0,0.0,0.0,0.0,0,1,0,1
POLICY_DEVELOPMENT,HIGH_COVERAGE,ITEM_DIAGNOSTICS,0.06,12,0.45,12,3,0.0,0.0,0.0,1.0,1.0,0.0,0.8333333333333334,0.0,0.0,0,6,6,12
POLICY_DEVELOPMENT,HIGH_COVERAGE,ITEM_DIAGNOSTICS,0.06,12,0.45,12,5,0.0,0.0,0.0,1.0,1.0,0.0,0.8333333333333334,0.0,0.0,0,12,12,24
POLICY_DEVELOPMENT,HIGH_COVERAGE,ITEM_DIAGNOSTICS,0.06,12,0.45,40,1,0.0,0.0,0.0,1.0,1.0,0.0,0.875,0.0,0.0,0,40,40,80
POLICY_DEVELOPMENT,HIGH_COVERAGE,ITEM_DIAGNOSTICS,0.06,12,0.45,40,3,0.0,0.0,0.7,0.65,0.30000000000000004,0.015236873434316697,0.925,1.0,0.7,14,20,20,40
POLICY_DEVELOPMENT,HIGH_COVERAGE,ITEM_DIAGNOSTICS,0.06,12,0.85,1,3,0.0,0.0,0.75,0.25,0.25,0.05331812779616868,0.5,1.0,0.75,3,4,0,4
POLICY_DEVELOPMENT,HIGH_COVERAGE,ITEM_DIAGNOSTICS,0.06,12,0.85,12,1,0.0,0.0,0.0,1.0,1.0,0.0,0.9166666666666666,0.0,0.0,0,6,6,12
POLICY_DEVELOPMENT,HIGH_COVERAGE,ITEM_DIAGNOSTICS,0.06,12,0.85,40,5,0.0,0.0,0.0,1.0,1.0,0.0,0.6625,0.0,0.0,0,40,40,80
POLICY_DEVELOPMENT,HIGH_COVERAGE,ITEM_DIAGNOSTICS,0.06,36,0.45,1,3,0.0,0.0,0.5,0.5,0.5,0.001679029337747072,1.0,1.0,0.5,1,2,0,2
POLICY_DEVELOPMENT,HIGH_COVERAGE,ITEM_DIAGNOSTICS,0.06,36,0.45,12,3,0.0,0.0,1.0,0.5,0.0,0.0058191816176726635,0.8333333333333334,1.0,1.0,6,6,6,12
POLICY_DEVELOPMENT,HIGH_COVERAGE,ITEM_DIAGNOSTICS,0.06,36,0.45,40,1,0.0,0.0,0.0,1.0,1.0,0.0,0.875,0.0,0.0,0,40,40,80
POLICY_DEVELOPMENT,HIGH_COVERAGE,ITEM_DIAGNOSTICS,0.06,36,0.45,40,5,0.0,0.0,0.0,1.0,1.0,0.0,0.8,0.0,0.0,0,20,20,40
POLICY_DEVELOPMENT,HIGH_COVERAGE,ITEM_DIAGNOSTICS,0.06,36,0.85,1,1,0.0,0.0,0.5,0.5,0.5,0.0037498551755947712,0.5,1.0,0.5,1,2,0,2
POLICY_DEVELOPMENT,HIGH_COVERAGE,ITEM_DIAGNOSTICS,0.06,36,0.85,12,5,0.0,0.0,0.3333333333333333,0.8333333333333334,0.6666666666666667,0.00656578949656502,0.9722222222222222,1.0,0.3333333333333333,6,18,18,36
POLICY_DEVELOPMENT,HIGH_COVERAGE,ITEM_DIAGNOSTICS,0.06,36,0.85,40,3,0.0,0.0,0.5,0.75,0.5,0.038178111837430175,0.425,1.0,0.5,20,40,40,80
POLICY_DEVELOPMENT,HIGH_COVERAGE,ITEM_DIAGNOSTICS,0.06,96,0.45,1,1,0.0,0.0,0.0,1.0,1.0,0.0,1.0,0.0,0.0,0,1,0,1
POLICY_DEVELOPMENT,HIGH_COVERAGE,ITEM_DIAGNOSTICS,0.06,96,0.45,1,3,0.0,0.0,0.0,1.0,1.0,0.0,1.0,0.0,0.0,0,2,0,2
POLICY_DEVELOPMENT,HIGH_COVERAGE,ITEM_DIAGNOSTICS,0.06,96,0.45,12,5,0.0,0.0,0.5,0.75,0.5,0.009659157780922956,0.875,1.0,0.5,6,12,12,24
POLICY_DEVELOPMENT,HIGH_COVERAGE,ITEM_DIAGNOSTICS,0.06,96,0.45,40,3,0.0,0.0,0.0,1.0,1.0,0.0,0.55,0.0,0.0,0,20,20,40
POLICY_DEVELOPMENT,HIGH_COVERAGE,ITEM_DIAGNOSTICS,0.06,96,0.45,40,5,0.0,0.0,1.0,0.5,0.0,0.0060874711137705794,0.875,1.0,1.0,20,20,20,40
POLICY_DEVELOPMENT,HIGH_COVERAGE,ITEM_DIAGNOSTICS,0.06,96,0.85,1,5,0.0,0.0,1.0,0.0,0.0,0.0044907044805403695,1.0,1.0,1.0,1,1,0,1
POLICY_DEVELOPMENT,HIGH_COVERAGE,ITEM_DIAGNOSTICS,0.06,96,0.85,12,3,0.0,0.0,1.0,0.5,0.0,0.010567765269605197,0.625,1.0,1.0,12,12,12,24
POLICY_DEVELOPMENT,HIGH_COVERAGE,ITEM_DIAGNOSTICS,0.06,96,0.85,40,1,0.0,0.0,0.85,0.575,0.15000000000000002,0.006874416705090804,0.9666666666666667,1.0,0.85,51,60,60,120
POLICY_DEVELOPMENT,HIGH_COVERAGE,PRIMARY_PAIRWISE,0.0,12,0.05,1,1,0.0,0.0,0.0,1.0,1.0,0.0,1.0,0.0,0.0,0,0,1,1
POLICY_DEVELOPMENT,HIGH_COVERAGE,PRIMARY_PAIRWISE,0.0,12,0.05,1,5,0.0,0.0,0.0,1.0,1.0,0.0,1.0,0.0,0.0,0,0,1,1
POLICY_DEVELOPMENT,HIGH_COVERAGE,PRIMARY_PAIRWISE,0.0,12,0.05,12,3,0.0,0.0,0.0,1.0,1.0,0.0,0.7083333333333334,0.0,0.0,0,0,24,24
POLICY_DEVELOPMENT,HIGH_COVERAGE,PRIMARY_PAIRWISE,0.0,12,0.05,40,1,0.0,0.0,0.0,1.0,1.0,0.0,0.7916666666666666,0.0,0.0,0,0,120,120
POLICY_DEVELOPMENT,HIGH_COVERAGE,PRIMARY_PAIRWISE,0.0,12,0.45,1,1,1.0,1.0,0.0,0.0,1.0,0.04631050669366943,0.0,0.0,0.0,1,0,1,1
POLICY_DEVELOPMENT,HIGH_COVERAGE,PRIMARY_PAIRWISE,0.0,12,0.45,1,3,0.0,0.0,0.0,1.0,1.0,0.0,0.6666666666666666,0.0,0.0,0,0,3,3
POLICY_DEVELOPMENT,HIGH_COVERAGE,PRIMARY_PAIRWISE,0.0,12,0.45,12,1,0.0,0.0,0.0,1.0,1.0,0.0,0.8333333333333334,0.0,0.0,0,0,12,12
POLICY_DEVELOPMENT,HIGH_COVERAGE,PRIMARY_PAIRWISE,0.0,12,0.45,12,5,0.0,0.0,0.0,1.0,1.0,0.0,0.5,0.0,0.0,0,0,12,12
POLICY_DEVELOPMENT,HIGH_COVERAGE,PRIMARY_PAIRWISE,0.0,12,0.45,40,5,0.0,0.0,0.0,1.0,1.0,0.0,0.75,0.0,0.0,0,0,40,40
POLICY_DEVELOPMENT,HIGH_COVERAGE,PRIMARY_PAIRWISE,0.0,36,0.05,1,3,0.0,0.0,0.0,1.0,1.0,0.0,0.3333333333333333,0.0,0.0,0,0,3,3
POLICY_DEVELOPMENT,HIGH_COVERAGE,PRIMARY_PAIRWISE,0.0,36,0.05,12,1,0.0,0.0,0.0,1.0,1.0,0.0,0.75,0.0,0.0,0,0,12,12
POLICY_DEVELOPMENT,HIGH_COVERAGE,PRIMARY_PAIRWISE,0.0,36,0.05,40,1,0.0,0.0,0.0,1.0,1.0,0.0,0.775,0.0,0.0,0,0,40,40
POLICY_DEVELOPMENT,HIGH_COVERAGE,PRIMARY_PAIRWISE,0.0,36,0.05,40,5,0.0,0.0,0.0,1.0,1.0,0.0,0.875,0.0,0.0,0,0,40,40
POLICY_DEVELOPMENT,HIGH_COVERAGE,PRIMARY_PAIRWISE,0.0,36,0.45,1,1,0.0,0.0,0.0,1.0,1.0,0.0,1.0,0.0,0.0,0,0,2,2
POLICY_DEVELOPMENT,HIGH_COVERAGE,PRIMARY_PAIRWISE,0.0,36,0.45,12,3,0.0,0.0,0.0,1.0,1.0,0.0,0.8333333333333334,0.0,0.0,0,0,12,12
POLICY_DEVELOPMENT,HIGH_COVERAGE,PRIMARY_PAIRWISE,0.0,36,0.45,12,5,0.0,0.0,0.0,1.0,1.0,0.0,0.8333333333333334,0.0,0.0,0,0,24,24
POLICY_DEVELOPMENT,HIGH_COVERAGE,PRIMARY_PAIRWISE,0.0,36,0.45,40,1,0.0,0.0,0.0,1.0,1.0,0.0,0.9,0.0,0.0,0,0,40,40
POLICY_DEVELOPMENT,HIGH_COVERAGE,PRIMARY_PAIRWISE,0.0,36,0.45,40,3,0.0,0.0,0.0,1.0,1.0,0.0,0.75,0.0,0.0,0,0,40,40
POLICY_DEVELOPMENT,HIGH_COVERAGE,PRIMARY_PAIRWISE,0.0,96,0.05,1,1,0.0,0.0,0.0,1.0,1.0,0.0,1.0,0.0,0.0,0,0,2,2
POLICY_DEVELOPMENT,HIGH_COVERAGE,PRIMARY_PAIRWISE,0.0,96,0.05,1,3,0.0,0.0,0.0,1.0,1.0,0.0,1.0,0.0,0.0,0,0,1,1
POLICY_DEVELOPMENT,HIGH_COVERAGE,PRIMARY_PAIRWISE,0.0,96,0.05,12,5,0.0,0.0,0.0,1.0,1.0,0.0,0.9166666666666666,0.0,0.0,0,0,36,36
POLICY_DEVELOPMENT,HIGH_COVERAGE,PRIMARY_PAIRWISE,0.0,96,0.05,40,3,0.0,0.0,0.0,1.0,1.0,0.0,0.825,0.0,0.0,0,0,40,40
POLICY_DEVELOPMENT,HIGH_COVERAGE,PRIMARY_PAIRWISE,0.0,96,0.45,1,3,0.0,0.0,0.0,1.0,1.0,0.0,1.0,0.0,0.0,0,0,2,2
POLICY_DEVELOPMENT,HIGH_COVERAGE,PRIMARY_PAIRWISE,0.0,96,0.45,12,3,0.0,0.0,0.0,1.0,1.0,0.0,0.75,0.0,0.0,0,0,12,12
POLICY_DEVELOPMENT,HIGH_COVERAGE,PRIMARY_PAIRWISE,0.0,96,0.45,40,1,0.0,0.0,0.0,1.0,1.0,0.0,0.6083333333333333,0.0,0.0,0,0,120,120
POLICY_DEVELOPMENT,HIGH_COVERAGE,PRIMARY_PAIRWISE,0.025,12,0.05,1,1,0.0,0.0,0.0,1.0,1.0,0.0,0.0,0.0,0.0,0,1,0,1
POLICY_DEVELOPMENT,HIGH_COVERAGE,PRIMARY_PAIRWISE,0.025,12,0.05,12,3,0.0,0.0,0.0,1.0,1.0,0.0,0.8333333333333334,0.0,0.0,0,6,6,12
POLICY_DEVELOPMENT,HIGH_COVERAGE,PRIMARY_PAIRWISE,0.025,12,0.05,12,5,0.0,0.0,0.08333333333333333,0.9583333333333334,0.9166666666666666,0.04530176121807899,0.6666666666666666,1.0,0.08333333333333333,1,12,12,24
POLICY_DEVELOPMENT,HIGH_COVERAGE,PRIMARY_PAIRWISE,0.025,12,0.05,40,1,0.0,0.0,0.03333333333333333,0.9833333333333333,0.9666666666666667,0.09937905328480365,0.825,1.0,0.03333333333333333,2,60,60,120
POLICY_DEVELOPMENT,HIGH_COVERAGE,PRIMARY_PAIRWISE,0.025,12,0.85,1,1,0.0,0.0,0.0,1.0,1.0,0.0,1.0,0.0,0.0,0,1,0,1
POLICY_DEVELOPMENT,HIGH_COVERAGE,PRIMARY_PAIRWISE,0.025,12,0.85,1,3,0.0,0.0,0.6666666666666666,0.33333333333333337,0.33333333333333337,0.056514645503029565,0.6666666666666666,1.0,0.6666666666666666,2,3,0,3
POLICY_DEVELOPMENT,HIGH_COVERAGE,PRIMARY_PAIRWISE,0.025,12,0.85,12,1,0.0,0.0,0.0,1.0,1.0,0.0,0.16666666666666666,0.0,0.0,0,6,6,12
POLICY_DEVELOPMENT,HIGH_COVERAGE,PRIMARY_PAIRWISE,0.025,12,0.85,12,5,0.0,0.0,0.0,1.0,1.0,0.0,0.9166666666666666,0.0,0.0,0,6,6,12
POLICY_DEVELOPMENT,HIGH_COVERAGE,PRIMARY_PAIRWISE,0.025,12,0.85,40,5,0.0,0.0,0.0,1.0,1.0,0.0,1.0,0.0,0.0,0,20,20,40
POLICY_DEVELOPMENT,HIGH_COVERAGE,PRIMARY_PAIRWISE,0.025,36,0.05,1,3,0.0,0.0,0.5,0.5,0.5,0.01244614750387539,1.0,1.0,0.5,1,2,0,2
POLICY_DEVELOPMENT,HIGH_COVERAGE,PRIMARY_PAIRWISE,0.025,36,0.05,12,1,0.0,0.0,0.0,1.0,1.0,0.0,0.75,0.0,0.0,0,6,6,12
POLICY_DEVELOPMENT,HIGH_COVERAGE,PRIMARY_PAIRWISE,0.025,36,0.05,12,3,0.0,0.0,0.3333333333333333,0.8333333333333334,0.6666666666666667,0.008379710440542053,0.8333333333333334,1.0,0.3333333333333333,2,6,6,12
POLICY_DEVELOPMENT,HIGH_COVERAGE,PRIMARY_PAIRWISE,0.025,36,0.05,40,1,0.05,0.14551858457912786,0.0,0.975,1.0,0.10392408686114205,0.75,0.0,0.0,1,20,20,40
POLICY_DEVELOPMENT,HIGH_COVERAGE,PRIMARY_PAIRWISE,0.025,36,0.05,40,5,0.0,0.0,0.0,1.0,1.0,0.0,0.875,0.0,0.0,0,20,20,40
POLICY_DEVELOPMENT,HIGH_COVERAGE,PRIMARY_PAIRWISE,0.025,36,0.85,1,1,0.0,0.0,0.0,1.0,1.0,0.0,1.0,0.0,0.0,0,2,0,2
POLICY_DEVELOPMENT,HIGH_COVERAGE,PRIMARY_PAIRWISE,0.025,36,0.85,12,5,0.0,0.0,0.0,1.0,1.0,0.0,0.8888888888888888,0.0,0.0,0,18,18,36
POLICY_DEVELOPMENT,HIGH_COVERAGE,PRIMARY_PAIRWISE,0.025,36,0.85,40,1,0.0,0.0,0.0,1.0,1.0,0.0,0.75,0.0,0.0,0,20,20,40
POLICY_DEVELOPMENT,HIGH_COVERAGE,PRIMARY_PAIRWISE,0.025,36,0.85,40,3,0.0,0.0,0.0,1.0,1.0,0.0,1.0,0.0,0.0,0,20,20,40
POLICY_DEVELOPMENT,HIGH_COVERAGE,PRIMARY_PAIRWISE,0.025,96,0.05,1,1,0.0,0.0,0.5,0.5,0.5,0.005174563259012485,1.0,1.0,0.5,1,2,0,2
POLICY_DEVELOPMENT,HIGH_COVERAGE,PRIMARY_PAIRWISE,0.025,96,0.05,1,3,0.0,0.0,0.0,1.0,1.0,0.0,0.0,0.0,0.0,0,1,0,1
POLICY_DEVELOPMENT,HIGH_COVERAGE,PRIMARY_PAIRWISE,0.025,96,0.05,12,5,0.0,0.0,0.5,0.75,0.5,0.006321040795295003,0.8055555555555556,1.0,0.5,9,18,18,36
POLICY_DEVELOPMENT,HIGH_COVERAGE,PRIMARY_PAIRWISE,0.025,96,0.05,40,3,0.0,0.0,0.75,0.625,0.25,0.0034585879032308234,0.775,1.0,0.75,15,20,20,40
POLICY_DEVELOPMENT,HIGH_COVERAGE,PRIMARY_PAIRWISE,0.025,96,0.85,1,5,0.0,0.0,0.0,1.0,1.0,0.0,1.0,0.0,0.0,0,1,0,1
POLICY_DEVELOPMENT,HIGH_COVERAGE,PRIMARY_PAIRWISE,0.025,96,0.85,12,3,0.0,0.0,0.0,1.0,1.0,0.0,1.0,0.0,0.0,0,12,12,24
POLICY_DEVELOPMENT,HIGH_COVERAGE,PRIMARY_PAIRWISE,0.025,96,0.85,40,1,0.0,0.0,0.3333333333333333,0.8333333333333334,0.6666666666666667,0.011163637763345368,0.9083333333333333,1.0,0.3333333333333333,20,60,60,120
POLICY_DEVELOPMENT,HIGH_COVERAGE,PRIMARY_PAIRWISE,0.06,12,0.45,1,1,0.0,0.0,0.0,1.0,1.0,0.0,1.0,0.0,0.0,0,1,0,1
POLICY_DEVELOPMENT,HIGH_COVERAGE,PRIMARY_PAIRWISE,0.06,12,0.45,12,3,0.0,0.0,0.0,1.0,1.0,0.0,0.9166666666666666,0.0,0.0,0,6,6,12
POLICY_DEVELOPMENT,HIGH_COVERAGE,PRIMARY_PAIRWISE,0.06,12,0.45,12,5,0.0,0.0,0.0,1.0,1.0,0.0,0.5833333333333334,0.0,0.0,0,12,12,24
POLICY_DEVELOPMENT,HIGH_COVERAGE,PRIMARY_PAIRWISE,0.06,12,0.45,40,1,0.0,0.0,0.025,0.9875,0.975,0.07773910706758153,0.875,1.0,0.025,1,40,40,80
POLICY_DEVELOPMENT,HIGH_COVERAGE,PRIMARY_PAIRWISE,0.06,12,0.45,40,3,0.0,0.0,0.35,0.825,0.65,0.020739926235090193,0.9,1.0,0.35,7,20,20,40
POLICY_DEVELOPMENT,HIGH_COVERAGE,PRIMARY_PAIRWISE,0.06,12,0.85,1,3,0.0,0.0,0.25,0.75,0.75,0.003289752587498293,0.75,1.0,0.25,1,4,0,4
POLICY_DEVELOPMENT,HIGH_COVERAGE,PRIMARY_PAIRWISE,0.06,12,0.85,12,1,0.0,0.0,0.0,1.0,1.0,0.0,0.8333333333333334,0.0,0.0,0,6,6,12
POLICY_DEVELOPMENT,HIGH_COVERAGE,PRIMARY_PAIRWISE,0.06,12,0.85,40,5,0.0,0.0,0.0,1.0,1.0,0.0,1.0,0.0,0.0,0,40,40,80
POLICY_DEVELOPMENT,HIGH_COVERAGE,PRIMARY_PAIRWISE,0.06,36,0.45,1,3,0.0,0.0,0.5,0.5,0.5,0.014333954884303945,1.0,1.0,0.5,1,2,0,2
POLICY_DEVELOPMENT,HIGH_COVERAGE,PRIMARY_PAIRWISE,0.06,36,0.45,12,3,0.0,0.0,1.0,0.5,0.0,0.009440751072763804,0.8333333333333334,1.0,1.0,6,6,6,12
POLICY_DEVELOPMENT,HIGH_COVERAGE,PRIMARY_PAIRWISE,0.06,36,0.45,40,1,0.0,0.0,0.175,0.9125,0.825,0.029718953020906092,0.9,1.0,0.175,7,40,40,80
POLICY_DEVELOPMENT,HIGH_COVERAGE,PRIMARY_PAIRWISE,0.06,36,0.45,40,5,0.0,0.0,0.0,1.0,1.0,0.0,0.625,0.0,0.0,0,20,20,40
POLICY_DEVELOPMENT,HIGH_COVERAGE,PRIMARY_PAIRWISE,0.06,36,0.85,1,1,0.0,0.0,0.5,0.5,0.5,0.026309029001557814,0.0,1.0,0.5,1,2,0,2
POLICY_DEVELOPMENT,HIGH_COVERAGE,PRIMARY_PAIRWISE,0.06,36,0.85,12,5,0.0,0.0,0.3333333333333333,0.8333333333333334,0.6666666666666667,0.004879753967227129,0.9722222222222222,1.0,0.3333333333333333,6,18,18,36
POLICY_DEVELOPMENT,HIGH_COVERAGE,PRIMARY_PAIRWISE,0.06,36,0.85,40,3,0.0,0.0,0.5,0.75,0.5,0.012714297206875941,0.9625,1.0,0.5,20,40,40,80
POLICY_DEVELOPMENT,HIGH_COVERAGE,PRIMARY_PAIRWISE,0.06,96,0.45,1,1,0.0,0.0,0.0,1.0,1.0,0.0,0.0,0.0,0.0,0,1,0,1
POLICY_DEVELOPMENT,HIGH_COVERAGE,PRIMARY_PAIRWISE,0.06,96,0.45,1,3,0.0,0.0,0.0,1.0,1.0,0.0,1.0,0.0,0.0,0,2,0,2
POLICY_DEVELOPMENT,HIGH_COVERAGE,PRIMARY_PAIRWISE,0.06,96,0.45,12,5,0.0,0.0,0.5,0.75,0.5,0.00552431514920355,0.9583333333333334,1.0,0.5,6,12,12,24
POLICY_DEVELOPMENT,HIGH_COVERAGE,PRIMARY_PAIRWISE,0.06,96,0.45,40,3,0.0,0.0,1.0,0.5,0.0,0.012878518097827746,0.675,1.0,1.0,20,20,20,40
POLICY_DEVELOPMENT,HIGH_COVERAGE,PRIMARY_PAIRWISE,0.06,96,0.45,40,5,0.0,0.0,1.0,0.5,0.0,0.006273103326725589,0.875,1.0,1.0,20,20,20,40
POLICY_DEVELOPMENT,HIGH_COVERAGE,PRIMARY_PAIRWISE,0.06,96,0.85,1,5,0.0,0.0,1.0,0.0,0.0,0.0072434483467774535,1.0,1.0,1.0,1,1,0,1
POLICY_DEVELOPMENT,HIGH_COVERAGE,PRIMARY_PAIRWISE,0.06,96,0.85,12,3,0.25,0.495,1.0,0.375,0.0,0.017879964376004674,0.625,0.8,1.0,15,12,12,24
POLICY_DEVELOPMENT,HIGH_COVERAGE,PRIMARY_PAIRWISE,0.06,96,0.85,40,1,0.0,0.0,1.0,0.5,0.0,0.005964444002350076,1.0,1.0,1.0,60,60,60,120
POLICY_DEVELOPMENT,HIGH_COVERAGE,REPAIR,0.0,12,0.05,1,3,0.0,0.0,0.0,1.0,1.0,0.0,0.0,0.0,0.0,0,0,1,1
POLICY_DEVELOPMENT,HIGH_COVERAGE,REPAIR,0.0,12,0.05,1,5,0.0,0.0,0.0,1.0,1.0,0.0,1.0,0.0,0.0,0,0,2,2
POLICY_DEVELOPMENT,HIGH_COVERAGE,REPAIR,0.0,12,0.05,12,1,0.0,0.0,0.0,1.0,1.0,0.0,0.75,0.0,0.0,0,0,12,12
POLICY_DEVELOPMENT,HIGH_COVERAGE,REPAIR,0.0,12,0.05,12,3,0.0,0.0,0.0,1.0,1.0,0.0,0.8333333333333334,0.0,0.0,0,0,12,12
POLICY_DEVELOPMENT,HIGH_COVERAGE,REPAIR,0.0,12,0.05,40,1,0.0,0.0,0.0,1.0,1.0,0.0,0.7375,0.0,0.0,0,0,80,80
POLICY_DEVELOPMENT,HIGH_COVERAGE,REPAIR,0.0,12,0.85,1,1,0.0,0.0,0.0,1.0,1.0,0.0,1.0,0.0,0.0,0,0,1,1
POLICY_DEVELOPMENT,HIGH_COVERAGE,REPAIR,0.0,12,0.85,12,1,0.0,0.0,0.0,1.0,1.0,0.0,1.0,0.0,0.0,0,0,12,12
POLICY_DEVELOPMENT,HIGH_COVERAGE,REPAIR,0.0,12,0.85,12,5,0.0,0.0,0.0,1.0,1.0,0.0,0.9166666666666666,0.0,0.0,0,0,12,12
POLICY_DEVELOPMENT,HIGH_COVERAGE,REPAIR,0.0,12,0.85,40,3,0.0,0.0,0.0,1.0,1.0,0.0,0.75,0.0,0.0,0,0,120,120
POLICY_DEVELOPMENT,HIGH_COVERAGE,REPAIR,0.0,36,0.05,1,3,0.0,0.0,0.0,1.0,1.0,0.0,1.0,0.0,0.0,0,0,1,1
POLICY_DEVELOPMENT,HIGH_COVERAGE,REPAIR,0.0,36,0.05,12,1,0.0,0.0,0.0,1.0,1.0,0.0,0.9166666666666666,0.0,0.0,0,0,36,36
POLICY_DEVELOPMENT,HIGH_COVERAGE,REPAIR,0.0,36,0.05,40,3,0.0,0.0,0.0,1.0,1.0,0.0,0.875,0.0,0.0,0,0,80,80
POLICY_DEVELOPMENT,HIGH_COVERAGE,REPAIR,0.0,36,0.85,1,5,0.0,0.0,0.0,1.0,1.0,0.0,1.0,0.0,0.0,0,0,3,3
POLICY_DEVELOPMENT,HIGH_COVERAGE,REPAIR,0.0,36,0.85,12,3,0.0,0.0,0.0,1.0,1.0,0.0,0.9166666666666666,0.0,0.0,0,0,12,12
POLICY_DEVELOPMENT,HIGH_COVERAGE,REPAIR,0.0,36,0.85,40,1,0.0,0.0,0.0,1.0,1.0,0.0,1.0,0.0,0.0,0,0,80,80
POLICY_DEVELOPMENT,HIGH_COVERAGE,REPAIR,0.0,36,0.85,40,3,0.0,0.0,0.0,1.0,1.0,0.0,0.975,0.0,0.0,0,0,40,40
POLICY_DEVELOPMENT,HIGH_COVERAGE,REPAIR,0.0,96,0.05,1,1,0.0,0.0,0.0,1.0,1.0,0.0,1.0,0.0,0.0,0,0,1,1
POLICY_DEVELOPMENT,HIGH_COVERAGE,REPAIR,0.0,96,0.05,1,5,0.0,0.0,0.0,1.0,1.0,0.0,1.0,0.0,0.0,0,0,1,1
POLICY_DEVELOPMENT,HIGH_COVERAGE,REPAIR,0.0,96,0.05,12,5,0.0,0.0,0.0,1.0,1.0,0.0,1.0,0.0,0.0,0,0,12,12
POLICY_DEVELOPMENT,HIGH_COVERAGE,REPAIR,0.0,96,0.05,40,1,0.0,0.0,0.0,1.0,1.0,0.0,0.85,0.0,0.0,0,0,40,40
POLICY_DEVELOPMENT,HIGH_COVERAGE,REPAIR,0.0,96,0.05,40,3,0.0,0.0,0.0,1.0,1.0,0.0,0.8083333333333333,0.0,0.0,0,0,120,120
POLICY_DEVELOPMENT,HIGH_COVERAGE,REPAIR,0.0,96,0.85,1,3,0.0,0.0,0.0,1.0,1.0,0.0,0.5,0.0,0.0,0,0,2,2
POLICY_DEVELOPMENT,HIGH_COVERAGE,REPAIR,0.0,96,0.85,12,1,0.0,0.0,0.0,1.0,1.0,0.0,1.0,0.0,0.0,0,0,36,36
POLICY_DEVELOPMENT,HIGH_COVERAGE,REPAIR,0.0,96,0.85,40,1,0.0,0.0,0.0,1.0,1.0,0.0,0.15,0.0,0.0,0,0,40,40
POLICY_DEVELOPMENT,HIGH_COVERAGE,REPAIR,0.0,96,0.85,40,5,0.0,0.0,0.0,1.0,1.0,0.0,0.825,0.0,0.0,0,0,40,40
POLICY_DEVELOPMENT,HIGH_COVERAGE,REPAIR,0.025,12,0.45,1,5,0.0,0.0,0.6666666666666666,0.33333333333333337,0.33333333333333337,0.05875633620058493,0.3333333333333333,1.0,0.6666666666666666,2,3,0,3
POLICY_DEVELOPMENT,HIGH_COVERAGE,REPAIR,0.025,12,0.45,12,1,0.0,0.0,0.0,1.0,1.0,0.0,0.75,0.0,0.0,0,6,6,12
POLICY_DEVELOPMENT,HIGH_COVERAGE,REPAIR,0.025,12,0.45,12,3,0.0,0.0,0.0,1.0,1.0,0.0,0.5,0.0,0.0,0,6,6,12
POLICY_DEVELOPMENT,HIGH_COVERAGE,REPAIR,0.025,12,0.45,40,1,0.0,0.0,0.0,1.0,1.0,0.0,0.8875,0.0,0.0,0,40,40,80
POLICY_DEVELOPMENT,HIGH_COVERAGE,REPAIR,0.025,12,0.85,1,1,0.0,0.0,0.0,1.0,1.0,0.0,1.0,0.0,0.0,0,1,0,1
POLICY_DEVELOPMENT,HIGH_COVERAGE,REPAIR,0.025,12,0.85,1,3,0.0,0.0,0.0,1.0,1.0,0.0,0.0,0.0,0.0,0,1,0,1
POLICY_DEVELOPMENT,HIGH_COVERAGE,REPAIR,0.025,12,0.85,12,1,0.0,0.0,0.0,1.0,1.0,0.0,1.0,0.0,0.0,0,6,6,12
POLICY_DEVELOPMENT,HIGH_COVERAGE,REPAIR,0.025,12,0.85,12,5,0.0,0.0,0.0,1.0,1.0,0.0,1.0,0.0,0.0,0,6,6,12
POLICY_DEVELOPMENT,HIGH_COVERAGE,REPAIR,0.025,12,0.85,40,3,0.0,0.0,0.0,1.0,1.0,0.0,0.95,0.0,0.0,0,40,40,80
POLICY_DEVELOPMENT,HIGH_COVERAGE,REPAIR,0.025,36,0.45,1,3,0.0,0.0,0.0,1.0,1.0,0.0,0.5,0.0,0.0,0,2,0,2
POLICY_DEVELOPMENT,HIGH_COVERAGE,REPAIR,0.025,36,0.45,12,1,0.05555555555555555,0.16137653438793323,0.3333333333333333,0.8055555555555556,0.6666666666666667,0.03385039070687464,0.8055555555555556,0.8571428571428571,0.3333333333333333,7,18,18,36
POLICY_DEVELOPMENT,HIGH_COVERAGE,REPAIR,0.025,36,0.45,40,5,0.0,0.0,0.0,1.0,1.0,0.0,0.75,0.0,0.0,0,20,20,40
POLICY_DEVELOPMENT,HIGH_COVERAGE,REPAIR,0.025,36,0.85,1,5,0.0,0.0,0.0,1.0,1.0,0.0,0.6666666666666666,0.0,0.0,0,3,0,3
POLICY_DEVELOPMENT,HIGH_COVERAGE,REPAIR,0.025,36,0.85,12,3,0.0,0.0,0.0,1.0,1.0,0.0,1.0,0.0,0.0,0,6,6,12
POLICY_DEVELOPMENT,HIGH_COVERAGE,REPAIR,0.025,36,0.85,40,1,0.0,0.0,0.0,1.0,1.0,0.0,0.9875,0.0,0.0,0,40,40,80
POLICY_DEVELOPMENT,HIGH_COVERAGE,REPAIR,0.025,36,0.85,40,3,0.95,1.0,1.0,0.025000000000000022,0.0,0.09281122700042405,0.0,0.5128205128205128,1.0,39,20,20,40
POLICY_DEVELOPMENT,HIGH_COVERAGE,REPAIR,0.025,96,0.45,1,1,0.0,0.0,0.0,1.0,1.0,0.0,1.0,0.0,0.0,0,1,0,1
POLICY_DEVELOPMENT,HIGH_COVERAGE,REPAIR,0.025,96,0.45,1,5,0.0,0.0,0.0,1.0,1.0,0.0,1.0,0.0,0.0,0,1,0,1
POLICY_DEVELOPMENT,HIGH_COVERAGE,REPAIR,0.025,96,0.45,12,5,0.0,0.0,0.0,1.0,1.0,0.0,0.9166666666666666,0.0,0.0,0,6,6,12
POLICY_DEVELOPMENT,HIGH_COVERAGE,REPAIR,0.025,96,0.45,40,1,0.0,0.0,0.95,0.525,0.050000000000000044,0.005483214905764368,0.75,1.0,0.95,19,20,20,40
POLICY_DEVELOPMENT,HIGH_COVERAGE,REPAIR,0.025,96,0.45,40,3,0.0,0.0,0.25,0.875,0.75,0.013616857414167323,0.9,1.0,0.25,15,60,60,120
POLICY_DEVELOPMENT,HIGH_COVERAGE,REPAIR,0.025,96,0.85,1,3,0.0,0.0,1.0,0.0,0.0,0.009458475758098411,1.0,1.0,1.0,1,1,0,1
POLICY_DEVELOPMENT,HIGH_COVERAGE,REPAIR,0.025,96,0.85,1,5,0.0,0.0,0.5,0.5,0.5,0.013226428053576877,0.0,1.0,0.5,1,2,0,2
POLICY_DEVELOPMENT,HIGH_COVERAGE,REPAIR,0.025,96,0.85,12,1,0.0,0.0,0.16666666666666666,0.9166666666666666,0.8333333333333334,0.004415670980873697,0.75,1.0,0.16666666666666666,3,18,18,36
POLICY_DEVELOPMENT,HIGH_COVERAGE,REPAIR,0.025,96,0.85,40,1,0.0,0.0,0.0,1.0,1.0,0.0,0.85,0.0,0.0,0,20,20,40
POLICY_DEVELOPMENT,HIGH_COVERAGE,REPAIR,0.06,12,0.05,1,3,0.0,0.0,0.0,1.0,1.0,0.0,1.0,0.0,0.0,0,1,0,1
POLICY_DEVELOPMENT,HIGH_COVERAGE,REPAIR,0.06,12,0.05,12,1,0.0,0.0,0.0,1.0,1.0,0.0,0.8333333333333334,0.0,0.0,0,12,12,24
POLICY_DEVELOPMENT,HIGH_COVERAGE,REPAIR,0.06,12,0.05,12,5,0.0,0.0,0.0,1.0,1.0,0.0,1.0,0.0,0.0,0,6,6,12
POLICY_DEVELOPMENT,HIGH_COVERAGE,REPAIR,0.06,12,0.05,40,3,0.0,0.0,0.025,0.9875,0.975,0.0969045042081281,0.8375,1.0,0.025,1,40,40,80
POLICY_DEVELOPMENT,HIGH_COVERAGE,REPAIR,0.06,12,0.45,1,5,0.0,0.0,0.3333333333333333,0.6666666666666667,0.6666666666666667,0.013763369432871125,0.6666666666666666,1.0,0.3333333333333333,1,3,0,3
POLICY_DEVELOPMENT,HIGH_COVERAGE,REPAIR,0.06,12,0.45,12,3,0.0,0.0,0.08333333333333333,0.9583333333333334,0.9166666666666666,0.023179242244880938,0.9583333333333334,1.0,0.08333333333333333,1,12,12,24
POLICY_DEVELOPMENT,HIGH_COVERAGE,REPAIR,0.06,12,0.45,40,1,0.025,0.07338362326242218,0.425,0.775,0.575,0.021310122840866565,0.85,0.9444444444444444,0.425,18,40,40,80
POLICY_DEVELOPMENT,HIGH_COVERAGE,REPAIR,0.06,36,0.05,1,5,0.0,0.0,0.5,0.5,0.5,0.003450396973024232,1.0,1.0,0.5,1,2,0,2
POLICY_DEVELOPMENT,HIGH_COVERAGE,REPAIR,0.06,36,0.05,12,3,0.0,0.0,0.0,1.0,1.0,0.0,0.9166666666666666,0.0,0.0,0,6,6,12
POLICY_DEVELOPMENT,HIGH_COVERAGE,REPAIR,0.06,36,0.05,12,5,0.0,0.0,1.0,0.5,0.0,0.0068217179090687445,0.9166666666666666,1.0,1.0,6,6,6,12
POLICY_DEVELOPMENT,HIGH_COVERAGE,REPAIR,0.06,36,0.05,40,1,0.0,0.0,0.0,1.0,1.0,0.0,0.825,0.0,0.0,0,20,20,40
POLICY_DEVELOPMENT,HIGH_COVERAGE,REPAIR,0.06,36,0.05,40,3,0.0,0.0,0.0,1.0,1.0,0.0,0.8125,0.0,0.0,0,40,40,80
POLICY_DEVELOPMENT,HIGH_COVERAGE,REPAIR,0.06,36,0.45,1,3,0.0,0.0,0.5,0.5,0.5,0.0010571111188243457,0.5,1.0,0.5,1,2,0,2
POLICY_DEVELOPMENT,HIGH_COVERAGE,REPAIR,0.06,36,0.45,12,1,0.0,0.0,0.6111111111111112,0.6944444444444444,0.38888888888888884,0.012563102178273632,0.8888888888888888,1.0,0.6111111111111112,11,18,18,36
POLICY_DEVELOPMENT,HIGH_COVERAGE,REPAIR,0.06,36,0.45,40,5,0.0,0.0,1.0,0.5,0.0,0.010335842398793219,0.85,1.0,1.0,20,20,20,40
POLICY_DEVELOPMENT,HIGH_COVERAGE,REPAIR,0.06,96,0.05,1,3,0.0,0.0,0.0,1.0,1.0,0.0,0.0,0.0,0.0,0,1,0,1
POLICY_DEVELOPMENT,HIGH_COVERAGE,REPAIR,0.06,96,0.05,1,5,0.0,0.0,0.0,1.0,1.0,0.0,0.5,0.0,0.0,0,2,0,2
POLICY_DEVELOPMENT,HIGH_COVERAGE,REPAIR,0.06,96,0.05,12,1,0.16666666666666666,0.3775290932935149,1.0,0.41666666666666663,0.0,0.012745255634703051,0.7916666666666666,0.8571428571428571,1.0,14,12,12,24
POLICY_DEVELOPMENT,HIGH_COVERAGE,REPAIR,0.06,96,0.05,12,3,0.16666666666666666,0.4648711701972571,1.0,0.41666666666666663,0.0,0.00865722801069604,0.8333333333333334,0.8571428571428571,1.0,7,6,6,12
POLICY_DEVELOPMENT,HIGH_COVERAGE,REPAIR,0.06,96,0.05,40,1,0.0,0.0,0.0,1.0,1.0,0.0,0.825,0.0,0.0,0,20,20,40
POLICY_DEVELOPMENT,HIGH_COVERAGE,REPAIR,0.06,96,0.45,1,1,0.0,0.0,0.0,1.0,1.0,0.0,0.0,0.0,0.0,0,1,0,1
POLICY_DEVELOPMENT,HIGH_COVERAGE,REPAIR,0.06,96,0.45,12,5,0.0,0.0,0.9166666666666666,0.5416666666666667,0.08333333333333337,0.01847582811027779,0.625,1.0,0.9166666666666666,11,12,12,24
POLICY_DEVELOPMENT,HIGH_COVERAGE,REPAIR,0.06,96,0.45,40,3,0.0125,0.036846393470080945,0.75,0.61875,0.25,0.007877895988146796,0.85,0.9836065573770492,0.75,61,80,80,160
POLICY_DEVELOPMENT,HIGH_COVERAGE,THRESHOLD_PASS,0.0,12,0.05,1,3,0.0,0.0,0.0,1.0,1.0,0.0,1.0,0.0,0.0,0,0,1,1
POLICY_DEVELOPMENT,HIGH_COVERAGE,THRESHOLD_PASS,0.0,12,0.05,1,5,0.0,0.0,0.0,1.0,1.0,0.0,1.0,0.0,0.0,0,0,2,2
POLICY_DEVELOPMENT,HIGH_COVERAGE,THRESHOLD_PASS,0.0,12,0.05,12,1,0.0,0.0,0.0,1.0,1.0,0.0,0.5833333333333334,0.0,0.0,0,0,12,12
POLICY_DEVELOPMENT,HIGH_COVERAGE,THRESHOLD_PASS,0.0,12,0.05,12,3,0.08333333333333333,0.23971309426686854,0.0,0.9166666666666666,1.0,0.07429885596335851,0.8333333333333334,0.0,0.0,1,0,12,12
POLICY_DEVELOPMENT,HIGH_COVERAGE,THRESHOLD_PASS,0.0,12,0.05,40,1,0.0,0.0,0.0,1.0,1.0,0.0,0.85,0.0,0.0,0,0,80,80
POLICY_DEVELOPMENT,HIGH_COVERAGE,THRESHOLD_PASS,0.0,12,0.85,1,1,0.0,0.0,0.0,1.0,1.0,0.0,1.0,0.0,0.0,0,0,1,1
POLICY_DEVELOPMENT,HIGH_COVERAGE,THRESHOLD_PASS,0.0,12,0.85,12,1,0.0,0.0,0.0,1.0,1.0,0.0,1.0,0.0,0.0,0,0,12,12
POLICY_DEVELOPMENT,HIGH_COVERAGE,THRESHOLD_PASS,0.0,12,0.85,12,5,0.0,0.0,0.0,1.0,1.0,0.0,1.0,0.0,0.0,0,0,12,12
POLICY_DEVELOPMENT,HIGH_COVERAGE,THRESHOLD_PASS,0.0,12,0.85,40,3,0.0,0.0,0.0,1.0,1.0,0.0,0.7,0.0,0.0,0,0,120,120
POLICY_DEVELOPMENT,HIGH_COVERAGE,THRESHOLD_PASS,0.0,36,0.05,1,3,0.0,0.0,0.0,1.0,1.0,0.0,1.0,0.0,0.0,0,0,1,1
POLICY_DEVELOPMENT,HIGH_COVERAGE,THRESHOLD_PASS,0.0,36,0.05,12,1,0.0,0.0,0.0,1.0,1.0,0.0,0.8888888888888888,0.0,0.0,0,0,36,36
POLICY_DEVELOPMENT,HIGH_COVERAGE,THRESHOLD_PASS,0.0,36,0.05,40,3,0.0125,0.036846393470080945,0.0,0.9875,1.0,0.04649618834902028,0.8,0.0,0.0,1,0,80,80
POLICY_DEVELOPMENT,HIGH_COVERAGE,THRESHOLD_PASS,0.0,36,0.85,1,5,0.0,0.0,0.0,1.0,1.0,0.0,0.3333333333333333,0.0,0.0,0,0,3,3
POLICY_DEVELOPMENT,HIGH_COVERAGE,THRESHOLD_PASS,0.0,36,0.85,12,3,0.0,0.0,0.0,1.0,1.0,0.0,0.4166666666666667,0.0,0.0,0,0,12,12
POLICY_DEVELOPMENT,HIGH_COVERAGE,THRESHOLD_PASS,0.0,36,0.85,40,1,0.0,0.0,0.0,1.0,1.0,0.0,0.95,0.0,0.0,0,0,80,80
POLICY_DEVELOPMENT,HIGH_COVERAGE,THRESHOLD_PASS,0.0,36,0.85,40,3,0.0,0.0,0.0,1.0,1.0,0.0,0.875,0.0,0.0,0,0,40,40
POLICY_DEVELOPMENT,HIGH_COVERAGE,THRESHOLD_PASS,0.0,96,0.05,1,1,0.0,0.0,0.0,1.0,1.0,0.0,1.0,0.0,0.0,0,0,1,1
POLICY_DEVELOPMENT,HIGH_COVERAGE,THRESHOLD_PASS,0.0,96,0.05,1,5,0.0,0.0,0.0,1.0,1.0,0.0,1.0,0.0,0.0,0,0,1,1
POLICY_DEVELOPMENT,HIGH_COVERAGE,THRESHOLD_PASS,0.0,96,0.05,12,5,0.0,0.0,0.0,1.0,1.0,0.0,0.75,0.0,0.0,0,0,12,12
POLICY_DEVELOPMENT,HIGH_COVERAGE,THRESHOLD_PASS,0.0,96,0.05,40,1,0.0,0.0,0.0,1.0,1.0,0.0,0.8,0.0,0.0,0,0,40,40
POLICY_DEVELOPMENT,HIGH_COVERAGE,THRESHOLD_PASS,0.0,96,0.05,40,3,0.0,0.0,0.0,1.0,1.0,0.0,0.7916666666666666,0.0,0.0,0,0,120,120
POLICY_DEVELOPMENT,HIGH_COVERAGE,THRESHOLD_PASS,0.0,96,0.85,1,3,0.0,0.0,0.0,1.0,1.0,0.0,1.0,0.0,0.0,0,0,2,2
POLICY_DEVELOPMENT,HIGH_COVERAGE,THRESHOLD_PASS,0.0,96,0.85,12,1,0.0,0.0,0.0,1.0,1.0,0.0,0.5833333333333334,0.0,0.0,0,0,36,36
POLICY_DEVELOPMENT,HIGH_COVERAGE,THRESHOLD_PASS,0.0,96,0.85,40,1,0.0,0.0,0.0,1.0,1.0,0.0,0.875,0.0,0.0,0,0,40,40
POLICY_DEVELOPMENT,HIGH_COVERAGE,THRESHOLD_PASS,0.0,96,0.85,40,5,0.0,0.0,0.0,1.0,1.0,0.0,1.0,0.0,0.0,0,0,40,40
POLICY_DEVELOPMENT,HIGH_COVERAGE,THRESHOLD_PASS,0.025,12,0.45,1,5,0.0,0.0,0.0,1.0,1.0,0.0,0.6666666666666666,0.0,0.0,0,3,0,3
POLICY_DEVELOPMENT,HIGH_COVERAGE,THRESHOLD_PASS,0.025,12,0.45,12,1,0.0,0.0,0.0,1.0,1.0,0.0,0.9166666666666666,0.0,0.0,0,6,6,12
POLICY_DEVELOPMENT,HIGH_COVERAGE,THRESHOLD_PASS,0.025,12,0.45,12,3,0.0,0.0,0.0,1.0,1.0,0.0,0.8333333333333334,0.0,0.0,0,6,6,12
POLICY_DEVELOPMENT,HIGH_COVERAGE,THRESHOLD_PASS,0.025,12,0.45,40,1,0.0,0.0,0.0,1.0,1.0,0.0,0.975,0.0,0.0,0,40,40,80
POLICY_DEVELOPMENT,HIGH_COVERAGE,THRESHOLD_PASS,0.025,12,0.85,1,1,0.0,0.0,0.0,1.0,1.0,0.0,1.0,0.0,0.0,0,1,0,1
POLICY_DEVELOPMENT,HIGH_COVERAGE,THRESHOLD_PASS,0.025,12,0.85,1,3,0.0,0.0,1.0,0.0,0.0,0.03256788304683393,1.0,1.0,1.0,1,1,0,1
POLICY_DEVELOPMENT,HIGH_COVERAGE,THRESHOLD_PASS,0.025,12,0.85,12,1,0.0,0.0,0.0,1.0,1.0,0.0,1.0,0.0,0.0,0,6,6,12
POLICY_DEVELOPMENT,HIGH_COVERAGE,THRESHOLD_PASS,0.025,12,0.85,12,5,0.0,0.0,0.0,1.0,1.0,0.0,1.0,0.0,0.0,0,6,6,12
POLICY_DEVELOPMENT,HIGH_COVERAGE,THRESHOLD_PASS,0.025,12,0.85,40,3,0.0,0.0,0.0,1.0,1.0,0.0,0.9375,0.0,0.0,0,40,40,80
POLICY_DEVELOPMENT,HIGH_COVERAGE,THRESHOLD_PASS,0.025,36,0.45,1,3,0.0,0.0,0.0,1.0,1.0,0.0,1.0,0.0,0.0,0,2,0,2
POLICY_DEVELOPMENT,HIGH_COVERAGE,THRESHOLD_PASS,0.025,36,0.45,12,1,0.0,0.0,0.0,1.0,1.0,0.0,0.75,0.0,0.0,0,18,18,36
POLICY_DEVELOPMENT,HIGH_COVERAGE,THRESHOLD_PASS,0.025,36,0.45,40,5,0.0,0.0,0.0,1.0,1.0,0.0,0.325,0.0,0.0,0,20,20,40
POLICY_DEVELOPMENT,HIGH_COVERAGE,THRESHOLD_PASS,0.025,36,0.85,1,5,0.0,0.0,0.3333333333333333,0.6666666666666667,0.6666666666666667,0.012412321066696964,1.0,1.0,0.3333333333333333,1,3,0,3
POLICY_DEVELOPMENT,HIGH_COVERAGE,THRESHOLD_PASS,0.025,36,0.85,12,3,0.0,0.0,0.0,1.0,1.0,0.0,0.8333333333333334,0.0,0.0,0,6,6,12
POLICY_DEVELOPMENT,HIGH_COVERAGE,THRESHOLD_PASS,0.025,36,0.85,40,1,0.0,0.0,0.0,1.0,1.0,0.0,0.9875,0.0,0.0,0,40,40,80
POLICY_DEVELOPMENT,HIGH_COVERAGE,THRESHOLD_PASS,0.025,36,0.85,40,3,0.0,0.0,0.0,1.0,1.0,0.0,1.0,0.0,0.0,0,20,20,40
POLICY_DEVELOPMENT,HIGH_COVERAGE,THRESHOLD_PASS,0.025,96,0.45,1,1,0.0,0.0,0.0,1.0,1.0,0.0,1.0,0.0,0.0,0,1,0,1
POLICY_DEVELOPMENT,HIGH_COVERAGE,THRESHOLD_PASS,0.025,96,0.45,1,5,0.0,0.0,0.0,1.0,1.0,0.0,0.0,0.0,0.0,0,1,0,1
POLICY_DEVELOPMENT,HIGH_COVERAGE,THRESHOLD_PASS,0.025,96,0.45,12,5,0.0,0.0,1.0,0.5,0.0,0.003247237604787874,0.9166666666666666,1.0,1.0,6,6,6,12
POLICY_DEVELOPMENT,HIGH_COVERAGE,THRESHOLD_PASS,0.025,96,0.45,40,1,0.0,0.0,0.5,0.75,0.5,0.003328621219456563,0.95,1.0,0.5,10,20,20,40
POLICY_DEVELOPMENT,HIGH_COVERAGE,THRESHOLD_PASS,0.025,96,0.45,40,3,0.0,0.0,0.21666666666666667,0.8916666666666666,0.7833333333333333,0.01373655537379825,0.625,1.0,0.21666666666666667,13,60,60,120
POLICY_DEVELOPMENT,HIGH_COVERAGE,THRESHOLD_PASS,0.025,96,0.85,1,3,0.0,0.0,0.0,1.0,1.0,0.0,0.0,0.0,0.0,0,1,0,1
POLICY_DEVELOPMENT,HIGH_COVERAGE,THRESHOLD_PASS,0.025,96,0.85,1,5,0.0,0.0,0.5,0.5,0.5,0.00439704273845477,1.0,1.0,0.5,1,2,0,2
POLICY_DEVELOPMENT,HIGH_COVERAGE,THRESHOLD_PASS,0.025,96,0.85,12,1,0.0,0.0,0.0,1.0,1.0,0.0,0.8611111111111112,0.0,0.0,0,18,18,36
POLICY_DEVELOPMENT,HIGH_COVERAGE,THRESHOLD_PASS,0.025,96,0.85,40,1,0.0,0.0,0.0,1.0,1.0,0.0,1.0,0.0,0.0,0,20,20,40
POLICY_DEVELOPMENT,HIGH_COVERAGE,THRESHOLD_PASS,0.06,12,0.05,1,3,0.0,0.0,1.0,0.0,0.0,0.0037279608930588792,1.0,1.0,1.0,1,1,0,1
POLICY_DEVELOPMENT,HIGH_COVERAGE,THRESHOLD_PASS,0.06,12,0.05,12,1,0.0,0.0,0.0,1.0,1.0,0.0,0.8333333333333334,0.0,0.0,0,12,12,24
POLICY_DEVELOPMENT,HIGH_COVERAGE,THRESHOLD_PASS,0.06,12,0.05,12,5,0.0,0.0,0.0,1.0,1.0,0.0,1.0,0.0,0.0,0,6,6,12
POLICY_DEVELOPMENT,HIGH_COVERAGE,THRESHOLD_PASS,0.06,12,0.05,40,3,0.0,0.0,0.075,0.9625,0.925,0.06699387872950514,0.7875,1.0,0.075,3,40,40,80
POLICY_DEVELOPMENT,HIGH_COVERAGE,THRESHOLD_PASS,0.06,12,0.45,1,5,0.0,0.0,0.3333333333333333,0.6666666666666667,0.6666666666666667,0.0023426370033408223,1.0,1.0,0.3333333333333333,1,3,0,3
POLICY_DEVELOPMENT,HIGH_COVERAGE,THRESHOLD_PASS,0.06,12,0.45,12,3,0.0,0.0,0.3333333333333333,0.8333333333333334,0.6666666666666667,0.058066345408524754,0.7916666666666666,1.0,0.3333333333333333,4,12,12,24
POLICY_DEVELOPMENT,HIGH_COVERAGE,THRESHOLD_PASS,0.06,12,0.45,40,1,0.05,0.11754183888524208,0.475,0.7375,0.525,0.026219232374683925,0.8125,0.9047619047619048,0.475,21,40,40,80
POLICY_DEVELOPMENT,HIGH_COVERAGE,THRESHOLD_PASS,0.06,36,0.05,1,5,0.0,0.0,0.5,0.5,0.5,0.005841979285892765,1.0,1.0,0.5,1,2,0,2
POLICY_DEVELOPMENT,HIGH_COVERAGE,THRESHOLD_PASS,0.06,36,0.05,12,3,0.0,0.0,1.0,0.5,0.0,0.02233492787198728,0.75,1.0,1.0,6,6,6,12
POLICY_DEVELOPMENT,HIGH_COVERAGE,THRESHOLD_PASS,0.06,36,0.05,12,5,0.0,0.0,1.0,0.5,0.0,0.01067156099609628,0.8333333333333334,1.0,1.0,6,6,6,12
POLICY_DEVELOPMENT,HIGH_COVERAGE,THRESHOLD_PASS,0.06,36,0.05,40,1,0.0,0.0,0.0,1.0,1.0,0.0,0.85,0.0,0.0,0,20,20,40
POLICY_DEVELOPMENT,HIGH_COVERAGE,THRESHOLD_PASS,0.06,36,0.05,40,3,0.0,0.0,0.0,1.0,1.0,0.0,0.8,0.0,0.0,0,40,40,80
POLICY_DEVELOPMENT,HIGH_COVERAGE,THRESHOLD_PASS,0.06,36,0.45,1,3,0.0,0.0,1.0,0.0,0.0,0.005921180065941979,1.0,1.0,1.0,2,2,0,2
POLICY_DEVELOPMENT,HIGH_COVERAGE,THRESHOLD_PASS,0.06,36,0.45,12,1,0.0,0.0,0.6666666666666666,0.6666666666666667,0.33333333333333337,0.012853670991123375,0.9444444444444444,1.0,0.6666666666666666,12,18,18,36
POLICY_DEVELOPMENT,HIGH_COVERAGE,THRESHOLD_PASS,0.06,36,0.45,40,5,0.0,0.0,1.0,0.5,0.0,0.0077002686817045415,0.9,1.0,1.0,20,20,20,40
POLICY_DEVELOPMENT,HIGH_COVERAGE,THRESHOLD_PASS,0.06,96,0.05,1,3,0.0,0.0,0.0,1.0,1.0,0.0,0.0,0.0,0.0,0,1,0,1
POLICY_DEVELOPMENT,HIGH_COVERAGE,THRESHOLD_PASS,0.06,96,0.05,1,5,0.0,0.0,0.5,0.5,0.5,0.008948420451572216,1.0,1.0,0.5,1,2,0,2
POLICY_DEVELOPMENT,HIGH_COVERAGE,THRESHOLD_PASS,0.06,96,0.05,12,1,0.0,0.0,1.0,0.5,0.0,0.01100501202367972,0.9166666666666666,1.0,1.0,12,12,12,24
POLICY_DEVELOPMENT,HIGH_COVERAGE,THRESHOLD_PASS,0.06,96,0.05,12,3,0.0,0.0,1.0,0.5,0.0,0.009648437861733939,0.6666666666666666,1.0,1.0,6,6,6,12
POLICY_DEVELOPMENT,HIGH_COVERAGE,THRESHOLD_PASS,0.06,96,0.05,40,1,0.0,0.0,0.0,1.0,1.0,0.0,0.725,0.0,0.0,0,20,20,40
POLICY_DEVELOPMENT,HIGH_COVERAGE,THRESHOLD_PASS,0.06,96,0.45,1,1,0.0,0.0,0.0,1.0,1.0,0.0,1.0,0.0,0.0,0,1,0,1
POLICY_DEVELOPMENT,HIGH_COVERAGE,THRESHOLD_PASS,0.06,96,0.45,12,5,0.0,0.0,0.9166666666666666,0.5416666666666667,0.08333333333333337,0.016404761451799543,0.5833333333333334,1.0,0.9166666666666666,11,12,12,24
POLICY_DEVELOPMENT,HIGH_COVERAGE,THRESHOLD_PASS,0.06,96,0.45,40,3,0.0,0.0,0.75,0.625,0.25,0.01060664644671238,0.79375,1.0,0.75,60,80,80,160
POLICY_DEVELOPMENT,HIGH_COVERAGE,TOP_K,0.0,12,0.45,1,3,0.0,0.0,0.0,1.0,1.0,0.0,0.0,0.0,0.0,0,0,1,1
POLICY_DEVELOPMENT,HIGH_COVERAGE,TOP_K,0.0,12,0.45,12,1,0.0,0.0,0.0,1.0,1.0,0.0,0.9583333333333334,0.0,0.0,0,0,24,24
POLICY_DEVELOPMENT,HIGH_COVERAGE,TOP_K,0.0,12,0.45,12,3,0.0,0.0,0.0,1.0,1.0,0.0,0.5833333333333334,0.0,0.0,0,0,12,12
POLICY_DEVELOPMENT,HIGH_COVERAGE,TOP_K,0.0,12,0.45,40,5,0.0,0.0,0.0,1.0,1.0,0.0,0.7166666666666667,0.0,0.0,0,0,120,120
POLICY_DEVELOPMENT,HIGH_COVERAGE,TOP_K,0.0,12,0.85,1,1,0.0,0.0,0.0,1.0,1.0,0.0,1.0,0.0,0.0,0,0,3,3
POLICY_DEVELOPMENT,HIGH_COVERAGE,TOP_K,0.0,12,0.85,12,3,0.0,0.0,0.0,1.0,1.0,0.0,1.0,0.0,0.0,0,0,24,24
POLICY_DEVELOPMENT,HIGH_COVERAGE,TOP_K,0.0,12,0.85,40,3,0.0,0.0,0.0,1.0,1.0,0.0,0.75,0.0,0.0,0,0,40,40
POLICY_DEVELOPMENT,HIGH_COVERAGE,TOP_K,0.0,36,0.45,1,1,0.0,0.0,0.0,1.0,1.0,0.0,0.6666666666666666,0.0,0.0,0,0,3,3
POLICY_DEVELOPMENT,HIGH_COVERAGE,TOP_K,0.0,36,0.45,12,1,0.0,0.0,0.0,1.0,1.0,0.0,0.9166666666666666,0.0,0.0,0,0,12,12
POLICY_DEVELOPMENT,HIGH_COVERAGE,TOP_K,0.0,36,0.45,12,5,0.0,0.0,0.0,1.0,1.0,0.0,0.5,0.0,0.0,0,0,12,12
POLICY_DEVELOPMENT,HIGH_COVERAGE,TOP_K,0.0,36,0.45,40,3,0.225,0.3165067620452172,0.0,0.775,1.0,0.06947874894571379,0.5875,0.0,0.0,18,0,80,80
POLICY_DEVELOPMENT,HIGH_COVERAGE,TOP_K,0.0,36,0.85,1,5,0.0,0.0,0.0,1.0,1.0,0.0,1.0,0.0,0.0,0,0,1,1
POLICY_DEVELOPMENT,HIGH_COVERAGE,TOP_K,0.0,36,0.85,12,1,0.0,0.0,0.0,1.0,1.0,0.0,1.0,0.0,0.0,0,0,12,12
POLICY_DEVELOPMENT,HIGH_COVERAGE,TOP_K,0.0,36,0.85,12,3,0.0,0.0,0.0,1.0,1.0,0.0,1.0,0.0,0.0,0,0,36,36
POLICY_DEVELOPMENT,HIGH_COVERAGE,TOP_K,0.0,36,0.85,40,1,0.0,0.0,0.0,1.0,1.0,0.0,0.575,0.0,0.0,0,0,40,40
POLICY_DEVELOPMENT,HIGH_COVERAGE,TOP_K,0.0,36,0.85,40,5,0.0,0.0,0.0,1.0,1.0,0.0,0.925,0.0,0.0,0,0,40,40
POLICY_DEVELOPMENT,HIGH_COVERAGE,TOP_K,0.0,96,0.45,1,1,0.0,0.0,0.0,1.0,1.0,0.0,1.0,0.0,0.0,0,0,1,1
POLICY_DEVELOPMENT,HIGH_COVERAGE,TOP_K,0.0,96,0.45,1,5,0.0,0.0,0.0,1.0,1.0,0.0,1.0,0.0,0.0,0,0,1,1
POLICY_DEVELOPMENT,HIGH_COVERAGE,TOP_K,0.0,96,0.45,12,3,0.0,0.0,0.0,1.0,1.0,0.0,0.8055555555555556,0.0,0.0,0,0,36,36
POLICY_DEVELOPMENT,HIGH_COVERAGE,TOP_K,0.0,96,0.45,40,1,0.0,0.0,0.0,1.0,1.0,0.0,0.825,0.0,0.0,0,0,40,40
POLICY_DEVELOPMENT,HIGH_COVERAGE,TOP_K,0.0,96,0.85,1,1,0.0,0.0,0.0,1.0,1.0,0.0,1.0,0.0,0.0,0,0,1,1
POLICY_DEVELOPMENT,HIGH_COVERAGE,TOP_K,0.0,96,0.85,1,3,0.0,0.0,0.0,1.0,1.0,0.0,1.0,0.0,0.0,0,0,1,1
POLICY_DEVELOPMENT,HIGH_COVERAGE,TOP_K,0.0,96,0.85,12,1,0.0,0.0,0.0,1.0,1.0,0.0,0.875,0.0,0.0,0,0,24,24
POLICY_DEVELOPMENT,HIGH_COVERAGE,TOP_K,0.0,96,0.85,40,3,0.0,0.0,0.0,1.0,1.0,0.0,0.175,0.0,0.0,0,0,40,40
POLICY_DEVELOPMENT,HIGH_COVERAGE,TOP_K,0.0,96,0.85,40,5,0.0,0.0,0.0,1.0,1.0,0.0,0.9875,0.0,0.0,0,0,80,80
POLICY_DEVELOPMENT,HIGH_COVERAGE,TOP_K,0.025,12,0.05,1,1,0.0,0.0,0.3333333333333333,0.6666666666666667,0.6666666666666667,0.0686076067239152,0.6666666666666666,1.0,0.3333333333333333,1,3,0,3
POLICY_DEVELOPMENT,HIGH_COVERAGE,TOP_K,0.025,12,0.05,12,5,0.0,0.0,0.0,1.0,1.0,0.0,0.5833333333333334,0.0,0.0,0,6,6,12
POLICY_DEVELOPMENT,HIGH_COVERAGE,TOP_K,0.025,12,0.05,40,3,0.0,0.0,0.0,1.0,1.0,0.0,0.9125,0.0,0.0,0,40,40,80
POLICY_DEVELOPMENT,HIGH_COVERAGE,TOP_K,0.025,12,0.45,1,3,0.0,0.0,1.0,0.0,0.0,0.020070566961403795,1.0,1.0,1.0,1,1,0,1
POLICY_DEVELOPMENT,HIGH_COVERAGE,TOP_K,0.025,12,0.45,12,1,0.0,0.0,0.0,1.0,1.0,0.0,0.9583333333333334,0.0,0.0,0,12,12,24
POLICY_DEVELOPMENT,HIGH_COVERAGE,TOP_K,0.025,12,0.45,12,3,0.0,0.0,0.0,1.0,1.0,0.0,0.5833333333333334,0.0,0.0,0,6,6,12
POLICY_DEVELOPMENT,HIGH_COVERAGE,TOP_K,0.025,12,0.45,40,5,0.0,0.0,0.0,1.0,1.0,0.0,0.7416666666666667,0.0,0.0,0,60,60,120
POLICY_DEVELOPMENT,HIGH_COVERAGE,TOP_K,0.025,36,0.05,1,5,0.0,0.0,1.0,0.0,0.0,0.01333099787634151,1.0,1.0,1.0,1,1,0,1
POLICY_DEVELOPMENT,HIGH_COVERAGE,TOP_K,0.025,36,0.05,12,1,0.0,0.0,0.5,0.75,0.5,0.011897178825678185,0.8333333333333334,1.0,0.5,3,6,6,12
POLICY_DEVELOPMENT,HIGH_COVERAGE,TOP_K,0.025,36,0.05,12,3,0.0,0.0,0.0,1.0,1.0,0.0,0.8333333333333334,0.0,0.0,0,18,18,36
POLICY_DEVELOPMENT,HIGH_COVERAGE,TOP_K,0.025,36,0.05,40,1,0.0,0.0,0.0,1.0,1.0,0.0,0.95,0.0,0.0,0,20,20,40
POLICY_DEVELOPMENT,HIGH_COVERAGE,TOP_K,0.025,36,0.05,40,5,0.0,0.0,0.0,1.0,1.0,0.0,0.8,0.0,0.0,0,20,20,40
POLICY_DEVELOPMENT,HIGH_COVERAGE,TOP_K,0.025,36,0.45,1,1,0.0,0.0,0.0,1.0,1.0,0.0,1.0,0.0,0.0,0,3,0,3
POLICY_DEVELOPMENT,HIGH_COVERAGE,TOP_K,0.025,36,0.45,12,1,0.0,0.0,0.0,1.0,1.0,0.0,1.0,0.0,0.0,0,6,6,12
POLICY_DEVELOPMENT,HIGH_COVERAGE,TOP_K,0.025,36,0.45,40,3,0.0,0.0,0.15,0.925,0.85,0.019102319005030784,0.975,1.0,0.15,3,20,20,40
POLICY_DEVELOPMENT,HIGH_COVERAGE,TOP_K,0.025,36,0.45,40,5,0.0,0.0,0.225,0.8875,0.775,0.019541887661043013,0.8125,1.0,0.225,9,40,40,80
POLICY_DEVELOPMENT,HIGH_COVERAGE,TOP_K,0.025,96,0.05,1,1,0.0,0.0,0.0,1.0,1.0,0.0,1.0,0.0,0.0,0,1,0,1
POLICY_DEVELOPMENT,HIGH_COVERAGE,TOP_K,0.025,96,0.05,1,3,0.0,0.0,0.0,1.0,1.0,0.0,0.0,0.0,0.0,0,1,0,1
POLICY_DEVELOPMENT,HIGH_COVERAGE,TOP_K,0.025,96,0.05,12,1,0.0,0.0,0.0,1.0,1.0,0.0,0.9583333333333334,0.0,0.0,0,12,12,24
POLICY_DEVELOPMENT,HIGH_COVERAGE,TOP_K,0.025,96,0.05,40,5,0.03333333333333333,0.07875449009404872,0.38333333333333336,0.7916666666666666,0.6166666666666667,0.010805428495997544,0.75,0.92,0.38333333333333336,25,60,60,120
POLICY_DEVELOPMENT,HIGH_COVERAGE,TOP_K,0.025,96,0.45,1,1,0.0,0.0,0.0,1.0,1.0,0.0,1.0,0.0,0.0,0,1,0,1
POLICY_DEVELOPMENT,HIGH_COVERAGE,TOP_K,0.025,96,0.45,1,5,0.0,0.0,1.0,0.0,0.0,0.013731035914003271,1.0,1.0,1.0,1,1,0,1
POLICY_DEVELOPMENT,HIGH_COVERAGE,TOP_K,0.025,96,0.45,12,3,0.0,0.0,0.4166666666666667,0.7916666666666666,0.5833333333333333,0.014297765184924269,0.9166666666666666,1.0,0.4166666666666667,5,12,12,24
POLICY_DEVELOPMENT,HIGH_COVERAGE,TOP_K,0.025,96,0.45,40,1,0.0,0.0,0.0,1.0,1.0,0.0,0.85,0.0,0.0,0,20,20,40
POLICY_DEVELOPMENT,HIGH_COVERAGE,TOP_K,0.025,96,0.45,40,3,0.0,0.0,0.8,0.6,0.19999999999999996,0.0027203850973699603,0.925,1.0,0.8,16,20,20,40
POLICY_DEVELOPMENT,HIGH_COVERAGE,TOP_K,0.06,12,0.05,1,1,0.0,0.0,0.3333333333333333,0.6666666666666667,0.6666666666666667,0.01346636518812297,1.0,1.0,0.3333333333333333,1,3,0,3
POLICY_DEVELOPMENT,HIGH_COVERAGE,TOP_K,0.06,12,0.05,12,5,0.16666666666666666,0.4648711701972571,1.0,0.41666666666666663,0.0,0.0262630181995067,0.5,0.8571428571428571,1.0,7,6,6,12
POLICY_DEVELOPMENT,HIGH_COVERAGE,TOP_K,0.06,12,0.05,40,3,0.0,0.0,0.325,0.8375,0.675,0.015176304641774987,0.8625,1.0,0.325,13,40,40,80
POLICY_DEVELOPMENT,HIGH_COVERAGE,TOP_K,0.06,12,0.85,1,3,0.0,0.0,0.0,1.0,1.0,0.0,1.0,0.0,0.0,0,1,0,1
POLICY_DEVELOPMENT,HIGH_COVERAGE,TOP_K,0.06,12,0.85,1,5,0.0,0.0,0.0,1.0,1.0,0.0,1.0,0.0,0.0,0,1,0,1
POLICY_DEVELOPMENT,HIGH_COVERAGE,TOP_K,0.06,12,0.85,12,1,0.0,0.0,0.0,1.0,1.0,0.0,1.0,0.0,0.0,0,6,6,12
POLICY_DEVELOPMENT,HIGH_COVERAGE,TOP_K,0.06,12,0.85,12,3,0.0,0.0,0.0,1.0,1.0,0.0,0.9166666666666666,0.0,0.0,0,12,12,24
POLICY_DEVELOPMENT,HIGH_COVERAGE,TOP_K,0.06,12,0.85,40,5,0.0,0.0,0.025,0.9875,0.975,0.03317680359805729,1.0,1.0,0.025,1,40,40,80
POLICY_DEVELOPMENT,HIGH_COVERAGE,TOP_K,0.06,36,0.05,1,5,0.0,0.0,0.5,0.5,0.5,0.022682052683473966,1.0,1.0,0.5,1,2,0,2
POLICY_DEVELOPMENT,HIGH_COVERAGE,TOP_K,0.06,36,0.05,12,3,0.0,0.0,0.625,0.6875,0.375,0.011486261702434308,0.8125,1.0,0.625,15,24,24,48
POLICY_DEVELOPMENT,HIGH_COVERAGE,TOP_K,0.06,36,0.05,40,1,0.0,0.0,0.0,1.0,1.0,0.0,0.825,0.0,0.0,0,20,20,40
POLICY_DEVELOPMENT,HIGH_COVERAGE,TOP_K,0.06,36,0.85,1,1,0.0,0.0,0.0,1.0,1.0,0.0,0.0,0.0,0.0,0,2,0,2
POLICY_DEVELOPMENT,HIGH_COVERAGE,TOP_K,0.06,36,0.85,1,3,0.0,0.0,1.0,0.0,0.0,0.0032496987302067445,1.0,1.0,1.0,1,1,0,1
POLICY_DEVELOPMENT,HIGH_COVERAGE,TOP_K,0.06,36,0.85,12,1,0.0,0.0,0.0,1.0,1.0,0.0,1.0,0.0,0.0,0,6,6,12
POLICY_DEVELOPMENT,HIGH_COVERAGE,TOP_K,0.06,36,0.85,40,3,0.0,0.0,0.0,1.0,1.0,0.0,0.925,0.0,0.0,0,20,20,40
POLICY_DEVELOPMENT,HIGH_COVERAGE,TOP_K,0.06,36,0.85,40,5,0.0,0.0,0.5,0.75,0.5,0.00950880758707125,0.9875,1.0,0.5,20,40,40,80
POLICY_DEVELOPMENT,HIGH_COVERAGE,TOP_K,0.06,96,0.05,1,3,0.0,0.0,1.0,0.0,0.0,0.0024289206989218173,1.0,1.0,1.0,2,2,0,2
POLICY_DEVELOPMENT,HIGH_COVERAGE,TOP_K,0.06,96,0.05,12,1,0.0,0.0,0.5,0.75,0.5,0.002605950112761119,0.9583333333333334,1.0,0.5,6,12,12,24
POLICY_DEVELOPMENT,HIGH_COVERAGE,TOP_K,0.06,96,0.05,40,5,0.016666666666666666,0.049059967300068105,0.65,0.6666666666666667,0.35,0.009261007094956553,0.7666666666666667,0.975,0.65,40,60,60,120
POLICY_DEVELOPMENT,HIGH_COVERAGE,TOP_K,0.06,96,0.85,1,1,0.0,0.0,0.5,0.5,0.5,0.025265433088861575,1.0,1.0,0.5,1,2,0,2
POLICY_DEVELOPMENT,HIGH_COVERAGE,TOP_K,0.06,96,0.85,1,5,0.0,0.0,0.0,1.0,1.0,0.0,1.0,0.0,0.0,0,1,0,1
POLICY_DEVELOPMENT,HIGH_COVERAGE,TOP_K,0.06,96,0.85,12,3,0.0,0.0,0.5,0.75,0.5,0.009348123507322191,0.9583333333333334,1.0,0.5,6,12,12,24
POLICY_DEVELOPMENT,HIGH_COVERAGE,TOP_K,0.06,96,0.85,40,3,0.0,0.0,1.0,0.5,0.0,0.0032375554762953465,0.975,1.0,1.0,20,20,20,40
POLICY_DEVELOPMENT,HIGH_COVERAGE,TRANSPORT,0.0,12,0.45,1,3,0.0,0.0,0.0,1.0,1.0,0.0,1.0,0.0,0.0,0,0,1,1
POLICY_DEVELOPMENT,HIGH_COVERAGE,TRANSPORT,0.0,12,0.45,12,1,0.0,0.0,0.0,1.0,1.0,0.0,0.9166666666666666,0.0,0.0,0,0,24,24
POLICY_DEVELOPMENT,HIGH_COVERAGE,TRANSPORT,0.0,12,0.45,12,3,0.0,0.0,0.0,1.0,1.0,0.0,0.8333333333333334,0.0,0.0,0,0,12,12
POLICY_DEVELOPMENT,HIGH_COVERAGE,TRANSPORT,0.0,12,0.45,40,5,0.0,0.0,0.0,1.0,1.0,0.0,0.8,0.0,0.0,0,0,120,120
POLICY_DEVELOPMENT,HIGH_COVERAGE,TRANSPORT,0.0,12,0.85,1,1,0.0,0.0,0.0,1.0,1.0,0.0,1.0,0.0,0.0,0,0,3,3
POLICY_DEVELOPMENT,HIGH_COVERAGE,TRANSPORT,0.0,12,0.85,12,3,0.0,0.0,0.0,1.0,1.0,0.0,1.0,0.0,0.0,0,0,24,24
POLICY_DEVELOPMENT,HIGH_COVERAGE,TRANSPORT,0.0,12,0.85,40,3,0.0,0.0,0.0,1.0,1.0,0.0,1.0,0.0,0.0,0,0,40,40
POLICY_DEVELOPMENT,HIGH_COVERAGE,TRANSPORT,0.0,36,0.45,1,1,0.0,0.0,0.0,1.0,1.0,0.0,1.0,0.0,0.0,0,0,3,3
POLICY_DEVELOPMENT,HIGH_COVERAGE,TRANSPORT,0.0,36,0.45,12,1,0.0,0.0,0.0,1.0,1.0,0.0,1.0,0.0,0.0,0,0,12,12
POLICY_DEVELOPMENT,HIGH_COVERAGE,TRANSPORT,0.0,36,0.45,12,5,0.0,0.0,0.0,1.0,1.0,0.0,1.0,0.0,0.0,0,0,12,12
POLICY_DEVELOPMENT,HIGH_COVERAGE,TRANSPORT,0.0,36,0.45,40,3,0.0,0.0,0.0,1.0,1.0,0.0,0.7125,0.0,0.0,0,0,80,80
POLICY_DEVELOPMENT,HIGH_COVERAGE,TRANSPORT,0.0,36,0.85,1,5,0.0,0.0,0.0,1.0,1.0,0.0,1.0,0.0,0.0,0,0,1,1
POLICY_DEVELOPMENT,HIGH_COVERAGE,TRANSPORT,0.0,36,0.85,12,1,0.0,0.0,0.0,1.0,1.0,0.0,0.9166666666666666,0.0,0.0,0,0,12,12
POLICY_DEVELOPMENT,HIGH_COVERAGE,TRANSPORT,0.0,36,0.85,12,3,0.0,0.0,0.0,1.0,1.0,0.0,0.8888888888888888,0.0,0.0,0,0,36,36
POLICY_DEVELOPMENT,HIGH_COVERAGE,TRANSPORT,0.0,36,0.85,40,1,0.0,0.0,0.0,1.0,1.0,0.0,0.9,0.0,0.0,0,0,40,40
POLICY_DEVELOPMENT,HIGH_COVERAGE,TRANSPORT,0.0,36,0.85,40,5,0.0,0.0,0.0,1.0,1.0,0.0,1.0,0.0,0.0,0,0,40,40
POLICY_DEVELOPMENT,HIGH_COVERAGE,TRANSPORT,0.0,96,0.45,1,1,0.0,0.0,0.0,1.0,1.0,0.0,1.0,0.0,0.0,0,0,1,1
POLICY_DEVELOPMENT,HIGH_COVERAGE,TRANSPORT,0.0,96,0.45,1,5,0.0,0.0,0.0,1.0,1.0,0.0,1.0,0.0,0.0,0,0,1,1
POLICY_DEVELOPMENT,HIGH_COVERAGE,TRANSPORT,0.0,96,0.45,12,3,0.0,0.0,0.0,1.0,1.0,0.0,0.6944444444444444,0.0,0.0,0,0,36,36
POLICY_DEVELOPMENT,HIGH_COVERAGE,TRANSPORT,0.0,96,0.45,40,1,0.0,0.0,0.0,1.0,1.0,0.0,0.85,0.0,0.0,0,0,40,40
POLICY_DEVELOPMENT,HIGH_COVERAGE,TRANSPORT,0.0,96,0.85,1,1,0.0,0.0,0.0,1.0,1.0,0.0,1.0,0.0,0.0,0,0,1,1
POLICY_DEVELOPMENT,HIGH_COVERAGE,TRANSPORT,0.0,96,0.85,1,3,0.0,0.0,0.0,1.0,1.0,0.0,1.0,0.0,0.0,0,0,1,1
POLICY_DEVELOPMENT,HIGH_COVERAGE,TRANSPORT,0.0,96,0.85,12,1,0.0,0.0,0.0,1.0,1.0,0.0,0.9166666666666666,0.0,0.0,0,0,24,24
POLICY_DEVELOPMENT,HIGH_COVERAGE,TRANSPORT,0.0,96,0.85,40,3,0.0,0.0,0.0,1.0,1.0,0.0,0.95,0.0,0.0,0,0,40,40
POLICY_DEVELOPMENT,HIGH_COVERAGE,TRANSPORT,0.0,96,0.85,40,5,0.0,0.0,0.0,1.0,1.0,0.0,1.0,0.0,0.0,0,0,80,80
POLICY_DEVELOPMENT,HIGH_COVERAGE,TRANSPORT,0.025,12,0.05,1,1,0.0,0.0,0.0,1.0,1.0,0.0,0.6666666666666666,0.0,0.0,0,2,1,3
POLICY_DEVELOPMENT,HIGH_COVERAGE,TRANSPORT,0.025,12,0.05,12,5,0.0,0.0,0.3333333333333333,0.8333333333333334,0.6666666666666667,0.04874755952896461,0.8333333333333334,1.0,0.3333333333333333,2,6,6,12
POLICY_DEVELOPMENT,HIGH_COVERAGE,TRANSPORT,0.025,12,0.05,40,3,0.0,0.0,0.025,0.9875,0.975,0.09260647195632901,0.775,1.0,0.025,1,40,40,80
POLICY_DEVELOPMENT,HIGH_COVERAGE,TRANSPORT,0.025,12,0.45,1,3,0.0,0.0,0.0,1.0,1.0,0.0,1.0,0.0,0.0,0,1,0,1
POLICY_DEVELOPMENT,HIGH_COVERAGE,TRANSPORT,0.025,12,0.45,12,1,0.0,0.0,0.0,1.0,1.0,0.0,0.875,0.0,0.0,0,12,12,24
POLICY_DEVELOPMENT,HIGH_COVERAGE,TRANSPORT,0.025,12,0.45,12,3,0.0,0.0,0.0,1.0,1.0,0.0,1.0,0.0,0.0,0,6,6,12
POLICY_DEVELOPMENT,HIGH_COVERAGE,TRANSPORT,0.025,12,0.45,40,5,0.0,0.0,0.0,1.0,1.0,0.0,0.7166666666666667,0.0,0.0,0,60,60,120
POLICY_DEVELOPMENT,HIGH_COVERAGE,TRANSPORT,0.025,36,0.05,1,5,0.0,0.0,1.0,0.0,0.0,0.006624524507389019,1.0,1.0,1.0,1,1,0,1
POLICY_DEVELOPMENT,HIGH_COVERAGE,TRANSPORT,0.025,36,0.05,12,1,0.0,0.0,0.0,1.0,1.0,0.0,0.8333333333333334,0.0,0.0,0,0,12,12
POLICY_DEVELOPMENT,HIGH_COVERAGE,TRANSPORT,0.025,36,0.05,12,3,0.05555555555555555,0.16137653438793323,0.0,0.9722222222222222,1.0,0.06628474570572951,0.8888888888888888,0.0,0.0,1,18,18,36
POLICY_DEVELOPMENT,HIGH_COVERAGE,TRANSPORT,0.025,36,0.05,40,1,0.0,0.0,0.0,1.0,1.0,0.0,0.9,0.0,0.0,0,0,40,40
POLICY_DEVELOPMENT,HIGH_COVERAGE,TRANSPORT,0.025,36,0.05,40,5,0.0,0.0,0.0,1.0,1.0,0.0,0.75,0.0,0.0,0,20,20,40
POLICY_DEVELOPMENT,HIGH_COVERAGE,TRANSPORT,0.025,36,0.45,1,1,0.0,0.0,0.0,1.0,1.0,0.0,0.6666666666666666,0.0,0.0,0,3,0,3
POLICY_DEVELOPMENT,HIGH_COVERAGE,TRANSPORT,0.025,36,0.45,12,1,0.0,0.0,0.0,1.0,1.0,0.0,0.75,0.0,0.0,0,6,6,12
POLICY_DEVELOPMENT,HIGH_COVERAGE,TRANSPORT,0.025,36,0.45,40,3,0.0,0.0,0.5,0.75,0.5,0.017214983936267976,0.825,1.0,0.5,10,20,20,40
POLICY_DEVELOPMENT,HIGH_COVERAGE,TRANSPORT,0.025,36,0.45,40,5,0.0,0.0,0.0,1.0,1.0,0.0,0.75,0.0,0.0,0,40,40,80
POLICY_DEVELOPMENT,HIGH_COVERAGE,TRANSPORT,0.025,96,0.05,1,1,0.0,0.0,0.0,1.0,1.0,0.0,1.0,0.0,0.0,0,1,0,1
POLICY_DEVELOPMENT,HIGH_COVERAGE,TRANSPORT,0.025,96,0.05,1,3,0.0,0.0,0.0,1.0,1.0,0.0,1.0,0.0,0.0,0,1,0,1
POLICY_DEVELOPMENT,HIGH_COVERAGE,TRANSPORT,0.025,96,0.05,12,1,0.0,0.0,0.0,1.0,1.0,0.0,0.9166666666666666,0.0,0.0,0,6,18,24
POLICY_DEVELOPMENT,HIGH_COVERAGE,TRANSPORT,0.025,96,0.05,40,5,0.0,0.0,0.2833333333333333,0.8583333333333334,0.7166666666666667,0.008875676622149078,0.7666666666666667,1.0,0.2833333333333333,17,60,60,120
POLICY_DEVELOPMENT,HIGH_COVERAGE,TRANSPORT,0.025,96,0.45,1,1,0.0,0.0,0.0,1.0,1.0,0.0,1.0,0.0,0.0,0,1,0,1
POLICY_DEVELOPMENT,HIGH_COVERAGE,TRANSPORT,0.025,96,0.45,1,5,0.0,0.0,0.0,1.0,1.0,0.0,1.0,0.0,0.0,0,1,0,1
POLICY_DEVELOPMENT,HIGH_COVERAGE,TRANSPORT,0.025,96,0.45,12,3,0.08333333333333333,0.23971309426686854,0.4166666666666667,0.75,0.5833333333333333,0.01448515632402691,0.8333333333333334,0.8333333333333334,0.4166666666666667,6,12,12,24
POLICY_DEVELOPMENT,HIGH_COVERAGE,TRANSPORT,0.025,96,0.45,40,1,0.0,0.0,0.0,1.0,1.0,0.0,0.675,0.0,0.0,0,20,20,40
POLICY_DEVELOPMENT,HIGH_COVERAGE,TRANSPORT,0.025,96,0.45,40,3,0.0,0.0,1.0,0.5,0.0,0.008592430719691737,0.8,1.0,1.0,20,20,20,40
POLICY_DEVELOPMENT,HIGH_COVERAGE,TRANSPORT,0.06,12,0.05,1,1,0.0,0.0,0.0,1.0,1.0,0.0,0.6666666666666666,0.0,0.0,0,3,0,3
POLICY_DEVELOPMENT,HIGH_COVERAGE,TRANSPORT,0.06,12,0.05,12,5,0.0,0.0,0.8333333333333334,0.5833333333333333,0.16666666666666663,0.03091624470990622,0.6666666666666666,1.0,0.8333333333333334,5,6,6,12
POLICY_DEVELOPMENT,HIGH_COVERAGE,TRANSPORT,0.06,12,0.05,40,3,0.0,0.0,0.625,0.6875,0.375,0.02213186022902209,0.7875,1.0,0.625,25,40,40,80
POLICY_DEVELOPMENT,HIGH_COVERAGE,TRANSPORT,0.06,12,0.85,1,3,0.0,0.0,1.0,0.0,0.0,0.016172288903089693,1.0,1.0,1.0,1,1,0,1
POLICY_DEVELOPMENT,HIGH_COVERAGE,TRANSPORT,0.06,12,0.85,1,5,0.0,0.0,0.0,1.0,1.0,0.0,0.0,0.0,0.0,0,1,0,1
POLICY_DEVELOPMENT,HIGH_COVERAGE,TRANSPORT,0.06,12,0.85,12,1,0.0,0.0,0.0,1.0,1.0,0.0,0.75,0.0,0.0,0,6,6,12
POLICY_DEVELOPMENT,HIGH_COVERAGE,TRANSPORT,0.06,12,0.85,12,3,0.0,0.0,0.0,1.0,1.0,0.0,1.0,0.0,0.0,0,6,18,24
POLICY_DEVELOPMENT,HIGH_COVERAGE,TRANSPORT,0.06,12,0.85,40,5,0.0,0.0,0.425,0.7875,0.575,0.015167754859016436,1.0,1.0,0.425,17,40,40,80
POLICY_DEVELOPMENT,HIGH_COVERAGE,TRANSPORT,0.06,36,0.05,1,5,0.0,0.0,1.0,0.0,0.0,0.027674807792798066,0.5,1.0,1.0,2,2,0,2
POLICY_DEVELOPMENT,HIGH_COVERAGE,TRANSPORT,0.06,36,0.05,12,3,0.0,0.0,0.5416666666666666,0.7291666666666667,0.45833333333333337,0.009980969220582904,0.875,1.0,0.5416666666666666,13,24,24,48
POLICY_DEVELOPMENT,HIGH_COVERAGE,TRANSPORT,0.06,36,0.05,40,1,0.0,0.0,0.0,1.0,1.0,0.0,0.825,0.0,0.0,0,20,20,40
POLICY_DEVELOPMENT,HIGH_COVERAGE,TRANSPORT,0.06,36,0.85,1,1,0.0,0.0,0.0,1.0,1.0,0.0,0.5,0.0,0.0,0,2,0,2
POLICY_DEVELOPMENT,HIGH_COVERAGE,TRANSPORT,0.06,36,0.85,1,3,0.0,0.0,0.0,1.0,1.0,0.0,1.0,0.0,0.0,0,0,1,1
POLICY_DEVELOPMENT,HIGH_COVERAGE,TRANSPORT,0.06,36,0.85,12,1,0.0,0.0,0.0,1.0,1.0,0.0,0.5833333333333334,0.0,0.0,0,6,6,12
POLICY_DEVELOPMENT,HIGH_COVERAGE,TRANSPORT,0.06,36,0.85,40,3,0.0,0.0,0.0,1.0,1.0,0.0,0.8,0.0,0.0,0,0,40,40
POLICY_DEVELOPMENT,HIGH_COVERAGE,TRANSPORT,0.06,36,0.85,40,5,0.0,0.0,0.5,0.75,0.5,0.01874504289706689,0.4875,1.0,0.5,20,40,40,80
POLICY_DEVELOPMENT,HIGH_COVERAGE,TRANSPORT,0.06,96,0.05,1,3,0.0,0.0,1.0,0.0,0.0,0.003889740352973625,1.0,1.0,1.0,2,2,0,2
POLICY_DEVELOPMENT,HIGH_COVERAGE,TRANSPORT,0.06,96,0.05,12,1,0.0,0.0,0.0,1.0,1.0,0.0,0.875,0.0,0.0,0,12,12,24
POLICY_DEVELOPMENT,HIGH_COVERAGE,TRANSPORT,0.06,96,0.05,40,5,0.016666666666666666,0.049059967300068105,0.5833333333333334,0.7,0.41666666666666663,0.007799113593516251,0.7916666666666666,0.9722222222222222,0.5833333333333334,36,60,60,120
POLICY_DEVELOPMENT,HIGH_COVERAGE,TRANSPORT,0.06,96,0.85,1,1,0.0,0.0,0.0,1.0,1.0,0.0,0.5,0.0,0.0,0,2,0,2
POLICY_DEVELOPMENT,HIGH_COVERAGE,TRANSPORT,0.06,96,0.85,1,5,0.0,0.0,1.0,0.0,0.0,0.0026978026528096527,1.0,1.0,1.0,1,1,0,1
POLICY_DEVELOPMENT,HIGH_COVERAGE,TRANSPORT,0.06,96,0.85,12,3,0.0,0.0,1.0,0.75,0.0,0.032310242298001654,0.375,1.0,1.0,6,6,18,24
POLICY_DEVELOPMENT,HIGH_COVERAGE,TRANSPORT,0.06,96,0.85,40,3,0.0,0.0,1.0,0.5,0.0,0.003941176011863283,1.0,1.0,1.0,20,20,20,40
POLICY_DEVELOPMENT,HIGH_PRECISION,ITEM_DIAGNOSTICS,0.0,12,0.05,1,1,0.0,0.0,0.0,1.0,1.0,0.0,1.0,0.0,0.0,0,0,1,1
POLICY_DEVELOPMENT,HIGH_PRECISION,ITEM_DIAGNOSTICS,0.0,12,0.05,1,5,0.0,0.0,0.0,1.0,1.0,0.0,1.0,0.0,0.0,0,0,1,1
POLICY_DEVELOPMENT,HIGH_PRECISION,ITEM_DIAGNOSTICS,0.0,12,0.05,12,3,0.0,0.0,0.0,1.0,1.0,0.0,0.875,0.0,0.0,0,0,24,24
POLICY_DEVELOPMENT,HIGH_PRECISION,ITEM_DIAGNOSTICS,0.0,12,0.05,40,1,0.0,0.0,0.0,1.0,1.0,0.0,0.9416666666666667,0.0,0.0,0,0,120,120
POLICY_DEVELOPMENT,HIGH_PRECISION,ITEM_DIAGNOSTICS,0.0,12,0.45,1,1,0.0,0.0,0.0,1.0,1.0,0.0,1.0,0.0,0.0,0,0,1,1
POLICY_DEVELOPMENT,HIGH_PRECISION,ITEM_DIAGNOSTICS,0.0,12,0.45,1,3,0.0,0.0,0.0,1.0,1.0,0.0,1.0,0.0,0.0,0,0,3,3
POLICY_DEVELOPMENT,HIGH_PRECISION,ITEM_DIAGNOSTICS,0.0,12,0.45,12,1,0.0,0.0,0.0,1.0,1.0,0.0,0.6666666666666666,0.0,0.0,0,0,12,12
POLICY_DEVELOPMENT,HIGH_PRECISION,ITEM_DIAGNOSTICS,0.0,12,0.45,12,5,0.0,0.0,0.0,1.0,1.0,0.0,1.0,0.0,0.0,0,0,12,12
POLICY_DEVELOPMENT,HIGH_PRECISION,ITEM_DIAGNOSTICS,0.0,12,0.45,40,5,0.0,0.0,0.0,1.0,1.0,0.0,0.975,0.0,0.0,0,0,40,40
POLICY_DEVELOPMENT,HIGH_PRECISION,ITEM_DIAGNOSTICS,0.0,36,0.05,1,3,0.0,0.0,0.0,1.0,1.0,0.0,0.6666666666666666,0.0,0.0,0,0,3,3
POLICY_DEVELOPMENT,HIGH_PRECISION,ITEM_DIAGNOSTICS,0.0,36,0.05,12,1,0.0,0.0,0.0,1.0,1.0,0.0,0.9166666666666666,0.0,0.0,0,0,12,12
POLICY_DEVELOPMENT,HIGH_PRECISION,ITEM_DIAGNOSTICS,0.0,36,0.05,40,1,0.0,0.0,0.0,1.0,1.0,0.0,0.9,0.0,0.0,0,0,40,40
POLICY_DEVELOPMENT,HIGH_PRECISION,ITEM_DIAGNOSTICS,0.0,36,0.05,40,5,0.0,0.0,0.0,1.0,1.0,0.0,0.9,0.0,0.0,0,0,40,40
POLICY_DEVELOPMENT,HIGH_PRECISION,ITEM_DIAGNOSTICS,0.0,36,0.45,1,1,0.0,0.0,0.0,1.0,1.0,0.0,1.0,0.0,0.0,0,0,2,2
POLICY_DEVELOPMENT,HIGH_PRECISION,ITEM_DIAGNOSTICS,0.0,36,0.45,12,3,0.0,0.0,0.0,1.0,1.0,0.0,0.9166666666666666,0.0,0.0,0,0,12,12
POLICY_DEVELOPMENT,HIGH_PRECISION,ITEM_DIAGNOSTICS,0.0,36,0.45,12,5,0.0,0.0,0.0,1.0,1.0,0.0,0.9166666666666666,0.0,0.0,0,0,24,24
POLICY_DEVELOPMENT,HIGH_PRECISION,ITEM_DIAGNOSTICS,0.0,36,0.45,40,1,0.0,0.0,0.0,1.0,1.0,0.0,1.0,0.0,0.0,0,0,40,40
POLICY_DEVELOPMENT,HIGH_PRECISION,ITEM_DIAGNOSTICS,0.0,36,0.45,40,3,0.0,0.0,0.0,1.0,1.0,0.0,0.975,0.0,0.0,0,0,40,40
POLICY_DEVELOPMENT,HIGH_PRECISION,ITEM_DIAGNOSTICS,0.0,96,0.05,1,1,0.0,0.0,0.0,1.0,1.0,0.0,1.0,0.0,0.0,0,0,2,2
POLICY_DEVELOPMENT,HIGH_PRECISION,ITEM_DIAGNOSTICS,0.0,96,0.05,1,3,0.0,0.0,0.0,1.0,1.0,0.0,1.0,0.0,0.0,0,0,1,1
POLICY_DEVELOPMENT,HIGH_PRECISION,ITEM_DIAGNOSTICS,0.0,96,0.05,12,5,0.0,0.0,0.0,1.0,1.0,0.0,0.9722222222222222,0.0,0.0,0,0,36,36
POLICY_DEVELOPMENT,HIGH_PRECISION,ITEM_DIAGNOSTICS,0.0,96,0.05,40,3,0.0,0.0,0.0,1.0,1.0,0.0,0.95,0.0,0.0,0,0,40,40
POLICY_DEVELOPMENT,HIGH_PRECISION,ITEM_DIAGNOSTICS,0.0,96,0.45,1,3,0.0,0.0,0.0,1.0,1.0,0.0,1.0,0.0,0.0,0,0,2,2
POLICY_DEVELOPMENT,HIGH_PRECISION,ITEM_DIAGNOSTICS,0.0,96,0.45,12,3,0.0,0.0,0.0,1.0,1.0,0.0,1.0,0.0,0.0,0,0,12,12
POLICY_DEVELOPMENT,HIGH_PRECISION,ITEM_DIAGNOSTICS,0.0,96,0.45,40,1,0.0,0.0,0.0,1.0,1.0,0.0,0.9583333333333334,0.0,0.0,0,0,120,120
POLICY_DEVELOPMENT,HIGH_PRECISION,ITEM_DIAGNOSTICS,0.025,12,0.05,1,1,0.0,0.0,0.0,1.0,1.0,0.0,1.0,0.0,0.0,0,1,0,1
POLICY_DEVELOPMENT,HIGH_PRECISION,ITEM_DIAGNOSTICS,0.025,12,0.05,12,3,0.0,0.0,0.0,1.0,1.0,0.0,0.9166666666666666,0.0,0.0,0,6,6,12
POLICY_DEVELOPMENT,HIGH_PRECISION,ITEM_DIAGNOSTICS,0.025,12,0.05,12,5,0.0,0.0,0.0,1.0,1.0,0.0,0.9166666666666666,0.0,0.0,0,12,12,24
POLICY_DEVELOPMENT,HIGH_PRECISION,ITEM_DIAGNOSTICS,0.025,12,0.05,40,1,0.0,0.0,0.0,1.0,1.0,0.0,0.95,0.0,0.0,0,60,60,120
POLICY_DEVELOPMENT,HIGH_PRECISION,ITEM_DIAGNOSTICS,0.025,12,0.85,1,1,0.0,0.0,0.0,1.0,1.0,0.0,1.0,0.0,0.0,0,1,0,1
POLICY_DEVELOPMENT,HIGH_PRECISION,ITEM_DIAGNOSTICS,0.025,12,0.85,1,3,0.0,0.0,0.0,1.0,1.0,0.0,1.0,0.0,0.0,0,3,0,3
POLICY_DEVELOPMENT,HIGH_PRECISION,ITEM_DIAGNOSTICS,0.025,12,0.85,12,1,0.0,0.0,0.0,1.0,1.0,0.0,1.0,0.0,0.0,0,6,6,12
POLICY_DEVELOPMENT,HIGH_PRECISION,ITEM_DIAGNOSTICS,0.025,12,0.85,12,5,0.0,0.0,0.0,1.0,1.0,0.0,1.0,0.0,0.0,0,6,6,12
POLICY_DEVELOPMENT,HIGH_PRECISION,ITEM_DIAGNOSTICS,0.025,12,0.85,40,5,0.0,0.0,0.0,1.0,1.0,0.0,1.0,0.0,0.0,0,20,20,40
POLICY_DEVELOPMENT,HIGH_PRECISION,ITEM_DIAGNOSTICS,0.025,36,0.05,1,3,0.0,0.0,0.0,1.0,1.0,0.0,1.0,0.0,0.0,0,2,0,2
POLICY_DEVELOPMENT,HIGH_PRECISION,ITEM_DIAGNOSTICS,0.025,36,0.05,12,1,0.0,0.0,0.0,1.0,1.0,0.0,0.9166666666666666,0.0,0.0,0,6,6,12
POLICY_DEVELOPMENT,HIGH_PRECISION,ITEM_DIAGNOSTICS,0.025,36,0.05,12,3,0.0,0.0,0.0,1.0,1.0,0.0,0.9166666666666666,0.0,0.0,0,6,6,12
POLICY_DEVELOPMENT,HIGH_PRECISION,ITEM_DIAGNOSTICS,0.025,36,0.05,40,1,0.0,0.0,0.0,1.0,1.0,0.0,0.925,0.0,0.0,0,20,20,40
POLICY_DEVELOPMENT,HIGH_PRECISION,ITEM_DIAGNOSTICS,0.025,36,0.05,40,5,0.0,0.0,0.0,1.0,1.0,0.0,0.875,0.0,0.0,0,20,20,40
POLICY_DEVELOPMENT,HIGH_PRECISION,ITEM_DIAGNOSTICS,0.025,36,0.85,1,1,0.0,0.0,0.0,1.0,1.0,0.0,0.5,0.0,0.0,0,2,0,2
POLICY_DEVELOPMENT,HIGH_PRECISION,ITEM_DIAGNOSTICS,0.025,36,0.85,12,5,0.0,0.0,0.0,1.0,1.0,0.0,1.0,0.0,0.0,0,18,18,36
POLICY_DEVELOPMENT,HIGH_PRECISION,ITEM_DIAGNOSTICS,0.025,36,0.85,40,1,0.0,0.0,0.0,1.0,1.0,0.0,0.9,0.0,0.0,0,20,20,40
POLICY_DEVELOPMENT,HIGH_PRECISION,ITEM_DIAGNOSTICS,0.025,36,0.85,40,3,0.0,0.0,0.0,1.0,1.0,0.0,1.0,0.0,0.0,0,20,20,40
POLICY_DEVELOPMENT,HIGH_PRECISION,ITEM_DIAGNOSTICS,0.025,96,0.05,1,1,0.0,0.0,0.0,1.0,1.0,0.0,1.0,0.0,0.0,0,2,0,2
POLICY_DEVELOPMENT,HIGH_PRECISION,ITEM_DIAGNOSTICS,0.025,96,0.05,1,3,0.0,0.0,0.0,1.0,1.0,0.0,1.0,0.0,0.0,0,1,0,1
POLICY_DEVELOPMENT,HIGH_PRECISION,ITEM_DIAGNOSTICS,0.025,96,0.05,12,5,0.0,0.0,0.0,1.0,1.0,0.0,0.9166666666666666,0.0,0.0,0,18,18,36
POLICY_DEVELOPMENT,HIGH_PRECISION,ITEM_DIAGNOSTICS,0.025,96,0.05,40,3,0.0,0.0,0.0,1.0,1.0,0.0,0.975,0.0,0.0,0,20,20,40
POLICY_DEVELOPMENT,HIGH_PRECISION,ITEM_DIAGNOSTICS,0.025,96,0.85,1,5,0.0,0.0,0.0,1.0,1.0,0.0,1.0,0.0,0.0,0,1,0,1
POLICY_DEVELOPMENT,HIGH_PRECISION,ITEM_DIAGNOSTICS,0.025,96,0.85,12,3,0.0,0.0,0.0,1.0,1.0,0.0,0.9583333333333334,0.0,0.0,0,12,12,24
POLICY_DEVELOPMENT,HIGH_PRECISION,ITEM_DIAGNOSTICS,0.025,96,0.85,40,1,0.0,0.0,0.0,1.0,1.0,0.0,0.9416666666666667,0.0,0.0,0,60,60,120
POLICY_DEVELOPMENT,HIGH_PRECISION,ITEM_DIAGNOSTICS,0.06,12,0.45,1,1,0.0,0.0,0.0,1.0,1.0,0.0,0.0,0.0,0.0,0,1,0,1
POLICY_DEVELOPMENT,HIGH_PRECISION,ITEM_DIAGNOSTICS,0.06,12,0.45,12,3,0.0,0.0,0.0,1.0,1.0,0.0,1.0,0.0,0.0,0,6,6,12
POLICY_DEVELOPMENT,HIGH_PRECISION,ITEM_DIAGNOSTICS,0.06,12,0.45,12,5,0.0,0.0,0.0,1.0,1.0,0.0,0.9583333333333334,0.0,0.0,0,12,12,24
POLICY_DEVELOPMENT,HIGH_PRECISION,ITEM_DIAGNOSTICS,0.06,12,0.45,40,1,0.0,0.0,0.0,1.0,1.0,0.0,1.0,0.0,0.0,0,40,40,80
POLICY_DEVELOPMENT,HIGH_PRECISION,ITEM_DIAGNOSTICS,0.06,12,0.45,40,3,0.0,0.0,0.0,1.0,1.0,0.0,1.0,0.0,0.0,0,20,20,40
POLICY_DEVELOPMENT,HIGH_PRECISION,ITEM_DIAGNOSTICS,0.06,12,0.85,1,3,0.0,0.0,0.0,1.0,1.0,0.0,1.0,0.0,0.0,0,4,0,4
POLICY_DEVELOPMENT,HIGH_PRECISION,ITEM_DIAGNOSTICS,0.06,12,0.85,12,1,0.0,0.0,0.0,1.0,1.0,0.0,1.0,0.0,0.0,0,6,6,12
POLICY_DEVELOPMENT,HIGH_PRECISION,ITEM_DIAGNOSTICS,0.06,12,0.85,40,5,0.0,0.0,0.0,1.0,1.0,0.0,0.925,0.0,0.0,0,40,40,80
POLICY_DEVELOPMENT,HIGH_PRECISION,ITEM_DIAGNOSTICS,0.06,36,0.45,1,3,0.0,0.0,0.0,1.0,1.0,0.0,1.0,0.0,0.0,0,2,0,2
POLICY_DEVELOPMENT,HIGH_PRECISION,ITEM_DIAGNOSTICS,0.06,36,0.45,12,3,0.0,0.0,0.0,1.0,1.0,0.0,1.0,0.0,0.0,0,6,6,12
POLICY_DEVELOPMENT,HIGH_PRECISION,ITEM_DIAGNOSTICS,0.06,36,0.45,40,1,0.0,0.0,0.0,1.0,1.0,0.0,0.975,0.0,0.0,0,40,40,80
POLICY_DEVELOPMENT,HIGH_PRECISION,ITEM_DIAGNOSTICS,0.06,36,0.45,40,5,0.0,0.0,0.0,1.0,1.0,0.0,1.0,0.0,0.0,0,20,20,40
POLICY_DEVELOPMENT,HIGH_PRECISION,ITEM_DIAGNOSTICS,0.06,36,0.85,1,1,0.0,0.0,0.0,1.0,1.0,0.0,1.0,0.0,0.0,0,2,0,2
POLICY_DEVELOPMENT,HIGH_PRECISION,ITEM_DIAGNOSTICS,0.06,36,0.85,12,5,0.0,0.0,0.0,1.0,1.0,0.0,0.9722222222222222,0.0,0.0,0,18,18,36
POLICY_DEVELOPMENT,HIGH_PRECISION,ITEM_DIAGNOSTICS,0.06,36,0.85,40,3,0.0,0.0,0.0,1.0,1.0,0.0,0.5375,0.0,0.0,0,40,40,80
POLICY_DEVELOPMENT,HIGH_PRECISION,ITEM_DIAGNOSTICS,0.06,96,0.45,1,1,0.0,0.0,0.0,1.0,1.0,0.0,1.0,0.0,0.0,0,1,0,1
POLICY_DEVELOPMENT,HIGH_PRECISION,ITEM_DIAGNOSTICS,0.06,96,0.45,1,3,0.0,0.0,0.0,1.0,1.0,0.0,1.0,0.0,0.0,0,2,0,2
POLICY_DEVELOPMENT,HIGH_PRECISION,ITEM_DIAGNOSTICS,0.06,96,0.45,12,5,0.0,0.0,0.0,1.0,1.0,0.0,1.0,0.0,0.0,0,12,12,24
POLICY_DEVELOPMENT,HIGH_PRECISION,ITEM_DIAGNOSTICS,0.06,96,0.45,40,3,0.0,0.0,0.0,1.0,1.0,0.0,0.825,0.0,0.0,0,20,20,40
POLICY_DEVELOPMENT,HIGH_PRECISION,ITEM_DIAGNOSTICS,0.06,96,0.45,40,5,0.0,0.0,0.0,1.0,1.0,0.0,1.0,0.0,0.0,0,20,20,40
POLICY_DEVELOPMENT,HIGH_PRECISION,ITEM_DIAGNOSTICS,0.06,96,0.85,1,5,0.0,0.0,0.0,1.0,1.0,0.0,1.0,0.0,0.0,0,1,0,1
POLICY_DEVELOPMENT,HIGH_PRECISION,ITEM_DIAGNOSTICS,0.06,96,0.85,12,3,0.0,0.0,0.5,0.75,0.5,0.005541659784338783,0.9583333333333334,1.0,0.5,6,12,12,24
POLICY_DEVELOPMENT,HIGH_PRECISION,ITEM_DIAGNOSTICS,0.06,96,0.85,40,1,0.0,0.0,0.0,1.0,1.0,0.0,1.0,0.0,0.0,0,60,60,120
POLICY_DEVELOPMENT,HIGH_PRECISION,PRIMARY_PAIRWISE,0.0,12,0.05,1,1,0.0,0.0,0.0,1.0,1.0,0.0,1.0,0.0,0.0,0,0,1,1
POLICY_DEVELOPMENT,HIGH_PRECISION,PRIMARY_PAIRWISE,0.0,12,0.05,1,5,0.0,0.0,0.0,1.0,1.0,0.0,1.0,0.0,0.0,0,0,1,1
POLICY_DEVELOPMENT,HIGH_PRECISION,PRIMARY_PAIRWISE,0.0,12,0.05,12,3,0.0,0.0,0.0,1.0,1.0,0.0,0.9166666666666666,0.0,0.0,0,0,24,24
POLICY_DEVELOPMENT,HIGH_PRECISION,PRIMARY_PAIRWISE,0.0,12,0.05,40,1,0.0,0.0,0.0,1.0,1.0,0.0,0.9,0.0,0.0,0,0,120,120
POLICY_DEVELOPMENT,HIGH_PRECISION,PRIMARY_PAIRWISE,0.0,12,0.45,1,1,0.0,0.0,0.0,1.0,1.0,0.0,1.0,0.0,0.0,0,0,1,1
POLICY_DEVELOPMENT,HIGH_PRECISION,PRIMARY_PAIRWISE,0.0,12,0.45,1,3,0.0,0.0,0.0,1.0,1.0,0.0,1.0,0.0,0.0,0,0,3,3
POLICY_DEVELOPMENT,HIGH_PRECISION,PRIMARY_PAIRWISE,0.0,12,0.45,12,1,0.0,0.0,0.0,1.0,1.0,0.0,0.9166666666666666,0.0,0.0,0,0,12,12
POLICY_DEVELOPMENT,HIGH_PRECISION,PRIMARY_PAIRWISE,0.0,12,0.45,12,5,0.0,0.0,0.0,1.0,1.0,0.0,1.0,0.0,0.0,0,0,12,12
POLICY_DEVELOPMENT,HIGH_PRECISION,PRIMARY_PAIRWISE,0.0,12,0.45,40,5,0.0,0.0,0.0,1.0,1.0,0.0,0.875,0.0,0.0,0,0,40,40
POLICY_DEVELOPMENT,HIGH_PRECISION,PRIMARY_PAIRWISE,0.0,36,0.05,1,3,0.0,0.0,0.0,1.0,1.0,0.0,0.6666666666666666,0.0,0.0,0,0,3,3
POLICY_DEVELOPMENT,HIGH_PRECISION,PRIMARY_PAIRWISE,0.0,36,0.05,12,1,0.0,0.0,0.0,1.0,1.0,0.0,1.0,0.0,0.0,0,0,12,12
POLICY_DEVELOPMENT,HIGH_PRECISION,PRIMARY_PAIRWISE,0.0,36,0.05,40,1,0.0,0.0,0.0,1.0,1.0,0.0,0.875,0.0,0.0,0,0,40,40
POLICY_DEVELOPMENT,HIGH_PRECISION,PRIMARY_PAIRWISE,0.0,36,0.05,40,5,0.0,0.0,0.0,1.0,1.0,0.0,0.95,0.0,0.0,0,0,40,40
POLICY_DEVELOPMENT,HIGH_PRECISION,PRIMARY_PAIRWISE,0.0,36,0.45,1,1,0.0,0.0,0.0,1.0,1.0,0.0,1.0,0.0,0.0,0,0,2,2
POLICY_DEVELOPMENT,HIGH_PRECISION,PRIMARY_PAIRWISE,0.0,36,0.45,12,3,0.0,0.0,0.0,1.0,1.0,0.0,0.9166666666666666,0.0,0.0,0,0,12,12
POLICY_DEVELOPMENT,HIGH_PRECISION,PRIMARY_PAIRWISE,0.0,36,0.45,12,5,0.0,0.0,0.0,1.0,1.0,0.0,1.0,0.0,0.0,0,0,24,24
POLICY_DEVELOPMENT,HIGH_PRECISION,PRIMARY_PAIRWISE,0.0,36,0.45,40,1,0.0,0.0,0.0,1.0,1.0,0.0,1.0,0.0,0.0,0,0,40,40
POLICY_DEVELOPMENT,HIGH_PRECISION,PRIMARY_PAIRWISE,0.0,36,0.45,40,3,0.0,0.0,0.0,1.0,1.0,0.0,0.975,0.0,0.0,0,0,40,40
POLICY_DEVELOPMENT,HIGH_PRECISION,PRIMARY_PAIRWISE,0.0,96,0.05,1,1,0.0,0.0,0.0,1.0,1.0,0.0,1.0,0.0,0.0,0,0,2,2
POLICY_DEVELOPMENT,HIGH_PRECISION,PRIMARY_PAIRWISE,0.0,96,0.05,1,3,0.0,0.0,0.0,1.0,1.0,0.0,1.0,0.0,0.0,0,0,1,1
POLICY_DEVELOPMENT,HIGH_PRECISION,PRIMARY_PAIRWISE,0.0,96,0.05,12,5,0.0,0.0,0.0,1.0,1.0,0.0,1.0,0.0,0.0,0,0,36,36
POLICY_DEVELOPMENT,HIGH_PRECISION,PRIMARY_PAIRWISE,0.0,96,0.05,40,3,0.0,0.0,0.0,1.0,1.0,0.0,0.925,0.0,0.0,0,0,40,40
POLICY_DEVELOPMENT,HIGH_PRECISION,PRIMARY_PAIRWISE,0.0,96,0.45,1,3,0.0,0.0,0.0,1.0,1.0,0.0,1.0,0.0,0.0,0,0,2,2
POLICY_DEVELOPMENT,HIGH_PRECISION,PRIMARY_PAIRWISE,0.0,96,0.45,12,3,0.0,0.0,0.0,1.0,1.0,0.0,0.9166666666666666,0.0,0.0,0,0,12,12
POLICY_DEVELOPMENT,HIGH_PRECISION,PRIMARY_PAIRWISE,0.0,96,0.45,40,1,0.0,0.0,0.0,1.0,1.0,0.0,0.8916666666666667,0.0,0.0,0,0,120,120
POLICY_DEVELOPMENT,HIGH_PRECISION,PRIMARY_PAIRWISE,0.025,12,0.05,1,1,0.0,0.0,0.0,1.0,1.0,0.0,1.0,0.0,0.0,0,1,0,1
POLICY_DEVELOPMENT,HIGH_PRECISION,PRIMARY_PAIRWISE,0.025,12,0.05,12,3,0.0,0.0,0.0,1.0,1.0,0.0,1.0,0.0,0.0,0,6,6,12
POLICY_DEVELOPMENT,HIGH_PRECISION,PRIMARY_PAIRWISE,0.025,12,0.05,12,5,0.0,0.0,0.0,1.0,1.0,0.0,0.9583333333333334,0.0,0.0,0,12,12,24
POLICY_DEVELOPMENT,HIGH_PRECISION,PRIMARY_PAIRWISE,0.025,12,0.05,40,1,0.0,0.0,0.0,1.0,1.0,0.0,0.95,0.0,0.0,0,60,60,120
POLICY_DEVELOPMENT,HIGH_PRECISION,PRIMARY_PAIRWISE,0.025,12,0.85,1,1,0.0,0.0,0.0,1.0,1.0,0.0,1.0,0.0,0.0,0,1,0,1
POLICY_DEVELOPMENT,HIGH_PRECISION,PRIMARY_PAIRWISE,0.025,12,0.85,1,3,0.0,0.0,0.0,1.0,1.0,0.0,1.0,0.0,0.0,0,3,0,3
POLICY_DEVELOPMENT,HIGH_PRECISION,PRIMARY_PAIRWISE,0.025,12,0.85,12,1,0.0,0.0,0.0,1.0,1.0,0.0,0.6666666666666666,0.0,0.0,0,6,6,12
POLICY_DEVELOPMENT,HIGH_PRECISION,PRIMARY_PAIRWISE,0.025,12,0.85,12,5,0.0,0.0,0.0,1.0,1.0,0.0,1.0,0.0,0.0,0,6,6,12
POLICY_DEVELOPMENT,HIGH_PRECISION,PRIMARY_PAIRWISE,0.025,12,0.85,40,5,0.0,0.0,0.0,1.0,1.0,0.0,1.0,0.0,0.0,0,20,20,40
POLICY_DEVELOPMENT,HIGH_PRECISION,PRIMARY_PAIRWISE,0.025,36,0.05,1,3,0.0,0.0,0.0,1.0,1.0,0.0,1.0,0.0,0.0,0,2,0,2
POLICY_DEVELOPMENT,HIGH_PRECISION,PRIMARY_PAIRWISE,0.025,36,0.05,12,1,0.0,0.0,0.0,1.0,1.0,0.0,0.9166666666666666,0.0,0.0,0,6,6,12
POLICY_DEVELOPMENT,HIGH_PRECISION,PRIMARY_PAIRWISE,0.025,36,0.05,12,3,0.0,0.0,0.0,1.0,1.0,0.0,1.0,0.0,0.0,0,6,6,12
POLICY_DEVELOPMENT,HIGH_PRECISION,PRIMARY_PAIRWISE,0.025,36,0.05,40,1,0.0,0.0,0.0,1.0,1.0,0.0,0.9,0.0,0.0,0,20,20,40
POLICY_DEVELOPMENT,HIGH_PRECISION,PRIMARY_PAIRWISE,0.025,36,0.05,40,5,0.0,0.0,0.0,1.0,1.0,0.0,0.975,0.0,0.0,0,20,20,40
POLICY_DEVELOPMENT,HIGH_PRECISION,PRIMARY_PAIRWISE,0.025,36,0.85,1,1,0.0,0.0,0.0,1.0,1.0,0.0,1.0,0.0,0.0,0,2,0,2
POLICY_DEVELOPMENT,HIGH_PRECISION,PRIMARY_PAIRWISE,0.025,36,0.85,12,5,0.0,0.0,0.0,1.0,1.0,0.0,1.0,0.0,0.0,0,18,18,36
POLICY_DEVELOPMENT,HIGH_PRECISION,PRIMARY_PAIRWISE,0.025,36,0.85,40,1,0.0,0.0,0.0,1.0,1.0,0.0,0.975,0.0,0.0,0,20,20,40
POLICY_DEVELOPMENT,HIGH_PRECISION,PRIMARY_PAIRWISE,0.025,36,0.85,40,3,0.0,0.0,0.0,1.0,1.0,0.0,1.0,0.0,0.0,0,20,20,40
POLICY_DEVELOPMENT,HIGH_PRECISION,PRIMARY_PAIRWISE,0.025,96,0.05,1,1,0.0,0.0,0.0,1.0,1.0,0.0,1.0,0.0,0.0,0,2,0,2
POLICY_DEVELOPMENT,HIGH_PRECISION,PRIMARY_PAIRWISE,0.025,96,0.05,1,3,0.0,0.0,0.0,1.0,1.0,0.0,0.0,0.0,0.0,0,1,0,1
POLICY_DEVELOPMENT,HIGH_PRECISION,PRIMARY_PAIRWISE,0.025,96,0.05,12,5,0.0,0.0,0.0,1.0,1.0,0.0,1.0,0.0,0.0,0,18,18,36
POLICY_DEVELOPMENT,HIGH_PRECISION,PRIMARY_PAIRWISE,0.025,96,0.05,40,3,0.0,0.0,0.0,1.0,1.0,0.0,0.975,0.0,0.0,0,20,20,40
POLICY_DEVELOPMENT,HIGH_PRECISION,PRIMARY_PAIRWISE,0.025,96,0.85,1,5,0.0,0.0,0.0,1.0,1.0,0.0,1.0,0.0,0.0,0,1,0,1
POLICY_DEVELOPMENT,HIGH_PRECISION,PRIMARY_PAIRWISE,0.025,96,0.85,12,3,0.0,0.0,0.0,1.0,1.0,0.0,1.0,0.0,0.0,0,12,12,24
POLICY_DEVELOPMENT,HIGH_PRECISION,PRIMARY_PAIRWISE,0.025,96,0.85,40,1,0.0,0.0,0.0,1.0,1.0,0.0,1.0,0.0,0.0,0,60,60,120
POLICY_DEVELOPMENT,HIGH_PRECISION,PRIMARY_PAIRWISE,0.06,12,0.45,1,1,0.0,0.0,0.0,1.0,1.0,0.0,1.0,0.0,0.0,0,1,0,1
POLICY_DEVELOPMENT,HIGH_PRECISION,PRIMARY_PAIRWISE,0.06,12,0.45,12,3,0.0,0.0,0.0,1.0,1.0,0.0,1.0,0.0,0.0,0,6,6,12
POLICY_DEVELOPMENT,HIGH_PRECISION,PRIMARY_PAIRWISE,0.06,12,0.45,12,5,0.0,0.0,0.0,1.0,1.0,0.0,0.875,0.0,0.0,0,12,12,24
POLICY_DEVELOPMENT,HIGH_PRECISION,PRIMARY_PAIRWISE,0.06,12,0.45,40,1,0.0,0.0,0.0,1.0,1.0,0.0,0.9875,0.0,0.0,0,40,40,80
POLICY_DEVELOPMENT,HIGH_PRECISION,PRIMARY_PAIRWISE,0.06,12,0.45,40,3,0.0,0.0,0.0,1.0,1.0,0.0,0.975,0.0,0.0,0,20,20,40
POLICY_DEVELOPMENT,HIGH_PRECISION,PRIMARY_PAIRWISE,0.06,12,0.85,1,3,0.0,0.0,0.0,1.0,1.0,0.0,1.0,0.0,0.0,0,4,0,4
POLICY_DEVELOPMENT,HIGH_PRECISION,PRIMARY_PAIRWISE,0.06,12,0.85,12,1,0.0,0.0,0.0,1.0,1.0,0.0,1.0,0.0,0.0,0,6,6,12
POLICY_DEVELOPMENT,HIGH_PRECISION,PRIMARY_PAIRWISE,0.06,12,0.85,40,5,0.0,0.0,0.0,1.0,1.0,0.0,1.0,0.0,0.0,0,40,40,80
POLICY_DEVELOPMENT,HIGH_PRECISION,PRIMARY_PAIRWISE,0.06,36,0.45,1,3,0.0,0.0,0.0,1.0,1.0,0.0,1.0,0.0,0.0,0,2,0,2
POLICY_DEVELOPMENT,HIGH_PRECISION,PRIMARY_PAIRWISE,0.06,36,0.45,12,3,0.0,0.0,0.0,1.0,1.0,0.0,0.8333333333333334,0.0,0.0,0,6,6,12
POLICY_DEVELOPMENT,HIGH_PRECISION,PRIMARY_PAIRWISE,0.06,36,0.45,40,1,0.0,0.0,0.0,1.0,1.0,0.0,1.0,0.0,0.0,0,40,40,80
POLICY_DEVELOPMENT,HIGH_PRECISION,PRIMARY_PAIRWISE,0.06,36,0.45,40,5,0.0,0.0,0.0,1.0,1.0,0.0,0.925,0.0,0.0,0,20,20,40
POLICY_DEVELOPMENT,HIGH_PRECISION,PRIMARY_PAIRWISE,0.06,36,0.85,1,1,0.0,0.0,0.0,1.0,1.0,0.0,1.0,0.0,0.0,0,2,0,2
POLICY_DEVELOPMENT,HIGH_PRECISION,PRIMARY_PAIRWISE,0.06,36,0.85,12,5,0.0,0.0,0.0,1.0,1.0,0.0,1.0,0.0,0.0,0,18,18,36
POLICY_DEVELOPMENT,HIGH_PRECISION,PRIMARY_PAIRWISE,0.06,36,0.85,40,3,0.0,0.0,0.0,1.0,1.0,0.0,1.0,0.0,0.0,0,40,40,80
POLICY_DEVELOPMENT,HIGH_PRECISION,PRIMARY_PAIRWISE,0.06,96,0.45,1,1,0.0,0.0,0.0,1.0,1.0,0.0,0.0,0.0,0.0,0,1,0,1
POLICY_DEVELOPMENT,HIGH_PRECISION,PRIMARY_PAIRWISE,0.06,96,0.45,1,3,0.0,0.0,0.0,1.0,1.0,0.0,1.0,0.0,0.0,0,2,0,2
POLICY_DEVELOPMENT,HIGH_PRECISION,PRIMARY_PAIRWISE,0.06,96,0.45,12,5,0.0,0.0,0.0,1.0,1.0,0.0,1.0,0.0,0.0,0,12,12,24
POLICY_DEVELOPMENT,HIGH_PRECISION,PRIMARY_PAIRWISE,0.06,96,0.45,40,3,0.0,0.0,0.0,1.0,1.0,0.0,0.925,0.0,0.0,0,20,20,40
POLICY_DEVELOPMENT,HIGH_PRECISION,PRIMARY_PAIRWISE,0.06,96,0.45,40,5,0.0,0.0,0.0,1.0,1.0,0.0,1.0,0.0,0.0,0,20,20,40
POLICY_DEVELOPMENT,HIGH_PRECISION,PRIMARY_PAIRWISE,0.06,96,0.85,1,5,0.0,0.0,0.0,1.0,1.0,0.0,1.0,0.0,0.0,0,1,0,1
POLICY_DEVELOPMENT,HIGH_PRECISION,PRIMARY_PAIRWISE,0.06,96,0.85,12,3,0.0,0.0,0.5,0.75,0.5,0.025560194447515294,0.9166666666666666,1.0,0.5,6,12,12,24
POLICY_DEVELOPMENT,HIGH_PRECISION,PRIMARY_PAIRWISE,0.06,96,0.85,40,1,0.0,0.0,0.06666666666666667,0.9666666666666667,0.9333333333333333,0.011875349295827696,1.0,1.0,0.06666666666666667,4,60,60,120
POLICY_DEVELOPMENT,HIGH_PRECISION,REPAIR,0.0,12,0.05,1,3,0.0,0.0,0.0,1.0,1.0,0.0,1.0,0.0,0.0,0,0,1,1
POLICY_DEVELOPMENT,HIGH_PRECISION,REPAIR,0.0,12,0.05,1,5,0.0,0.0,0.0,1.0,1.0,0.0,1.0,0.0,0.0,0,0,2,2
POLICY_DEVELOPMENT,HIGH_PRECISION,REPAIR,0.0,12,0.05,12,1,0.0,0.0,0.0,1.0,1.0,0.0,0.9166666666666666,0.0,0.0,0,0,12,12
POLICY_DEVELOPMENT,HIGH_PRECISION,REPAIR,0.0,12,0.05,12,3,0.0,0.0,0.0,1.0,1.0,0.0,1.0,0.0,0.0,0,0,12,12
POLICY_DEVELOPMENT,HIGH_PRECISION,REPAIR,0.0,12,0.05,40,1,0.0,0.0,0.0,1.0,1.0,0.0,0.9375,0.0,0.0,0,0,80,80
POLICY_DEVELOPMENT,HIGH_PRECISION,REPAIR,0.0,12,0.85,1,1,0.0,0.0,0.0,1.0,1.0,0.0,1.0,0.0,0.0,0,0,1,1
POLICY_DEVELOPMENT,HIGH_PRECISION,REPAIR,0.0,12,0.85,12,1,0.0,0.0,0.0,1.0,1.0,0.0,1.0,0.0,0.0,0,0,12,12
POLICY_DEVELOPMENT,HIGH_PRECISION,REPAIR,0.0,12,0.85,12,5,0.0,0.0,0.0,1.0,1.0,0.0,1.0,0.0,0.0,0,0,12,12
POLICY_DEVELOPMENT,HIGH_PRECISION,REPAIR,0.0,12,0.85,40,3,0.0,0.0,0.0,1.0,1.0,0.0,0.9583333333333334,0.0,0.0,0,0,120,120
POLICY_DEVELOPMENT,HIGH_PRECISION,REPAIR,0.0,36,0.05,1,3,0.0,0.0,0.0,1.0,1.0,0.0,1.0,0.0,0.0,0,0,1,1
POLICY_DEVELOPMENT,HIGH_PRECISION,REPAIR,0.0,36,0.05,12,1,0.0,0.0,0.0,1.0,1.0,0.0,0.9722222222222222,0.0,0.0,0,0,36,36
POLICY_DEVELOPMENT,HIGH_PRECISION,REPAIR,0.0,36,0.05,40,3,0.0,0.0,0.0,1.0,1.0,0.0,0.9625,0.0,0.0,0,0,80,80
POLICY_DEVELOPMENT,HIGH_PRECISION,REPAIR,0.0,36,0.85,1,5,0.0,0.0,0.0,1.0,1.0,0.0,1.0,0.0,0.0,0,0,3,3
POLICY_DEVELOPMENT,HIGH_PRECISION,REPAIR,0.0,36,0.85,12,3,0.0,0.0,0.0,1.0,1.0,0.0,1.0,0.0,0.0,0,0,12,12
POLICY_DEVELOPMENT,HIGH_PRECISION,REPAIR,0.0,36,0.85,40,1,0.0,0.0,0.0,1.0,1.0,0.0,1.0,0.0,0.0,0,0,80,80
POLICY_DEVELOPMENT,HIGH_PRECISION,REPAIR,0.0,36,0.85,40,3,0.0,0.0,0.0,1.0,1.0,0.0,1.0,0.0,0.0,0,0,40,40
POLICY_DEVELOPMENT,HIGH_PRECISION,REPAIR,0.0,96,0.05,1,1,0.0,0.0,0.0,1.0,1.0,0.0,1.0,0.0,0.0,0,0,1,1
POLICY_DEVELOPMENT,HIGH_PRECISION,REPAIR,0.0,96,0.05,1,5,0.0,0.0,0.0,1.0,1.0,0.0,1.0,0.0,0.0,0,0,1,1
POLICY_DEVELOPMENT,HIGH_PRECISION,REPAIR,0.0,96,0.05,12,5,0.0,0.0,0.0,1.0,1.0,0.0,1.0,0.0,0.0,0,0,12,12
POLICY_DEVELOPMENT,HIGH_PRECISION,REPAIR,0.0,96,0.05,40,1,0.0,0.0,0.0,1.0,1.0,0.0,0.975,0.0,0.0,0,0,40,40
POLICY_DEVELOPMENT,HIGH_PRECISION,REPAIR,0.0,96,0.05,40,3,0.0,0.0,0.0,1.0,1.0,0.0,0.9583333333333334,0.0,0.0,0,0,120,120
POLICY_DEVELOPMENT,HIGH_PRECISION,REPAIR,0.0,96,0.85,1,3,0.0,0.0,0.0,1.0,1.0,0.0,1.0,0.0,0.0,0,0,2,2
POLICY_DEVELOPMENT,HIGH_PRECISION,REPAIR,0.0,96,0.85,12,1,0.0,0.0,0.0,1.0,1.0,0.0,1.0,0.0,0.0,0,0,36,36
POLICY_DEVELOPMENT,HIGH_PRECISION,REPAIR,0.0,96,0.85,40,1,0.0,0.0,0.0,1.0,1.0,0.0,0.775,0.0,0.0,0,0,40,40
POLICY_DEVELOPMENT,HIGH_PRECISION,REPAIR,0.0,96,0.85,40,5,0.0,0.0,0.0,1.0,1.0,0.0,1.0,0.0,0.0,0,0,40,40
POLICY_DEVELOPMENT,HIGH_PRECISION,REPAIR,0.025,12,0.45,1,5,0.0,0.0,0.0,1.0,1.0,0.0,1.0,0.0,0.0,0,3,0,3
POLICY_DEVELOPMENT,HIGH_PRECISION,REPAIR,0.025,12,0.45,12,1,0.0,0.0,0.0,1.0,1.0,0.0,1.0,0.0,0.0,0,6,6,12
POLICY_DEVELOPMENT,HIGH_PRECISION,REPAIR,0.025,12,0.45,12,3,0.0,0.0,0.0,1.0,1.0,0.0,0.75,0.0,0.0,0,6,6,12
POLICY_DEVELOPMENT,HIGH_PRECISION,REPAIR,0.025,12,0.45,40,1,0.0,0.0,0.0,1.0,1.0,0.0,1.0,0.0,0.0,0,40,40,80
POLICY_DEVELOPMENT,HIGH_PRECISION,REPAIR,0.025,12,0.85,1,1,0.0,0.0,0.0,1.0,1.0,0.0,1.0,0.0,0.0,0,1,0,1
POLICY_DEVELOPMENT,HIGH_PRECISION,REPAIR,0.025,12,0.85,1,3,0.0,0.0,0.0,1.0,1.0,0.0,1.0,0.0,0.0,0,1,0,1
POLICY_DEVELOPMENT,HIGH_PRECISION,REPAIR,0.025,12,0.85,12,1,0.0,0.0,0.0,1.0,1.0,0.0,1.0,0.0,0.0,0,6,6,12
POLICY_DEVELOPMENT,HIGH_PRECISION,REPAIR,0.025,12,0.85,12,5,0.0,0.0,0.0,1.0,1.0,0.0,1.0,0.0,0.0,0,6,6,12
POLICY_DEVELOPMENT,HIGH_PRECISION,REPAIR,0.025,12,0.85,40,3,0.0,0.0,0.0,1.0,1.0,0.0,1.0,0.0,0.0,0,40,40,80
POLICY_DEVELOPMENT,HIGH_PRECISION,REPAIR,0.025,36,0.45,1,3,0.0,0.0,0.0,1.0,1.0,0.0,1.0,0.0,0.0,0,2,0,2
POLICY_DEVELOPMENT,HIGH_PRECISION,REPAIR,0.025,36,0.45,12,1,0.0,0.0,0.0,1.0,1.0,0.0,0.9722222222222222,0.0,0.0,0,18,18,36
POLICY_DEVELOPMENT,HIGH_PRECISION,REPAIR,0.025,36,0.45,40,5,0.0,0.0,0.0,1.0,1.0,0.0,0.95,0.0,0.0,0,20,20,40
POLICY_DEVELOPMENT,HIGH_PRECISION,REPAIR,0.025,36,0.85,1,5,0.0,0.0,0.0,1.0,1.0,0.0,1.0,0.0,0.0,0,3,0,3
POLICY_DEVELOPMENT,HIGH_PRECISION,REPAIR,0.025,36,0.85,12,3,0.0,0.0,0.0,1.0,1.0,0.0,1.0,0.0,0.0,0,6,6,12
POLICY_DEVELOPMENT,HIGH_PRECISION,REPAIR,0.025,36,0.85,40,1,0.0,0.0,0.0,1.0,1.0,0.0,1.0,0.0,0.0,0,40,40,80
POLICY_DEVELOPMENT,HIGH_PRECISION,REPAIR,0.025,36,0.85,40,3,0.0,0.0,0.0,1.0,1.0,0.0,0.175,0.0,0.0,0,20,20,40
POLICY_DEVELOPMENT,HIGH_PRECISION,REPAIR,0.025,96,0.45,1,1,0.0,0.0,0.0,1.0,1.0,0.0,1.0,0.0,0.0,0,1,0,1
POLICY_DEVELOPMENT,HIGH_PRECISION,REPAIR,0.025,96,0.45,1,5,0.0,0.0,0.0,1.0,1.0,0.0,1.0,0.0,0.0,0,1,0,1
POLICY_DEVELOPMENT,HIGH_PRECISION,REPAIR,0.025,96,0.45,12,5,0.0,0.0,0.0,1.0,1.0,0.0,1.0,0.0,0.0,0,6,6,12
POLICY_DEVELOPMENT,HIGH_PRECISION,REPAIR,0.025,96,0.45,40,1,0.0,0.0,0.0,1.0,1.0,0.0,1.0,0.0,0.0,0,20,20,40
POLICY_DEVELOPMENT,HIGH_PRECISION,REPAIR,0.025,96,0.45,40,3,0.0,0.0,0.016666666666666666,0.9916666666666667,0.9833333333333333,0.022183507089114853,0.9916666666666667,1.0,0.016666666666666666,1,60,60,120
POLICY_DEVELOPMENT,HIGH_PRECISION,REPAIR,0.025,96,0.85,1,3,0.0,0.0,0.0,1.0,1.0,0.0,1.0,0.0,0.0,0,1,0,1
POLICY_DEVELOPMENT,HIGH_PRECISION,REPAIR,0.025,96,0.85,1,5,0.0,0.0,0.0,1.0,1.0,0.0,1.0,0.0,0.0,0,2,0,2
POLICY_DEVELOPMENT,HIGH_PRECISION,REPAIR,0.025,96,0.85,12,1,0.0,0.0,0.0,1.0,1.0,0.0,0.9722222222222222,0.0,0.0,0,18,18,36
POLICY_DEVELOPMENT,HIGH_PRECISION,REPAIR,0.025,96,0.85,40,1,0.0,0.0,0.0,1.0,1.0,0.0,1.0,0.0,0.0,0,20,20,40
POLICY_DEVELOPMENT,HIGH_PRECISION,REPAIR,0.06,12,0.05,1,3,0.0,0.0,0.0,1.0,1.0,0.0,1.0,0.0,0.0,0,1,0,1
POLICY_DEVELOPMENT,HIGH_PRECISION,REPAIR,0.06,12,0.05,12,1,0.0,0.0,0.0,1.0,1.0,0.0,0.9583333333333334,0.0,0.0,0,12,12,24
POLICY_DEVELOPMENT,HIGH_PRECISION,REPAIR,0.06,12,0.05,12,5,0.0,0.0,0.0,1.0,1.0,0.0,1.0,0.0,0.0,0,6,6,12
POLICY_DEVELOPMENT,HIGH_PRECISION,REPAIR,0.06,12,0.05,40,3,0.0,0.0,0.0,1.0,1.0,0.0,0.9375,0.0,0.0,0,40,40,80
POLICY_DEVELOPMENT,HIGH_PRECISION,REPAIR,0.06,12,0.45,1,5,0.0,0.0,0.0,1.0,1.0,0.0,1.0,0.0,0.0,0,3,0,3
POLICY_DEVELOPMENT,HIGH_PRECISION,REPAIR,0.06,12,0.45,12,3,0.0,0.0,0.0,1.0,1.0,0.0,1.0,0.0,0.0,0,12,12,24
POLICY_DEVELOPMENT,HIGH_PRECISION,REPAIR,0.06,12,0.45,40,1,0.0,0.0,0.0,1.0,1.0,0.0,0.9875,0.0,0.0,0,40,40,80
POLICY_DEVELOPMENT,HIGH_PRECISION,REPAIR,0.06,36,0.05,1,5,0.0,0.0,0.0,1.0,1.0,0.0,1.0,0.0,0.0,0,2,0,2
POLICY_DEVELOPMENT,HIGH_PRECISION,REPAIR,0.06,36,0.05,12,3,0.0,0.0,0.0,1.0,1.0,0.0,1.0,0.0,0.0,0,6,6,12
POLICY_DEVELOPMENT,HIGH_PRECISION,REPAIR,0.06,36,0.05,12,5,0.0,0.0,0.0,1.0,1.0,0.0,1.0,0.0,0.0,0,6,6,12
POLICY_DEVELOPMENT,HIGH_PRECISION,REPAIR,0.06,36,0.05,40,1,0.0,0.0,0.0,1.0,1.0,0.0,0.95,0.0,0.0,0,20,20,40
POLICY_DEVELOPMENT,HIGH_PRECISION,REPAIR,0.06,36,0.05,40,3,0.0,0.0,0.0,1.0,1.0,0.0,0.975,0.0,0.0,0,40,40,80
POLICY_DEVELOPMENT,HIGH_PRECISION,REPAIR,0.06,36,0.45,1,3,0.0,0.0,0.0,1.0,1.0,0.0,1.0,0.0,0.0,0,2,0,2
POLICY_DEVELOPMENT,HIGH_PRECISION,REPAIR,0.06,36,0.45,12,1,0.0,0.0,0.0,1.0,1.0,0.0,1.0,0.0,0.0,0,18,18,36
POLICY_DEVELOPMENT,HIGH_PRECISION,REPAIR,0.06,36,0.45,40,5,0.0,0.0,0.0,1.0,1.0,0.0,1.0,0.0,0.0,0,20,20,40
POLICY_DEVELOPMENT,HIGH_PRECISION,REPAIR,0.06,96,0.05,1,3,0.0,0.0,0.0,1.0,1.0,0.0,1.0,0.0,0.0,0,1,0,1
POLICY_DEVELOPMENT,HIGH_PRECISION,REPAIR,0.06,96,0.05,1,5,0.0,0.0,0.0,1.0,1.0,0.0,1.0,0.0,0.0,0,2,0,2
POLICY_DEVELOPMENT,HIGH_PRECISION,REPAIR,0.06,96,0.05,12,1,0.0,0.0,0.5,0.75,0.5,0.00390844434056273,0.9166666666666666,1.0,0.5,6,12,12,24
POLICY_DEVELOPMENT,HIGH_PRECISION,REPAIR,0.06,96,0.05,12,3,0.0,0.0,0.0,1.0,1.0,0.0,1.0,0.0,0.0,0,6,6,12
POLICY_DEVELOPMENT,HIGH_PRECISION,REPAIR,0.06,96,0.05,40,1,0.0,0.0,0.0,1.0,1.0,0.0,0.975,0.0,0.0,0,20,20,40
POLICY_DEVELOPMENT,HIGH_PRECISION,REPAIR,0.06,96,0.45,1,1,0.0,0.0,0.0,1.0,1.0,0.0,1.0,0.0,0.0,0,1,0,1
POLICY_DEVELOPMENT,HIGH_PRECISION,REPAIR,0.06,96,0.45,12,5,0.0,0.0,0.0,1.0,1.0,0.0,0.7916666666666666,0.0,0.0,0,12,12,24
POLICY_DEVELOPMENT,HIGH_PRECISION,REPAIR,0.06,96,0.45,40,3,0.0,0.0,0.25,0.875,0.75,0.007751404800826718,0.95625,1.0,0.25,20,80,80,160
POLICY_DEVELOPMENT,HIGH_PRECISION,THRESHOLD_PASS,0.0,12,0.05,1,3,0.0,0.0,0.0,1.0,1.0,0.0,1.0,0.0,0.0,0,0,1,1
POLICY_DEVELOPMENT,HIGH_PRECISION,THRESHOLD_PASS,0.0,12,0.05,1,5,0.0,0.0,0.0,1.0,1.0,0.0,1.0,0.0,0.0,0,0,2,2
POLICY_DEVELOPMENT,HIGH_PRECISION,THRESHOLD_PASS,0.0,12,0.05,12,1,0.0,0.0,0.0,1.0,1.0,0.0,0.9166666666666666,0.0,0.0,0,0,12,12
POLICY_DEVELOPMENT,HIGH_PRECISION,THRESHOLD_PASS,0.0,12,0.05,12,3,0.0,0.0,0.0,1.0,1.0,0.0,0.9166666666666666,0.0,0.0,0,0,12,12
POLICY_DEVELOPMENT,HIGH_PRECISION,THRESHOLD_PASS,0.0,12,0.05,40,1,0.0,0.0,0.0,1.0,1.0,0.0,0.95,0.0,0.0,0,0,80,80
POLICY_DEVELOPMENT,HIGH_PRECISION,THRESHOLD_PASS,0.0,12,0.85,1,1,0.0,0.0,0.0,1.0,1.0,0.0,1.0,0.0,0.0,0,0,1,1
POLICY_DEVELOPMENT,HIGH_PRECISION,THRESHOLD_PASS,0.0,12,0.85,12,1,0.0,0.0,0.0,1.0,1.0,0.0,1.0,0.0,0.0,0,0,12,12
POLICY_DEVELOPMENT,HIGH_PRECISION,THRESHOLD_PASS,0.0,12,0.85,12,5,0.0,0.0,0.0,1.0,1.0,0.0,1.0,0.0,0.0,0,0,12,12
POLICY_DEVELOPMENT,HIGH_PRECISION,THRESHOLD_PASS,0.0,12,0.85,40,3,0.0,0.0,0.0,1.0,1.0,0.0,0.975,0.0,0.0,0,0,120,120
POLICY_DEVELOPMENT,HIGH_PRECISION,THRESHOLD_PASS,0.0,36,0.05,1,3,0.0,0.0,0.0,1.0,1.0,0.0,1.0,0.0,0.0,0,0,1,1
POLICY_DEVELOPMENT,HIGH_PRECISION,THRESHOLD_PASS,0.0,36,0.05,12,1,0.0,0.0,0.0,1.0,1.0,0.0,0.9722222222222222,0.0,0.0,0,0,36,36
POLICY_DEVELOPMENT,HIGH_PRECISION,THRESHOLD_PASS,0.0,36,0.05,40,3,0.0,0.0,0.0,1.0,1.0,0.0,0.925,0.0,0.0,0,0,80,80
POLICY_DEVELOPMENT,HIGH_PRECISION,THRESHOLD_PASS,0.0,36,0.85,1,5,0.0,0.0,0.0,1.0,1.0,0.0,0.6666666666666666,0.0,0.0,0,0,3,3
POLICY_DEVELOPMENT,HIGH_PRECISION,THRESHOLD_PASS,0.0,36,0.85,12,3,0.0,0.0,0.0,1.0,1.0,0.0,1.0,0.0,0.0,0,0,12,12
POLICY_DEVELOPMENT,HIGH_PRECISION,THRESHOLD_PASS,0.0,36,0.85,40,1,0.0,0.0,0.0,1.0,1.0,0.0,1.0,0.0,0.0,0,0,80,80
POLICY_DEVELOPMENT,HIGH_PRECISION,THRESHOLD_PASS,0.0,36,0.85,40,3,0.0,0.0,0.0,1.0,1.0,0.0,1.0,0.0,0.0,0,0,40,40
POLICY_DEVELOPMENT,HIGH_PRECISION,THRESHOLD_PASS,0.0,96,0.05,1,1,0.0,0.0,0.0,1.0,1.0,0.0,1.0,0.0,0.0,0,0,1,1
POLICY_DEVELOPMENT,HIGH_PRECISION,THRESHOLD_PASS,0.0,96,0.05,1,5,0.0,0.0,0.0,1.0,1.0,0.0,1.0,0.0,0.0,0,0,1,1
POLICY_DEVELOPMENT,HIGH_PRECISION,THRESHOLD_PASS,0.0,96,0.05,12,5,0.0,0.0,0.0,1.0,1.0,0.0,1.0,0.0,0.0,0,0,12,12
POLICY_DEVELOPMENT,HIGH_PRECISION,THRESHOLD_PASS,0.0,96,0.05,40,1,0.0,0.0,0.0,1.0,1.0,0.0,0.95,0.0,0.0,0,0,40,40
POLICY_DEVELOPMENT,HIGH_PRECISION,THRESHOLD_PASS,0.0,96,0.05,40,3,0.0,0.0,0.0,1.0,1.0,0.0,0.9416666666666667,0.0,0.0,0,0,120,120
POLICY_DEVELOPMENT,HIGH_PRECISION,THRESHOLD_PASS,0.0,96,0.85,1,3,0.0,0.0,0.0,1.0,1.0,0.0,1.0,0.0,0.0,0,0,2,2
POLICY_DEVELOPMENT,HIGH_PRECISION,THRESHOLD_PASS,0.0,96,0.85,12,1,0.0,0.0,0.0,1.0,1.0,0.0,0.9444444444444444,0.0,0.0,0,0,36,36
POLICY_DEVELOPMENT,HIGH_PRECISION,THRESHOLD_PASS,0.0,96,0.85,40,1,0.0,0.0,0.0,1.0,1.0,0.0,1.0,0.0,0.0,0,0,40,40
POLICY_DEVELOPMENT,HIGH_PRECISION,THRESHOLD_PASS,0.0,96,0.85,40,5,0.0,0.0,0.0,1.0,1.0,0.0,1.0,0.0,0.0,0,0,40,40
POLICY_DEVELOPMENT,HIGH_PRECISION,THRESHOLD_PASS,0.025,12,0.45,1,5,0.0,0.0,0.0,1.0,1.0,0.0,1.0,0.0,0.0,0,3,0,3
POLICY_DEVELOPMENT,HIGH_PRECISION,THRESHOLD_PASS,0.025,12,0.45,12,1,0.0,0.0,0.0,1.0,1.0,0.0,1.0,0.0,0.0,0,6,6,12
POLICY_DEVELOPMENT,HIGH_PRECISION,THRESHOLD_PASS,0.025,12,0.45,12,3,0.0,0.0,0.0,1.0,1.0,0.0,1.0,0.0,0.0,0,6,6,12
POLICY_DEVELOPMENT,HIGH_PRECISION,THRESHOLD_PASS,0.025,12,0.45,40,1,0.0,0.0,0.0,1.0,1.0,0.0,1.0,0.0,0.0,0,40,40,80
POLICY_DEVELOPMENT,HIGH_PRECISION,THRESHOLD_PASS,0.025,12,0.85,1,1,0.0,0.0,0.0,1.0,1.0,0.0,1.0,0.0,0.0,0,1,0,1
POLICY_DEVELOPMENT,HIGH_PRECISION,THRESHOLD_PASS,0.025,12,0.85,1,3,0.0,0.0,0.0,1.0,1.0,0.0,1.0,0.0,0.0,0,1,0,1
POLICY_DEVELOPMENT,HIGH_PRECISION,THRESHOLD_PASS,0.025,12,0.85,12,1,0.0,0.0,0.0,1.0,1.0,0.0,1.0,0.0,0.0,0,6,6,12
POLICY_DEVELOPMENT,HIGH_PRECISION,THRESHOLD_PASS,0.025,12,0.85,12,5,0.0,0.0,0.0,1.0,1.0,0.0,1.0,0.0,0.0,0,6,6,12
POLICY_DEVELOPMENT,HIGH_PRECISION,THRESHOLD_PASS,0.025,12,0.85,40,3,0.0,0.0,0.0,1.0,1.0,0.0,1.0,0.0,0.0,0,40,40,80
POLICY_DEVELOPMENT,HIGH_PRECISION,THRESHOLD_PASS,0.025,36,0.45,1,3,0.0,0.0,0.0,1.0,1.0,0.0,1.0,0.0,0.0,0,2,0,2
POLICY_DEVELOPMENT,HIGH_PRECISION,THRESHOLD_PASS,0.025,36,0.45,12,1,0.0,0.0,0.0,1.0,1.0,0.0,0.9722222222222222,0.0,0.0,0,18,18,36
POLICY_DEVELOPMENT,HIGH_PRECISION,THRESHOLD_PASS,0.025,36,0.45,40,5,0.0,0.0,0.0,1.0,1.0,0.0,0.725,0.0,0.0,0,20,20,40
POLICY_DEVELOPMENT,HIGH_PRECISION,THRESHOLD_PASS,0.025,36,0.85,1,5,0.0,0.0,0.0,1.0,1.0,0.0,1.0,0.0,0.0,0,3,0,3
POLICY_DEVELOPMENT,HIGH_PRECISION,THRESHOLD_PASS,0.025,36,0.85,12,3,0.0,0.0,0.0,1.0,1.0,0.0,1.0,0.0,0.0,0,6,6,12
POLICY_DEVELOPMENT,HIGH_PRECISION,THRESHOLD_PASS,0.025,36,0.85,40,1,0.0,0.0,0.0,1.0,1.0,0.0,1.0,0.0,0.0,0,40,40,80
POLICY_DEVELOPMENT,HIGH_PRECISION,THRESHOLD_PASS,0.025,36,0.85,40,3,0.0,0.0,0.0,1.0,1.0,0.0,1.0,0.0,0.0,0,20,20,40
POLICY_DEVELOPMENT,HIGH_PRECISION,THRESHOLD_PASS,0.025,96,0.45,1,1,0.0,0.0,0.0,1.0,1.0,0.0,1.0,0.0,0.0,0,1,0,1
POLICY_DEVELOPMENT,HIGH_PRECISION,THRESHOLD_PASS,0.025,96,0.45,1,5,0.0,0.0,0.0,1.0,1.0,0.0,1.0,0.0,0.0,0,1,0,1
POLICY_DEVELOPMENT,HIGH_PRECISION,THRESHOLD_PASS,0.025,96,0.45,12,5,0.0,0.0,0.0,1.0,1.0,0.0,1.0,0.0,0.0,0,6,6,12
POLICY_DEVELOPMENT,HIGH_PRECISION,THRESHOLD_PASS,0.025,96,0.45,40,1,0.0,0.0,0.0,1.0,1.0,0.0,0.975,0.0,0.0,0,20,20,40
POLICY_DEVELOPMENT,HIGH_PRECISION,THRESHOLD_PASS,0.025,96,0.45,40,3,0.0,0.0,0.05,0.975,0.95,0.028241952534317345,0.8333333333333334,1.0,0.05,3,60,60,120
POLICY_DEVELOPMENT,HIGH_PRECISION,THRESHOLD_PASS,0.025,96,0.85,1,3,0.0,0.0,0.0,1.0,1.0,0.0,1.0,0.0,0.0,0,1,0,1
POLICY_DEVELOPMENT,HIGH_PRECISION,THRESHOLD_PASS,0.025,96,0.85,1,5,0.0,0.0,0.0,1.0,1.0,0.0,1.0,0.0,0.0,0,2,0,2
POLICY_DEVELOPMENT,HIGH_PRECISION,THRESHOLD_PASS,0.025,96,0.85,12,1,0.0,0.0,0.0,1.0,1.0,0.0,1.0,0.0,0.0,0,18,18,36
POLICY_DEVELOPMENT,HIGH_PRECISION,THRESHOLD_PASS,0.025,96,0.85,40,1,0.0,0.0,0.0,1.0,1.0,0.0,1.0,0.0,0.0,0,20,20,40
POLICY_DEVELOPMENT,HIGH_PRECISION,THRESHOLD_PASS,0.06,12,0.05,1,3,0.0,0.0,0.0,1.0,1.0,0.0,1.0,0.0,0.0,0,1,0,1
POLICY_DEVELOPMENT,HIGH_PRECISION,THRESHOLD_PASS,0.06,12,0.05,12,1,0.0,0.0,0.0,1.0,1.0,0.0,1.0,0.0,0.0,0,12,12,24
POLICY_DEVELOPMENT,HIGH_PRECISION,THRESHOLD_PASS,0.06,12,0.05,12,5,0.0,0.0,0.0,1.0,1.0,0.0,1.0,0.0,0.0,0,6,6,12
POLICY_DEVELOPMENT,HIGH_PRECISION,THRESHOLD_PASS,0.06,12,0.05,40,3,0.0,0.0,0.0,1.0,1.0,0.0,0.9875,0.0,0.0,0,40,40,80
POLICY_DEVELOPMENT,HIGH_PRECISION,THRESHOLD_PASS,0.06,12,0.45,1,5,0.0,0.0,0.0,1.0,1.0,0.0,1.0,0.0,0.0,0,3,0,3
POLICY_DEVELOPMENT,HIGH_PRECISION,THRESHOLD_PASS,0.06,12,0.45,12,3,0.0,0.0,0.0,1.0,1.0,0.0,1.0,0.0,0.0,0,12,12,24
POLICY_DEVELOPMENT,HIGH_PRECISION,THRESHOLD_PASS,0.06,12,0.45,40,1,0.0,0.0,0.0,1.0,1.0,0.0,0.95,0.0,0.0,0,40,40,80
POLICY_DEVELOPMENT,HIGH_PRECISION,THRESHOLD_PASS,0.06,36,0.05,1,5,0.0,0.0,0.0,1.0,1.0,0.0,1.0,0.0,0.0,0,2,0,2
POLICY_DEVELOPMENT,HIGH_PRECISION,THRESHOLD_PASS,0.06,36,0.05,12,3,0.0,0.0,0.0,1.0,1.0,0.0,0.8333333333333334,0.0,0.0,0,6,6,12
POLICY_DEVELOPMENT,HIGH_PRECISION,THRESHOLD_PASS,0.06,36,0.05,12,5,0.0,0.0,0.0,1.0,1.0,0.0,1.0,0.0,0.0,0,6,6,12
POLICY_DEVELOPMENT,HIGH_PRECISION,THRESHOLD_PASS,0.06,36,0.05,40,1,0.0,0.0,0.0,1.0,1.0,0.0,0.95,0.0,0.0,0,20,20,40
POLICY_DEVELOPMENT,HIGH_PRECISION,THRESHOLD_PASS,0.06,36,0.05,40,3,0.0,0.0,0.0,1.0,1.0,0.0,0.95,0.0,0.0,0,40,40,80
POLICY_DEVELOPMENT,HIGH_PRECISION,THRESHOLD_PASS,0.06,36,0.45,1,3,0.0,0.0,0.0,1.0,1.0,0.0,1.0,0.0,0.0,0,2,0,2
POLICY_DEVELOPMENT,HIGH_PRECISION,THRESHOLD_PASS,0.06,36,0.45,12,1,0.0,0.0,0.0,1.0,1.0,0.0,1.0,0.0,0.0,0,18,18,36
POLICY_DEVELOPMENT,HIGH_PRECISION,THRESHOLD_PASS,0.06,36,0.45,40,5,0.0,0.0,0.0,1.0,1.0,0.0,1.0,0.0,0.0,0,20,20,40
POLICY_DEVELOPMENT,HIGH_PRECISION,THRESHOLD_PASS,0.06,96,0.05,1,3,0.0,0.0,0.0,1.0,1.0,0.0,1.0,0.0,0.0,0,1,0,1
POLICY_DEVELOPMENT,HIGH_PRECISION,THRESHOLD_PASS,0.06,96,0.05,1,5,0.0,0.0,0.0,1.0,1.0,0.0,1.0,0.0,0.0,0,2,0,2
POLICY_DEVELOPMENT,HIGH_PRECISION,THRESHOLD_PASS,0.06,96,0.05,12,1,0.0,0.0,0.5,0.75,0.5,0.012607526331963952,0.9166666666666666,1.0,0.5,6,12,12,24
POLICY_DEVELOPMENT,HIGH_PRECISION,THRESHOLD_PASS,0.06,96,0.05,12,3,0.0,0.0,1.0,0.5,0.0,0.009648437861733939,1.0,1.0,1.0,6,6,6,12
POLICY_DEVELOPMENT,HIGH_PRECISION,THRESHOLD_PASS,0.06,96,0.05,40,1,0.0,0.0,0.0,1.0,1.0,0.0,0.95,0.0,0.0,0,20,20,40
POLICY_DEVELOPMENT,HIGH_PRECISION,THRESHOLD_PASS,0.06,96,0.45,1,1,0.0,0.0,0.0,1.0,1.0,0.0,1.0,0.0,0.0,0,1,0,1
POLICY_DEVELOPMENT,HIGH_PRECISION,THRESHOLD_PASS,0.06,96,0.45,12,5,0.0,0.0,0.0,1.0,1.0,0.0,0.9583333333333334,0.0,0.0,0,12,12,24
POLICY_DEVELOPMENT,HIGH_PRECISION,THRESHOLD_PASS,0.06,96,0.45,40,3,0.0,0.0,0.25,0.875,0.75,0.011463928853967362,0.975,1.0,0.25,20,80,80,160
POLICY_DEVELOPMENT,HIGH_PRECISION,TOP_K,0.0,12,0.45,1,3,0.0,0.0,0.0,1.0,1.0,0.0,1.0,0.0,0.0,0,0,1,1
POLICY_DEVELOPMENT,HIGH_PRECISION,TOP_K,0.0,12,0.45,12,1,0.0,0.0,0.0,1.0,1.0,0.0,1.0,0.0,0.0,0,0,24,24
POLICY_DEVELOPMENT,HIGH_PRECISION,TOP_K,0.0,12,0.45,12,3,0.0,0.0,0.0,1.0,1.0,0.0,0.8333333333333334,0.0,0.0,0,0,12,12
POLICY_DEVELOPMENT,HIGH_PRECISION,TOP_K,0.0,12,0.45,40,5,0.0,0.0,0.0,1.0,1.0,0.0,0.925,0.0,0.0,0,0,120,120
POLICY_DEVELOPMENT,HIGH_PRECISION,TOP_K,0.0,12,0.85,1,1,0.0,0.0,0.0,1.0,1.0,0.0,1.0,0.0,0.0,0,0,3,3
POLICY_DEVELOPMENT,HIGH_PRECISION,TOP_K,0.0,12,0.85,12,3,0.0,0.0,0.0,1.0,1.0,0.0,1.0,0.0,0.0,0,0,24,24
POLICY_DEVELOPMENT,HIGH_PRECISION,TOP_K,0.0,12,0.85,40,3,0.0,0.0,0.0,1.0,1.0,0.0,1.0,0.0,0.0,0,0,40,40
POLICY_DEVELOPMENT,HIGH_PRECISION,TOP_K,0.0,36,0.45,1,1,0.0,0.0,0.0,1.0,1.0,0.0,1.0,0.0,0.0,0,0,3,3
POLICY_DEVELOPMENT,HIGH_PRECISION,TOP_K,0.0,36,0.45,12,1,0.0,0.0,0.0,1.0,1.0,0.0,1.0,0.0,0.0,0,0,12,12
POLICY_DEVELOPMENT,HIGH_PRECISION,TOP_K,0.0,36,0.45,12,5,0.0,0.0,0.0,1.0,1.0,0.0,0.8333333333333334,0.0,0.0,0,0,12,12
POLICY_DEVELOPMENT,HIGH_PRECISION,TOP_K,0.0,36,0.45,40,3,0.0,0.0,0.0,1.0,1.0,0.0,0.775,0.0,0.0,0,0,80,80
POLICY_DEVELOPMENT,HIGH_PRECISION,TOP_K,0.0,36,0.85,1,5,0.0,0.0,0.0,1.0,1.0,0.0,1.0,0.0,0.0,0,0,1,1
POLICY_DEVELOPMENT,HIGH_PRECISION,TOP_K,0.0,36,0.85,12,1,0.0,0.0,0.0,1.0,1.0,0.0,1.0,0.0,0.0,0,0,12,12
POLICY_DEVELOPMENT,HIGH_PRECISION,TOP_K,0.0,36,0.85,12,3,0.0,0.0,0.0,1.0,1.0,0.0,1.0,0.0,0.0,0,0,36,36
POLICY_DEVELOPMENT,HIGH_PRECISION,TOP_K,0.0,36,0.85,40,1,0.0,0.0,0.0,1.0,1.0,0.0,0.975,0.0,0.0,0,0,40,40
POLICY_DEVELOPMENT,HIGH_PRECISION,TOP_K,0.0,36,0.85,40,5,0.0,0.0,0.0,1.0,1.0,0.0,1.0,0.0,0.0,0,0,40,40
POLICY_DEVELOPMENT,HIGH_PRECISION,TOP_K,0.0,96,0.45,1,1,0.0,0.0,0.0,1.0,1.0,0.0,1.0,0.0,0.0,0,0,1,1
POLICY_DEVELOPMENT,HIGH_PRECISION,TOP_K,0.0,96,0.45,1,5,0.0,0.0,0.0,1.0,1.0,0.0,1.0,0.0,0.0,0,0,1,1
POLICY_DEVELOPMENT,HIGH_PRECISION,TOP_K,0.0,96,0.45,12,3,0.0,0.0,0.0,1.0,1.0,0.0,0.9444444444444444,0.0,0.0,0,0,36,36
POLICY_DEVELOPMENT,HIGH_PRECISION,TOP_K,0.0,96,0.45,40,1,0.0,0.0,0.0,1.0,1.0,0.0,0.95,0.0,0.0,0,0,40,40
POLICY_DEVELOPMENT,HIGH_PRECISION,TOP_K,0.0,96,0.85,1,1,0.0,0.0,0.0,1.0,1.0,0.0,1.0,0.0,0.0,0,0,1,1
POLICY_DEVELOPMENT,HIGH_PRECISION,TOP_K,0.0,96,0.85,1,3,0.0,0.0,0.0,1.0,1.0,0.0,1.0,0.0,0.0,0,0,1,1
POLICY_DEVELOPMENT,HIGH_PRECISION,TOP_K,0.0,96,0.85,12,1,0.0,0.0,0.0,1.0,1.0,0.0,0.9583333333333334,0.0,0.0,0,0,24,24
POLICY_DEVELOPMENT,HIGH_PRECISION,TOP_K,0.0,96,0.85,40,3,0.0,0.0,0.0,1.0,1.0,0.0,0.825,0.0,0.0,0,0,40,40
POLICY_DEVELOPMENT,HIGH_PRECISION,TOP_K,0.0,96,0.85,40,5,0.0,0.0,0.0,1.0,1.0,0.0,1.0,0.0,0.0,0,0,80,80
POLICY_DEVELOPMENT,HIGH_PRECISION,TOP_K,0.025,12,0.05,1,1,0.0,0.0,0.0,1.0,1.0,0.0,1.0,0.0,0.0,0,3,0,3
POLICY_DEVELOPMENT,HIGH_PRECISION,TOP_K,0.025,12,0.05,12,5,0.0,0.0,0.0,1.0,1.0,0.0,0.8333333333333334,0.0,0.0,0,6,6,12
POLICY_DEVELOPMENT,HIGH_PRECISION,TOP_K,0.025,12,0.05,40,3,0.0,0.0,0.0,1.0,1.0,0.0,0.9875,0.0,0.0,0,40,40,80
POLICY_DEVELOPMENT,HIGH_PRECISION,TOP_K,0.025,12,0.45,1,3,0.0,0.0,0.0,1.0,1.0,0.0,1.0,0.0,0.0,0,1,0,1
POLICY_DEVELOPMENT,HIGH_PRECISION,TOP_K,0.025,12,0.45,12,1,0.0,0.0,0.0,1.0,1.0,0.0,1.0,0.0,0.0,0,12,12,24
POLICY_DEVELOPMENT,HIGH_PRECISION,TOP_K,0.025,12,0.45,12,3,0.0,0.0,0.0,1.0,1.0,0.0,0.9166666666666666,0.0,0.0,0,6,6,12
POLICY_DEVELOPMENT,HIGH_PRECISION,TOP_K,0.025,12,0.45,40,5,0.0,0.0,0.0,1.0,1.0,0.0,0.9083333333333333,0.0,0.0,0,60,60,120
POLICY_DEVELOPMENT,HIGH_PRECISION,TOP_K,0.025,36,0.05,1,5,0.0,0.0,0.0,1.0,1.0,0.0,1.0,0.0,0.0,0,1,0,1
POLICY_DEVELOPMENT,HIGH_PRECISION,TOP_K,0.025,36,0.05,12,1,0.0,0.0,0.0,1.0,1.0,0.0,0.9166666666666666,0.0,0.0,0,6,6,12
POLICY_DEVELOPMENT,HIGH_PRECISION,TOP_K,0.025,36,0.05,12,3,0.0,0.0,0.0,1.0,1.0,0.0,1.0,0.0,0.0,0,18,18,36
POLICY_DEVELOPMENT,HIGH_PRECISION,TOP_K,0.025,36,0.05,40,1,0.0,0.0,0.0,1.0,1.0,0.0,0.975,0.0,0.0,0,20,20,40
POLICY_DEVELOPMENT,HIGH_PRECISION,TOP_K,0.025,36,0.05,40,5,0.0,0.0,0.0,1.0,1.0,0.0,0.95,0.0,0.0,0,20,20,40
POLICY_DEVELOPMENT,HIGH_PRECISION,TOP_K,0.025,36,0.45,1,1,0.0,0.0,0.0,1.0,1.0,0.0,1.0,0.0,0.0,0,3,0,3
POLICY_DEVELOPMENT,HIGH_PRECISION,TOP_K,0.025,36,0.45,12,1,0.0,0.0,0.0,1.0,1.0,0.0,1.0,0.0,0.0,0,6,6,12
POLICY_DEVELOPMENT,HIGH_PRECISION,TOP_K,0.025,36,0.45,40,3,0.0,0.0,0.0,1.0,1.0,0.0,1.0,0.0,0.0,0,20,20,40
POLICY_DEVELOPMENT,HIGH_PRECISION,TOP_K,0.025,36,0.45,40,5,0.0,0.0,0.0,1.0,1.0,0.0,1.0,0.0,0.0,0,40,40,80
POLICY_DEVELOPMENT,HIGH_PRECISION,TOP_K,0.025,96,0.05,1,1,0.0,0.0,0.0,1.0,1.0,0.0,1.0,0.0,0.0,0,1,0,1
POLICY_DEVELOPMENT,HIGH_PRECISION,TOP_K,0.025,96,0.05,1,3,0.0,0.0,0.0,1.0,1.0,0.0,1.0,0.0,0.0,0,1,0,1
POLICY_DEVELOPMENT,HIGH_PRECISION,TOP_K,0.025,96,0.05,12,1,0.0,0.0,0.0,1.0,1.0,0.0,1.0,0.0,0.0,0,12,12,24
POLICY_DEVELOPMENT,HIGH_PRECISION,TOP_K,0.025,96,0.05,40,5,0.0,0.0,0.15,0.925,0.85,0.011944323873422865,0.9583333333333334,1.0,0.15,9,60,60,120
POLICY_DEVELOPMENT,HIGH_PRECISION,TOP_K,0.025,96,0.45,1,1,0.0,0.0,0.0,1.0,1.0,0.0,1.0,0.0,0.0,0,1,0,1
POLICY_DEVELOPMENT,HIGH_PRECISION,TOP_K,0.025,96,0.45,1,5,0.0,0.0,0.0,1.0,1.0,0.0,1.0,0.0,0.0,0,1,0,1
POLICY_DEVELOPMENT,HIGH_PRECISION,TOP_K,0.025,96,0.45,12,3,0.0,0.0,0.0,1.0,1.0,0.0,1.0,0.0,0.0,0,12,12,24
POLICY_DEVELOPMENT,HIGH_PRECISION,TOP_K,0.025,96,0.45,40,1,0.0,0.0,0.0,1.0,1.0,0.0,1.0,0.0,0.0,0,20,20,40
POLICY_DEVELOPMENT,HIGH_PRECISION,TOP_K,0.025,96,0.45,40,3,0.0,0.0,0.0,1.0,1.0,0.0,1.0,0.0,0.0,0,20,20,40
POLICY_DEVELOPMENT,HIGH_PRECISION,TOP_K,0.06,12,0.05,1,1,0.0,0.0,0.0,1.0,1.0,0.0,1.0,0.0,0.0,0,3,0,3
POLICY_DEVELOPMENT,HIGH_PRECISION,TOP_K,0.06,12,0.05,12,5,0.0,0.0,0.0,1.0,1.0,0.0,0.75,0.0,0.0,0,6,6,12
POLICY_DEVELOPMENT,HIGH_PRECISION,TOP_K,0.06,12,0.05,40,3,0.0,0.0,0.0,1.0,1.0,0.0,0.975,0.0,0.0,0,40,40,80
POLICY_DEVELOPMENT,HIGH_PRECISION,TOP_K,0.06,12,0.85,1,3,0.0,0.0,0.0,1.0,1.0,0.0,1.0,0.0,0.0,0,1,0,1
POLICY_DEVELOPMENT,HIGH_PRECISION,TOP_K,0.06,12,0.85,1,5,0.0,0.0,0.0,1.0,1.0,0.0,1.0,0.0,0.0,0,1,0,1
POLICY_DEVELOPMENT,HIGH_PRECISION,TOP_K,0.06,12,0.85,12,1,0.0,0.0,0.0,1.0,1.0,0.0,1.0,0.0,0.0,0,6,6,12
POLICY_DEVELOPMENT,HIGH_PRECISION,TOP_K,0.06,12,0.85,12,3,0.0,0.0,0.0,1.0,1.0,0.0,1.0,0.0,0.0,0,12,12,24
POLICY_DEVELOPMENT,HIGH_PRECISION,TOP_K,0.06,12,0.85,40,5,0.0,0.0,0.0,1.0,1.0,0.0,1.0,0.0,0.0,0,40,40,80
POLICY_DEVELOPMENT,HIGH_PRECISION,TOP_K,0.06,36,0.05,1,5,0.0,0.0,0.0,1.0,1.0,0.0,1.0,0.0,0.0,0,2,0,2
POLICY_DEVELOPMENT,HIGH_PRECISION,TOP_K,0.06,36,0.05,12,3,0.0,0.0,0.0,1.0,1.0,0.0,0.9791666666666666,0.0,0.0,0,24,24,48
POLICY_DEVELOPMENT,HIGH_PRECISION,TOP_K,0.06,36,0.05,40,1,0.0,0.0,0.0,1.0,1.0,0.0,0.95,0.0,0.0,0,20,20,40
POLICY_DEVELOPMENT,HIGH_PRECISION,TOP_K,0.06,36,0.85,1,1,0.0,0.0,0.0,1.0,1.0,0.0,0.0,0.0,0.0,0,2,0,2
POLICY_DEVELOPMENT,HIGH_PRECISION,TOP_K,0.06,36,0.85,1,3,0.0,0.0,0.0,1.0,1.0,0.0,1.0,0.0,0.0,0,1,0,1
POLICY_DEVELOPMENT,HIGH_PRECISION,TOP_K,0.06,36,0.85,12,1,0.0,0.0,0.0,1.0,1.0,0.0,1.0,0.0,0.0,0,6,6,12
POLICY_DEVELOPMENT,HIGH_PRECISION,TOP_K,0.06,36,0.85,40,3,0.0,0.0,0.0,1.0,1.0,0.0,1.0,0.0,0.0,0,20,20,40
POLICY_DEVELOPMENT,HIGH_PRECISION,TOP_K,0.06,36,0.85,40,5,0.0,0.0,0.0,1.0,1.0,0.0,1.0,0.0,0.0,0,40,40,80
POLICY_DEVELOPMENT,HIGH_PRECISION,TOP_K,0.06,96,0.05,1,3,0.0,0.0,0.5,0.5,0.5,0.002824142991959301,1.0,1.0,0.5,1,2,0,2
POLICY_DEVELOPMENT,HIGH_PRECISION,TOP_K,0.06,96,0.05,12,1,0.0,0.0,0.0,1.0,1.0,0.0,0.9583333333333334,0.0,0.0,0,12,12,24
POLICY_DEVELOPMENT,HIGH_PRECISION,TOP_K,0.06,96,0.05,40,5,0.0,0.0,0.3333333333333333,0.8333333333333334,0.6666666666666667,0.0065462167958020056,0.9666666666666667,1.0,0.3333333333333333,20,60,60,120
POLICY_DEVELOPMENT,HIGH_PRECISION,TOP_K,0.06,96,0.85,1,1,0.0,0.0,0.0,1.0,1.0,0.0,1.0,0.0,0.0,0,2,0,2
POLICY_DEVELOPMENT,HIGH_PRECISION,TOP_K,0.06,96,0.85,1,5,0.0,0.0,0.0,1.0,1.0,0.0,1.0,0.0,0.0,0,1,0,1
POLICY_DEVELOPMENT,HIGH_PRECISION,TOP_K,0.06,96,0.85,12,3,0.0,0.0,0.0,1.0,1.0,0.0,1.0,0.0,0.0,0,12,12,24
POLICY_DEVELOPMENT,HIGH_PRECISION,TOP_K,0.06,96,0.85,40,3,0.0,0.0,1.0,0.5,0.0,0.0032375554762953465,1.0,1.0,1.0,20,20,20,40
POLICY_DEVELOPMENT,HIGH_PRECISION,TRANSPORT,0.0,12,0.45,1,3,0.0,0.0,0.0,1.0,1.0,0.0,1.0,0.0,0.0,0,0,1,1
POLICY_DEVELOPMENT,HIGH_PRECISION,TRANSPORT,0.0,12,0.45,12,1,0.0,0.0,0.0,1.0,1.0,0.0,1.0,0.0,0.0,0,0,24,24
POLICY_DEVELOPMENT,HIGH_PRECISION,TRANSPORT,0.0,12,0.45,12,3,0.0,0.0,0.0,1.0,1.0,0.0,0.9166666666666666,0.0,0.0,0,0,12,12
POLICY_DEVELOPMENT,HIGH_PRECISION,TRANSPORT,0.0,12,0.45,40,5,0.0,0.0,0.0,1.0,1.0,0.0,0.9333333333333333,0.0,0.0,0,0,120,120
POLICY_DEVELOPMENT,HIGH_PRECISION,TRANSPORT,0.0,12,0.85,1,1,0.0,0.0,0.0,1.0,1.0,0.0,1.0,0.0,0.0,0,0,3,3
POLICY_DEVELOPMENT,HIGH_PRECISION,TRANSPORT,0.0,12,0.85,12,3,0.0,0.0,0.0,1.0,1.0,0.0,1.0,0.0,0.0,0,0,24,24
POLICY_DEVELOPMENT,HIGH_PRECISION,TRANSPORT,0.0,12,0.85,40,3,0.0,0.0,0.0,1.0,1.0,0.0,1.0,0.0,0.0,0,0,40,40
POLICY_DEVELOPMENT,HIGH_PRECISION,TRANSPORT,0.0,36,0.45,1,1,0.0,0.0,0.0,1.0,1.0,0.0,1.0,0.0,0.0,0,0,3,3
POLICY_DEVELOPMENT,HIGH_PRECISION,TRANSPORT,0.0,36,0.45,12,1,0.0,0.0,0.0,1.0,1.0,0.0,1.0,0.0,0.0,0,0,12,12
POLICY_DEVELOPMENT,HIGH_PRECISION,TRANSPORT,0.0,36,0.45,12,5,0.0,0.0,0.0,1.0,1.0,0.0,1.0,0.0,0.0,0,0,12,12
POLICY_DEVELOPMENT,HIGH_PRECISION,TRANSPORT,0.0,36,0.45,40,3,0.0,0.0,0.0,1.0,1.0,0.0,0.925,0.0,0.0,0,0,80,80
POLICY_DEVELOPMENT,HIGH_PRECISION,TRANSPORT,0.0,36,0.85,1,5,0.0,0.0,0.0,1.0,1.0,0.0,1.0,0.0,0.0,0,0,1,1
POLICY_DEVELOPMENT,HIGH_PRECISION,TRANSPORT,0.0,36,0.85,12,1,0.0,0.0,0.0,1.0,1.0,0.0,1.0,0.0,0.0,0,0,12,12
POLICY_DEVELOPMENT,HIGH_PRECISION,TRANSPORT,0.0,36,0.85,12,3,0.0,0.0,0.0,1.0,1.0,0.0,1.0,0.0,0.0,0,0,36,36
POLICY_DEVELOPMENT,HIGH_PRECISION,TRANSPORT,0.0,36,0.85,40,1,0.0,0.0,0.0,1.0,1.0,0.0,1.0,0.0,0.0,0,0,40,40
POLICY_DEVELOPMENT,HIGH_PRECISION,TRANSPORT,0.0,36,0.85,40,5,0.0,0.0,0.0,1.0,1.0,0.0,1.0,0.0,0.0,0,0,40,40
POLICY_DEVELOPMENT,HIGH_PRECISION,TRANSPORT,0.0,96,0.45,1,1,0.0,0.0,0.0,1.0,1.0,0.0,1.0,0.0,0.0,0,0,1,1
POLICY_DEVELOPMENT,HIGH_PRECISION,TRANSPORT,0.0,96,0.45,1,5,0.0,0.0,0.0,1.0,1.0,0.0,1.0,0.0,0.0,0,0,1,1
POLICY_DEVELOPMENT,HIGH_PRECISION,TRANSPORT,0.0,96,0.45,12,3,0.0,0.0,0.0,1.0,1.0,0.0,0.9444444444444444,0.0,0.0,0,0,36,36
POLICY_DEVELOPMENT,HIGH_PRECISION,TRANSPORT,0.0,96,0.45,40,1,0.0,0.0,0.0,1.0,1.0,0.0,1.0,0.0,0.0,0,0,40,40
POLICY_DEVELOPMENT,HIGH_PRECISION,TRANSPORT,0.0,96,0.85,1,1,0.0,0.0,0.0,1.0,1.0,0.0,1.0,0.0,0.0,0,0,1,1
POLICY_DEVELOPMENT,HIGH_PRECISION,TRANSPORT,0.0,96,0.85,1,3,0.0,0.0,0.0,1.0,1.0,0.0,1.0,0.0,0.0,0,0,1,1
POLICY_DEVELOPMENT,HIGH_PRECISION,TRANSPORT,0.0,96,0.85,12,1,0.0,0.0,0.0,1.0,1.0,0.0,1.0,0.0,0.0,0,0,24,24
POLICY_DEVELOPMENT,HIGH_PRECISION,TRANSPORT,0.0,96,0.85,40,3,0.0,0.0,0.0,1.0,1.0,0.0,1.0,0.0,0.0,0,0,40,40
POLICY_DEVELOPMENT,HIGH_PRECISION,TRANSPORT,0.0,96,0.85,40,5,0.0,0.0,0.0,1.0,1.0,0.0,1.0,0.0,0.0,0,0,80,80
POLICY_DEVELOPMENT,HIGH_PRECISION,TRANSPORT,0.025,12,0.05,1,1,0.0,0.0,0.0,1.0,1.0,0.0,1.0,0.0,0.0,0,2,1,3
POLICY_DEVELOPMENT,HIGH_PRECISION,TRANSPORT,0.025,12,0.05,12,5,0.0,0.0,0.0,1.0,1.0,0.0,0.9166666666666666,0.0,0.0,0,6,6,12
POLICY_DEVELOPMENT,HIGH_PRECISION,TRANSPORT,0.025,12,0.05,40,3,0.0,0.0,0.0,1.0,1.0,0.0,0.9375,0.0,0.0,0,40,40,80
POLICY_DEVELOPMENT,HIGH_PRECISION,TRANSPORT,0.025,12,0.45,1,3,0.0,0.0,0.0,1.0,1.0,0.0,1.0,0.0,0.0,0,1,0,1
POLICY_DEVELOPMENT,HIGH_PRECISION,TRANSPORT,0.025,12,0.45,12,1,0.0,0.0,0.0,1.0,1.0,0.0,0.9583333333333334,0.0,0.0,0,12,12,24
POLICY_DEVELOPMENT,HIGH_PRECISION,TRANSPORT,0.025,12,0.45,12,3,0.0,0.0,0.0,1.0,1.0,0.0,1.0,0.0,0.0,0,6,6,12
POLICY_DEVELOPMENT,HIGH_PRECISION,TRANSPORT,0.025,12,0.45,40,5,0.0,0.0,0.0,1.0,1.0,0.0,0.9166666666666666,0.0,0.0,0,60,60,120
POLICY_DEVELOPMENT,HIGH_PRECISION,TRANSPORT,0.025,36,0.05,1,5,0.0,0.0,0.0,1.0,1.0,0.0,1.0,0.0,0.0,0,1,0,1
POLICY_DEVELOPMENT,HIGH_PRECISION,TRANSPORT,0.025,36,0.05,12,1,0.0,0.0,0.0,1.0,1.0,0.0,1.0,0.0,0.0,0,0,12,12
POLICY_DEVELOPMENT,HIGH_PRECISION,TRANSPORT,0.025,36,0.05,12,3,0.0,0.0,0.0,1.0,1.0,0.0,0.9444444444444444,0.0,0.0,0,18,18,36
POLICY_DEVELOPMENT,HIGH_PRECISION,TRANSPORT,0.025,36,0.05,40,1,0.0,0.0,0.0,1.0,1.0,0.0,0.95,0.0,0.0,0,0,40,40
POLICY_DEVELOPMENT,HIGH_PRECISION,TRANSPORT,0.025,36,0.05,40,5,0.0,0.0,0.0,1.0,1.0,0.0,0.95,0.0,0.0,0,20,20,40
POLICY_DEVELOPMENT,HIGH_PRECISION,TRANSPORT,0.025,36,0.45,1,1,0.0,0.0,0.0,1.0,1.0,0.0,1.0,0.0,0.0,0,3,0,3
POLICY_DEVELOPMENT,HIGH_PRECISION,TRANSPORT,0.025,36,0.45,12,1,0.0,0.0,0.0,1.0,1.0,0.0,1.0,0.0,0.0,0,6,6,12
POLICY_DEVELOPMENT,HIGH_PRECISION,TRANSPORT,0.025,36,0.45,40,3,0.0,0.0,0.0,1.0,1.0,0.0,1.0,0.0,0.0,0,20,20,40
POLICY_DEVELOPMENT,HIGH_PRECISION,TRANSPORT,0.025,36,0.45,40,5,0.0,0.0,0.0,1.0,1.0,0.0,0.925,0.0,0.0,0,40,40,80
POLICY_DEVELOPMENT,HIGH_PRECISION,TRANSPORT,0.025,96,0.05,1,1,0.0,0.0,0.0,1.0,1.0,0.0,1.0,0.0,0.0,0,1,0,1
POLICY_DEVELOPMENT,HIGH_PRECISION,TRANSPORT,0.025,96,0.05,1,3,0.0,0.0,0.0,1.0,1.0,0.0,1.0,0.0,0.0,0,1,0,1
POLICY_DEVELOPMENT,HIGH_PRECISION,TRANSPORT,0.025,96,0.05,12,1,0.0,0.0,0.0,1.0,1.0,0.0,1.0,0.0,0.0,0,6,18,24
POLICY_DEVELOPMENT,HIGH_PRECISION,TRANSPORT,0.025,96,0.05,40,5,0.0,0.0,0.05,0.975,0.95,0.01212924066468559,0.9833333333333333,1.0,0.05,3,60,60,120
POLICY_DEVELOPMENT,HIGH_PRECISION,TRANSPORT,0.025,96,0.45,1,1,0.0,0.0,0.0,1.0,1.0,0.0,1.0,0.0,0.0,0,1,0,1
POLICY_DEVELOPMENT,HIGH_PRECISION,TRANSPORT,0.025,96,0.45,1,5,0.0,0.0,0.0,1.0,1.0,0.0,1.0,0.0,0.0,0,1,0,1
POLICY_DEVELOPMENT,HIGH_PRECISION,TRANSPORT,0.025,96,0.45,12,3,0.0,0.0,0.0,1.0,1.0,0.0,0.9166666666666666,0.0,0.0,0,12,12,24
POLICY_DEVELOPMENT,HIGH_PRECISION,TRANSPORT,0.025,96,0.45,40,1,0.0,0.0,0.0,1.0,1.0,0.0,0.925,0.0,0.0,0,20,20,40
POLICY_DEVELOPMENT,HIGH_PRECISION,TRANSPORT,0.025,96,0.45,40,3,0.0,0.0,0.65,0.675,0.35,0.01149167800172166,0.975,1.0,0.65,13,20,20,40
POLICY_DEVELOPMENT,HIGH_PRECISION,TRANSPORT,0.06,12,0.05,1,1,0.0,0.0,0.0,1.0,1.0,0.0,1.0,0.0,0.0,0,3,0,3
POLICY_DEVELOPMENT,HIGH_PRECISION,TRANSPORT,0.06,12,0.05,12,5,0.0,0.0,0.0,1.0,1.0,0.0,0.9166666666666666,0.0,0.0,0,6,6,12
POLICY_DEVELOPMENT,HIGH_PRECISION,TRANSPORT,0.06,12,0.05,40,3,0.0,0.0,0.0,1.0,1.0,0.0,0.9625,0.0,0.0,0,40,40,80
POLICY_DEVELOPMENT,HIGH_PRECISION,TRANSPORT,0.06,12,0.85,1,3,0.0,0.0,0.0,1.0,1.0,0.0,1.0,0.0,0.0,0,1,0,1
POLICY_DEVELOPMENT,HIGH_PRECISION,TRANSPORT,0.06,12,0.85,1,5,0.0,0.0,0.0,1.0,1.0,0.0,0.0,0.0,0.0,0,1,0,1
POLICY_DEVELOPMENT,HIGH_PRECISION,TRANSPORT,0.06,12,0.85,12,1,0.0,0.0,0.0,1.0,1.0,0.0,1.0,0.0,0.0,0,6,6,12
POLICY_DEVELOPMENT,HIGH_PRECISION,TRANSPORT,0.06,12,0.85,12,3,0.0,0.0,0.0,1.0,1.0,0.0,1.0,0.0,0.0,0,6,18,24
POLICY_DEVELOPMENT,HIGH_PRECISION,TRANSPORT,0.06,12,0.85,40,5,0.0,0.0,0.0,1.0,1.0,0.0,1.0,0.0,0.0,0,40,40,80
POLICY_DEVELOPMENT,HIGH_PRECISION,TRANSPORT,0.06,36,0.05,1,5,0.0,0.0,0.0,1.0,1.0,0.0,1.0,0.0,0.0,0,2,0,2
POLICY_DEVELOPMENT,HIGH_PRECISION,TRANSPORT,0.06,36,0.05,12,3,0.0,0.0,0.0,1.0,1.0,0.0,0.9791666666666666,0.0,0.0,0,24,24,48
POLICY_DEVELOPMENT,HIGH_PRECISION,TRANSPORT,0.06,36,0.05,40,1,0.0,0.0,0.0,1.0,1.0,0.0,0.975,0.0,0.0,0,20,20,40
POLICY_DEVELOPMENT,HIGH_PRECISION,TRANSPORT,0.06,36,0.85,1,1,0.0,0.0,0.0,1.0,1.0,0.0,1.0,0.0,0.0,0,2,0,2
POLICY_DEVELOPMENT,HIGH_PRECISION,TRANSPORT,0.06,36,0.85,1,3,0.0,0.0,0.0,1.0,1.0,0.0,1.0,0.0,0.0,0,0,1,1
POLICY_DEVELOPMENT,HIGH_PRECISION,TRANSPORT,0.06,36,0.85,12,1,0.0,0.0,0.0,1.0,1.0,0.0,1.0,0.0,0.0,0,6,6,12
POLICY_DEVELOPMENT,HIGH_PRECISION,TRANSPORT,0.06,36,0.85,40,3,0.0,0.0,0.0,1.0,1.0,0.0,1.0,0.0,0.0,0,0,40,40
POLICY_DEVELOPMENT,HIGH_PRECISION,TRANSPORT,0.06,36,0.85,40,5,0.0,0.0,0.0,1.0,1.0,0.0,0.85,0.0,0.0,0,40,40,80
POLICY_DEVELOPMENT,HIGH_PRECISION,TRANSPORT,0.06,96,0.05,1,3,0.0,0.0,1.0,0.0,0.0,0.003889740352973625,1.0,1.0,1.0,2,2,0,2
POLICY_DEVELOPMENT,HIGH_PRECISION,TRANSPORT,0.06,96,0.05,12,1,0.0,0.0,0.0,1.0,1.0,0.0,1.0,0.0,0.0,0,12,12,24
POLICY_DEVELOPMENT,HIGH_PRECISION,TRANSPORT,0.06,96,0.05,40,5,0.0,0.0,0.15,0.925,0.85,0.005530369552162793,0.9,1.0,0.15,9,60,60,120
POLICY_DEVELOPMENT,HIGH_PRECISION,TRANSPORT,0.06,96,0.85,1,1,0.0,0.0,0.0,1.0,1.0,0.0,1.0,0.0,0.0,0,2,0,2
POLICY_DEVELOPMENT,HIGH_PRECISION,TRANSPORT,0.06,96,0.85,1,5,0.0,0.0,1.0,0.0,0.0,0.0026978026528096527,1.0,1.0,1.0,1,1,0,1
POLICY_DEVELOPMENT,HIGH_PRECISION,TRANSPORT,0.06,96,0.85,12,3,0.0,0.0,0.0,1.0,1.0,0.0,0.9583333333333334,0.0,0.0,0,6,18,24
POLICY_DEVELOPMENT,HIGH_PRECISION,TRANSPORT,0.06,96,0.85,40,3,0.0,0.0,1.0,0.5,0.0,0.003941176011863283,1.0,1.0,1.0,20,20,20,40
POLICY_VALIDATION,BALANCED,ITEM_DIAGNOSTICS,0.0,18,0.2,1,1,0.0,0.0,0.0,1.0,1.0,0.0,1.0,0.0,0.0,0,0,1,1
POLICY_VALIDATION,BALANCED,ITEM_DIAGNOSTICS,0.0,18,0.2,1,5,0.0,0.0,0.0,1.0,1.0,0.0,1.0,0.0,0.0,0,0,1,1
POLICY_VALIDATION,BALANCED,ITEM_DIAGNOSTICS,0.0,18,0.2,12,3,0.0,0.0,0.0,1.0,1.0,0.0,0.9583333333333334,0.0,0.0,0,0,24,24
POLICY_VALIDATION,BALANCED,ITEM_DIAGNOSTICS,0.0,18,0.2,40,1,0.0,0.0,0.0,1.0,1.0,0.0,0.9166666666666666,0.0,0.0,0,0,120,120
POLICY_VALIDATION,BALANCED,ITEM_DIAGNOSTICS,0.0,18,0.6,1,1,0.0,0.0,0.0,1.0,1.0,0.0,1.0,0.0,0.0,0,0,1,1
POLICY_VALIDATION,BALANCED,ITEM_DIAGNOSTICS,0.0,18,0.6,1,3,0.0,0.0,0.0,1.0,1.0,0.0,0.6666666666666666,0.0,0.0,0,0,3,3
POLICY_VALIDATION,BALANCED,ITEM_DIAGNOSTICS,0.0,18,0.6,12,1,0.0,0.0,0.0,1.0,1.0,0.0,0.9166666666666666,0.0,0.0,0,0,12,12
POLICY_VALIDATION,BALANCED,ITEM_DIAGNOSTICS,0.0,18,0.6,12,5,0.0,0.0,0.0,1.0,1.0,0.0,1.0,0.0,0.0,0,0,12,12
POLICY_VALIDATION,BALANCED,ITEM_DIAGNOSTICS,0.0,18,0.6,40,5,0.0,0.0,0.0,1.0,1.0,0.0,0.975,0.0,0.0,0,0,40,40
POLICY_VALIDATION,BALANCED,ITEM_DIAGNOSTICS,0.0,54,0.2,1,3,0.0,0.0,0.0,1.0,1.0,0.0,1.0,0.0,0.0,0,0,3,3
POLICY_VALIDATION,BALANCED,ITEM_DIAGNOSTICS,0.0,54,0.2,12,1,0.0,0.0,0.0,1.0,1.0,0.0,1.0,0.0,0.0,0,0,12,12
POLICY_VALIDATION,BALANCED,ITEM_DIAGNOSTICS,0.0,54,0.2,40,1,0.0,0.0,0.0,1.0,1.0,0.0,0.925,0.0,0.0,0,0,40,40
POLICY_VALIDATION,BALANCED,ITEM_DIAGNOSTICS,0.0,54,0.2,40,5,0.025,0.07338362326242218,0.0,0.975,1.0,0.06255299526188639,0.925,0.0,0.0,1,0,40,40
POLICY_VALIDATION,BALANCED,ITEM_DIAGNOSTICS,0.0,54,0.6,1,1,0.0,0.0,0.0,1.0,1.0,0.0,0.5,0.0,0.0,0,0,2,2
POLICY_VALIDATION,BALANCED,ITEM_DIAGNOSTICS,0.0,54,0.6,12,3,0.0,0.0,0.0,1.0,1.0,0.0,0.16666666666666666,0.0,0.0,0,0,12,12
POLICY_VALIDATION,BALANCED,ITEM_DIAGNOSTICS,0.0,54,0.6,12,5,0.0,0.0,0.0,1.0,1.0,0.0,0.9583333333333334,0.0,0.0,0,0,24,24
POLICY_VALIDATION,BALANCED,ITEM_DIAGNOSTICS,0.0,54,0.6,40,1,0.0,0.0,0.0,1.0,1.0,0.0,0.975,0.0,0.0,0,0,40,40
POLICY_VALIDATION,BALANCED,ITEM_DIAGNOSTICS,0.0,54,0.6,40,3,0.0,0.0,0.0,1.0,1.0,0.0,0.925,0.0,0.0,0,0,40,40
POLICY_VALIDATION,BALANCED,ITEM_DIAGNOSTICS,0.0,144,0.2,1,1,0.0,0.0,0.0,1.0,1.0,0.0,1.0,0.0,0.0,0,0,2,2
POLICY_VALIDATION,BALANCED,ITEM_DIAGNOSTICS,0.0,144,0.2,1,3,0.0,0.0,0.0,1.0,1.0,0.0,1.0,0.0,0.0,0,0,1,1
POLICY_VALIDATION,BALANCED,ITEM_DIAGNOSTICS,0.0,144,0.2,12,5,0.0,0.0,0.0,1.0,1.0,0.0,0.9444444444444444,0.0,0.0,0,0,36,36
POLICY_VALIDATION,BALANCED,ITEM_DIAGNOSTICS,0.0,144,0.2,40,3,0.0,0.0,0.0,1.0,1.0,0.0,0.925,0.0,0.0,0,0,40,40
POLICY_VALIDATION,BALANCED,ITEM_DIAGNOSTICS,0.0,144,0.6,1,3,0.0,0.0,0.0,1.0,1.0,0.0,1.0,0.0,0.0,0,0,2,2
POLICY_VALIDATION,BALANCED,ITEM_DIAGNOSTICS,0.0,144,0.6,12,3,0.0,0.0,0.0,1.0,1.0,0.0,1.0,0.0,0.0,0,0,12,12
POLICY_VALIDATION,BALANCED,ITEM_DIAGNOSTICS,0.0,144,0.6,40,1,0.0,0.0,0.0,1.0,1.0,0.0,0.8083333333333333,0.0,0.0,0,0,120,120
POLICY_VALIDATION,BALANCED,ITEM_DIAGNOSTICS,0.035,18,0.2,1,1,0.0,0.0,0.0,1.0,1.0,0.0,1.0,0.0,0.0,0,1,0,1
POLICY_VALIDATION,BALANCED,ITEM_DIAGNOSTICS,0.035,18,0.2,12,3,0.0,0.0,0.0,1.0,1.0,0.0,1.0,0.0,0.0,0,6,6,12
POLICY_VALIDATION,BALANCED,ITEM_DIAGNOSTICS,0.035,18,0.2,12,5,0.0,0.0,0.0,1.0,1.0,0.0,0.875,0.0,0.0,0,12,12,24
POLICY_VALIDATION,BALANCED,ITEM_DIAGNOSTICS,0.035,18,0.2,40,1,0.0,0.0,0.0,1.0,1.0,0.0,0.925,0.0,0.0,0,60,60,120
POLICY_VALIDATION,BALANCED,ITEM_DIAGNOSTICS,0.035,18,0.9,1,1,0.0,0.0,0.0,1.0,1.0,0.0,1.0,0.0,0.0,0,1,0,1
POLICY_VALIDATION,BALANCED,ITEM_DIAGNOSTICS,0.035,18,0.9,1,3,0.0,0.0,0.0,1.0,1.0,0.0,0.6666666666666666,0.0,0.0,0,3,0,3
POLICY_VALIDATION,BALANCED,ITEM_DIAGNOSTICS,0.035,18,0.9,12,1,0.0,0.0,0.0,1.0,1.0,0.0,1.0,0.0,0.0,0,6,6,12
POLICY_VALIDATION,BALANCED,ITEM_DIAGNOSTICS,0.035,18,0.9,12,5,0.0,0.0,0.0,1.0,1.0,0.0,1.0,0.0,0.0,0,6,6,12
POLICY_VALIDATION,BALANCED,ITEM_DIAGNOSTICS,0.035,18,0.9,40,5,0.0,0.0,0.0,1.0,1.0,0.0,1.0,0.0,0.0,0,20,20,40
POLICY_VALIDATION,BALANCED,ITEM_DIAGNOSTICS,0.035,54,0.2,1,3,0.0,0.0,0.0,1.0,1.0,0.0,1.0,0.0,0.0,0,2,0,2
POLICY_VALIDATION,BALANCED,ITEM_DIAGNOSTICS,0.035,54,0.2,12,1,0.0,0.0,1.0,0.5,0.0,0.007931925396989909,1.0,1.0,1.0,6,6,6,12
POLICY_VALIDATION,BALANCED,ITEM_DIAGNOSTICS,0.035,54,0.2,12,3,0.0,0.0,0.6666666666666666,0.6666666666666667,0.33333333333333337,0.005767712539984572,1.0,1.0,0.6666666666666666,4,6,6,12
POLICY_VALIDATION,BALANCED,ITEM_DIAGNOSTICS,0.035,54,0.2,40,1,0.0,0.0,0.0,1.0,1.0,0.0,0.9,0.0,0.0,0,20,20,40
POLICY_VALIDATION,BALANCED,ITEM_DIAGNOSTICS,0.035,54,0.2,40,5,0.0,0.0,0.25,0.875,0.75,0.030380633325605,0.95,1.0,0.25,5,20,20,40
POLICY_VALIDATION,BALANCED,ITEM_DIAGNOSTICS,0.035,54,0.9,1,1,0.0,0.0,0.0,1.0,1.0,0.0,0.5,0.0,0.0,0,2,0,2
POLICY_VALIDATION,BALANCED,ITEM_DIAGNOSTICS,0.035,54,0.9,12,5,0.05555555555555555,0.16137653438793323,0.3333333333333333,0.8055555555555556,0.6666666666666667,0.027597521041061022,0.6944444444444444,0.8571428571428571,0.3333333333333333,7,18,18,36
POLICY_VALIDATION,BALANCED,ITEM_DIAGNOSTICS,0.035,54,0.9,40,1,0.0,0.0,0.0,1.0,1.0,0.0,1.0,0.0,0.0,0,20,20,40
POLICY_VALIDATION,BALANCED,ITEM_DIAGNOSTICS,0.035,54,0.9,40,3,0.0,0.0,0.0,1.0,1.0,0.0,0.95,0.0,0.0,0,20,20,40
POLICY_VALIDATION,BALANCED,ITEM_DIAGNOSTICS,0.035,144,0.2,1,1,0.0,0.0,1.0,0.0,0.0,0.022552029376885597,0.5,1.0,1.0,2,2,0,2
POLICY_VALIDATION,BALANCED,ITEM_DIAGNOSTICS,0.035,144,0.2,1,3,0.0,0.0,0.0,1.0,1.0,0.0,1.0,0.0,0.0,0,1,0,1
POLICY_VALIDATION,BALANCED,ITEM_DIAGNOSTICS,0.035,144,0.2,12,5,0.0,0.0,0.0,1.0,1.0,0.0,0.6944444444444444,0.0,0.0,0,18,18,36
POLICY_VALIDATION,BALANCED,ITEM_DIAGNOSTICS,0.035,144,0.2,40,3,0.0,0.0,0.0,1.0,1.0,0.0,0.925,0.0,0.0,0,20,20,40
POLICY_VALIDATION,BALANCED,ITEM_DIAGNOSTICS,0.035,144,0.9,1,5,0.0,0.0,0.0,1.0,1.0,0.0,0.0,0.0,0.0,0,1,0,1
POLICY_VALIDATION,BALANCED,ITEM_DIAGNOSTICS,0.035,144,0.9,12,3,0.0,0.0,0.0,1.0,1.0,0.0,1.0,0.0,0.0,0,12,12,24
POLICY_VALIDATION,BALANCED,ITEM_DIAGNOSTICS,0.035,144,0.9,40,1,0.0,0.0,0.3333333333333333,0.8333333333333334,0.6666666666666667,0.029213698174629026,0.8,1.0,0.3333333333333333,20,60,60,120
POLICY_VALIDATION,BALANCED,ITEM_DIAGNOSTICS,0.075,18,0.6,1,1,0.0,0.0,0.0,1.0,1.0,0.0,1.0,0.0,0.0,0,1,0,1
POLICY_VALIDATION,BALANCED,ITEM_DIAGNOSTICS,0.075,18,0.6,12,3,0.0,0.0,0.0,1.0,1.0,0.0,1.0,0.0,0.0,0,6,6,12
POLICY_VALIDATION,BALANCED,ITEM_DIAGNOSTICS,0.075,18,0.6,12,5,0.0,0.0,0.0,1.0,1.0,0.0,0.9583333333333334,0.0,0.0,0,12,12,24
POLICY_VALIDATION,BALANCED,ITEM_DIAGNOSTICS,0.075,18,0.6,40,1,0.0,0.0,0.0,1.0,1.0,0.0,0.95,0.0,0.0,0,40,40,80
POLICY_VALIDATION,BALANCED,ITEM_DIAGNOSTICS,0.075,18,0.6,40,3,0.0,0.0,0.0,1.0,1.0,0.0,0.975,0.0,0.0,0,20,20,40
POLICY_VALIDATION,BALANCED,ITEM_DIAGNOSTICS,0.075,18,0.9,1,3,0.0,0.0,0.0,1.0,1.0,0.0,1.0,0.0,0.0,0,4,0,4
POLICY_VALIDATION,BALANCED,ITEM_DIAGNOSTICS,0.075,18,0.9,12,1,0.0,0.0,0.0,1.0,1.0,0.0,1.0,0.0,0.0,0,6,6,12
POLICY_VALIDATION,BALANCED,ITEM_DIAGNOSTICS,0.075,18,0.9,40,5,0.0,0.0,0.0,1.0,1.0,0.0,0.975,0.0,0.0,0,40,40,80
POLICY_VALIDATION,BALANCED,ITEM_DIAGNOSTICS,0.075,54,0.6,1,3,0.0,0.0,0.5,0.5,0.5,0.019999218933870105,1.0,1.0,0.5,1,2,0,2
POLICY_VALIDATION,BALANCED,ITEM_DIAGNOSTICS,0.075,54,0.6,12,3,0.0,0.0,1.0,0.5,0.0,0.003980362953870743,0.9166666666666666,1.0,1.0,6,6,6,12
POLICY_VALIDATION,BALANCED,ITEM_DIAGNOSTICS,0.075,54,0.6,40,1,0.0,0.0,0.0,1.0,1.0,0.0,0.95,0.0,0.0,0,40,40,80
POLICY_VALIDATION,BALANCED,ITEM_DIAGNOSTICS,0.075,54,0.6,40,5,0.0,0.0,0.0,1.0,1.0,0.0,0.975,0.0,0.0,0,20,20,40
POLICY_VALIDATION,BALANCED,ITEM_DIAGNOSTICS,0.075,54,0.9,1,1,0.0,0.0,0.5,0.5,0.5,0.006640436787043583,1.0,1.0,0.5,1,2,0,2
POLICY_VALIDATION,BALANCED,ITEM_DIAGNOSTICS,0.075,54,0.9,12,5,0.0,0.0,0.3333333333333333,0.8333333333333334,0.6666666666666667,0.012640497035934792,0.7222222222222222,1.0,0.3333333333333333,6,18,18,36
POLICY_VALIDATION,BALANCED,ITEM_DIAGNOSTICS,0.075,54,0.9,40,3,0.0,0.0,0.0,1.0,1.0,0.0,1.0,0.0,0.0,0,40,40,80
POLICY_VALIDATION,BALANCED,ITEM_DIAGNOSTICS,0.075,144,0.6,1,1,0.0,0.0,0.0,1.0,1.0,0.0,1.0,0.0,0.0,0,1,0,1
POLICY_VALIDATION,BALANCED,ITEM_DIAGNOSTICS,0.075,144,0.6,1,3,0.0,0.0,0.0,1.0,1.0,0.0,1.0,0.0,0.0,0,2,0,2
POLICY_VALIDATION,BALANCED,ITEM_DIAGNOSTICS,0.075,144,0.6,12,5,0.0,0.0,0.5,0.75,0.5,0.019180805846413847,0.4166666666666667,1.0,0.5,6,12,12,24
POLICY_VALIDATION,BALANCED,ITEM_DIAGNOSTICS,0.075,144,0.6,40,3,0.0,0.0,0.0,1.0,1.0,0.0,0.95,0.0,0.0,0,20,20,40
POLICY_VALIDATION,BALANCED,ITEM_DIAGNOSTICS,0.075,144,0.6,40,5,0.0,0.0,0.0,1.0,1.0,0.0,0.725,0.0,0.0,0,20,20,40
POLICY_VALIDATION,BALANCED,ITEM_DIAGNOSTICS,0.075,144,0.9,1,5,0.0,0.0,0.0,1.0,1.0,0.0,1.0,0.0,0.0,0,1,0,1
POLICY_VALIDATION,BALANCED,ITEM_DIAGNOSTICS,0.075,144,0.9,12,3,0.0,0.0,0.5,0.75,0.5,0.012419726827043722,1.0,1.0,0.5,6,12,12,24
POLICY_VALIDATION,BALANCED,ITEM_DIAGNOSTICS,0.075,144,0.9,40,1,0.0,0.0,0.6666666666666666,0.6666666666666667,0.33333333333333337,0.005032281531514598,0.9,1.0,0.6666666666666666,40,60,60,120
POLICY_VALIDATION,BALANCED,PRIMARY_PAIRWISE,0.0,18,0.2,1,1,0.0,0.0,0.0,1.0,1.0,0.0,1.0,0.0,0.0,0,0,1,1
POLICY_VALIDATION,BALANCED,PRIMARY_PAIRWISE,0.0,18,0.2,1,5,0.0,0.0,0.0,1.0,1.0,0.0,1.0,0.0,0.0,0,0,1,1
POLICY_VALIDATION,BALANCED,PRIMARY_PAIRWISE,0.0,18,0.2,12,3,0.0,0.0,0.0,1.0,1.0,0.0,0.9166666666666666,0.0,0.0,0,0,24,24
POLICY_VALIDATION,BALANCED,PRIMARY_PAIRWISE,0.0,18,0.2,40,1,0.0,0.0,0.0,1.0,1.0,0.0,0.9333333333333333,0.0,0.0,0,0,120,120
POLICY_VALIDATION,BALANCED,PRIMARY_PAIRWISE,0.0,18,0.6,1,1,0.0,0.0,0.0,1.0,1.0,0.0,0.0,0.0,0.0,0,0,1,1
POLICY_VALIDATION,BALANCED,PRIMARY_PAIRWISE,0.0,18,0.6,1,3,0.0,0.0,0.0,1.0,1.0,0.0,0.3333333333333333,0.0,0.0,0,0,3,3
POLICY_VALIDATION,BALANCED,PRIMARY_PAIRWISE,0.0,18,0.6,12,1,0.0,0.0,0.0,1.0,1.0,0.0,1.0,0.0,0.0,0,0,12,12
POLICY_VALIDATION,BALANCED,PRIMARY_PAIRWISE,0.0,18,0.6,12,5,0.0,0.0,0.0,1.0,1.0,0.0,1.0,0.0,0.0,0,0,12,12
POLICY_VALIDATION,BALANCED,PRIMARY_PAIRWISE,0.0,18,0.6,40,5,0.0,0.0,0.0,1.0,1.0,0.0,0.925,0.0,0.0,0,0,40,40
POLICY_VALIDATION,BALANCED,PRIMARY_PAIRWISE,0.0,54,0.2,1,3,0.0,0.0,0.0,1.0,1.0,0.0,0.3333333333333333,0.0,0.0,0,0,3,3
POLICY_VALIDATION,BALANCED,PRIMARY_PAIRWISE,0.0,54,0.2,12,1,0.0,0.0,0.0,1.0,1.0,0.0,1.0,0.0,0.0,0,0,12,12
POLICY_VALIDATION,BALANCED,PRIMARY_PAIRWISE,0.0,54,0.2,40,1,0.0,0.0,0.0,1.0,1.0,0.0,0.825,0.0,0.0,0,0,40,40
POLICY_VALIDATION,BALANCED,PRIMARY_PAIRWISE,0.0,54,0.2,40,5,0.0,0.0,0.0,1.0,1.0,0.0,0.875,0.0,0.0,0,0,40,40
POLICY_VALIDATION,BALANCED,PRIMARY_PAIRWISE,0.0,54,0.6,1,1,0.0,0.0,0.0,1.0,1.0,0.0,1.0,0.0,0.0,0,0,2,2
POLICY_VALIDATION,BALANCED,PRIMARY_PAIRWISE,0.0,54,0.6,12,3,0.0,0.0,0.0,1.0,1.0,0.0,0.5,0.0,0.0,0,0,12,12
POLICY_VALIDATION,BALANCED,PRIMARY_PAIRWISE,0.0,54,0.6,12,5,0.041666666666666664,0.12161384251375915,0.0,0.9583333333333334,1.0,0.039765644896095645,0.9166666666666666,0.0,0.0,1,0,24,24
POLICY_VALIDATION,BALANCED,PRIMARY_PAIRWISE,0.0,54,0.6,40,1,0.0,0.0,0.0,1.0,1.0,0.0,0.975,0.0,0.0,0,0,40,40
POLICY_VALIDATION,BALANCED,PRIMARY_PAIRWISE,0.0,54,0.6,40,3,0.0,0.0,0.0,1.0,1.0,0.0,1.0,0.0,0.0,0,0,40,40
POLICY_VALIDATION,BALANCED,PRIMARY_PAIRWISE,0.0,144,0.2,1,1,0.0,0.0,0.0,1.0,1.0,0.0,1.0,0.0,0.0,0,0,2,2
POLICY_VALIDATION,BALANCED,PRIMARY_PAIRWISE,0.0,144,0.2,1,3,0.0,0.0,0.0,1.0,1.0,0.0,1.0,0.0,0.0,0,0,1,1
POLICY_VALIDATION,BALANCED,PRIMARY_PAIRWISE,0.0,144,0.2,12,5,0.0,0.0,0.0,1.0,1.0,0.0,0.8611111111111112,0.0,0.0,0,0,36,36
POLICY_VALIDATION,BALANCED,PRIMARY_PAIRWISE,0.0,144,0.2,40,3,0.0,0.0,0.0,1.0,1.0,0.0,0.9,0.0,0.0,0,0,40,40
POLICY_VALIDATION,BALANCED,PRIMARY_PAIRWISE,0.0,144,0.6,1,3,0.0,0.0,0.0,1.0,1.0,0.0,0.5,0.0,0.0,0,0,2,2
POLICY_VALIDATION,BALANCED,PRIMARY_PAIRWISE,0.0,144,0.6,12,3,0.0,0.0,0.0,1.0,1.0,0.0,0.6666666666666666,0.0,0.0,0,0,12,12
POLICY_VALIDATION,BALANCED,PRIMARY_PAIRWISE,0.0,144,0.6,40,1,0.0,0.0,0.0,1.0,1.0,0.0,0.9166666666666666,0.0,0.0,0,0,120,120
POLICY_VALIDATION,BALANCED,PRIMARY_PAIRWISE,0.035,18,0.2,1,1,0.0,0.0,0.0,1.0,1.0,0.0,1.0,0.0,0.0,0,1,0,1
POLICY_VALIDATION,BALANCED,PRIMARY_PAIRWISE,0.035,18,0.2,12,3,0.0,0.0,0.0,1.0,1.0,0.0,1.0,0.0,0.0,0,6,6,12
POLICY_VALIDATION,BALANCED,PRIMARY_PAIRWISE,0.035,18,0.2,12,5,0.0,0.0,0.0,1.0,1.0,0.0,0.9166666666666666,0.0,0.0,0,12,12,24
POLICY_VALIDATION,BALANCED,PRIMARY_PAIRWISE,0.035,18,0.2,40,1,0.0,0.0,0.0,1.0,1.0,0.0,0.875,0.0,0.0,0,60,60,120
POLICY_VALIDATION,BALANCED,PRIMARY_PAIRWISE,0.035,18,0.9,1,1,0.0,0.0,0.0,1.0,1.0,0.0,1.0,0.0,0.0,0,1,0,1
POLICY_VALIDATION,BALANCED,PRIMARY_PAIRWISE,0.035,18,0.9,1,3,0.0,0.0,0.0,1.0,1.0,0.0,1.0,0.0,0.0,0,3,0,3
POLICY_VALIDATION,BALANCED,PRIMARY_PAIRWISE,0.035,18,0.9,12,1,0.0,0.0,0.0,1.0,1.0,0.0,1.0,0.0,0.0,0,6,6,12
POLICY_VALIDATION,BALANCED,PRIMARY_PAIRWISE,0.035,18,0.9,12,5,0.0,0.0,0.0,1.0,1.0,0.0,0.9166666666666666,0.0,0.0,0,6,6,12
POLICY_VALIDATION,BALANCED,PRIMARY_PAIRWISE,0.035,18,0.9,40,5,0.0,0.0,0.0,1.0,1.0,0.0,1.0,0.0,0.0,0,20,20,40
POLICY_VALIDATION,BALANCED,PRIMARY_PAIRWISE,0.035,54,0.2,1,3,0.0,0.0,0.5,0.5,0.5,0.023117037841660464,1.0,1.0,0.5,1,2,0,2
POLICY_VALIDATION,BALANCED,PRIMARY_PAIRWISE,0.035,54,0.2,12,1,0.0,0.0,0.3333333333333333,0.8333333333333334,0.6666666666666667,0.0005384117591808076,0.9166666666666666,1.0,0.3333333333333333,2,6,6,12
POLICY_VALIDATION,BALANCED,PRIMARY_PAIRWISE,0.035,54,0.2,12,3,0.0,0.0,0.16666666666666666,0.9166666666666666,0.8333333333333334,0.0025026262566268526,0.9166666666666666,1.0,0.16666666666666666,1,6,6,12
POLICY_VALIDATION,BALANCED,PRIMARY_PAIRWISE,0.035,54,0.2,40,1,0.0,0.0,0.0,1.0,1.0,0.0,0.9,0.0,0.0,0,20,20,40
POLICY_VALIDATION,BALANCED,PRIMARY_PAIRWISE,0.035,54,0.2,40,5,0.05,0.14551858457912786,0.6,0.675,0.4,0.021174151213135525,0.9,0.9230769230769231,0.6,13,20,20,40
POLICY_VALIDATION,BALANCED,PRIMARY_PAIRWISE,0.035,54,0.9,1,1,0.0,0.0,0.0,1.0,1.0,0.0,1.0,0.0,0.0,0,2,0,2
POLICY_VALIDATION,BALANCED,PRIMARY_PAIRWISE,0.035,54,0.9,12,5,0.0,0.0,0.3333333333333333,0.8333333333333334,0.6666666666666667,0.0067558836394841434,0.6666666666666666,1.0,0.3333333333333333,6,18,18,36
POLICY_VALIDATION,BALANCED,PRIMARY_PAIRWISE,0.035,54,0.9,40,1,0.0,0.0,0.0,1.0,1.0,0.0,0.975,0.0,0.0,0,20,20,40
POLICY_VALIDATION,BALANCED,PRIMARY_PAIRWISE,0.035,54,0.9,40,3,0.0,0.0,0.0,1.0,1.0,0.0,1.0,0.0,0.0,0,20,20,40
POLICY_VALIDATION,BALANCED,PRIMARY_PAIRWISE,0.035,144,0.2,1,1,0.0,0.0,1.0,0.0,0.0,0.0025298708918861657,1.0,1.0,1.0,2,2,0,2
POLICY_VALIDATION,BALANCED,PRIMARY_PAIRWISE,0.035,144,0.2,1,3,0.0,0.0,0.0,1.0,1.0,0.0,1.0,0.0,0.0,0,1,0,1
POLICY_VALIDATION,BALANCED,PRIMARY_PAIRWISE,0.035,144,0.2,12,5,0.0,0.0,0.16666666666666666,0.9166666666666666,0.8333333333333334,0.026872693918218254,0.9444444444444444,1.0,0.16666666666666666,3,18,18,36
POLICY_VALIDATION,BALANCED,PRIMARY_PAIRWISE,0.035,144,0.2,40,3,0.0,0.0,0.0,1.0,1.0,0.0,0.975,0.0,0.0,0,20,20,40
POLICY_VALIDATION,BALANCED,PRIMARY_PAIRWISE,0.035,144,0.9,1,5,0.0,0.0,0.0,1.0,1.0,0.0,1.0,0.0,0.0,0,1,0,1
POLICY_VALIDATION,BALANCED,PRIMARY_PAIRWISE,0.035,144,0.9,12,3,0.0,0.0,0.5,0.75,0.5,0.0026563496164179385,1.0,1.0,0.5,6,12,12,24
POLICY_VALIDATION,BALANCED,PRIMARY_PAIRWISE,0.035,144,0.9,40,1,0.0,0.0,0.3,0.85,0.7,0.017603775933965688,0.9833333333333333,1.0,0.3,18,60,60,120
POLICY_VALIDATION,BALANCED,PRIMARY_PAIRWISE,0.075,18,0.6,1,1,0.0,0.0,0.0,1.0,1.0,0.0,1.0,0.0,0.0,0,1,0,1
POLICY_VALIDATION,BALANCED,PRIMARY_PAIRWISE,0.075,18,0.6,12,3,0.0,0.0,0.0,1.0,1.0,0.0,0.8333333333333334,0.0,0.0,0,6,6,12
POLICY_VALIDATION,BALANCED,PRIMARY_PAIRWISE,0.075,18,0.6,12,5,0.0,0.0,0.0,1.0,1.0,0.0,0.9583333333333334,0.0,0.0,0,12,12,24
POLICY_VALIDATION,BALANCED,PRIMARY_PAIRWISE,0.075,18,0.6,40,1,0.0,0.0,0.0,1.0,1.0,0.0,0.5875,0.0,0.0,0,40,40,80
POLICY_VALIDATION,BALANCED,PRIMARY_PAIRWISE,0.075,18,0.6,40,3,0.0,0.0,0.0,1.0,1.0,0.0,0.925,0.0,0.0,0,20,20,40
POLICY_VALIDATION,BALANCED,PRIMARY_PAIRWISE,0.075,18,0.9,1,3,0.0,0.0,0.0,1.0,1.0,0.0,1.0,0.0,0.0,0,4,0,4
POLICY_VALIDATION,BALANCED,PRIMARY_PAIRWISE,0.075,18,0.9,12,1,0.0,0.0,0.0,1.0,1.0,0.0,0.8333333333333334,0.0,0.0,0,6,6,12
POLICY_VALIDATION,BALANCED,PRIMARY_PAIRWISE,0.075,18,0.9,40,5,0.0,0.0,0.0,1.0,1.0,0.0,1.0,0.0,0.0,0,40,40,80
POLICY_VALIDATION,BALANCED,PRIMARY_PAIRWISE,0.075,54,0.6,1,3,0.0,0.0,0.5,0.5,0.5,0.008131772772816029,0.5,1.0,0.5,1,2,0,2
POLICY_VALIDATION,BALANCED,PRIMARY_PAIRWISE,0.075,54,0.6,12,3,0.0,0.0,1.0,0.5,0.0,0.010641430707514532,1.0,1.0,1.0,6,6,6,12
POLICY_VALIDATION,BALANCED,PRIMARY_PAIRWISE,0.075,54,0.6,40,1,0.0,0.0,0.5,0.75,0.5,0.013455798601555958,0.975,1.0,0.5,20,40,40,80
POLICY_VALIDATION,BALANCED,PRIMARY_PAIRWISE,0.075,54,0.6,40,5,0.0,0.0,0.0,1.0,1.0,0.0,0.85,0.0,0.0,0,20,20,40
POLICY_VALIDATION,BALANCED,PRIMARY_PAIRWISE,0.075,54,0.9,1,1,0.0,0.0,0.5,0.5,0.5,0.0034537003082208556,1.0,1.0,0.5,1,2,0,2
POLICY_VALIDATION,BALANCED,PRIMARY_PAIRWISE,0.075,54,0.9,12,5,0.0,0.0,0.3333333333333333,0.8333333333333334,0.6666666666666667,0.008496044774592867,0.6666666666666666,1.0,0.3333333333333333,6,18,18,36
POLICY_VALIDATION,BALANCED,PRIMARY_PAIRWISE,0.075,54,0.9,40,3,0.0,0.0,0.0,1.0,1.0,0.0,0.9875,0.0,0.0,0,40,40,80
POLICY_VALIDATION,BALANCED,PRIMARY_PAIRWISE,0.075,144,0.6,1,1,0.0,0.0,0.0,1.0,1.0,0.0,1.0,0.0,0.0,0,1,0,1
POLICY_VALIDATION,BALANCED,PRIMARY_PAIRWISE,0.075,144,0.6,1,3,0.0,0.0,0.5,0.5,0.5,0.0198012102719083,1.0,1.0,0.5,1,2,0,2
POLICY_VALIDATION,BALANCED,PRIMARY_PAIRWISE,0.075,144,0.6,12,5,0.0,0.0,0.5,0.75,0.5,0.019504416407083603,0.9583333333333334,1.0,0.5,6,12,12,24
POLICY_VALIDATION,BALANCED,PRIMARY_PAIRWISE,0.075,144,0.6,40,3,0.0,0.0,0.0,1.0,1.0,0.0,0.275,0.0,0.0,0,20,20,40
POLICY_VALIDATION,BALANCED,PRIMARY_PAIRWISE,0.075,144,0.6,40,5,0.0,0.0,0.0,1.0,1.0,0.0,0.975,0.0,0.0,0,20,20,40
POLICY_VALIDATION,BALANCED,PRIMARY_PAIRWISE,0.075,144,0.9,1,5,0.0,0.0,0.0,1.0,1.0,0.0,1.0,0.0,0.0,0,1,0,1
POLICY_VALIDATION,BALANCED,PRIMARY_PAIRWISE,0.075,144,0.9,12,3,0.0,0.0,0.5,0.75,0.5,0.008133912448495456,1.0,1.0,0.5,6,12,12,24
POLICY_VALIDATION,BALANCED,PRIMARY_PAIRWISE,0.075,144,0.9,40,1,0.0,0.0,0.6666666666666666,0.6666666666666667,0.33333333333333337,0.0027457238013175777,1.0,1.0,0.6666666666666666,40,60,60,120
POLICY_VALIDATION,BALANCED,REPAIR,0.0,18,0.2,1,3,0.0,0.0,0.0,1.0,1.0,0.0,1.0,0.0,0.0,0,0,1,1
POLICY_VALIDATION,BALANCED,REPAIR,0.0,18,0.2,1,5,0.0,0.0,0.0,1.0,1.0,0.0,1.0,0.0,0.0,0,0,2,2
POLICY_VALIDATION,BALANCED,REPAIR,0.0,18,0.2,12,1,0.0,0.0,0.0,1.0,1.0,0.0,0.9166666666666666,0.0,0.0,0,0,12,12
POLICY_VALIDATION,BALANCED,REPAIR,0.0,18,0.2,12,3,0.0,0.0,0.0,1.0,1.0,0.0,0.9166666666666666,0.0,0.0,0,0,12,12
POLICY_VALIDATION,BALANCED,REPAIR,0.0,18,0.2,40,1,0.0,0.0,0.0,1.0,1.0,0.0,0.925,0.0,0.0,0,0,80,80
POLICY_VALIDATION,BALANCED,REPAIR,0.0,18,0.9,1,1,0.0,0.0,0.0,1.0,1.0,0.0,1.0,0.0,0.0,0,0,1,1
POLICY_VALIDATION,BALANCED,REPAIR,0.0,18,0.9,12,1,0.0,0.0,0.0,1.0,1.0,0.0,1.0,0.0,0.0,0,0,12,12
POLICY_VALIDATION,BALANCED,REPAIR,0.0,18,0.9,12,5,0.0,0.0,0.0,1.0,1.0,0.0,0.9166666666666666,0.0,0.0,0,0,12,12
POLICY_VALIDATION,BALANCED,REPAIR,0.0,18,0.9,40,3,0.0,0.0,0.0,1.0,1.0,0.0,0.7,0.0,0.0,0,0,120,120
POLICY_VALIDATION,BALANCED,REPAIR,0.0,54,0.2,1,3,0.0,0.0,0.0,1.0,1.0,0.0,1.0,0.0,0.0,0,0,1,1
POLICY_VALIDATION,BALANCED,REPAIR,0.0,54,0.2,12,1,0.0,0.0,0.0,1.0,1.0,0.0,0.9444444444444444,0.0,0.0,0,0,36,36
POLICY_VALIDATION,BALANCED,REPAIR,0.0,54,0.2,40,3,0.0125,0.036846393470080945,0.0,0.9875,1.0,0.04638794712789929,0.85,0.0,0.0,1,0,80,80
POLICY_VALIDATION,BALANCED,REPAIR,0.0,54,0.9,1,5,0.0,0.0,0.0,1.0,1.0,0.0,0.6666666666666666,0.0,0.0,0,0,3,3
POLICY_VALIDATION,BALANCED,REPAIR,0.0,54,0.9,12,3,0.0,0.0,0.0,1.0,1.0,0.0,1.0,0.0,0.0,0,0,12,12
POLICY_VALIDATION,BALANCED,REPAIR,0.0,54,0.9,40,1,0.0,0.0,0.0,1.0,1.0,0.0,1.0,0.0,0.0,0,0,80,80
POLICY_VALIDATION,BALANCED,REPAIR,0.0,54,0.9,40,3,0.0,0.0,0.0,1.0,1.0,0.0,0.975,0.0,0.0,0,0,40,40
POLICY_VALIDATION,BALANCED,REPAIR,0.0,144,0.2,1,1,0.0,0.0,0.0,1.0,1.0,0.0,1.0,0.0,0.0,0,0,1,1
POLICY_VALIDATION,BALANCED,REPAIR,0.0,144,0.2,1,5,0.0,0.0,0.0,1.0,1.0,0.0,1.0,0.0,0.0,0,0,1,1
POLICY_VALIDATION,BALANCED,REPAIR,0.0,144,0.2,12,5,0.0,0.0,0.0,1.0,1.0,0.0,0.9166666666666666,0.0,0.0,0,0,12,12
POLICY_VALIDATION,BALANCED,REPAIR,0.0,144,0.2,40,1,0.0,0.0,0.0,1.0,1.0,0.0,0.9,0.0,0.0,0,0,40,40
POLICY_VALIDATION,BALANCED,REPAIR,0.0,144,0.2,40,3,0.0,0.0,0.0,1.0,1.0,0.0,0.9083333333333333,0.0,0.0,0,0,120,120
POLICY_VALIDATION,BALANCED,REPAIR,0.0,144,0.9,1,3,0.0,0.0,0.0,1.0,1.0,0.0,1.0,0.0,0.0,0,0,2,2
POLICY_VALIDATION,BALANCED,REPAIR,0.0,144,0.9,12,1,0.0,0.0,0.0,1.0,1.0,0.0,0.9722222222222222,0.0,0.0,0,0,36,36
POLICY_VALIDATION,BALANCED,REPAIR,0.0,144,0.9,40,1,0.0,0.0,0.0,1.0,1.0,0.0,1.0,0.0,0.0,0,0,40,40
POLICY_VALIDATION,BALANCED,REPAIR,0.0,144,0.9,40,5,0.0,0.0,0.0,1.0,1.0,0.0,1.0,0.0,0.0,0,0,40,40
POLICY_VALIDATION,BALANCED,REPAIR,0.035,18,0.6,1,5,0.0,0.0,0.0,1.0,1.0,0.0,0.6666666666666666,0.0,0.0,0,3,0,3
POLICY_VALIDATION,BALANCED,REPAIR,0.035,18,0.6,12,1,0.0,0.0,0.0,1.0,1.0,0.0,0.8333333333333334,0.0,0.0,0,6,6,12
POLICY_VALIDATION,BALANCED,REPAIR,0.035,18,0.6,12,3,0.0,0.0,0.0,1.0,1.0,0.0,1.0,0.0,0.0,0,6,6,12
POLICY_VALIDATION,BALANCED,REPAIR,0.035,18,0.6,40,1,0.0,0.0,0.0,1.0,1.0,0.0,0.925,0.0,0.0,0,40,40,80
POLICY_VALIDATION,BALANCED,REPAIR,0.035,18,0.9,1,1,0.0,0.0,0.0,1.0,1.0,0.0,1.0,0.0,0.0,0,1,0,1
POLICY_VALIDATION,BALANCED,REPAIR,0.035,18,0.9,1,3,0.0,0.0,0.0,1.0,1.0,0.0,0.0,0.0,0.0,0,1,0,1
POLICY_VALIDATION,BALANCED,REPAIR,0.035,18,0.9,12,1,0.0,0.0,0.0,1.0,1.0,0.0,0.9166666666666666,0.0,0.0,0,6,6,12
POLICY_VALIDATION,BALANCED,REPAIR,0.035,18,0.9,12,5,0.0,0.0,0.0,1.0,1.0,0.0,1.0,0.0,0.0,0,6,6,12
POLICY_VALIDATION,BALANCED,REPAIR,0.035,18,0.9,40,3,0.0,0.0,0.0,1.0,1.0,0.0,1.0,0.0,0.0,0,40,40,80
POLICY_VALIDATION,BALANCED,REPAIR,0.035,54,0.6,1,3,0.0,0.0,0.0,1.0,1.0,0.0,0.5,0.0,0.0,0,2,0,2
POLICY_VALIDATION,BALANCED,REPAIR,0.035,54,0.6,12,1,0.0,0.0,0.0,1.0,1.0,0.0,0.9166666666666666,0.0,0.0,0,18,18,36
POLICY_VALIDATION,BALANCED,REPAIR,0.035,54,0.6,40,5,0.0,0.0,0.0,1.0,1.0,0.0,0.85,0.0,0.0,0,20,20,40
POLICY_VALIDATION,BALANCED,REPAIR,0.035,54,0.9,1,5,0.0,0.0,0.0,1.0,1.0,0.0,1.0,0.0,0.0,0,3,0,3
POLICY_VALIDATION,BALANCED,REPAIR,0.035,54,0.9,12,3,0.0,0.0,0.0,1.0,1.0,0.0,0.6666666666666666,0.0,0.0,0,6,6,12
POLICY_VALIDATION,BALANCED,REPAIR,0.035,54,0.9,40,1,0.0,0.0,0.5,0.75,0.5,0.014882293442588252,0.9625,1.0,0.5,20,40,40,80
POLICY_VALIDATION,BALANCED,REPAIR,0.035,54,0.9,40,3,0.0,0.0,0.0,1.0,1.0,0.0,1.0,0.0,0.0,0,20,20,40
POLICY_VALIDATION,BALANCED,REPAIR,0.035,144,0.6,1,1,0.0,0.0,0.0,1.0,1.0,0.0,1.0,0.0,0.0,0,1,0,1
POLICY_VALIDATION,BALANCED,REPAIR,0.035,144,0.6,1,5,0.0,0.0,0.0,1.0,1.0,0.0,1.0,0.0,0.0,0,1,0,1
POLICY_VALIDATION,BALANCED,REPAIR,0.035,144,0.6,12,5,0.0,0.0,0.0,1.0,1.0,0.0,0.9166666666666666,0.0,0.0,0,6,6,12
POLICY_VALIDATION,BALANCED,REPAIR,0.035,144,0.6,40,1,0.0,0.0,0.0,1.0,1.0,0.0,1.0,0.0,0.0,0,20,20,40
POLICY_VALIDATION,BALANCED,REPAIR,0.035,144,0.6,40,3,0.0,0.0,0.3,0.85,0.7,0.011800589428805729,0.9333333333333333,1.0,0.3,18,60,60,120
POLICY_VALIDATION,BALANCED,REPAIR,0.035,144,0.9,1,3,0.0,0.0,0.0,1.0,1.0,0.0,1.0,0.0,0.0,0,1,0,1
POLICY_VALIDATION,BALANCED,REPAIR,0.035,144,0.9,1,5,0.0,0.0,0.5,0.5,0.5,0.0006867222383653004,1.0,1.0,0.5,1,2,0,2
POLICY_VALIDATION,BALANCED,REPAIR,0.035,144,0.9,12,1,0.0,0.0,0.3333333333333333,0.8333333333333334,0.6666666666666667,0.001258778435391823,0.9166666666666666,1.0,0.3333333333333333,6,18,18,36
POLICY_VALIDATION,BALANCED,REPAIR,0.035,144,0.9,40,1,0.0,0.0,0.0,1.0,1.0,0.0,1.0,0.0,0.0,0,20,20,40
POLICY_VALIDATION,BALANCED,REPAIR,0.075,18,0.2,1,3,0.0,0.0,0.0,1.0,1.0,0.0,1.0,0.0,0.0,0,1,0,1
POLICY_VALIDATION,BALANCED,REPAIR,0.075,18,0.2,12,1,0.0,0.0,0.0,1.0,1.0,0.0,0.875,0.0,0.0,0,12,12,24
POLICY_VALIDATION,BALANCED,REPAIR,0.075,18,0.2,12,5,0.0,0.0,0.0,1.0,1.0,0.0,0.9166666666666666,0.0,0.0,0,6,6,12
POLICY_VALIDATION,BALANCED,REPAIR,0.075,18,0.2,40,3,0.0,0.0,0.0,1.0,1.0,0.0,0.9875,0.0,0.0,0,40,40,80
POLICY_VALIDATION,BALANCED,REPAIR,0.075,18,0.6,1,5,0.0,0.0,0.0,1.0,1.0,0.0,1.0,0.0,0.0,0,3,0,3
POLICY_VALIDATION,BALANCED,REPAIR,0.075,18,0.6,12,3,0.0,0.0,0.0,1.0,1.0,0.0,0.875,0.0,0.0,0,12,12,24
POLICY_VALIDATION,BALANCED,REPAIR,0.075,18,0.6,40,1,0.0,0.0,0.0,1.0,1.0,0.0,0.9,0.0,0.0,0,40,40,80
POLICY_VALIDATION,BALANCED,REPAIR,0.075,54,0.2,1,5,0.0,0.0,0.5,0.5,0.5,0.012432141119947601,1.0,1.0,0.5,1,2,0,2
POLICY_VALIDATION,BALANCED,REPAIR,0.075,54,0.2,12,3,0.0,0.0,0.0,1.0,1.0,0.0,1.0,0.0,0.0,0,6,6,12
POLICY_VALIDATION,BALANCED,REPAIR,0.075,54,0.2,12,5,0.0,0.0,0.0,1.0,1.0,0.0,0.9166666666666666,0.0,0.0,0,6,6,12
POLICY_VALIDATION,BALANCED,REPAIR,0.075,54,0.2,40,1,0.0,0.0,0.0,1.0,1.0,0.0,0.95,0.0,0.0,0,20,20,40
POLICY_VALIDATION,BALANCED,REPAIR,0.075,54,0.2,40,3,0.0,0.0,0.0,1.0,1.0,0.0,0.825,0.0,0.0,0,40,40,80
POLICY_VALIDATION,BALANCED,REPAIR,0.075,54,0.6,1,3,0.0,0.0,0.5,0.5,0.5,0.03232075027227842,1.0,1.0,0.5,1,2,0,2
POLICY_VALIDATION,BALANCED,REPAIR,0.075,54,0.6,12,1,0.0,0.0,0.3333333333333333,0.8333333333333334,0.6666666666666667,0.015484892981821513,0.9166666666666666,1.0,0.3333333333333333,6,18,18,36
POLICY_VALIDATION,BALANCED,REPAIR,0.075,54,0.6,40,5,0.0,0.0,0.0,1.0,1.0,0.0,0.975,0.0,0.0,0,20,20,40
POLICY_VALIDATION,BALANCED,REPAIR,0.075,144,0.2,1,3,0.0,0.0,0.0,1.0,1.0,0.0,1.0,0.0,0.0,0,1,0,1
POLICY_VALIDATION,BALANCED,REPAIR,0.075,144,0.2,1,5,0.0,0.0,0.0,1.0,1.0,0.0,1.0,0.0,0.0,0,2,0,2
POLICY_VALIDATION,BALANCED,REPAIR,0.075,144,0.2,12,1,0.0,0.0,0.0,1.0,1.0,0.0,0.8333333333333334,0.0,0.0,0,12,12,24
POLICY_VALIDATION,BALANCED,REPAIR,0.075,144,0.2,12,3,0.0,0.0,0.0,1.0,1.0,0.0,0.75,0.0,0.0,0,6,6,12
POLICY_VALIDATION,BALANCED,REPAIR,0.075,144,0.2,40,1,0.0,0.0,0.0,1.0,1.0,0.0,0.95,0.0,0.0,0,20,20,40
POLICY_VALIDATION,BALANCED,REPAIR,0.075,144,0.6,1,1,0.0,0.0,1.0,0.0,0.0,0.0036067611097082425,1.0,1.0,1.0,1,1,0,1
POLICY_VALIDATION,BALANCED,REPAIR,0.075,144,0.6,12,5,0.0,0.0,0.5,0.75,0.5,0.0056602817703893344,1.0,1.0,0.5,6,12,12,24
POLICY_VALIDATION,BALANCED,REPAIR,0.075,144,0.6,40,3,0.0,0.0,0.725,0.6375,0.275,0.012054939797979777,0.7875,1.0,0.725,58,80,80,160
POLICY_VALIDATION,BALANCED,THRESHOLD_PASS,0.0,18,0.2,1,3,0.0,0.0,0.0,1.0,1.0,0.0,1.0,0.0,0.0,0,0,1,1
POLICY_VALIDATION,BALANCED,THRESHOLD_PASS,0.0,18,0.2,1,5,0.0,0.0,0.0,1.0,1.0,0.0,1.0,0.0,0.0,0,0,2,2
POLICY_VALIDATION,BALANCED,THRESHOLD_PASS,0.0,18,0.2,12,1,0.0,0.0,0.0,1.0,1.0,0.0,0.9166666666666666,0.0,0.0,0,0,12,12
POLICY_VALIDATION,BALANCED,THRESHOLD_PASS,0.0,18,0.2,12,3,0.0,0.0,0.0,1.0,1.0,0.0,0.9166666666666666,0.0,0.0,0,0,12,12
POLICY_VALIDATION,BALANCED,THRESHOLD_PASS,0.0,18,0.2,40,1,0.0,0.0,0.0,1.0,1.0,0.0,0.9375,0.0,0.0,0,0,80,80
POLICY_VALIDATION,BALANCED,THRESHOLD_PASS,0.0,18,0.9,1,1,0.0,0.0,0.0,1.0,1.0,0.0,1.0,0.0,0.0,0,0,1,1
POLICY_VALIDATION,BALANCED,THRESHOLD_PASS,0.0,18,0.9,12,1,0.0,0.0,0.0,1.0,1.0,0.0,1.0,0.0,0.0,0,0,12,12
POLICY_VALIDATION,BALANCED,THRESHOLD_PASS,0.0,18,0.9,12,5,0.0,0.0,0.0,1.0,1.0,0.0,1.0,0.0,0.0,0,0,12,12
POLICY_VALIDATION,BALANCED,THRESHOLD_PASS,0.0,18,0.9,40,3,0.0,0.0,0.0,1.0,1.0,0.0,1.0,0.0,0.0,0,0,120,120
POLICY_VALIDATION,BALANCED,THRESHOLD_PASS,0.0,54,0.2,1,3,0.0,0.0,0.0,1.0,1.0,0.0,1.0,0.0,0.0,0,0,1,1
POLICY_VALIDATION,BALANCED,THRESHOLD_PASS,0.0,54,0.2,12,1,0.0,0.0,0.0,1.0,1.0,0.0,0.8888888888888888,0.0,0.0,0,0,36,36
POLICY_VALIDATION,BALANCED,THRESHOLD_PASS,0.0,54,0.2,40,3,0.0125,0.036846393470080945,0.0,0.9875,1.0,0.03838671414498735,0.775,0.0,0.0,1,0,80,80
POLICY_VALIDATION,BALANCED,THRESHOLD_PASS,0.0,54,0.9,1,5,0.0,0.0,0.0,1.0,1.0,0.0,1.0,0.0,0.0,0,0,3,3
POLICY_VALIDATION,BALANCED,THRESHOLD_PASS,0.0,54,0.9,12,3,0.0,0.0,0.0,1.0,1.0,0.0,1.0,0.0,0.0,0,0,12,12
POLICY_VALIDATION,BALANCED,THRESHOLD_PASS,0.0,54,0.9,40,1,0.0,0.0,0.0,1.0,1.0,0.0,1.0,0.0,0.0,0,0,80,80
POLICY_VALIDATION,BALANCED,THRESHOLD_PASS,0.0,54,0.9,40,3,0.0,0.0,0.0,1.0,1.0,0.0,1.0,0.0,0.0,0,0,40,40
POLICY_VALIDATION,BALANCED,THRESHOLD_PASS,0.0,144,0.2,1,1,0.0,0.0,0.0,1.0,1.0,0.0,1.0,0.0,0.0,0,0,1,1
POLICY_VALIDATION,BALANCED,THRESHOLD_PASS,0.0,144,0.2,1,5,1.0,1.0,0.0,0.0,1.0,0.0360891421626411,0.0,0.0,0.0,1,0,1,1
POLICY_VALIDATION,BALANCED,THRESHOLD_PASS,0.0,144,0.2,12,5,0.0,0.0,0.0,1.0,1.0,0.0,0.9166666666666666,0.0,0.0,0,0,12,12
POLICY_VALIDATION,BALANCED,THRESHOLD_PASS,0.0,144,0.2,40,1,0.0,0.0,0.0,1.0,1.0,0.0,0.95,0.0,0.0,0,0,40,40
POLICY_VALIDATION,BALANCED,THRESHOLD_PASS,0.0,144,0.2,40,3,0.0,0.0,0.0,1.0,1.0,0.0,0.9333333333333333,0.0,0.0,0,0,120,120
POLICY_VALIDATION,BALANCED,THRESHOLD_PASS,0.0,144,0.9,1,3,0.0,0.0,0.0,1.0,1.0,0.0,1.0,0.0,0.0,0,0,2,2
POLICY_VALIDATION,BALANCED,THRESHOLD_PASS,0.0,144,0.9,12,1,0.0,0.0,0.0,1.0,1.0,0.0,1.0,0.0,0.0,0,0,36,36
POLICY_VALIDATION,BALANCED,THRESHOLD_PASS,0.0,144,0.9,40,1,0.0,0.0,0.0,1.0,1.0,0.0,1.0,0.0,0.0,0,0,40,40
POLICY_VALIDATION,BALANCED,THRESHOLD_PASS,0.0,144,0.9,40,5,0.0,0.0,0.0,1.0,1.0,0.0,1.0,0.0,0.0,0,0,40,40
POLICY_VALIDATION,BALANCED,THRESHOLD_PASS,0.035,18,0.6,1,5,0.0,0.0,0.0,1.0,1.0,0.0,1.0,0.0,0.0,0,3,0,3
POLICY_VALIDATION,BALANCED,THRESHOLD_PASS,0.035,18,0.6,12,1,0.0,0.0,0.0,1.0,1.0,0.0,0.8333333333333334,0.0,0.0,0,6,6,12
POLICY_VALIDATION,BALANCED,THRESHOLD_PASS,0.035,18,0.6,12,3,0.0,0.0,0.0,1.0,1.0,0.0,0.9166666666666666,0.0,0.0,0,6,6,12
POLICY_VALIDATION,BALANCED,THRESHOLD_PASS,0.035,18,0.6,40,1,0.0,0.0,0.0,1.0,1.0,0.0,0.6375,0.0,0.0,0,40,40,80
POLICY_VALIDATION,BALANCED,THRESHOLD_PASS,0.035,18,0.9,1,1,0.0,0.0,0.0,1.0,1.0,0.0,1.0,0.0,0.0,0,1,0,1
POLICY_VALIDATION,BALANCED,THRESHOLD_PASS,0.035,18,0.9,1,3,0.0,0.0,0.0,1.0,1.0,0.0,0.0,0.0,0.0,0,1,0,1
POLICY_VALIDATION,BALANCED,THRESHOLD_PASS,0.035,18,0.9,12,1,0.0,0.0,0.0,1.0,1.0,0.0,1.0,0.0,0.0,0,6,6,12
POLICY_VALIDATION,BALANCED,THRESHOLD_PASS,0.035,18,0.9,12,5,0.0,0.0,0.0,1.0,1.0,0.0,1.0,0.0,0.0,0,6,6,12
POLICY_VALIDATION,BALANCED,THRESHOLD_PASS,0.035,18,0.9,40,3,0.0,0.0,0.0,1.0,1.0,0.0,0.9625,0.0,0.0,0,40,40,80
POLICY_VALIDATION,BALANCED,THRESHOLD_PASS,0.035,54,0.6,1,3,0.0,0.0,0.0,1.0,1.0,0.0,0.5,0.0,0.0,0,2,0,2
POLICY_VALIDATION,BALANCED,THRESHOLD_PASS,0.035,54,0.6,12,1,0.0,0.0,0.0,1.0,1.0,0.0,0.8888888888888888,0.0,0.0,0,18,18,36
POLICY_VALIDATION,BALANCED,THRESHOLD_PASS,0.035,54,0.6,40,5,0.0,0.0,0.0,1.0,1.0,0.0,0.875,0.0,0.0,0,20,20,40
POLICY_VALIDATION,BALANCED,THRESHOLD_PASS,0.035,54,0.9,1,5,0.0,0.0,0.0,1.0,1.0,0.0,1.0,0.0,0.0,0,3,0,3
POLICY_VALIDATION,BALANCED,THRESHOLD_PASS,0.035,54,0.9,12,3,0.0,0.0,0.0,1.0,1.0,0.0,1.0,0.0,0.0,0,6,6,12
POLICY_VALIDATION,BALANCED,THRESHOLD_PASS,0.035,54,0.9,40,1,0.0,0.0,0.0,1.0,1.0,0.0,0.9,0.0,0.0,0,40,40,80
POLICY_VALIDATION,BALANCED,THRESHOLD_PASS,0.035,54,0.9,40,3,0.0,0.0,0.0,1.0,1.0,0.0,1.0,0.0,0.0,0,20,20,40
POLICY_VALIDATION,BALANCED,THRESHOLD_PASS,0.035,144,0.6,1,1,0.0,0.0,1.0,0.0,0.0,0.005979528107193079,1.0,1.0,1.0,1,1,0,1
POLICY_VALIDATION,BALANCED,THRESHOLD_PASS,0.035,144,0.6,1,5,0.0,0.0,0.0,1.0,1.0,0.0,1.0,0.0,0.0,0,1,0,1
POLICY_VALIDATION,BALANCED,THRESHOLD_PASS,0.035,144,0.6,12,5,0.0,0.0,1.0,0.5,0.0,0.0025722765779741096,1.0,1.0,1.0,6,6,6,12
POLICY_VALIDATION,BALANCED,THRESHOLD_PASS,0.035,144,0.6,40,1,0.0,0.0,0.0,1.0,1.0,0.0,0.95,0.0,0.0,0,20,20,40
POLICY_VALIDATION,BALANCED,THRESHOLD_PASS,0.035,144,0.6,40,3,0.0,0.0,0.2,0.9,0.8,0.001993919341609465,0.9166666666666666,1.0,0.2,12,60,60,120
POLICY_VALIDATION,BALANCED,THRESHOLD_PASS,0.035,144,0.9,1,3,0.0,0.0,0.0,1.0,1.0,0.0,1.0,0.0,0.0,0,1,0,1
POLICY_VALIDATION,BALANCED,THRESHOLD_PASS,0.035,144,0.9,1,5,0.0,0.0,0.5,0.5,0.5,0.009328790393736554,1.0,1.0,0.5,1,2,0,2
POLICY_VALIDATION,BALANCED,THRESHOLD_PASS,0.035,144,0.9,12,1,0.0,0.0,0.3333333333333333,0.8333333333333334,0.6666666666666667,0.003779316649711433,1.0,1.0,0.3333333333333333,6,18,18,36
POLICY_VALIDATION,BALANCED,THRESHOLD_PASS,0.035,144,0.9,40,1,0.0,0.0,0.0,1.0,1.0,0.0,0.6,0.0,0.0,0,20,20,40
POLICY_VALIDATION,BALANCED,THRESHOLD_PASS,0.075,18,0.2,1,3,0.0,0.0,0.0,1.0,1.0,0.0,0.0,0.0,0.0,0,1,0,1
POLICY_VALIDATION,BALANCED,THRESHOLD_PASS,0.075,18,0.2,12,1,0.0,0.0,0.0,1.0,1.0,0.0,0.75,0.0,0.0,0,12,12,24
POLICY_VALIDATION,BALANCED,THRESHOLD_PASS,0.075,18,0.2,12,5,0.0,0.0,0.0,1.0,1.0,0.0,0.9166666666666666,0.0,0.0,0,6,6,12
POLICY_VALIDATION,BALANCED,THRESHOLD_PASS,0.075,18,0.2,40,3,0.0,0.0,0.0,1.0,1.0,0.0,0.95,0.0,0.0,0,40,40,80
POLICY_VALIDATION,BALANCED,THRESHOLD_PASS,0.075,18,0.6,1,5,0.0,0.0,0.0,1.0,1.0,0.0,1.0,0.0,0.0,0,3,0,3
POLICY_VALIDATION,BALANCED,THRESHOLD_PASS,0.075,18,0.6,12,3,0.0,0.0,0.0,1.0,1.0,0.0,0.875,0.0,0.0,0,12,12,24
POLICY_VALIDATION,BALANCED,THRESHOLD_PASS,0.075,18,0.6,40,1,0.0,0.0,0.0,1.0,1.0,0.0,0.9875,0.0,0.0,0,40,40,80
POLICY_VALIDATION,BALANCED,THRESHOLD_PASS,0.075,54,0.2,1,5,0.0,0.0,0.5,0.5,0.5,0.021015149584903234,1.0,1.0,0.5,1,2,0,2
POLICY_VALIDATION,BALANCED,THRESHOLD_PASS,0.075,54,0.2,12,3,0.0,0.0,0.0,1.0,1.0,0.0,0.9166666666666666,0.0,0.0,0,6,6,12
POLICY_VALIDATION,BALANCED,THRESHOLD_PASS,0.075,54,0.2,12,5,0.0,0.0,0.0,1.0,1.0,0.0,1.0,0.0,0.0,0,6,6,12
POLICY_VALIDATION,BALANCED,THRESHOLD_PASS,0.075,54,0.2,40,1,0.0,0.0,0.0,1.0,1.0,0.0,0.875,0.0,0.0,0,20,20,40
POLICY_VALIDATION,BALANCED,THRESHOLD_PASS,0.075,54,0.2,40,3,0.0,0.0,0.475,0.7625,0.525,0.012920540599570707,0.95,1.0,0.475,19,40,40,80
POLICY_VALIDATION,BALANCED,THRESHOLD_PASS,0.075,54,0.6,1,3,0.0,0.0,0.5,0.5,0.5,0.006180591144102035,1.0,1.0,0.5,1,2,0,2
POLICY_VALIDATION,BALANCED,THRESHOLD_PASS,0.075,54,0.6,12,1,0.0,0.0,0.3333333333333333,0.8333333333333334,0.6666666666666667,0.008209783938304913,0.9722222222222222,1.0,0.3333333333333333,6,18,18,36
POLICY_VALIDATION,BALANCED,THRESHOLD_PASS,0.075,54,0.6,40,5,0.0,0.0,0.0,1.0,1.0,0.0,1.0,0.0,0.0,0,20,20,40
POLICY_VALIDATION,BALANCED,THRESHOLD_PASS,0.075,144,0.2,1,3,0.0,0.0,1.0,0.0,0.0,0.0034128830962323192,1.0,1.0,1.0,1,1,0,1
POLICY_VALIDATION,BALANCED,THRESHOLD_PASS,0.075,144,0.2,1,5,0.0,0.0,0.5,0.5,0.5,0.011379743524569177,1.0,1.0,0.5,1,2,0,2
POLICY_VALIDATION,BALANCED,THRESHOLD_PASS,0.075,144,0.2,12,1,0.0,0.0,0.0,1.0,1.0,0.0,0.9166666666666666,0.0,0.0,0,12,12,24
POLICY_VALIDATION,BALANCED,THRESHOLD_PASS,0.075,144,0.2,12,3,0.0,0.0,1.0,0.5,0.0,0.004986195955539001,1.0,1.0,1.0,6,6,6,12
POLICY_VALIDATION,BALANCED,THRESHOLD_PASS,0.075,144,0.2,40,1,0.0,0.0,0.0,1.0,1.0,0.0,0.875,0.0,0.0,0,20,20,40
POLICY_VALIDATION,BALANCED,THRESHOLD_PASS,0.075,144,0.6,1,1,0.0,0.0,1.0,0.0,0.0,0.004407834317268863,1.0,1.0,1.0,1,1,0,1
POLICY_VALIDATION,BALANCED,THRESHOLD_PASS,0.075,144,0.6,12,5,0.0,0.0,0.5,0.75,0.5,0.008211548579211686,1.0,1.0,0.5,6,12,12,24
POLICY_VALIDATION,BALANCED,THRESHOLD_PASS,0.075,144,0.6,40,3,0.0,0.0,0.7375,0.63125,0.26249999999999996,0.006314302792136093,0.95625,1.0,0.7375,59,80,80,160
POLICY_VALIDATION,BALANCED,TOP_K,0.0,18,0.6,1,3,0.0,0.0,0.0,1.0,1.0,0.0,1.0,0.0,0.0,0,0,1,1
POLICY_VALIDATION,BALANCED,TOP_K,0.0,18,0.6,12,1,0.0,0.0,0.0,1.0,1.0,0.0,1.0,0.0,0.0,0,0,24,24
POLICY_VALIDATION,BALANCED,TOP_K,0.0,18,0.6,12,3,0.0,0.0,0.0,1.0,1.0,0.0,1.0,0.0,0.0,0,0,12,12
POLICY_VALIDATION,BALANCED,TOP_K,0.0,18,0.6,40,5,0.0,0.0,0.0,1.0,1.0,0.0,0.8333333333333334,0.0,0.0,0,0,120,120
POLICY_VALIDATION,BALANCED,TOP_K,0.0,18,0.9,1,1,0.0,0.0,0.0,1.0,1.0,0.0,1.0,0.0,0.0,0,0,3,3
POLICY_VALIDATION,BALANCED,TOP_K,0.0,18,0.9,12,3,0.0,0.0,0.0,1.0,1.0,0.0,1.0,0.0,0.0,0,0,24,24
POLICY_VALIDATION,BALANCED,TOP_K,0.0,18,0.9,40,3,0.0,0.0,0.0,1.0,1.0,0.0,0.975,0.0,0.0,0,0,40,40
POLICY_VALIDATION,BALANCED,TOP_K,0.0,54,0.6,1,1,0.0,0.0,0.0,1.0,1.0,0.0,1.0,0.0,0.0,0,0,3,3
POLICY_VALIDATION,BALANCED,TOP_K,0.0,54,0.6,12,1,0.0,0.0,0.0,1.0,1.0,0.0,0.6666666666666666,0.0,0.0,0,0,12,12
POLICY_VALIDATION,BALANCED,TOP_K,0.0,54,0.6,12,5,0.0,0.0,0.0,1.0,1.0,0.0,1.0,0.0,0.0,0,0,12,12
POLICY_VALIDATION,BALANCED,TOP_K,0.0,54,0.6,40,3,0.0,0.0,0.0,1.0,1.0,0.0,0.9125,0.0,0.0,0,0,80,80
POLICY_VALIDATION,BALANCED,TOP_K,0.0,54,0.9,1,5,0.0,0.0,0.0,1.0,1.0,0.0,0.0,0.0,0.0,0,0,1,1
POLICY_VALIDATION,BALANCED,TOP_K,0.0,54,0.9,12,1,0.0,0.0,0.0,1.0,1.0,0.0,0.6666666666666666,0.0,0.0,0,0,12,12
POLICY_VALIDATION,BALANCED,TOP_K,0.0,54,0.9,12,3,0.0,0.0,0.0,1.0,1.0,0.0,0.9722222222222222,0.0,0.0,0,0,36,36
POLICY_VALIDATION,BALANCED,TOP_K,0.0,54,0.9,40,1,0.0,0.0,0.0,1.0,1.0,0.0,1.0,0.0,0.0,0,0,40,40
POLICY_VALIDATION,BALANCED,TOP_K,0.0,54,0.9,40,5,0.0,0.0,0.0,1.0,1.0,0.0,0.825,0.0,0.0,0,0,40,40
POLICY_VALIDATION,BALANCED,TOP_K,0.0,144,0.6,1,1,0.0,0.0,0.0,1.0,1.0,0.0,1.0,0.0,0.0,0,0,1,1
POLICY_VALIDATION,BALANCED,TOP_K,0.0,144,0.6,1,5,0.0,0.0,0.0,1.0,1.0,0.0,1.0,0.0,0.0,0,0,1,1
POLICY_VALIDATION,BALANCED,TOP_K,0.0,144,0.6,12,3,0.0,0.0,0.0,1.0,1.0,0.0,0.9722222222222222,0.0,0.0,0,0,36,36
POLICY_VALIDATION,BALANCED,TOP_K,0.0,144,0.6,40,1,0.0,0.0,0.0,1.0,1.0,0.0,0.925,0.0,0.0,0,0,40,40
POLICY_VALIDATION,BALANCED,TOP_K,0.0,144,0.9,1,1,0.0,0.0,0.0,1.0,1.0,0.0,1.0,0.0,0.0,0,0,1,1
POLICY_VALIDATION,BALANCED,TOP_K,0.0,144,0.9,1,3,0.0,0.0,0.0,1.0,1.0,0.0,1.0,0.0,0.0,0,0,1,1
POLICY_VALIDATION,BALANCED,TOP_K,0.0,144,0.9,12,1,0.0,0.0,0.0,1.0,1.0,0.0,0.875,0.0,0.0,0,0,24,24
POLICY_VALIDATION,BALANCED,TOP_K,0.0,144,0.9,40,3,0.0,0.0,0.0,1.0,1.0,0.0,0.25,0.0,0.0,0,0,40,40
POLICY_VALIDATION,BALANCED,TOP_K,0.0,144,0.9,40,5,0.0,0.0,0.0,1.0,1.0,0.0,0.975,0.0,0.0,0,0,80,80
POLICY_VALIDATION,BALANCED,TOP_K,0.035,18,0.2,1,1,0.0,0.0,0.0,1.0,1.0,0.0,1.0,0.0,0.0,0,3,0,3
POLICY_VALIDATION,BALANCED,TOP_K,0.035,18,0.2,12,5,0.0,0.0,0.0,1.0,1.0,0.0,1.0,0.0,0.0,0,6,6,12
POLICY_VALIDATION,BALANCED,TOP_K,0.035,18,0.2,40,3,0.0,0.0,0.0,1.0,1.0,0.0,0.9125,0.0,0.0,0,40,40,80
POLICY_VALIDATION,BALANCED,TOP_K,0.035,18,0.6,1,3,0.0,0.0,0.0,1.0,1.0,0.0,1.0,0.0,0.0,0,1,0,1
POLICY_VALIDATION,BALANCED,TOP_K,0.035,18,0.6,12,1,0.0,0.0,0.0,1.0,1.0,0.0,0.9583333333333334,0.0,0.0,0,12,12,24
POLICY_VALIDATION,BALANCED,TOP_K,0.035,18,0.6,12,3,0.0,0.0,0.0,1.0,1.0,0.0,0.9166666666666666,0.0,0.0,0,6,6,12
POLICY_VALIDATION,BALANCED,TOP_K,0.035,18,0.6,40,5,0.0,0.0,0.0,1.0,1.0,0.0,0.975,0.0,0.0,0,60,60,120
POLICY_VALIDATION,BALANCED,TOP_K,0.035,54,0.2,1,5,0.0,0.0,1.0,0.0,0.0,0.0008358891143206218,1.0,1.0,1.0,1,1,0,1
POLICY_VALIDATION,BALANCED,TOP_K,0.035,54,0.2,12,1,0.0,0.0,0.0,1.0,1.0,0.0,0.8333333333333334,0.0,0.0,0,6,6,12
POLICY_VALIDATION,BALANCED,TOP_K,0.035,54,0.2,12,3,0.0,0.0,0.05555555555555555,0.9722222222222222,0.9444444444444444,0.051146516645707546,0.8888888888888888,1.0,0.05555555555555555,1,18,18,36
POLICY_VALIDATION,BALANCED,TOP_K,0.035,54,0.2,40,1,0.0,0.0,0.55,0.725,0.44999999999999996,0.006323370620471571,0.975,1.0,0.55,11,20,20,40
POLICY_VALIDATION,BALANCED,TOP_K,0.035,54,0.2,40,5,0.0,0.0,0.0,1.0,1.0,0.0,0.925,0.0,0.0,0,20,20,40
POLICY_VALIDATION,BALANCED,TOP_K,0.035,54,0.6,1,1,0.0,0.0,0.0,1.0,1.0,0.0,1.0,0.0,0.0,0,3,0,3
POLICY_VALIDATION,BALANCED,TOP_K,0.035,54,0.6,12,1,0.0,0.0,0.0,1.0,1.0,0.0,0.9166666666666666,0.0,0.0,0,6,6,12
POLICY_VALIDATION,BALANCED,TOP_K,0.035,54,0.6,40,3,0.0,0.0,0.0,1.0,1.0,0.0,0.45,0.0,0.0,0,20,20,40
POLICY_VALIDATION,BALANCED,TOP_K,0.035,54,0.6,40,5,0.0,0.0,0.5,0.75,0.5,0.007210306386678372,0.9,1.0,0.5,20,40,40,80
POLICY_VALIDATION,BALANCED,TOP_K,0.035,144,0.2,1,1,0.0,0.0,0.0,1.0,1.0,0.0,1.0,0.0,0.0,0,1,0,1
POLICY_VALIDATION,BALANCED,TOP_K,0.035,144,0.2,1,3,0.0,0.0,0.0,1.0,1.0,0.0,0.0,0.0,0.0,0,1,0,1
POLICY_VALIDATION,BALANCED,TOP_K,0.035,144,0.2,12,1,0.0,0.0,0.4166666666666667,0.7916666666666666,0.5833333333333333,0.0030624173654018954,0.9583333333333334,1.0,0.4166666666666667,5,12,12,24
POLICY_VALIDATION,BALANCED,TOP_K,0.035,144,0.2,40,5,0.016666666666666666,0.049059967300068105,0.6666666666666666,0.6583333333333333,0.33333333333333337,0.0052959873096627315,0.9083333333333333,0.975609756097561,0.6666666666666666,41,60,60,120
POLICY_VALIDATION,BALANCED,TOP_K,0.035,144,0.6,1,1,0.0,0.0,1.0,0.0,0.0,0.03323424972002055,0.0,1.0,1.0,1,1,0,1
POLICY_VALIDATION,BALANCED,TOP_K,0.035,144,0.6,1,5,0.0,0.0,1.0,0.0,0.0,0.0014420106459954105,1.0,1.0,1.0,1,1,0,1
POLICY_VALIDATION,BALANCED,TOP_K,0.035,144,0.6,12,3,0.0,0.0,0.4166666666666667,0.7916666666666666,0.5833333333333333,0.022037500056607793,0.9583333333333334,1.0,0.4166666666666667,5,12,12,24
POLICY_VALIDATION,BALANCED,TOP_K,0.035,144,0.6,40,1,0.0,0.0,1.0,0.5,0.0,0.003308670536562949,0.95,1.0,1.0,20,20,20,40
POLICY_VALIDATION,BALANCED,TOP_K,0.035,144,0.6,40,3,0.0,0.0,1.0,0.5,0.0,0.0025265000406398475,0.975,1.0,1.0,20,20,20,40
POLICY_VALIDATION,BALANCED,TOP_K,0.075,18,0.2,1,1,0.0,0.0,0.0,1.0,1.0,0.0,1.0,0.0,0.0,0,3,0,3
POLICY_VALIDATION,BALANCED,TOP_K,0.075,18,0.2,12,5,0.0,0.0,0.0,1.0,1.0,0.0,0.75,0.0,0.0,0,6,6,12
POLICY_VALIDATION,BALANCED,TOP_K,0.075,18,0.2,40,3,0.0,0.0,0.0,1.0,1.0,0.0,0.8875,0.0,0.0,0,40,40,80
POLICY_VALIDATION,BALANCED,TOP_K,0.075,18,0.9,1,3,0.0,0.0,0.0,1.0,1.0,0.0,1.0,0.0,0.0,0,1,0,1
POLICY_VALIDATION,BALANCED,TOP_K,0.075,18,0.9,1,5,0.0,0.0,0.0,1.0,1.0,0.0,1.0,0.0,0.0,0,1,0,1
POLICY_VALIDATION,BALANCED,TOP_K,0.075,18,0.9,12,1,0.0,0.0,0.0,1.0,1.0,0.0,1.0,0.0,0.0,0,6,6,12
POLICY_VALIDATION,BALANCED,TOP_K,0.075,18,0.9,12,3,0.0,0.0,0.0,1.0,1.0,0.0,0.8333333333333334,0.0,0.0,0,12,12,24
POLICY_VALIDATION,BALANCED,TOP_K,0.075,18,0.9,40,5,0.0,0.0,0.0,1.0,1.0,0.0,0.625,0.0,0.0,0,40,40,80
POLICY_VALIDATION,BALANCED,TOP_K,0.075,54,0.2,1,5,0.0,0.0,0.5,0.5,0.5,0.015815173395931803,1.0,1.0,0.5,1,2,0,2
POLICY_VALIDATION,BALANCED,TOP_K,0.075,54,0.2,12,3,0.0,0.0,0.5833333333333334,0.7083333333333333,0.41666666666666663,0.014617644805640772,0.875,1.0,0.5833333333333334,14,24,24,48
POLICY_VALIDATION,BALANCED,TOP_K,0.075,54,0.2,40,1,0.0,0.0,1.0,0.5,0.0,0.015472316856860523,0.85,1.0,1.0,20,20,20,40
POLICY_VALIDATION,BALANCED,TOP_K,0.075,54,0.9,1,1,0.0,0.0,0.0,1.0,1.0,0.0,0.5,0.0,0.0,0,2,0,2
POLICY_VALIDATION,BALANCED,TOP_K,0.075,54,0.9,1,3,0.0,0.0,1.0,0.0,0.0,0.022098590748925104,1.0,1.0,1.0,1,1,0,1
POLICY_VALIDATION,BALANCED,TOP_K,0.075,54,0.9,12,1,0.0,0.0,0.0,1.0,1.0,0.0,1.0,0.0,0.0,0,6,6,12
POLICY_VALIDATION,BALANCED,TOP_K,0.075,54,0.9,40,3,0.0,0.0,1.0,0.5,0.0,0.00237304372198618,1.0,1.0,1.0,20,20,20,40
POLICY_VALIDATION,BALANCED,TOP_K,0.075,54,0.9,40,5,0.0,0.0,0.5,0.75,0.5,0.006106327830819265,1.0,1.0,0.5,20,40,40,80
POLICY_VALIDATION,BALANCED,TOP_K,0.075,144,0.2,1,3,0.0,0.0,0.0,1.0,1.0,0.0,1.0,0.0,0.0,0,2,0,2
POLICY_VALIDATION,BALANCED,TOP_K,0.075,144,0.2,12,1,0.0,0.0,0.5,0.75,0.5,0.0045545358615642585,0.9583333333333334,1.0,0.5,6,12,12,24
POLICY_VALIDATION,BALANCED,TOP_K,0.075,144,0.2,40,5,0.0,0.0,0.3333333333333333,0.8333333333333334,0.6666666666666667,0.004687114242882801,0.9,1.0,0.3333333333333333,20,60,60,120
POLICY_VALIDATION,BALANCED,TOP_K,0.075,144,0.9,1,1,0.0,0.0,0.5,0.5,0.5,0.019610615727292995,1.0,1.0,0.5,1,2,0,2
POLICY_VALIDATION,BALANCED,TOP_K,0.075,144,0.9,1,5,0.0,0.0,0.0,1.0,1.0,0.0,1.0,0.0,0.0,0,1,0,1
POLICY_VALIDATION,BALANCED,TOP_K,0.075,144,0.9,12,3,0.0,0.0,0.4166666666666667,0.7916666666666666,0.5833333333333333,0.023104228966005454,0.7916666666666666,1.0,0.4166666666666667,5,12,12,24
POLICY_VALIDATION,BALANCED,TOP_K,0.075,144,0.9,40,3,0.0,0.0,1.0,0.5,0.0,0.0013334601825753585,1.0,1.0,1.0,20,20,20,40
POLICY_VALIDATION,BALANCED,TRANSPORT,0.0,18,0.6,1,3,0.0,0.0,0.0,1.0,1.0,0.0,0.0,0.0,0.0,0,0,1,1
POLICY_VALIDATION,BALANCED,TRANSPORT,0.0,18,0.6,12,1,0.0,0.0,0.0,1.0,1.0,0.0,0.9166666666666666,0.0,0.0,0,0,24,24
POLICY_VALIDATION,BALANCED,TRANSPORT,0.0,18,0.6,12,3,0.0,0.0,0.0,1.0,1.0,0.0,1.0,0.0,0.0,0,0,12,12
POLICY_VALIDATION,BALANCED,TRANSPORT,0.0,18,0.6,40,5,0.0,0.0,0.0,1.0,1.0,0.0,0.6666666666666666,0.0,0.0,0,0,120,120
POLICY_VALIDATION,BALANCED,TRANSPORT,0.0,18,0.9,1,1,0.0,0.0,0.0,1.0,1.0,0.0,1.0,0.0,0.0,0,0,3,3
POLICY_VALIDATION,BALANCED,TRANSPORT,0.0,18,0.9,12,3,0.0,0.0,0.0,1.0,1.0,0.0,0.9583333333333334,0.0,0.0,0,0,24,24
POLICY_VALIDATION,BALANCED,TRANSPORT,0.0,18,0.9,40,3,0.0,0.0,0.0,1.0,1.0,0.0,0.2,0.0,0.0,0,0,40,40
POLICY_VALIDATION,BALANCED,TRANSPORT,0.0,54,0.6,1,1,0.0,0.0,0.0,1.0,1.0,0.0,1.0,0.0,0.0,0,0,3,3
POLICY_VALIDATION,BALANCED,TRANSPORT,0.0,54,0.6,12,1,0.0,0.0,0.0,1.0,1.0,0.0,0.8333333333333334,0.0,0.0,0,0,12,12
POLICY_VALIDATION,BALANCED,TRANSPORT,0.0,54,0.6,12,5,0.0,0.0,0.0,1.0,1.0,0.0,0.75,0.0,0.0,0,0,12,12
POLICY_VALIDATION,BALANCED,TRANSPORT,0.0,54,0.6,40,3,0.0,0.0,0.0,1.0,1.0,0.0,1.0,0.0,0.0,0,0,80,80
POLICY_VALIDATION,BALANCED,TRANSPORT,0.0,54,0.9,1,5,0.0,0.0,0.0,1.0,1.0,0.0,1.0,0.0,0.0,0,0,1,1
POLICY_VALIDATION,BALANCED,TRANSPORT,0.0,54,0.9,12,1,0.0,0.0,0.0,1.0,1.0,0.0,1.0,0.0,0.0,0,0,12,12
POLICY_VALIDATION,BALANCED,TRANSPORT,0.0,54,0.9,12,3,0.0,0.0,0.0,1.0,1.0,0.0,0.8611111111111112,0.0,0.0,0,0,36,36
POLICY_VALIDATION,BALANCED,TRANSPORT,0.0,54,0.9,40,1,0.0,0.0,0.0,1.0,1.0,0.0,1.0,0.0,0.0,0,0,40,40
POLICY_VALIDATION,BALANCED,TRANSPORT,0.0,54,0.9,40,5,0.0,0.0,0.0,1.0,1.0,0.0,1.0,0.0,0.0,0,0,40,40
POLICY_VALIDATION,BALANCED,TRANSPORT,0.0,144,0.6,1,1,0.0,0.0,0.0,1.0,1.0,0.0,1.0,0.0,0.0,0,0,1,1
POLICY_VALIDATION,BALANCED,TRANSPORT,0.0,144,0.6,1,5,0.0,0.0,0.0,1.0,1.0,0.0,1.0,0.0,0.0,0,0,1,1
POLICY_VALIDATION,BALANCED,TRANSPORT,0.0,144,0.6,12,3,0.0,0.0,0.0,1.0,1.0,0.0,0.9444444444444444,0.0,0.0,0,0,36,36
POLICY_VALIDATION,BALANCED,TRANSPORT,0.0,144,0.6,40,1,0.0,0.0,0.0,1.0,1.0,0.0,0.9,0.0,0.0,0,0,40,40
POLICY_VALIDATION,BALANCED,TRANSPORT,0.0,144,0.9,1,1,0.0,0.0,0.0,1.0,1.0,0.0,1.0,0.0,0.0,0,0,1,1
POLICY_VALIDATION,BALANCED,TRANSPORT,0.0,144,0.9,1,3,0.0,0.0,0.0,1.0,1.0,0.0,1.0,0.0,0.0,0,0,1,1
POLICY_VALIDATION,BALANCED,TRANSPORT,0.0,144,0.9,12,1,0.0,0.0,0.0,1.0,1.0,0.0,0.4583333333333333,0.0,0.0,0,0,24,24
POLICY_VALIDATION,BALANCED,TRANSPORT,0.0,144,0.9,40,3,0.0,0.0,0.0,1.0,1.0,0.0,1.0,0.0,0.0,0,0,40,40
POLICY_VALIDATION,BALANCED,TRANSPORT,0.0,144,0.9,40,5,0.0,0.0,0.0,1.0,1.0,0.0,0.95,0.0,0.0,0,0,80,80
POLICY_VALIDATION,BALANCED,TRANSPORT,0.035,18,0.2,1,1,0.0,0.0,0.0,1.0,1.0,0.0,1.0,0.0,0.0,0,2,1,3
POLICY_VALIDATION,BALANCED,TRANSPORT,0.035,18,0.2,12,5,0.0,0.0,0.0,1.0,1.0,0.0,0.8333333333333334,0.0,0.0,0,6,6,12
POLICY_VALIDATION,BALANCED,TRANSPORT,0.035,18,0.2,40,3,0.0,0.0,0.0,1.0,1.0,0.0,0.95,0.0,0.0,0,40,40,80
POLICY_VALIDATION,BALANCED,TRANSPORT,0.035,18,0.6,1,3,0.0,0.0,0.0,1.0,1.0,0.0,1.0,0.0,0.0,0,1,0,1
POLICY_VALIDATION,BALANCED,TRANSPORT,0.035,18,0.6,12,1,0.0,0.0,0.0,1.0,1.0,0.0,0.9166666666666666,0.0,0.0,0,12,12,24
POLICY_VALIDATION,BALANCED,TRANSPORT,0.035,18,0.6,12,3,0.0,0.0,0.0,1.0,1.0,0.0,0.8333333333333334,0.0,0.0,0,6,6,12
POLICY_VALIDATION,BALANCED,TRANSPORT,0.035,18,0.6,40,5,0.0,0.0,0.0,1.0,1.0,0.0,0.9666666666666667,0.0,0.0,0,60,60,120
POLICY_VALIDATION,BALANCED,TRANSPORT,0.035,54,0.2,1,5,0.0,0.0,1.0,0.0,0.0,0.0031367456483942444,1.0,1.0,1.0,1,1,0,1
POLICY_VALIDATION,BALANCED,TRANSPORT,0.035,54,0.2,12,1,0.0,0.0,0.0,1.0,1.0,0.0,1.0,0.0,0.0,0,0,12,12
POLICY_VALIDATION,BALANCED,TRANSPORT,0.035,54,0.2,12,3,0.0,0.0,0.1111111111111111,0.9444444444444444,0.8888888888888888,0.03574096555539602,0.9444444444444444,1.0,0.1111111111111111,2,18,18,36
POLICY_VALIDATION,BALANCED,TRANSPORT,0.035,54,0.2,40,1,0.0,0.0,0.0,1.0,1.0,0.0,0.975,0.0,0.0,0,0,40,40
POLICY_VALIDATION,BALANCED,TRANSPORT,0.035,54,0.2,40,5,0.0,0.0,0.0,1.0,1.0,0.0,0.95,0.0,0.0,0,20,20,40
POLICY_VALIDATION,BALANCED,TRANSPORT,0.035,54,0.6,1,1,0.0,0.0,0.0,1.0,1.0,0.0,0.6666666666666666,0.0,0.0,0,3,0,3
POLICY_VALIDATION,BALANCED,TRANSPORT,0.035,54,0.6,12,1,0.0,0.0,0.0,1.0,1.0,0.0,0.9166666666666666,0.0,0.0,0,6,6,12
POLICY_VALIDATION,BALANCED,TRANSPORT,0.035,54,0.6,40,3,0.0,0.0,0.0,1.0,1.0,0.0,0.75,0.0,0.0,0,20,20,40
POLICY_VALIDATION,BALANCED,TRANSPORT,0.035,54,0.6,40,5,0.0,0.0,0.325,0.8375,0.675,0.004228657653340058,0.9625,1.0,0.325,13,40,40,80
POLICY_VALIDATION,BALANCED,TRANSPORT,0.035,144,0.2,1,1,0.0,0.0,0.0,1.0,1.0,0.0,1.0,0.0,0.0,0,1,0,1
POLICY_VALIDATION,BALANCED,TRANSPORT,0.035,144,0.2,1,3,0.0,0.0,1.0,0.0,0.0,0.002112772208987604,1.0,1.0,1.0,1,1,0,1
POLICY_VALIDATION,BALANCED,TRANSPORT,0.035,144,0.2,12,1,0.0,0.0,0.0,1.0,1.0,0.0,1.0,0.0,0.0,0,6,18,24
POLICY_VALIDATION,BALANCED,TRANSPORT,0.035,144,0.2,40,5,0.0,0.0,0.6666666666666666,0.6666666666666667,0.33333333333333337,0.004086283746463753,0.9,1.0,0.6666666666666666,40,60,60,120
POLICY_VALIDATION,BALANCED,TRANSPORT,0.035,144,0.6,1,1,0.0,0.0,0.0,1.0,1.0,0.0,1.0,0.0,0.0,0,1,0,1
POLICY_VALIDATION,BALANCED,TRANSPORT,0.035,144,0.6,1,5,0.0,0.0,1.0,0.0,0.0,0.0008964655650744099,1.0,1.0,1.0,1,1,0,1
POLICY_VALIDATION,BALANCED,TRANSPORT,0.035,144,0.6,12,3,0.0,0.0,0.4166666666666667,0.7916666666666666,0.5833333333333333,0.0011228312736315707,1.0,1.0,0.4166666666666667,5,12,12,24
POLICY_VALIDATION,BALANCED,TRANSPORT,0.035,144,0.6,40,1,0.0,0.0,0.0,1.0,1.0,0.0,0.95,0.0,0.0,0,20,20,40
POLICY_VALIDATION,BALANCED,TRANSPORT,0.035,144,0.6,40,3,0.0,0.0,1.0,0.5,0.0,0.008619924718508492,0.9,1.0,1.0,20,20,20,40
POLICY_VALIDATION,BALANCED,TRANSPORT,0.075,18,0.2,1,1,0.0,0.0,0.0,1.0,1.0,0.0,0.6666666666666666,0.0,0.0,0,3,0,3
POLICY_VALIDATION,BALANCED,TRANSPORT,0.075,18,0.2,12,5,0.0,0.0,0.0,1.0,1.0,0.0,1.0,0.0,0.0,0,6,6,12
POLICY_VALIDATION,BALANCED,TRANSPORT,0.075,18,0.2,40,3,0.0,0.0,0.0,1.0,1.0,0.0,0.8875,0.0,0.0,0,40,40,80
POLICY_VALIDATION,BALANCED,TRANSPORT,0.075,18,0.9,1,3,0.0,0.0,0.0,1.0,1.0,0.0,1.0,0.0,0.0,0,1,0,1
POLICY_VALIDATION,BALANCED,TRANSPORT,0.075,18,0.9,1,5,0.0,0.0,0.0,1.0,1.0,0.0,1.0,0.0,0.0,0,1,0,1
POLICY_VALIDATION,BALANCED,TRANSPORT,0.075,18,0.9,12,1,0.0,0.0,0.0,1.0,1.0,0.0,1.0,0.0,0.0,0,6,6,12
POLICY_VALIDATION,BALANCED,TRANSPORT,0.075,18,0.9,12,3,0.0,0.0,0.0,1.0,1.0,0.0,0.9583333333333334,0.0,0.0,0,6,18,24
POLICY_VALIDATION,BALANCED,TRANSPORT,0.075,18,0.9,40,5,0.0,0.0,0.0,1.0,1.0,0.0,1.0,0.0,0.0,0,40,40,80
POLICY_VALIDATION,BALANCED,TRANSPORT,0.075,54,0.2,1,5,0.0,0.0,0.5,0.5,0.5,0.03279289919559912,0.5,1.0,0.5,1,2,0,2
POLICY_VALIDATION,BALANCED,TRANSPORT,0.075,54,0.2,12,3,0.0,0.0,0.75,0.625,0.25,0.01302257354798655,0.875,1.0,0.75,18,24,24,48
POLICY_VALIDATION,BALANCED,TRANSPORT,0.075,54,0.2,40,1,0.0,0.0,0.0,1.0,1.0,0.0,0.95,0.0,0.0,0,20,20,40
POLICY_VALIDATION,BALANCED,TRANSPORT,0.075,54,0.9,1,1,0.0,0.0,0.0,1.0,1.0,0.0,1.0,0.0,0.0,0,2,0,2
POLICY_VALIDATION,BALANCED,TRANSPORT,0.075,54,0.9,1,3,0.0,0.0,0.0,1.0,1.0,0.0,1.0,0.0,0.0,0,0,1,1
POLICY_VALIDATION,BALANCED,TRANSPORT,0.075,54,0.9,12,1,0.0,0.0,0.0,1.0,1.0,0.0,1.0,0.0,0.0,0,6,6,12
POLICY_VALIDATION,BALANCED,TRANSPORT,0.075,54,0.9,40,3,0.0,0.0,0.0,1.0,1.0,0.0,1.0,0.0,0.0,0,0,40,40
POLICY_VALIDATION,BALANCED,TRANSPORT,0.075,54,0.9,40,5,0.025,0.07338362326242218,0.5,0.7375,0.5,0.02487328781963298,0.575,0.9523809523809523,0.5,21,40,40,80
POLICY_VALIDATION,BALANCED,TRANSPORT,0.075,144,0.2,1,3,0.0,0.0,0.5,0.5,0.5,0.006565262051700493,1.0,1.0,0.5,1,2,0,2
POLICY_VALIDATION,BALANCED,TRANSPORT,0.075,144,0.2,12,1,0.0,0.0,0.0,1.0,1.0,0.0,0.9583333333333334,0.0,0.0,0,12,12,24
POLICY_VALIDATION,BALANCED,TRANSPORT,0.075,144,0.2,40,5,0.0,0.0,0.3333333333333333,0.8333333333333334,0.6666666666666667,0.003987399969956164,0.9583333333333334,1.0,0.3333333333333333,20,60,60,120
POLICY_VALIDATION,BALANCED,TRANSPORT,0.075,144,0.9,1,1,0.0,0.0,0.0,1.0,1.0,0.0,1.0,0.0,0.0,0,2,0,2
POLICY_VALIDATION,BALANCED,TRANSPORT,0.075,144,0.9,1,5,0.0,0.0,1.0,0.0,0.0,0.009481792086028368,1.0,1.0,1.0,1,1,0,1
POLICY_VALIDATION,BALANCED,TRANSPORT,0.075,144,0.9,12,3,0.0,0.0,1.0,0.75,0.0,0.018809893405469003,1.0,1.0,1.0,6,6,18,24
POLICY_VALIDATION,BALANCED,TRANSPORT,0.075,144,0.9,40,3,0.0,0.0,1.0,0.5,0.0,0.002190034870334392,1.0,1.0,1.0,20,20,20,40
POLICY_VALIDATION,BALANCED_95CI,ITEM_DIAGNOSTICS,0.0,18,0.2,1,1,0.0,0.0,0.0,1.0,1.0,0.0,1.0,0.0,0.0,0,0,1,1
POLICY_VALIDATION,BALANCED_95CI,ITEM_DIAGNOSTICS,0.0,18,0.2,1,5,0.0,0.0,0.0,1.0,1.0,0.0,1.0,0.0,0.0,0,0,1,1
POLICY_VALIDATION,BALANCED_95CI,ITEM_DIAGNOSTICS,0.0,18,0.2,12,3,0.0,0.0,0.0,1.0,1.0,0.0,0.9583333333333334,0.0,0.0,0,0,24,24
POLICY_VALIDATION,BALANCED_95CI,ITEM_DIAGNOSTICS,0.0,18,0.2,40,1,0.0,0.0,0.0,1.0,1.0,0.0,0.9416666666666667,0.0,0.0,0,0,120,120
POLICY_VALIDATION,BALANCED_95CI,ITEM_DIAGNOSTICS,0.0,18,0.6,1,1,0.0,0.0,0.0,1.0,1.0,0.0,1.0,0.0,0.0,0,0,1,1
POLICY_VALIDATION,BALANCED_95CI,ITEM_DIAGNOSTICS,0.0,18,0.6,1,3,0.0,0.0,0.0,1.0,1.0,0.0,1.0,0.0,0.0,0,0,3,3
POLICY_VALIDATION,BALANCED_95CI,ITEM_DIAGNOSTICS,0.0,18,0.6,12,1,0.0,0.0,0.0,1.0,1.0,0.0,1.0,0.0,0.0,0,0,12,12
POLICY_VALIDATION,BALANCED_95CI,ITEM_DIAGNOSTICS,0.0,18,0.6,12,5,0.0,0.0,0.0,1.0,1.0,0.0,1.0,0.0,0.0,0,0,12,12
POLICY_VALIDATION,BALANCED_95CI,ITEM_DIAGNOSTICS,0.0,18,0.6,40,5,0.0,0.0,0.0,1.0,1.0,0.0,1.0,0.0,0.0,0,0,40,40
POLICY_VALIDATION,BALANCED_95CI,ITEM_DIAGNOSTICS,0.0,54,0.2,1,3,0.0,0.0,0.0,1.0,1.0,0.0,1.0,0.0,0.0,0,0,3,3
POLICY_VALIDATION,BALANCED_95CI,ITEM_DIAGNOSTICS,0.0,54,0.2,12,1,0.0,0.0,0.0,1.0,1.0,0.0,1.0,0.0,0.0,0,0,12,12
POLICY_VALIDATION,BALANCED_95CI,ITEM_DIAGNOSTICS,0.0,54,0.2,40,1,0.0,0.0,0.0,1.0,1.0,0.0,0.95,0.0,0.0,0,0,40,40
POLICY_VALIDATION,BALANCED_95CI,ITEM_DIAGNOSTICS,0.0,54,0.2,40,5,0.025,0.07338362326242218,0.0,0.975,1.0,0.06255299526188639,0.95,0.0,0.0,1,0,40,40
POLICY_VALIDATION,BALANCED_95CI,ITEM_DIAGNOSTICS,0.0,54,0.6,1,1,0.0,0.0,0.0,1.0,1.0,0.0,0.5,0.0,0.0,0,0,2,2
POLICY_VALIDATION,BALANCED_95CI,ITEM_DIAGNOSTICS,0.0,54,0.6,12,3,0.0,0.0,0.0,1.0,1.0,0.0,0.3333333333333333,0.0,0.0,0,0,12,12
POLICY_VALIDATION,BALANCED_95CI,ITEM_DIAGNOSTICS,0.0,54,0.6,12,5,0.0,0.0,0.0,1.0,1.0,0.0,0.9583333333333334,0.0,0.0,0,0,24,24
POLICY_VALIDATION,BALANCED_95CI,ITEM_DIAGNOSTICS,0.0,54,0.6,40,1,0.0,0.0,0.0,1.0,1.0,0.0,0.975,0.0,0.0,0,0,40,40
POLICY_VALIDATION,BALANCED_95CI,ITEM_DIAGNOSTICS,0.0,54,0.6,40,3,0.0,0.0,0.0,1.0,1.0,0.0,0.925,0.0,0.0,0,0,40,40
POLICY_VALIDATION,BALANCED_95CI,ITEM_DIAGNOSTICS,0.0,144,0.2,1,1,0.0,0.0,0.0,1.0,1.0,0.0,1.0,0.0,0.0,0,0,2,2
POLICY_VALIDATION,BALANCED_95CI,ITEM_DIAGNOSTICS,0.0,144,0.2,1,3,0.0,0.0,0.0,1.0,1.0,0.0,1.0,0.0,0.0,0,0,1,1
POLICY_VALIDATION,BALANCED_95CI,ITEM_DIAGNOSTICS,0.0,144,0.2,12,5,0.0,0.0,0.0,1.0,1.0,0.0,0.9444444444444444,0.0,0.0,0,0,36,36
POLICY_VALIDATION,BALANCED_95CI,ITEM_DIAGNOSTICS,0.0,144,0.2,40,3,0.0,0.0,0.0,1.0,1.0,0.0,0.95,0.0,0.0,0,0,40,40
POLICY_VALIDATION,BALANCED_95CI,ITEM_DIAGNOSTICS,0.0,144,0.6,1,3,0.0,0.0,0.0,1.0,1.0,0.0,1.0,0.0,0.0,0,0,2,2
POLICY_VALIDATION,BALANCED_95CI,ITEM_DIAGNOSTICS,0.0,144,0.6,12,3,0.0,0.0,0.0,1.0,1.0,0.0,1.0,0.0,0.0,0,0,12,12
POLICY_VALIDATION,BALANCED_95CI,ITEM_DIAGNOSTICS,0.0,144,0.6,40,1,0.0,0.0,0.0,1.0,1.0,0.0,0.8833333333333333,0.0,0.0,0,0,120,120
POLICY_VALIDATION,BALANCED_95CI,ITEM_DIAGNOSTICS,0.035,18,0.2,1,1,0.0,0.0,0.0,1.0,1.0,0.0,1.0,0.0,0.0,0,1,0,1
POLICY_VALIDATION,BALANCED_95CI,ITEM_DIAGNOSTICS,0.035,18,0.2,12,3,0.0,0.0,0.0,1.0,1.0,0.0,1.0,0.0,0.0,0,6,6,12
POLICY_VALIDATION,BALANCED_95CI,ITEM_DIAGNOSTICS,0.035,18,0.2,12,5,0.0,0.0,0.0,1.0,1.0,0.0,0.9583333333333334,0.0,0.0,0,12,12,24
POLICY_VALIDATION,BALANCED_95CI,ITEM_DIAGNOSTICS,0.035,18,0.2,40,1,0.0,0.0,0.0,1.0,1.0,0.0,0.9666666666666667,0.0,0.0,0,60,60,120
POLICY_VALIDATION,BALANCED_95CI,ITEM_DIAGNOSTICS,0.035,18,0.9,1,1,0.0,0.0,0.0,1.0,1.0,0.0,1.0,0.0,0.0,0,1,0,1
POLICY_VALIDATION,BALANCED_95CI,ITEM_DIAGNOSTICS,0.035,18,0.9,1,3,0.0,0.0,0.0,1.0,1.0,0.0,1.0,0.0,0.0,0,3,0,3
POLICY_VALIDATION,BALANCED_95CI,ITEM_DIAGNOSTICS,0.035,18,0.9,12,1,0.0,0.0,0.0,1.0,1.0,0.0,1.0,0.0,0.0,0,6,6,12
POLICY_VALIDATION,BALANCED_95CI,ITEM_DIAGNOSTICS,0.035,18,0.9,12,5,0.0,0.0,0.0,1.0,1.0,0.0,1.0,0.0,0.0,0,6,6,12
POLICY_VALIDATION,BALANCED_95CI,ITEM_DIAGNOSTICS,0.035,18,0.9,40,5,0.0,0.0,0.0,1.0,1.0,0.0,1.0,0.0,0.0,0,20,20,40
POLICY_VALIDATION,BALANCED_95CI,ITEM_DIAGNOSTICS,0.035,54,0.2,1,3,0.0,0.0,0.0,1.0,1.0,0.0,1.0,0.0,0.0,0,2,0,2
POLICY_VALIDATION,BALANCED_95CI,ITEM_DIAGNOSTICS,0.035,54,0.2,12,1,0.0,0.0,0.8333333333333334,0.5833333333333333,0.16666666666666663,0.00881964337651043,1.0,1.0,0.8333333333333334,5,6,6,12
POLICY_VALIDATION,BALANCED_95CI,ITEM_DIAGNOSTICS,0.035,54,0.2,12,3,0.0,0.0,0.5,0.75,0.5,0.006619522570419219,1.0,1.0,0.5,3,6,6,12
POLICY_VALIDATION,BALANCED_95CI,ITEM_DIAGNOSTICS,0.035,54,0.2,40,1,0.0,0.0,0.0,1.0,1.0,0.0,0.975,0.0,0.0,0,20,20,40
POLICY_VALIDATION,BALANCED_95CI,ITEM_DIAGNOSTICS,0.035,54,0.2,40,5,0.0,0.0,0.25,0.875,0.75,0.030380633325605,0.95,1.0,0.25,5,20,20,40
POLICY_VALIDATION,BALANCED_95CI,ITEM_DIAGNOSTICS,0.035,54,0.9,1,1,0.0,0.0,0.0,1.0,1.0,0.0,0.5,0.0,0.0,0,2,0,2
POLICY_VALIDATION,BALANCED_95CI,ITEM_DIAGNOSTICS,0.035,54,0.9,12,5,0.0,0.0,0.3333333333333333,0.8333333333333334,0.6666666666666667,0.02671338021001986,0.8055555555555556,1.0,0.3333333333333333,6,18,18,36
POLICY_VALIDATION,BALANCED_95CI,ITEM_DIAGNOSTICS,0.035,54,0.9,40,1,0.0,0.0,0.0,1.0,1.0,0.0,1.0,0.0,0.0,0,20,20,40
POLICY_VALIDATION,BALANCED_95CI,ITEM_DIAGNOSTICS,0.035,54,0.9,40,3,0.0,0.0,0.0,1.0,1.0,0.0,0.975,0.0,0.0,0,20,20,40
POLICY_VALIDATION,BALANCED_95CI,ITEM_DIAGNOSTICS,0.035,144,0.2,1,1,0.0,0.0,1.0,0.0,0.0,0.022552029376885597,0.5,1.0,1.0,2,2,0,2
POLICY_VALIDATION,BALANCED_95CI,ITEM_DIAGNOSTICS,0.035,144,0.2,1,3,0.0,0.0,0.0,1.0,1.0,0.0,1.0,0.0,0.0,0,1,0,1
POLICY_VALIDATION,BALANCED_95CI,ITEM_DIAGNOSTICS,0.035,144,0.2,12,5,0.0,0.0,0.0,1.0,1.0,0.0,0.7777777777777778,0.0,0.0,0,18,18,36
POLICY_VALIDATION,BALANCED_95CI,ITEM_DIAGNOSTICS,0.035,144,0.2,40,3,0.0,0.0,0.0,1.0,1.0,0.0,0.975,0.0,0.0,0,20,20,40
POLICY_VALIDATION,BALANCED_95CI,ITEM_DIAGNOSTICS,0.035,144,0.9,1,5,0.0,0.0,0.0,1.0,1.0,0.0,0.0,0.0,0.0,0,1,0,1
POLICY_VALIDATION,BALANCED_95CI,ITEM_DIAGNOSTICS,0.035,144,0.9,12,3,0.0,0.0,0.0,1.0,1.0,0.0,1.0,0.0,0.0,0,12,12,24
POLICY_VALIDATION,BALANCED_95CI,ITEM_DIAGNOSTICS,0.035,144,0.9,40,1,0.0,0.0,0.3333333333333333,0.8333333333333334,0.6666666666666667,0.029213698174629026,0.9666666666666667,1.0,0.3333333333333333,20,60,60,120
POLICY_VALIDATION,BALANCED_95CI,ITEM_DIAGNOSTICS,0.075,18,0.6,1,1,0.0,0.0,0.0,1.0,1.0,0.0,1.0,0.0,0.0,0,1,0,1
POLICY_VALIDATION,BALANCED_95CI,ITEM_DIAGNOSTICS,0.075,18,0.6,12,3,0.0,0.0,0.0,1.0,1.0,0.0,1.0,0.0,0.0,0,6,6,12
POLICY_VALIDATION,BALANCED_95CI,ITEM_DIAGNOSTICS,0.075,18,0.6,12,5,0.0,0.0,0.0,1.0,1.0,0.0,1.0,0.0,0.0,0,12,12,24
POLICY_VALIDATION,BALANCED_95CI,ITEM_DIAGNOSTICS,0.075,18,0.6,40,1,0.0,0.0,0.0,1.0,1.0,0.0,0.9875,0.0,0.0,0,40,40,80
POLICY_VALIDATION,BALANCED_95CI,ITEM_DIAGNOSTICS,0.075,18,0.6,40,3,0.0,0.0,0.0,1.0,1.0,0.0,0.975,0.0,0.0,0,20,20,40
POLICY_VALIDATION,BALANCED_95CI,ITEM_DIAGNOSTICS,0.075,18,0.9,1,3,0.0,0.0,0.0,1.0,1.0,0.0,1.0,0.0,0.0,0,4,0,4
POLICY_VALIDATION,BALANCED_95CI,ITEM_DIAGNOSTICS,0.075,18,0.9,12,1,0.0,0.0,0.0,1.0,1.0,0.0,1.0,0.0,0.0,0,6,6,12
POLICY_VALIDATION,BALANCED_95CI,ITEM_DIAGNOSTICS,0.075,18,0.9,40,5,0.0,0.0,0.0,1.0,1.0,0.0,0.975,0.0,0.0,0,40,40,80
POLICY_VALIDATION,BALANCED_95CI,ITEM_DIAGNOSTICS,0.075,54,0.6,1,3,0.0,0.0,0.5,0.5,0.5,0.019999218933870105,1.0,1.0,0.5,1,2,0,2
POLICY_VALIDATION,BALANCED_95CI,ITEM_DIAGNOSTICS,0.075,54,0.6,12,3,0.0,0.0,1.0,0.5,0.0,0.003980362953870743,1.0,1.0,1.0,6,6,6,12
POLICY_VALIDATION,BALANCED_95CI,ITEM_DIAGNOSTICS,0.075,54,0.6,40,1,0.0,0.0,0.0,1.0,1.0,0.0,0.9625,0.0,0.0,0,40,40,80
POLICY_VALIDATION,BALANCED_95CI,ITEM_DIAGNOSTICS,0.075,54,0.6,40,5,0.0,0.0,0.0,1.0,1.0,0.0,0.975,0.0,0.0,0,20,20,40
POLICY_VALIDATION,BALANCED_95CI,ITEM_DIAGNOSTICS,0.075,54,0.9,1,1,0.0,0.0,0.5,0.5,0.5,0.006640436787043583,1.0,1.0,0.5,1,2,0,2
POLICY_VALIDATION,BALANCED_95CI,ITEM_DIAGNOSTICS,0.075,54,0.9,12,5,0.0,0.0,0.3333333333333333,0.8333333333333334,0.6666666666666667,0.012640497035934792,0.9444444444444444,1.0,0.3333333333333333,6,18,18,36
POLICY_VALIDATION,BALANCED_95CI,ITEM_DIAGNOSTICS,0.075,54,0.9,40,3,0.0,0.0,0.0,1.0,1.0,0.0,1.0,0.0,0.0,0,40,40,80
POLICY_VALIDATION,BALANCED_95CI,ITEM_DIAGNOSTICS,0.075,144,0.6,1,1,0.0,0.0,0.0,1.0,1.0,0.0,1.0,0.0,0.0,0,1,0,1
POLICY_VALIDATION,BALANCED_95CI,ITEM_DIAGNOSTICS,0.075,144,0.6,1,3,0.0,0.0,0.0,1.0,1.0,0.0,1.0,0.0,0.0,0,2,0,2
POLICY_VALIDATION,BALANCED_95CI,ITEM_DIAGNOSTICS,0.075,144,0.6,12,5,0.0,0.0,0.4166666666666667,0.7916666666666666,0.5833333333333333,0.01645426082702848,0.625,1.0,0.4166666666666667,5,12,12,24
POLICY_VALIDATION,BALANCED_95CI,ITEM_DIAGNOSTICS,0.075,144,0.6,40,3,0.0,0.0,0.0,1.0,1.0,0.0,0.95,0.0,0.0,0,20,20,40
POLICY_VALIDATION,BALANCED_95CI,ITEM_DIAGNOSTICS,0.075,144,0.6,40,5,0.0,0.0,0.0,1.0,1.0,0.0,0.925,0.0,0.0,0,20,20,40
POLICY_VALIDATION,BALANCED_95CI,ITEM_DIAGNOSTICS,0.075,144,0.9,1,5,0.0,0.0,0.0,1.0,1.0,0.0,1.0,0.0,0.0,0,1,0,1
POLICY_VALIDATION,BALANCED_95CI,ITEM_DIAGNOSTICS,0.075,144,0.9,12,3,0.0,0.0,0.5,0.75,0.5,0.012419726827043722,1.0,1.0,0.5,6,12,12,24
POLICY_VALIDATION,BALANCED_95CI,ITEM_DIAGNOSTICS,0.075,144,0.9,40,1,0.0,0.0,0.6666666666666666,0.6666666666666667,0.33333333333333337,0.005032281531514598,1.0,1.0,0.6666666666666666,40,60,60,120
POLICY_VALIDATION,BALANCED_95CI,PRIMARY_PAIRWISE,0.0,18,0.2,1,1,0.0,0.0,0.0,1.0,1.0,0.0,1.0,0.0,0.0,0,0,1,1
POLICY_VALIDATION,BALANCED_95CI,PRIMARY_PAIRWISE,0.0,18,0.2,1,5,0.0,0.0,0.0,1.0,1.0,0.0,1.0,0.0,0.0,0,0,1,1
POLICY_VALIDATION,BALANCED_95CI,PRIMARY_PAIRWISE,0.0,18,0.2,12,3,0.0,0.0,0.0,1.0,1.0,0.0,1.0,0.0,0.0,0,0,24,24
POLICY_VALIDATION,BALANCED_95CI,PRIMARY_PAIRWISE,0.0,18,0.2,40,1,0.0,0.0,0.0,1.0,1.0,0.0,0.9666666666666667,0.0,0.0,0,0,120,120
POLICY_VALIDATION,BALANCED_95CI,PRIMARY_PAIRWISE,0.0,18,0.6,1,1,0.0,0.0,0.0,1.0,1.0,0.0,0.0,0.0,0.0,0,0,1,1
POLICY_VALIDATION,BALANCED_95CI,PRIMARY_PAIRWISE,0.0,18,0.6,1,3,0.0,0.0,0.0,1.0,1.0,0.0,0.6666666666666666,0.0,0.0,0,0,3,3
POLICY_VALIDATION,BALANCED_95CI,PRIMARY_PAIRWISE,0.0,18,0.6,12,1,0.0,0.0,0.0,1.0,1.0,0.0,1.0,0.0,0.0,0,0,12,12
POLICY_VALIDATION,BALANCED_95CI,PRIMARY_PAIRWISE,0.0,18,0.6,12,5,0.0,0.0,0.0,1.0,1.0,0.0,1.0,0.0,0.0,0,0,12,12
POLICY_VALIDATION,BALANCED_95CI,PRIMARY_PAIRWISE,0.0,18,0.6,40,5,0.0,0.0,0.0,1.0,1.0,0.0,0.95,0.0,0.0,0,0,40,40
POLICY_VALIDATION,BALANCED_95CI,PRIMARY_PAIRWISE,0.0,54,0.2,1,3,0.0,0.0,0.0,1.0,1.0,0.0,0.3333333333333333,0.0,0.0,0,0,3,3
POLICY_VALIDATION,BALANCED_95CI,PRIMARY_PAIRWISE,0.0,54,0.2,12,1,0.0,0.0,0.0,1.0,1.0,0.0,1.0,0.0,0.0,0,0,12,12
POLICY_VALIDATION,BALANCED_95CI,PRIMARY_PAIRWISE,0.0,54,0.2,40,1,0.0,0.0,0.0,1.0,1.0,0.0,0.925,0.0,0.0,0,0,40,40
POLICY_VALIDATION,BALANCED_95CI,PRIMARY_PAIRWISE,0.0,54,0.2,40,5,0.0,0.0,0.0,1.0,1.0,0.0,0.95,0.0,0.0,0,0,40,40
POLICY_VALIDATION,BALANCED_95CI,PRIMARY_PAIRWISE,0.0,54,0.6,1,1,0.0,0.0,0.0,1.0,1.0,0.0,1.0,0.0,0.0,0,0,2,2
POLICY_VALIDATION,BALANCED_95CI,PRIMARY_PAIRWISE,0.0,54,0.6,12,3,0.0,0.0,0.0,1.0,1.0,0.0,0.75,0.0,0.0,0,0,12,12
POLICY_VALIDATION,BALANCED_95CI,PRIMARY_PAIRWISE,0.0,54,0.6,12,5,0.041666666666666664,0.12161384251375915,0.0,0.9583333333333334,1.0,0.039765644896095645,0.9166666666666666,0.0,0.0,1,0,24,24
POLICY_VALIDATION,BALANCED_95CI,PRIMARY_PAIRWISE,0.0,54,0.6,40,1,0.0,0.0,0.0,1.0,1.0,0.0,1.0,0.0,0.0,0,0,40,40
POLICY_VALIDATION,BALANCED_95CI,PRIMARY_PAIRWISE,0.0,54,0.6,40,3,0.0,0.0,0.0,1.0,1.0,0.0,1.0,0.0,0.0,0,0,40,40
POLICY_VALIDATION,BALANCED_95CI,PRIMARY_PAIRWISE,0.0,144,0.2,1,1,0.0,0.0,0.0,1.0,1.0,0.0,1.0,0.0,0.0,0,0,2,2
POLICY_VALIDATION,BALANCED_95CI,PRIMARY_PAIRWISE,0.0,144,0.2,1,3,0.0,0.0,0.0,1.0,1.0,0.0,1.0,0.0,0.0,0,0,1,1
POLICY_VALIDATION,BALANCED_95CI,PRIMARY_PAIRWISE,0.0,144,0.2,12,5,0.0,0.0,0.0,1.0,1.0,0.0,0.8888888888888888,0.0,0.0,0,0,36,36
POLICY_VALIDATION,BALANCED_95CI,PRIMARY_PAIRWISE,0.0,144,0.2,40,3,0.0,0.0,0.0,1.0,1.0,0.0,0.925,0.0,0.0,0,0,40,40
POLICY_VALIDATION,BALANCED_95CI,PRIMARY_PAIRWISE,0.0,144,0.6,1,3,0.0,0.0,0.0,1.0,1.0,0.0,1.0,0.0,0.0,0,0,2,2
POLICY_VALIDATION,BALANCED_95CI,PRIMARY_PAIRWISE,0.0,144,0.6,12,3,0.0,0.0,0.0,1.0,1.0,0.0,0.8333333333333334,0.0,0.0,0,0,12,12
POLICY_VALIDATION,BALANCED_95CI,PRIMARY_PAIRWISE,0.0,144,0.6,40,1,0.0,0.0,0.0,1.0,1.0,0.0,0.9583333333333334,0.0,0.0,0,0,120,120
POLICY_VALIDATION,BALANCED_95CI,PRIMARY_PAIRWISE,0.035,18,0.2,1,1,0.0,0.0,0.0,1.0,1.0,0.0,1.0,0.0,0.0,0,1,0,1
POLICY_VALIDATION,BALANCED_95CI,PRIMARY_PAIRWISE,0.035,18,0.2,12,3,0.0,0.0,0.0,1.0,1.0,0.0,1.0,0.0,0.0,0,6,6,12
POLICY_VALIDATION,BALANCED_95CI,PRIMARY_PAIRWISE,0.035,18,0.2,12,5,0.0,0.0,0.0,1.0,1.0,0.0,0.9583333333333334,0.0,0.0,0,12,12,24
POLICY_VALIDATION,BALANCED_95CI,PRIMARY_PAIRWISE,0.035,18,0.2,40,1,0.0,0.0,0.0,1.0,1.0,0.0,0.975,0.0,0.0,0,60,60,120
POLICY_VALIDATION,BALANCED_95CI,PRIMARY_PAIRWISE,0.035,18,0.9,1,1,0.0,0.0,0.0,1.0,1.0,0.0,1.0,0.0,0.0,0,1,0,1
POLICY_VALIDATION,BALANCED_95CI,PRIMARY_PAIRWISE,0.035,18,0.9,1,3,0.0,0.0,0.0,1.0,1.0,0.0,1.0,0.0,0.0,0,3,0,3
POLICY_VALIDATION,BALANCED_95CI,PRIMARY_PAIRWISE,0.035,18,0.9,12,1,0.0,0.0,0.0,1.0,1.0,0.0,1.0,0.0,0.0,0,6,6,12
POLICY_VALIDATION,BALANCED_95CI,PRIMARY_PAIRWISE,0.035,18,0.9,12,5,0.0,0.0,0.0,1.0,1.0,0.0,1.0,0.0,0.0,0,6,6,12
POLICY_VALIDATION,BALANCED_95CI,PRIMARY_PAIRWISE,0.035,18,0.9,40,5,0.0,0.0,0.0,1.0,1.0,0.0,1.0,0.0,0.0,0,20,20,40
POLICY_VALIDATION,BALANCED_95CI,PRIMARY_PAIRWISE,0.035,54,0.2,1,3,0.0,0.0,0.0,1.0,1.0,0.0,1.0,0.0,0.0,0,2,0,2
POLICY_VALIDATION,BALANCED_95CI,PRIMARY_PAIRWISE,0.035,54,0.2,12,1,0.0,0.0,0.0,1.0,1.0,0.0,1.0,0.0,0.0,0,6,6,12
POLICY_VALIDATION,BALANCED_95CI,PRIMARY_PAIRWISE,0.035,54,0.2,12,3,0.0,0.0,0.16666666666666666,0.9166666666666666,0.8333333333333334,0.0025026262566268526,1.0,1.0,0.16666666666666666,1,6,6,12
POLICY_VALIDATION,BALANCED_95CI,PRIMARY_PAIRWISE,0.035,54,0.2,40,1,0.0,0.0,0.0,1.0,1.0,0.0,0.925,0.0,0.0,0,20,20,40
POLICY_VALIDATION,BALANCED_95CI,PRIMARY_PAIRWISE,0.035,54,0.2,40,5,0.0,0.0,0.4,0.8,0.6,0.024065073575214296,0.95,1.0,0.4,8,20,20,40
POLICY_VALIDATION,BALANCED_95CI,PRIMARY_PAIRWISE,0.035,54,0.9,1,1,0.0,0.0,0.0,1.0,1.0,0.0,1.0,0.0,0.0,0,2,0,2
POLICY_VALIDATION,BALANCED_95CI,PRIMARY_PAIRWISE,0.035,54,0.9,12,5,0.0,0.0,0.2777777777777778,0.8611111111111112,0.7222222222222222,0.007882429766673953,0.8611111111111112,1.0,0.2777777777777778,5,18,18,36
POLICY_VALIDATION,BALANCED_95CI,PRIMARY_PAIRWISE,0.035,54,0.9,40,1,0.0,0.0,0.0,1.0,1.0,0.0,1.0,0.0,0.0,0,20,20,40
POLICY_VALIDATION,BALANCED_95CI,PRIMARY_PAIRWISE,0.035,54,0.9,40,3,0.0,0.0,0.0,1.0,1.0,0.0,1.0,0.0,0.0,0,20,20,40
POLICY_VALIDATION,BALANCED_95CI,PRIMARY_PAIRWISE,0.035,144,0.2,1,1,0.0,0.0,1.0,0.0,0.0,0.0025298708918861657,1.0,1.0,1.0,2,2,0,2
POLICY_VALIDATION,BALANCED_95CI,PRIMARY_PAIRWISE,0.035,144,0.2,1,3,0.0,0.0,0.0,1.0,1.0,0.0,1.0,0.0,0.0,0,1,0,1
POLICY_VALIDATION,BALANCED_95CI,PRIMARY_PAIRWISE,0.035,144,0.2,12,5,0.0,0.0,0.16666666666666666,0.9166666666666666,0.8333333333333334,0.026872693918218254,0.9722222222222222,1.0,0.16666666666666666,3,18,18,36
POLICY_VALIDATION,BALANCED_95CI,PRIMARY_PAIRWISE,0.035,144,0.2,40,3,0.0,0.0,0.0,1.0,1.0,0.0,1.0,0.0,0.0,0,20,20,40
POLICY_VALIDATION,BALANCED_95CI,PRIMARY_PAIRWISE,0.035,144,0.9,1,5,0.0,0.0,0.0,1.0,1.0,0.0,1.0,0.0,0.0,0,1,0,1
POLICY_VALIDATION,BALANCED_95CI,PRIMARY_PAIRWISE,0.035,144,0.9,12,3,0.0,0.0,0.3333333333333333,0.8333333333333334,0.6666666666666667,0.0027751622315631552,1.0,1.0,0.3333333333333333,4,12,12,24
POLICY_VALIDATION,BALANCED_95CI,PRIMARY_PAIRWISE,0.035,144,0.9,40,1,0.0,0.0,0.26666666666666666,0.8666666666666667,0.7333333333333334,0.018782654290019487,0.9833333333333333,1.0,0.26666666666666666,16,60,60,120
POLICY_VALIDATION,BALANCED_95CI,PRIMARY_PAIRWISE,0.075,18,0.6,1,1,0.0,0.0,0.0,1.0,1.0,0.0,1.0,0.0,0.0,0,1,0,1
POLICY_VALIDATION,BALANCED_95CI,PRIMARY_PAIRWISE,0.075,18,0.6,12,3,0.0,0.0,0.0,1.0,1.0,0.0,0.9166666666666666,0.0,0.0,0,6,6,12
POLICY_VALIDATION,BALANCED_95CI,PRIMARY_PAIRWISE,0.075,18,0.6,12,5,0.0,0.0,0.0,1.0,1.0,0.0,0.9583333333333334,0.0,0.0,0,12,12,24
POLICY_VALIDATION,BALANCED_95CI,PRIMARY_PAIRWISE,0.075,18,0.6,40,1,0.0,0.0,0.0,1.0,1.0,0.0,0.8125,0.0,0.0,0,40,40,80
POLICY_VALIDATION,BALANCED_95CI,PRIMARY_PAIRWISE,0.075,18,0.6,40,3,0.0,0.0,0.0,1.0,1.0,0.0,0.975,0.0,0.0,0,20,20,40
POLICY_VALIDATION,BALANCED_95CI,PRIMARY_PAIRWISE,0.075,18,0.9,1,3,0.0,0.0,0.0,1.0,1.0,0.0,1.0,0.0,0.0,0,4,0,4
POLICY_VALIDATION,BALANCED_95CI,PRIMARY_PAIRWISE,0.075,18,0.9,12,1,0.0,0.0,0.0,1.0,1.0,0.0,1.0,0.0,0.0,0,6,6,12
POLICY_VALIDATION,BALANCED_95CI,PRIMARY_PAIRWISE,0.075,18,0.9,40,5,0.0,0.0,0.0,1.0,1.0,0.0,1.0,0.0,0.0,0,40,40,80
POLICY_VALIDATION,BALANCED_95CI,PRIMARY_PAIRWISE,0.075,54,0.6,1,3,0.0,0.0,0.5,0.5,0.5,0.008131772772816029,0.5,1.0,0.5,1,2,0,2
POLICY_VALIDATION,BALANCED_95CI,PRIMARY_PAIRWISE,0.075,54,0.6,12,3,0.0,0.0,1.0,0.5,0.0,0.010641430707514532,1.0,1.0,1.0,6,6,6,12
POLICY_VALIDATION,BALANCED_95CI,PRIMARY_PAIRWISE,0.075,54,0.6,40,1,0.0,0.0,0.5,0.75,0.5,0.013455798601555958,0.9875,1.0,0.5,20,40,40,80
POLICY_VALIDATION,BALANCED_95CI,PRIMARY_PAIRWISE,0.075,54,0.6,40,5,0.0,0.0,0.0,1.0,1.0,0.0,0.925,0.0,0.0,0,20,20,40
POLICY_VALIDATION,BALANCED_95CI,PRIMARY_PAIRWISE,0.075,54,0.9,1,1,0.0,0.0,0.5,0.5,0.5,0.0034537003082208556,1.0,1.0,0.5,1,2,0,2
POLICY_VALIDATION,BALANCED_95CI,PRIMARY_PAIRWISE,0.075,54,0.9,12,5,0.0,0.0,0.3333333333333333,0.8333333333333334,0.6666666666666667,0.008496044774592867,0.6944444444444444,1.0,0.3333333333333333,6,18,18,36
POLICY_VALIDATION,BALANCED_95CI,PRIMARY_PAIRWISE,0.075,54,0.9,40,3,0.0,0.0,0.0,1.0,1.0,0.0,0.9875,0.0,0.0,0,40,40,80
POLICY_VALIDATION,BALANCED_95CI,PRIMARY_PAIRWISE,0.075,144,0.6,1,1,0.0,0.0,0.0,1.0,1.0,0.0,1.0,0.0,0.0,0,1,0,1
POLICY_VALIDATION,BALANCED_95CI,PRIMARY_PAIRWISE,0.075,144,0.6,1,3,0.0,0.0,0.5,0.5,0.5,0.0198012102719083,1.0,1.0,0.5,1,2,0,2
POLICY_VALIDATION,BALANCED_95CI,PRIMARY_PAIRWISE,0.075,144,0.6,12,5,0.0,0.0,0.5,0.75,0.5,0.019504416407083603,1.0,1.0,0.5,6,12,12,24
POLICY_VALIDATION,BALANCED_95CI,PRIMARY_PAIRWISE,0.075,144,0.6,40,3,0.0,0.0,0.0,1.0,1.0,0.0,0.6,0.0,0.0,0,20,20,40
POLICY_VALIDATION,BALANCED_95CI,PRIMARY_PAIRWISE,0.075,144,0.6,40,5,0.0,0.0,0.0,1.0,1.0,0.0,0.975,0.0,0.0,0,20,20,40
POLICY_VALIDATION,BALANCED_95CI,PRIMARY_PAIRWISE,0.075,144,0.9,1,5,0.0,0.0,0.0,1.0,1.0,0.0,1.0,0.0,0.0,0,1,0,1
POLICY_VALIDATION,BALANCED_95CI,PRIMARY_PAIRWISE,0.075,144,0.9,12,3,0.0,0.0,0.5,0.75,0.5,0.008133912448495456,1.0,1.0,0.5,6,12,12,24
POLICY_VALIDATION,BALANCED_95CI,PRIMARY_PAIRWISE,0.075,144,0.9,40,1,0.0,0.0,0.6666666666666666,0.6666666666666667,0.33333333333333337,0.0027457238013175777,1.0,1.0,0.6666666666666666,40,60,60,120
POLICY_VALIDATION,BALANCED_95CI,REPAIR,0.0,18,0.2,1,3,0.0,0.0,0.0,1.0,1.0,0.0,1.0,0.0,0.0,0,0,1,1
POLICY_VALIDATION,BALANCED_95CI,REPAIR,0.0,18,0.2,1,5,0.0,0.0,0.0,1.0,1.0,0.0,1.0,0.0,0.0,0,0,2,2
POLICY_VALIDATION,BALANCED_95CI,REPAIR,0.0,18,0.2,12,1,0.0,0.0,0.0,1.0,1.0,0.0,0.9166666666666666,0.0,0.0,0,0,12,12
POLICY_VALIDATION,BALANCED_95CI,REPAIR,0.0,18,0.2,12,3,0.0,0.0,0.0,1.0,1.0,0.0,0.9166666666666666,0.0,0.0,0,0,12,12
POLICY_VALIDATION,BALANCED_95CI,REPAIR,0.0,18,0.2,40,1,0.0,0.0,0.0,1.0,1.0,0.0,0.9625,0.0,0.0,0,0,80,80
POLICY_VALIDATION,BALANCED_95CI,REPAIR,0.0,18,0.9,1,1,0.0,0.0,0.0,1.0,1.0,0.0,1.0,0.0,0.0,0,0,1,1
POLICY_VALIDATION,BALANCED_95CI,REPAIR,0.0,18,0.9,12,1,0.0,0.0,0.0,1.0,1.0,0.0,1.0,0.0,0.0,0,0,12,12
POLICY_VALIDATION,BALANCED_95CI,REPAIR,0.0,18,0.9,12,5,0.0,0.0,0.0,1.0,1.0,0.0,0.9166666666666666,0.0,0.0,0,0,12,12
POLICY_VALIDATION,BALANCED_95CI,REPAIR,0.0,18,0.9,40,3,0.0,0.0,0.0,1.0,1.0,0.0,0.8166666666666667,0.0,0.0,0,0,120,120
POLICY_VALIDATION,BALANCED_95CI,REPAIR,0.0,54,0.2,1,3,0.0,0.0,0.0,1.0,1.0,0.0,1.0,0.0,0.0,0,0,1,1
POLICY_VALIDATION,BALANCED_95CI,REPAIR,0.0,54,0.2,12,1,0.0,0.0,0.0,1.0,1.0,0.0,0.9722222222222222,0.0,0.0,0,0,36,36
POLICY_VALIDATION,BALANCED_95CI,REPAIR,0.0,54,0.2,40,3,0.0125,0.036846393470080945,0.0,0.9875,1.0,0.04638794712789929,0.925,0.0,0.0,1,0,80,80
POLICY_VALIDATION,BALANCED_95CI,REPAIR,0.0,54,0.9,1,5,0.0,0.0,0.0,1.0,1.0,0.0,0.6666666666666666,0.0,0.0,0,0,3,3
POLICY_VALIDATION,BALANCED_95CI,REPAIR,0.0,54,0.9,12,3,0.0,0.0,0.0,1.0,1.0,0.0,1.0,0.0,0.0,0,0,12,12
POLICY_VALIDATION,BALANCED_95CI,REPAIR,0.0,54,0.9,40,1,0.0,0.0,0.0,1.0,1.0,0.0,1.0,0.0,0.0,0,0,80,80
POLICY_VALIDATION,BALANCED_95CI,REPAIR,0.0,54,0.9,40,3,0.0,0.0,0.0,1.0,1.0,0.0,1.0,0.0,0.0,0,0,40,40
POLICY_VALIDATION,BALANCED_95CI,REPAIR,0.0,144,0.2,1,1,0.0,0.0,0.0,1.0,1.0,0.0,1.0,0.0,0.0,0,0,1,1
POLICY_VALIDATION,BALANCED_95CI,REPAIR,0.0,144,0.2,1,5,0.0,0.0,0.0,1.0,1.0,0.0,1.0,0.0,0.0,0,0,1,1
POLICY_VALIDATION,BALANCED_95CI,REPAIR,0.0,144,0.2,12,5,0.0,0.0,0.0,1.0,1.0,0.0,1.0,0.0,0.0,0,0,12,12
POLICY_VALIDATION,BALANCED_95CI,REPAIR,0.0,144,0.2,40,1,0.0,0.0,0.0,1.0,1.0,0.0,0.925,0.0,0.0,0,0,40,40
POLICY_VALIDATION,BALANCED_95CI,REPAIR,0.0,144,0.2,40,3,0.0,0.0,0.0,1.0,1.0,0.0,0.9416666666666667,0.0,0.0,0,0,120,120
POLICY_VALIDATION,BALANCED_95CI,REPAIR,0.0,144,0.9,1,3,0.0,0.0,0.0,1.0,1.0,0.0,1.0,0.0,0.0,0,0,2,2
POLICY_VALIDATION,BALANCED_95CI,REPAIR,0.0,144,0.9,12,1,0.0,0.0,0.0,1.0,1.0,0.0,0.9722222222222222,0.0,0.0,0,0,36,36
POLICY_VALIDATION,BALANCED_95CI,REPAIR,0.0,144,0.9,40,1,0.0,0.0,0.0,1.0,1.0,0.0,1.0,0.0,0.0,0,0,40,40
POLICY_VALIDATION,BALANCED_95CI,REPAIR,0.0,144,0.9,40,5,0.0,0.0,0.0,1.0,1.0,0.0,1.0,0.0,0.0,0,0,40,40
POLICY_VALIDATION,BALANCED_95CI,REPAIR,0.035,18,0.6,1,5,0.0,0.0,0.0,1.0,1.0,0.0,0.6666666666666666,0.0,0.0,0,3,0,3
POLICY_VALIDATION,BALANCED_95CI,REPAIR,0.035,18,0.6,12,1,0.0,0.0,0.0,1.0,1.0,0.0,0.9166666666666666,0.0,0.0,0,6,6,12
POLICY_VALIDATION,BALANCED_95CI,REPAIR,0.035,18,0.6,12,3,0.0,0.0,0.0,1.0,1.0,0.0,1.0,0.0,0.0,0,6,6,12
POLICY_VALIDATION,BALANCED_95CI,REPAIR,0.035,18,0.6,40,1,0.0,0.0,0.0,1.0,1.0,0.0,0.975,0.0,0.0,0,40,40,80
POLICY_VALIDATION,BALANCED_95CI,REPAIR,0.035,18,0.9,1,1,0.0,0.0,0.0,1.0,1.0,0.0,1.0,0.0,0.0,0,1,0,1
POLICY_VALIDATION,BALANCED_95CI,REPAIR,0.035,18,0.9,1,3,0.0,0.0,0.0,1.0,1.0,0.0,0.0,0.0,0.0,0,1,0,1
POLICY_VALIDATION,BALANCED_95CI,REPAIR,0.035,18,0.9,12,1,0.0,0.0,0.0,1.0,1.0,0.0,1.0,0.0,0.0,0,6,6,12
POLICY_VALIDATION,BALANCED_95CI,REPAIR,0.035,18,0.9,12,5,0.0,0.0,0.0,1.0,1.0,0.0,1.0,0.0,0.0,0,6,6,12
POLICY_VALIDATION,BALANCED_95CI,REPAIR,0.035,18,0.9,40,3,0.0,0.0,0.0,1.0,1.0,0.0,1.0,0.0,0.0,0,40,40,80
POLICY_VALIDATION,BALANCED_95CI,REPAIR,0.035,54,0.6,1,3,0.0,0.0,0.0,1.0,1.0,0.0,1.0,0.0,0.0,0,2,0,2
POLICY_VALIDATION,BALANCED_95CI,REPAIR,0.035,54,0.6,12,1,0.0,0.0,0.0,1.0,1.0,0.0,1.0,0.0,0.0,0,18,18,36
POLICY_VALIDATION,BALANCED_95CI,REPAIR,0.035,54,0.6,40,5,0.0,0.0,0.0,1.0,1.0,0.0,0.9,0.0,0.0,0,20,20,40
POLICY_VALIDATION,BALANCED_95CI,REPAIR,0.035,54,0.9,1,5,0.0,0.0,0.0,1.0,1.0,0.0,1.0,0.0,0.0,0,3,0,3
POLICY_VALIDATION,BALANCED_95CI,REPAIR,0.035,54,0.9,12,3,0.0,0.0,0.0,1.0,1.0,0.0,0.8333333333333334,0.0,0.0,0,6,6,12
POLICY_VALIDATION,BALANCED_95CI,REPAIR,0.035,54,0.9,40,1,0.0,0.0,0.475,0.7625,0.525,0.0156612156415693,0.975,1.0,0.475,19,40,40,80
POLICY_VALIDATION,BALANCED_95CI,REPAIR,0.035,54,0.9,40,3,0.0,0.0,0.0,1.0,1.0,0.0,1.0,0.0,0.0,0,20,20,40
POLICY_VALIDATION,BALANCED_95CI,REPAIR,0.035,144,0.6,1,1,0.0,0.0,0.0,1.0,1.0,0.0,1.0,0.0,0.0,0,1,0,1
POLICY_VALIDATION,BALANCED_95CI,REPAIR,0.035,144,0.6,1,5,0.0,0.0,0.0,1.0,1.0,0.0,1.0,0.0,0.0,0,1,0,1
POLICY_VALIDATION,BALANCED_95CI,REPAIR,0.035,144,0.6,12,5,0.0,0.0,0.0,1.0,1.0,0.0,0.9166666666666666,0.0,0.0,0,6,6,12
POLICY_VALIDATION,BALANCED_95CI,REPAIR,0.035,144,0.6,40,1,0.0,0.0,0.0,1.0,1.0,0.0,1.0,0.0,0.0,0,20,20,40
POLICY_VALIDATION,BALANCED_95CI,REPAIR,0.035,144,0.6,40,3,0.0,0.0,0.26666666666666666,0.8666666666666667,0.7333333333333334,0.013013595337449148,0.9666666666666667,1.0,0.26666666666666666,16,60,60,120
POLICY_VALIDATION,BALANCED_95CI,REPAIR,0.035,144,0.9,1,3,0.0,0.0,0.0,1.0,1.0,0.0,1.0,0.0,0.0,0,1,0,1
POLICY_VALIDATION,BALANCED_95CI,REPAIR,0.035,144,0.9,1,5,0.0,0.0,0.5,0.5,0.5,0.0006867222383653004,1.0,1.0,0.5,1,2,0,2
POLICY_VALIDATION,BALANCED_95CI,REPAIR,0.035,144,0.9,12,1,0.0,0.0,0.3333333333333333,0.8333333333333334,0.6666666666666667,0.001258778435391823,1.0,1.0,0.3333333333333333,6,18,18,36
POLICY_VALIDATION,BALANCED_95CI,REPAIR,0.035,144,0.9,40,1,0.0,0.0,0.0,1.0,1.0,0.0,1.0,0.0,0.0,0,20,20,40
POLICY_VALIDATION,BALANCED_95CI,REPAIR,0.075,18,0.2,1,3,0.0,0.0,0.0,1.0,1.0,0.0,1.0,0.0,0.0,0,1,0,1
POLICY_VALIDATION,BALANCED_95CI,REPAIR,0.075,18,0.2,12,1,0.0,0.0,0.0,1.0,1.0,0.0,0.9166666666666666,0.0,0.0,0,12,12,24
POLICY_VALIDATION,BALANCED_95CI,REPAIR,0.075,18,0.2,12,5,0.0,0.0,0.0,1.0,1.0,0.0,0.9166666666666666,0.0,0.0,0,6,6,12
POLICY_VALIDATION,BALANCED_95CI,REPAIR,0.075,18,0.2,40,3,0.0,0.0,0.0,1.0,1.0,0.0,0.9875,0.0,0.0,0,40,40,80
POLICY_VALIDATION,BALANCED_95CI,REPAIR,0.075,18,0.6,1,5,0.0,0.0,0.0,1.0,1.0,0.0,1.0,0.0,0.0,0,3,0,3
POLICY_VALIDATION,BALANCED_95CI,REPAIR,0.075,18,0.6,12,3,0.0,0.0,0.0,1.0,1.0,0.0,1.0,0.0,0.0,0,12,12,24
POLICY_VALIDATION,BALANCED_95CI,REPAIR,0.075,18,0.6,40,1,0.0,0.0,0.0,1.0,1.0,0.0,0.95,0.0,0.0,0,40,40,80
POLICY_VALIDATION,BALANCED_95CI,REPAIR,0.075,54,0.2,1,5,0.0,0.0,0.5,0.5,0.5,0.012432141119947601,1.0,1.0,0.5,1,2,0,2
POLICY_VALIDATION,BALANCED_95CI,REPAIR,0.075,54,0.2,12,3,0.0,0.0,0.0,1.0,1.0,0.0,1.0,0.0,0.0,0,6,6,12
POLICY_VALIDATION,BALANCED_95CI,REPAIR,0.075,54,0.2,12,5,0.0,0.0,0.0,1.0,1.0,0.0,1.0,0.0,0.0,0,6,6,12
POLICY_VALIDATION,BALANCED_95CI,REPAIR,0.075,54,0.2,40,1,0.0,0.0,0.0,1.0,1.0,0.0,1.0,0.0,0.0,0,20,20,40
POLICY_VALIDATION,BALANCED_95CI,REPAIR,0.075,54,0.2,40,3,0.0,0.0,0.0,1.0,1.0,0.0,0.9,0.0,0.0,0,40,40,80
POLICY_VALIDATION,BALANCED_95CI,REPAIR,0.075,54,0.6,1,3,0.0,0.0,0.5,0.5,0.5,0.03232075027227842,1.0,1.0,0.5,1,2,0,2
POLICY_VALIDATION,BALANCED_95CI,REPAIR,0.075,54,0.6,12,1,0.0,0.0,0.3333333333333333,0.8333333333333334,0.6666666666666667,0.015484892981821513,0.9444444444444444,1.0,0.3333333333333333,6,18,18,36
POLICY_VALIDATION,BALANCED_95CI,REPAIR,0.075,54,0.6,40,5,0.0,0.0,0.0,1.0,1.0,0.0,1.0,0.0,0.0,0,20,20,40
POLICY_VALIDATION,BALANCED_95CI,REPAIR,0.075,144,0.2,1,3,0.0,0.0,0.0,1.0,1.0,0.0,1.0,0.0,0.0,0,1,0,1
POLICY_VALIDATION,BALANCED_95CI,REPAIR,0.075,144,0.2,1,5,0.0,0.0,0.0,1.0,1.0,0.0,1.0,0.0,0.0,0,2,0,2
POLICY_VALIDATION,BALANCED_95CI,REPAIR,0.075,144,0.2,12,1,0.0,0.0,0.0,1.0,1.0,0.0,0.9583333333333334,0.0,0.0,0,12,12,24
POLICY_VALIDATION,BALANCED_95CI,REPAIR,0.075,144,0.2,12,3,0.0,0.0,0.0,1.0,1.0,0.0,0.8333333333333334,0.0,0.0,0,6,6,12
POLICY_VALIDATION,BALANCED_95CI,REPAIR,0.075,144,0.2,40,1,0.0,0.0,0.0,1.0,1.0,0.0,0.975,0.0,0.0,0,20,20,40
POLICY_VALIDATION,BALANCED_95CI,REPAIR,0.075,144,0.6,1,1,0.0,0.0,1.0,0.0,0.0,0.0036067611097082425,1.0,1.0,1.0,1,1,0,1
POLICY_VALIDATION,BALANCED_95CI,REPAIR,0.075,144,0.6,12,5,0.0,0.0,0.5,0.75,0.5,0.0056602817703893344,1.0,1.0,0.5,6,12,12,24
POLICY_VALIDATION,BALANCED_95CI,REPAIR,0.075,144,0.6,40,3,0.0,0.0,0.725,0.6375,0.275,0.012054939797979777,0.9,1.0,0.725,58,80,80,160
POLICY_VALIDATION,BALANCED_95CI,THRESHOLD_PASS,0.0,18,0.2,1,3,0.0,0.0,0.0,1.0,1.0,0.0,1.0,0.0,0.0,0,0,1,1
POLICY_VALIDATION,BALANCED_95CI,THRESHOLD_PASS,0.0,18,0.2,1,5,0.0,0.0,0.0,1.0,1.0,0.0,1.0,0.0,0.0,0,0,2,2
POLICY_VALIDATION,BALANCED_95CI,THRESHOLD_PASS,0.0,18,0.2,12,1,0.0,0.0,0.0,1.0,1.0,0.0,1.0,0.0,0.0,0,0,12,12
POLICY_VALIDATION,BALANCED_95CI,THRESHOLD_PASS,0.0,18,0.2,12,3,0.0,0.0,0.0,1.0,1.0,0.0,1.0,0.0,0.0,0,0,12,12
POLICY_VALIDATION,BALANCED_95CI,THRESHOLD_PASS,0.0,18,0.2,40,1,0.0,0.0,0.0,1.0,1.0,0.0,0.9625,0.0,0.0,0,0,80,80
POLICY_VALIDATION,BALANCED_95CI,THRESHOLD_PASS,0.0,18,0.9,1,1,0.0,0.0,0.0,1.0,1.0,0.0,1.0,0.0,0.0,0,0,1,1
POLICY_VALIDATION,BALANCED_95CI,THRESHOLD_PASS,0.0,18,0.9,12,1,0.0,0.0,0.0,1.0,1.0,0.0,1.0,0.0,0.0,0,0,12,12
POLICY_VALIDATION,BALANCED_95CI,THRESHOLD_PASS,0.0,18,0.9,12,5,0.0,0.0,0.0,1.0,1.0,0.0,1.0,0.0,0.0,0,0,12,12
POLICY_VALIDATION,BALANCED_95CI,THRESHOLD_PASS,0.0,18,0.9,40,3,0.0,0.0,0.0,1.0,1.0,0.0,1.0,0.0,0.0,0,0,120,120
POLICY_VALIDATION,BALANCED_95CI,THRESHOLD_PASS,0.0,54,0.2,1,3,0.0,0.0,0.0,1.0,1.0,0.0,1.0,0.0,0.0,0,0,1,1
POLICY_VALIDATION,BALANCED_95CI,THRESHOLD_PASS,0.0,54,0.2,12,1,0.0,0.0,0.0,1.0,1.0,0.0,0.9444444444444444,0.0,0.0,0,0,36,36
POLICY_VALIDATION,BALANCED_95CI,THRESHOLD_PASS,0.0,54,0.2,40,3,0.0125,0.036846393470080945,0.0,0.9875,1.0,0.03838671414498735,0.825,0.0,0.0,1,0,80,80
POLICY_VALIDATION,BALANCED_95CI,THRESHOLD_PASS,0.0,54,0.9,1,5,0.0,0.0,0.0,1.0,1.0,0.0,1.0,0.0,0.0,0,0,3,3
POLICY_VALIDATION,BALANCED_95CI,THRESHOLD_PASS,0.0,54,0.9,12,3,0.0,0.0,0.0,1.0,1.0,0.0,1.0,0.0,0.0,0,0,12,12
POLICY_VALIDATION,BALANCED_95CI,THRESHOLD_PASS,0.0,54,0.9,40,1,0.0,0.0,0.0,1.0,1.0,0.0,1.0,0.0,0.0,0,0,80,80
POLICY_VALIDATION,BALANCED_95CI,THRESHOLD_PASS,0.0,54,0.9,40,3,0.0,0.0,0.0,1.0,1.0,0.0,1.0,0.0,0.0,0,0,40,40
POLICY_VALIDATION,BALANCED_95CI,THRESHOLD_PASS,0.0,144,0.2,1,1,0.0,0.0,0.0,1.0,1.0,0.0,1.0,0.0,0.0,0,0,1,1
POLICY_VALIDATION,BALANCED_95CI,THRESHOLD_PASS,0.0,144,0.2,1,5,0.0,0.0,0.0,1.0,1.0,0.0,0.0,0.0,0.0,0,0,1,1
POLICY_VALIDATION,BALANCED_95CI,THRESHOLD_PASS,0.0,144,0.2,12,5,0.0,0.0,0.0,1.0,1.0,0.0,0.9166666666666666,0.0,0.0,0,0,12,12
POLICY_VALIDATION,BALANCED_95CI,THRESHOLD_PASS,0.0,144,0.2,40,1,0.0,0.0,0.0,1.0,1.0,0.0,1.0,0.0,0.0,0,0,40,40
POLICY_VALIDATION,BALANCED_95CI,THRESHOLD_PASS,0.0,144,0.2,40,3,0.0,0.0,0.0,1.0,1.0,0.0,0.9583333333333334,0.0,0.0,0,0,120,120
POLICY_VALIDATION,BALANCED_95CI,THRESHOLD_PASS,0.0,144,0.9,1,3,0.0,0.0,0.0,1.0,1.0,0.0,1.0,0.0,0.0,0,0,2,2
POLICY_VALIDATION,BALANCED_95CI,THRESHOLD_PASS,0.0,144,0.9,12,1,0.0,0.0,0.0,1.0,1.0,0.0,1.0,0.0,0.0,0,0,36,36
POLICY_VALIDATION,BALANCED_95CI,THRESHOLD_PASS,0.0,144,0.9,40,1,0.0,0.0,0.0,1.0,1.0,0.0,1.0,0.0,0.0,0,0,40,40
POLICY_VALIDATION,BALANCED_95CI,THRESHOLD_PASS,0.0,144,0.9,40,5,0.0,0.0,0.0,1.0,1.0,0.0,1.0,0.0,0.0,0,0,40,40
POLICY_VALIDATION,BALANCED_95CI,THRESHOLD_PASS,0.035,18,0.6,1,5,0.0,0.0,0.0,1.0,1.0,0.0,1.0,0.0,0.0,0,3,0,3
POLICY_VALIDATION,BALANCED_95CI,THRESHOLD_PASS,0.035,18,0.6,12,1,0.0,0.0,0.0,1.0,1.0,0.0,0.8333333333333334,0.0,0.0,0,6,6,12
POLICY_VALIDATION,BALANCED_95CI,THRESHOLD_PASS,0.035,18,0.6,12,3,0.0,0.0,0.0,1.0,1.0,0.0,1.0,0.0,0.0,0,6,6,12
POLICY_VALIDATION,BALANCED_95CI,THRESHOLD_PASS,0.035,18,0.6,40,1,0.0,0.0,0.0,1.0,1.0,0.0,0.7125,0.0,0.0,0,40,40,80
POLICY_VALIDATION,BALANCED_95CI,THRESHOLD_PASS,0.035,18,0.9,1,1,0.0,0.0,0.0,1.0,1.0,0.0,1.0,0.0,0.0,0,1,0,1
POLICY_VALIDATION,BALANCED_95CI,THRESHOLD_PASS,0.035,18,0.9,1,3,0.0,0.0,0.0,1.0,1.0,0.0,1.0,0.0,0.0,0,1,0,1
POLICY_VALIDATION,BALANCED_95CI,THRESHOLD_PASS,0.035,18,0.9,12,1,0.0,0.0,0.0,1.0,1.0,0.0,1.0,0.0,0.0,0,6,6,12
POLICY_VALIDATION,BALANCED_95CI,THRESHOLD_PASS,0.035,18,0.9,12,5,0.0,0.0,0.0,1.0,1.0,0.0,1.0,0.0,0.0,0,6,6,12
POLICY_VALIDATION,BALANCED_95CI,THRESHOLD_PASS,0.035,18,0.9,40,3,0.0,0.0,0.0,1.0,1.0,0.0,0.9875,0.0,0.0,0,40,40,80
POLICY_VALIDATION,BALANCED_95CI,THRESHOLD_PASS,0.035,54,0.6,1,3,0.0,0.0,0.0,1.0,1.0,0.0,0.5,0.0,0.0,0,2,0,2
POLICY_VALIDATION,BALANCED_95CI,THRESHOLD_PASS,0.035,54,0.6,12,1,0.0,0.0,0.0,1.0,1.0,0.0,0.9444444444444444,0.0,0.0,0,18,18,36
POLICY_VALIDATION,BALANCED_95CI,THRESHOLD_PASS,0.035,54,0.6,40,5,0.0,0.0,0.0,1.0,1.0,0.0,0.95,0.0,0.0,0,20,20,40
POLICY_VALIDATION,BALANCED_95CI,THRESHOLD_PASS,0.035,54,0.9,1,5,0.0,0.0,0.0,1.0,1.0,0.0,1.0,0.0,0.0,0,3,0,3
POLICY_VALIDATION,BALANCED_95CI,THRESHOLD_PASS,0.035,54,0.9,12,3,0.0,0.0,0.0,1.0,1.0,0.0,1.0,0.0,0.0,0,6,6,12
POLICY_VALIDATION,BALANCED_95CI,THRESHOLD_PASS,0.035,54,0.9,40,1,0.0,0.0,0.0,1.0,1.0,0.0,0.975,0.0,0.0,0,40,40,80
POLICY_VALIDATION,BALANCED_95CI,THRESHOLD_PASS,0.035,54,0.9,40,3,0.0,0.0,0.0,1.0,1.0,0.0,1.0,0.0,0.0,0,20,20,40
POLICY_VALIDATION,BALANCED_95CI,THRESHOLD_PASS,0.035,144,0.6,1,1,0.0,0.0,1.0,0.0,0.0,0.005979528107193079,1.0,1.0,1.0,1,1,0,1
POLICY_VALIDATION,BALANCED_95CI,THRESHOLD_PASS,0.035,144,0.6,1,5,0.0,0.0,0.0,1.0,1.0,0.0,1.0,0.0,0.0,0,1,0,1
POLICY_VALIDATION,BALANCED_95CI,THRESHOLD_PASS,0.035,144,0.6,12,5,0.0,0.0,1.0,0.5,0.0,0.0025722765779741096,1.0,1.0,1.0,6,6,6,12
POLICY_VALIDATION,BALANCED_95CI,THRESHOLD_PASS,0.035,144,0.6,40,1,0.0,0.0,0.0,1.0,1.0,0.0,1.0,0.0,0.0,0,20,20,40
POLICY_VALIDATION,BALANCED_95CI,THRESHOLD_PASS,0.035,144,0.6,40,3,0.0,0.0,0.11666666666666667,0.9416666666666667,0.8833333333333333,0.001645559286938011,0.9583333333333334,1.0,0.11666666666666667,7,60,60,120
POLICY_VALIDATION,BALANCED_95CI,THRESHOLD_PASS,0.035,144,0.9,1,3,0.0,0.0,0.0,1.0,1.0,0.0,1.0,0.0,0.0,0,1,0,1
POLICY_VALIDATION,BALANCED_95CI,THRESHOLD_PASS,0.035,144,0.9,1,5,0.0,0.0,0.5,0.5,0.5,0.009328790393736554,1.0,1.0,0.5,1,2,0,2
POLICY_VALIDATION,BALANCED_95CI,THRESHOLD_PASS,0.035,144,0.9,12,1,0.0,0.0,0.3333333333333333,0.8333333333333334,0.6666666666666667,0.003779316649711433,1.0,1.0,0.3333333333333333,6,18,18,36
POLICY_VALIDATION,BALANCED_95CI,THRESHOLD_PASS,0.035,144,0.9,40,1,0.0,0.0,0.0,1.0,1.0,0.0,0.9,0.0,0.0,0,20,20,40
POLICY_VALIDATION,BALANCED_95CI,THRESHOLD_PASS,0.075,18,0.2,1,3,0.0,0.0,0.0,1.0,1.0,0.0,1.0,0.0,0.0,0,1,0,1
POLICY_VALIDATION,BALANCED_95CI,THRESHOLD_PASS,0.075,18,0.2,12,1,0.0,0.0,0.0,1.0,1.0,0.0,0.875,0.0,0.0,0,12,12,24
POLICY_VALIDATION,BALANCED_95CI,THRESHOLD_PASS,0.075,18,0.2,12,5,0.0,0.0,0.0,1.0,1.0,0.0,0.9166666666666666,0.0,0.0,0,6,6,12
POLICY_VALIDATION,BALANCED_95CI,THRESHOLD_PASS,0.075,18,0.2,40,3,0.0,0.0,0.0,1.0,1.0,0.0,0.975,0.0,0.0,0,40,40,80
POLICY_VALIDATION,BALANCED_95CI,THRESHOLD_PASS,0.075,18,0.6,1,5,0.0,0.0,0.0,1.0,1.0,0.0,1.0,0.0,0.0,0,3,0,3
POLICY_VALIDATION,BALANCED_95CI,THRESHOLD_PASS,0.075,18,0.6,12,3,0.0,0.0,0.0,1.0,1.0,0.0,0.9583333333333334,0.0,0.0,0,12,12,24
POLICY_VALIDATION,BALANCED_95CI,THRESHOLD_PASS,0.075,18,0.6,40,1,0.0,0.0,0.0,1.0,1.0,0.0,1.0,0.0,0.0,0,40,40,80
POLICY_VALIDATION,BALANCED_95CI,THRESHOLD_PASS,0.075,54,0.2,1,5,0.0,0.0,0.5,0.5,0.5,0.021015149584903234,1.0,1.0,0.5,1,2,0,2
POLICY_VALIDATION,BALANCED_95CI,THRESHOLD_PASS,0.075,54,0.2,12,3,0.0,0.0,0.0,1.0,1.0,0.0,0.9166666666666666,0.0,0.0,0,6,6,12
POLICY_VALIDATION,BALANCED_95CI,THRESHOLD_PASS,0.075,54,0.2,12,5,0.0,0.0,0.0,1.0,1.0,0.0,1.0,0.0,0.0,0,6,6,12
POLICY_VALIDATION,BALANCED_95CI,THRESHOLD_PASS,0.075,54,0.2,40,1,0.0,0.0,0.0,1.0,1.0,0.0,0.9,0.0,0.0,0,20,20,40
POLICY_VALIDATION,BALANCED_95CI,THRESHOLD_PASS,0.075,54,0.2,40,3,0.0,0.0,0.45,0.775,0.55,0.012053143897198283,0.9625,1.0,0.45,18,40,40,80
POLICY_VALIDATION,BALANCED_95CI,THRESHOLD_PASS,0.075,54,0.6,1,3,0.0,0.0,0.5,0.5,0.5,0.006180591144102035,1.0,1.0,0.5,1,2,0,2
POLICY_VALIDATION,BALANCED_95CI,THRESHOLD_PASS,0.075,54,0.6,12,1,0.0,0.0,0.3333333333333333,0.8333333333333334,0.6666666666666667,0.008209783938304913,0.9722222222222222,1.0,0.3333333333333333,6,18,18,36
POLICY_VALIDATION,BALANCED_95CI,THRESHOLD_PASS,0.075,54,0.6,40,5,0.0,0.0,0.0,1.0,1.0,0.0,1.0,0.0,0.0,0,20,20,40
POLICY_VALIDATION,BALANCED_95CI,THRESHOLD_PASS,0.075,144,0.2,1,3,0.0,0.0,1.0,0.0,0.0,0.0034128830962323192,1.0,1.0,1.0,1,1,0,1
POLICY_VALIDATION,BALANCED_95CI,THRESHOLD_PASS,0.075,144,0.2,1,5,0.0,0.0,0.5,0.5,0.5,0.011379743524569177,1.0,1.0,0.5,1,2,0,2
POLICY_VALIDATION,BALANCED_95CI,THRESHOLD_PASS,0.075,144,0.2,12,1,0.0,0.0,0.0,1.0,1.0,0.0,1.0,0.0,0.0,0,12,12,24
POLICY_VALIDATION,BALANCED_95CI,THRESHOLD_PASS,0.075,144,0.2,12,3,0.0,0.0,1.0,0.5,0.0,0.004986195955539001,1.0,1.0,1.0,6,6,6,12
POLICY_VALIDATION,BALANCED_95CI,THRESHOLD_PASS,0.075,144,0.2,40,1,0.0,0.0,0.0,1.0,1.0,0.0,0.925,0.0,0.0,0,20,20,40
POLICY_VALIDATION,BALANCED_95CI,THRESHOLD_PASS,0.075,144,0.6,1,1,0.0,0.0,1.0,0.0,0.0,0.004407834317268863,1.0,1.0,1.0,1,1,0,1
POLICY_VALIDATION,BALANCED_95CI,THRESHOLD_PASS,0.075,144,0.6,12,5,0.0,0.0,0.5,0.75,0.5,0.008211548579211686,1.0,1.0,0.5,6,12,12,24
POLICY_VALIDATION,BALANCED_95CI,THRESHOLD_PASS,0.075,144,0.6,40,3,0.0,0.0,0.725,0.6375,0.275,0.005871512191625184,0.975,1.0,0.725,58,80,80,160
POLICY_VALIDATION,BALANCED_95CI,TOP_K,0.0,18,0.6,1,3,0.0,0.0,0.0,1.0,1.0,0.0,1.0,0.0,0.0,0,0,1,1
POLICY_VALIDATION,BALANCED_95CI,TOP_K,0.0,18,0.6,12,1,0.0,0.0,0.0,1.0,1.0,0.0,1.0,0.0,0.0,0,0,24,24
POLICY_VALIDATION,BALANCED_95CI,TOP_K,0.0,18,0.6,12,3,0.0,0.0,0.0,1.0,1.0,0.0,1.0,0.0,0.0,0,0,12,12
POLICY_VALIDATION,BALANCED_95CI,TOP_K,0.0,18,0.6,40,5,0.0,0.0,0.0,1.0,1.0,0.0,0.925,0.0,0.0,0,0,120,120
POLICY_VALIDATION,BALANCED_95CI,TOP_K,0.0,18,0.9,1,1,0.0,0.0,0.0,1.0,1.0,0.0,1.0,0.0,0.0,0,0,3,3
POLICY_VALIDATION,BALANCED_95CI,TOP_K,0.0,18,0.9,12,3,0.0,0.0,0.0,1.0,1.0,0.0,1.0,0.0,0.0,0,0,24,24
POLICY_VALIDATION,BALANCED_95CI,TOP_K,0.0,18,0.9,40,3,0.0,0.0,0.0,1.0,1.0,0.0,0.975,0.0,0.0,0,0,40,40
POLICY_VALIDATION,BALANCED_95CI,TOP_K,0.0,54,0.6,1,1,0.0,0.0,0.0,1.0,1.0,0.0,1.0,0.0,0.0,0,0,3,3
POLICY_VALIDATION,BALANCED_95CI,TOP_K,0.0,54,0.6,12,1,0.0,0.0,0.0,1.0,1.0,0.0,0.8333333333333334,0.0,0.0,0,0,12,12
POLICY_VALIDATION,BALANCED_95CI,TOP_K,0.0,54,0.6,12,5,0.0,0.0,0.0,1.0,1.0,0.0,1.0,0.0,0.0,0,0,12,12
POLICY_VALIDATION,BALANCED_95CI,TOP_K,0.0,54,0.6,40,3,0.0,0.0,0.0,1.0,1.0,0.0,0.95,0.0,0.0,0,0,80,80
POLICY_VALIDATION,BALANCED_95CI,TOP_K,0.0,54,0.9,1,5,0.0,0.0,0.0,1.0,1.0,0.0,1.0,0.0,0.0,0,0,1,1
POLICY_VALIDATION,BALANCED_95CI,TOP_K,0.0,54,0.9,12,1,0.0,0.0,0.0,1.0,1.0,0.0,1.0,0.0,0.0,0,0,12,12
POLICY_VALIDATION,BALANCED_95CI,TOP_K,0.0,54,0.9,12,3,0.0,0.0,0.0,1.0,1.0,0.0,0.9722222222222222,0.0,0.0,0,0,36,36
POLICY_VALIDATION,BALANCED_95CI,TOP_K,0.0,54,0.9,40,1,0.0,0.0,0.0,1.0,1.0,0.0,1.0,0.0,0.0,0,0,40,40
POLICY_VALIDATION,BALANCED_95CI,TOP_K,0.0,54,0.9,40,5,0.0,0.0,0.0,1.0,1.0,0.0,0.95,0.0,0.0,0,0,40,40
POLICY_VALIDATION,BALANCED_95CI,TOP_K,0.0,144,0.6,1,1,0.0,0.0,0.0,1.0,1.0,0.0,1.0,0.0,0.0,0,0,1,1
POLICY_VALIDATION,BALANCED_95CI,TOP_K,0.0,144,0.6,1,5,0.0,0.0,0.0,1.0,1.0,0.0,1.0,0.0,0.0,0,0,1,1
POLICY_VALIDATION,BALANCED_95CI,TOP_K,0.0,144,0.6,12,3,0.0,0.0,0.0,1.0,1.0,0.0,0.9722222222222222,0.0,0.0,0,0,36,36
POLICY_VALIDATION,BALANCED_95CI,TOP_K,0.0,144,0.6,40,1,0.0,0.0,0.0,1.0,1.0,0.0,0.975,0.0,0.0,0,0,40,40
POLICY_VALIDATION,BALANCED_95CI,TOP_K,0.0,144,0.9,1,1,0.0,0.0,0.0,1.0,1.0,0.0,1.0,0.0,0.0,0,0,1,1
POLICY_VALIDATION,BALANCED_95CI,TOP_K,0.0,144,0.9,1,3,0.0,0.0,0.0,1.0,1.0,0.0,1.0,0.0,0.0,0,0,1,1
POLICY_VALIDATION,BALANCED_95CI,TOP_K,0.0,144,0.9,12,1,0.0,0.0,0.0,1.0,1.0,0.0,1.0,0.0,0.0,0,0,24,24
POLICY_VALIDATION,BALANCED_95CI,TOP_K,0.0,144,0.9,40,3,0.0,0.0,0.0,1.0,1.0,0.0,0.75,0.0,0.0,0,0,40,40
POLICY_VALIDATION,BALANCED_95CI,TOP_K,0.0,144,0.9,40,5,0.0,0.0,0.0,1.0,1.0,0.0,1.0,0.0,0.0,0,0,80,80
POLICY_VALIDATION,BALANCED_95CI,TOP_K,0.035,18,0.2,1,1,0.0,0.0,0.0,1.0,1.0,0.0,1.0,0.0,0.0,0,3,0,3
POLICY_VALIDATION,BALANCED_95CI,TOP_K,0.035,18,0.2,12,5,0.0,0.0,0.0,1.0,1.0,0.0,1.0,0.0,0.0,0,6,6,12
POLICY_VALIDATION,BALANCED_95CI,TOP_K,0.035,18,0.2,40,3,0.0,0.0,0.0,1.0,1.0,0.0,0.95,0.0,0.0,0,40,40,80
POLICY_VALIDATION,BALANCED_95CI,TOP_K,0.035,18,0.6,1,3,0.0,0.0,0.0,1.0,1.0,0.0,1.0,0.0,0.0,0,1,0,1
POLICY_VALIDATION,BALANCED_95CI,TOP_K,0.035,18,0.6,12,1,0.0,0.0,0.0,1.0,1.0,0.0,1.0,0.0,0.0,0,12,12,24
POLICY_VALIDATION,BALANCED_95CI,TOP_K,0.035,18,0.6,12,3,0.0,0.0,0.0,1.0,1.0,0.0,0.9166666666666666,0.0,0.0,0,6,6,12
POLICY_VALIDATION,BALANCED_95CI,TOP_K,0.035,18,0.6,40,5,0.0,0.0,0.0,1.0,1.0,0.0,0.9916666666666667,0.0,0.0,0,60,60,120
POLICY_VALIDATION,BALANCED_95CI,TOP_K,0.035,54,0.2,1,5,0.0,0.0,1.0,0.0,0.0,0.0008358891143206218,1.0,1.0,1.0,1,1,0,1
POLICY_VALIDATION,BALANCED_95CI,TOP_K,0.035,54,0.2,12,1,0.0,0.0,0.0,1.0,1.0,0.0,0.9166666666666666,0.0,0.0,0,6,6,12
POLICY_VALIDATION,BALANCED_95CI,TOP_K,0.035,54,0.2,12,3,0.0,0.0,0.05555555555555555,0.9722222222222222,0.9444444444444444,0.051146516645707546,0.9444444444444444,1.0,0.05555555555555555,1,18,18,36
POLICY_VALIDATION,BALANCED_95CI,TOP_K,0.035,54,0.2,40,1,0.0,0.0,0.45,0.775,0.55,0.007267034515755188,1.0,1.0,0.45,9,20,20,40
POLICY_VALIDATION,BALANCED_95CI,TOP_K,0.035,54,0.2,40,5,0.0,0.0,0.0,1.0,1.0,0.0,0.975,0.0,0.0,0,20,20,40
POLICY_VALIDATION,BALANCED_95CI,TOP_K,0.035,54,0.6,1,1,0.0,0.0,0.0,1.0,1.0,0.0,1.0,0.0,0.0,0,3,0,3
POLICY_VALIDATION,BALANCED_95CI,TOP_K,0.035,54,0.6,12,1,0.0,0.0,0.0,1.0,1.0,0.0,1.0,0.0,0.0,0,6,6,12
POLICY_VALIDATION,BALANCED_95CI,TOP_K,0.035,54,0.6,40,3,0.0,0.0,0.0,1.0,1.0,0.0,0.625,0.0,0.0,0,20,20,40
POLICY_VALIDATION,BALANCED_95CI,TOP_K,0.035,54,0.6,40,5,0.0,0.0,0.45,0.775,0.55,0.007907127905084962,0.95,1.0,0.45,18,40,40,80
POLICY_VALIDATION,BALANCED_95CI,TOP_K,0.035,144,0.2,1,1,0.0,0.0,0.0,1.0,1.0,0.0,1.0,0.0,0.0,0,1,0,1
POLICY_VALIDATION,BALANCED_95CI,TOP_K,0.035,144,0.2,1,3,0.0,0.0,0.0,1.0,1.0,0.0,0.0,0.0,0.0,0,1,0,1
POLICY_VALIDATION,BALANCED_95CI,TOP_K,0.035,144,0.2,12,1,0.0,0.0,0.4166666666666667,0.7916666666666666,0.5833333333333333,0.0030624173654018954,0.9583333333333334,1.0,0.4166666666666667,5,12,12,24
POLICY_VALIDATION,BALANCED_95CI,TOP_K,0.035,144,0.2,40,5,0.016666666666666666,0.049059967300068105,0.6666666666666666,0.6583333333333333,0.33333333333333337,0.0052959873096627315,0.95,0.975609756097561,0.6666666666666666,41,60,60,120
POLICY_VALIDATION,BALANCED_95CI,TOP_K,0.035,144,0.6,1,1,0.0,0.0,1.0,0.0,0.0,0.03323424972002055,1.0,1.0,1.0,1,1,0,1
POLICY_VALIDATION,BALANCED_95CI,TOP_K,0.035,144,0.6,1,5,0.0,0.0,1.0,0.0,0.0,0.0014420106459954105,1.0,1.0,1.0,1,1,0,1
POLICY_VALIDATION,BALANCED_95CI,TOP_K,0.035,144,0.6,12,3,0.0,0.0,0.4166666666666667,0.7916666666666666,0.5833333333333333,0.022037500056607793,1.0,1.0,0.4166666666666667,5,12,12,24
POLICY_VALIDATION,BALANCED_95CI,TOP_K,0.035,144,0.6,40,1,0.0,0.0,0.95,0.525,0.050000000000000044,0.0029139011154235726,0.975,1.0,0.95,19,20,20,40
POLICY_VALIDATION,BALANCED_95CI,TOP_K,0.035,144,0.6,40,3,0.0,0.0,1.0,0.5,0.0,0.0025265000406398475,0.975,1.0,1.0,20,20,20,40
POLICY_VALIDATION,BALANCED_95CI,TOP_K,0.075,18,0.2,1,1,0.0,0.0,0.0,1.0,1.0,0.0,1.0,0.0,0.0,0,3,0,3
POLICY_VALIDATION,BALANCED_95CI,TOP_K,0.075,18,0.2,12,5,0.0,0.0,0.0,1.0,1.0,0.0,0.9166666666666666,0.0,0.0,0,6,6,12
POLICY_VALIDATION,BALANCED_95CI,TOP_K,0.075,18,0.2,40,3,0.0,0.0,0.0,1.0,1.0,0.0,0.925,0.0,0.0,0,40,40,80
POLICY_VALIDATION,BALANCED_95CI,TOP_K,0.075,18,0.9,1,3,0.0,0.0,0.0,1.0,1.0,0.0,1.0,0.0,0.0,0,1,0,1
POLICY_VALIDATION,BALANCED_95CI,TOP_K,0.075,18,0.9,1,5,0.0,0.0,0.0,1.0,1.0,0.0,1.0,0.0,0.0,0,1,0,1
POLICY_VALIDATION,BALANCED_95CI,TOP_K,0.075,18,0.9,12,1,0.0,0.0,0.0,1.0,1.0,0.0,1.0,0.0,0.0,0,6,6,12
POLICY_VALIDATION,BALANCED_95CI,TOP_K,0.075,18,0.9,12,3,0.0,0.0,0.0,1.0,1.0,0.0,1.0,0.0,0.0,0,12,12,24
POLICY_VALIDATION,BALANCED_95CI,TOP_K,0.075,18,0.9,40,5,0.0,0.0,0.0,1.0,1.0,0.0,0.8375,0.0,0.0,0,40,40,80
POLICY_VALIDATION,BALANCED_95CI,TOP_K,0.075,54,0.2,1,5,0.0,0.0,0.5,0.5,0.5,0.015815173395931803,1.0,1.0,0.5,1,2,0,2
POLICY_VALIDATION,BALANCED_95CI,TOP_K,0.075,54,0.2,12,3,0.0,0.0,0.5833333333333334,0.7083333333333333,0.41666666666666663,0.014617644805640772,0.8958333333333334,1.0,0.5833333333333334,14,24,24,48
POLICY_VALIDATION,BALANCED_95CI,TOP_K,0.075,54,0.2,40,1,0.0,0.0,1.0,0.5,0.0,0.015472316856860523,0.875,1.0,1.0,20,20,20,40
POLICY_VALIDATION,BALANCED_95CI,TOP_K,0.075,54,0.9,1,1,0.0,0.0,0.0,1.0,1.0,0.0,1.0,0.0,0.0,0,2,0,2
POLICY_VALIDATION,BALANCED_95CI,TOP_K,0.075,54,0.9,1,3,0.0,0.0,1.0,0.0,0.0,0.022098590748925104,1.0,1.0,1.0,1,1,0,1
POLICY_VALIDATION,BALANCED_95CI,TOP_K,0.075,54,0.9,12,1,0.0,0.0,0.0,1.0,1.0,0.0,1.0,0.0,0.0,0,6,6,12
POLICY_VALIDATION,BALANCED_95CI,TOP_K,0.075,54,0.9,40,3,0.0,0.0,1.0,0.5,0.0,0.00237304372198618,1.0,1.0,1.0,20,20,20,40
POLICY_VALIDATION,BALANCED_95CI,TOP_K,0.075,54,0.9,40,5,0.0,0.0,0.5,0.75,0.5,0.006106327830819265,1.0,1.0,0.5,20,40,40,80
POLICY_VALIDATION,BALANCED_95CI,TOP_K,0.075,144,0.2,1,3,0.0,0.0,0.0,1.0,1.0,0.0,1.0,0.0,0.0,0,2,0,2
POLICY_VALIDATION,BALANCED_95CI,TOP_K,0.075,144,0.2,12,1,0.0,0.0,0.5,0.75,0.5,0.0045545358615642585,0.9583333333333334,1.0,0.5,6,12,12,24
POLICY_VALIDATION,BALANCED_95CI,TOP_K,0.075,144,0.2,40,5,0.0,0.0,0.3333333333333333,0.8333333333333334,0.6666666666666667,0.004687114242882801,0.975,1.0,0.3333333333333333,20,60,60,120
POLICY_VALIDATION,BALANCED_95CI,TOP_K,0.075,144,0.9,1,1,0.0,0.0,0.5,0.5,0.5,0.019610615727292995,1.0,1.0,0.5,1,2,0,2
POLICY_VALIDATION,BALANCED_95CI,TOP_K,0.075,144,0.9,1,5,0.0,0.0,0.0,1.0,1.0,0.0,1.0,0.0,0.0,0,1,0,1
POLICY_VALIDATION,BALANCED_95CI,TOP_K,0.075,144,0.9,12,3,0.0,0.0,0.3333333333333333,0.8333333333333334,0.6666666666666667,0.021286362239933382,0.875,1.0,0.3333333333333333,4,12,12,24
POLICY_VALIDATION,BALANCED_95CI,TOP_K,0.075,144,0.9,40,3,0.0,0.0,1.0,0.5,0.0,0.0013334601825753585,1.0,1.0,1.0,20,20,20,40
POLICY_VALIDATION,BALANCED_95CI,TRANSPORT,0.0,18,0.6,1,3,0.0,0.0,0.0,1.0,1.0,0.0,0.0,0.0,0.0,0,0,1,1
POLICY_VALIDATION,BALANCED_95CI,TRANSPORT,0.0,18,0.6,12,1,0.0,0.0,0.0,1.0,1.0,0.0,1.0,0.0,0.0,0,0,24,24
POLICY_VALIDATION,BALANCED_95CI,TRANSPORT,0.0,18,0.6,12,3,0.0,0.0,0.0,1.0,1.0,0.0,1.0,0.0,0.0,0,0,12,12
POLICY_VALIDATION,BALANCED_95CI,TRANSPORT,0.0,18,0.6,40,5,0.0,0.0,0.0,1.0,1.0,0.0,0.7833333333333333,0.0,0.0,0,0,120,120
POLICY_VALIDATION,BALANCED_95CI,TRANSPORT,0.0,18,0.9,1,1,0.0,0.0,0.0,1.0,1.0,0.0,1.0,0.0,0.0,0,0,3,3
POLICY_VALIDATION,BALANCED_95CI,TRANSPORT,0.0,18,0.9,12,3,0.0,0.0,0.0,1.0,1.0,0.0,1.0,0.0,0.0,0,0,24,24
POLICY_VALIDATION,BALANCED_95CI,TRANSPORT,0.0,18,0.9,40,3,0.0,0.0,0.0,1.0,1.0,0.0,0.65,0.0,0.0,0,0,40,40
POLICY_VALIDATION,BALANCED_95CI,TRANSPORT,0.0,54,0.6,1,1,0.0,0.0,0.0,1.0,1.0,0.0,1.0,0.0,0.0,0,0,3,3
POLICY_VALIDATION,BALANCED_95CI,TRANSPORT,0.0,54,0.6,12,1,0.0,0.0,0.0,1.0,1.0,0.0,1.0,0.0,0.0,0,0,12,12
POLICY_VALIDATION,BALANCED_95CI,TRANSPORT,0.0,54,0.6,12,5,0.0,0.0,0.0,1.0,1.0,0.0,1.0,0.0,0.0,0,0,12,12
POLICY_VALIDATION,BALANCED_95CI,TRANSPORT,0.0,54,0.6,40,3,0.0,0.0,0.0,1.0,1.0,0.0,1.0,0.0,0.0,0,0,80,80
POLICY_VALIDATION,BALANCED_95CI,TRANSPORT,0.0,54,0.9,1,5,0.0,0.0,0.0,1.0,1.0,0.0,1.0,0.0,0.0,0,0,1,1
POLICY_VALIDATION,BALANCED_95CI,TRANSPORT,0.0,54,0.9,12,1,0.0,0.0,0.0,1.0,1.0,0.0,1.0,0.0,0.0,0,0,12,12
POLICY_VALIDATION,BALANCED_95CI,TRANSPORT,0.0,54,0.9,12,3,0.0,0.0,0.0,1.0,1.0,0.0,0.9444444444444444,0.0,0.0,0,0,36,36
POLICY_VALIDATION,BALANCED_95CI,TRANSPORT,0.0,54,0.9,40,1,0.0,0.0,0.0,1.0,1.0,0.0,1.0,0.0,0.0,0,0,40,40
POLICY_VALIDATION,BALANCED_95CI,TRANSPORT,0.0,54,0.9,40,5,0.0,0.0,0.0,1.0,1.0,0.0,1.0,0.0,0.0,0,0,40,40
POLICY_VALIDATION,BALANCED_95CI,TRANSPORT,0.0,144,0.6,1,1,0.0,0.0,0.0,1.0,1.0,0.0,1.0,0.0,0.0,0,0,1,1
POLICY_VALIDATION,BALANCED_95CI,TRANSPORT,0.0,144,0.6,1,5,0.0,0.0,0.0,1.0,1.0,0.0,1.0,0.0,0.0,0,0,1,1
POLICY_VALIDATION,BALANCED_95CI,TRANSPORT,0.0,144,0.6,12,3,0.0,0.0,0.0,1.0,1.0,0.0,0.9444444444444444,0.0,0.0,0,0,36,36
POLICY_VALIDATION,BALANCED_95CI,TRANSPORT,0.0,144,0.6,40,1,0.0,0.0,0.0,1.0,1.0,0.0,0.95,0.0,0.0,0,0,40,40
POLICY_VALIDATION,BALANCED_95CI,TRANSPORT,0.0,144,0.9,1,1,0.0,0.0,0.0,1.0,1.0,0.0,1.0,0.0,0.0,0,0,1,1
POLICY_VALIDATION,BALANCED_95CI,TRANSPORT,0.0,144,0.9,1,3,0.0,0.0,0.0,1.0,1.0,0.0,1.0,0.0,0.0,0,0,1,1
POLICY_VALIDATION,BALANCED_95CI,TRANSPORT,0.0,144,0.9,12,1,0.0,0.0,0.0,1.0,1.0,0.0,0.7083333333333334,0.0,0.0,0,0,24,24
POLICY_VALIDATION,BALANCED_95CI,TRANSPORT,0.0,144,0.9,40,3,0.0,0.0,0.0,1.0,1.0,0.0,1.0,0.0,0.0,0,0,40,40
POLICY_VALIDATION,BALANCED_95CI,TRANSPORT,0.0,144,0.9,40,5,0.0,0.0,0.0,1.0,1.0,0.0,0.975,0.0,0.0,0,0,80,80
POLICY_VALIDATION,BALANCED_95CI,TRANSPORT,0.035,18,0.2,1,1,0.0,0.0,0.0,1.0,1.0,0.0,1.0,0.0,0.0,0,2,1,3
POLICY_VALIDATION,BALANCED_95CI,TRANSPORT,0.035,18,0.2,12,5,0.0,0.0,0.0,1.0,1.0,0.0,0.8333333333333334,0.0,0.0,0,6,6,12
POLICY_VALIDATION,BALANCED_95CI,TRANSPORT,0.035,18,0.2,40,3,0.0,0.0,0.0,1.0,1.0,0.0,0.95,0.0,0.0,0,40,40,80
POLICY_VALIDATION,BALANCED_95CI,TRANSPORT,0.035,18,0.6,1,3,0.0,0.0,0.0,1.0,1.0,0.0,1.0,0.0,0.0,0,1,0,1
POLICY_VALIDATION,BALANCED_95CI,TRANSPORT,0.035,18,0.6,12,1,0.0,0.0,0.0,1.0,1.0,0.0,1.0,0.0,0.0,0,12,12,24
POLICY_VALIDATION,BALANCED_95CI,TRANSPORT,0.035,18,0.6,12,3,0.0,0.0,0.0,1.0,1.0,0.0,0.8333333333333334,0.0,0.0,0,6,6,12
POLICY_VALIDATION,BALANCED_95CI,TRANSPORT,0.035,18,0.6,40,5,0.0,0.0,0.0,1.0,1.0,0.0,0.9916666666666667,0.0,0.0,0,60,60,120
POLICY_VALIDATION,BALANCED_95CI,TRANSPORT,0.035,54,0.2,1,5,0.0,0.0,0.0,1.0,1.0,0.0,1.0,0.0,0.0,0,1,0,1
POLICY_VALIDATION,BALANCED_95CI,TRANSPORT,0.035,54,0.2,12,1,0.0,0.0,0.0,1.0,1.0,0.0,1.0,0.0,0.0,0,0,12,12
POLICY_VALIDATION,BALANCED_95CI,TRANSPORT,0.035,54,0.2,12,3,0.0,0.0,0.1111111111111111,0.9444444444444444,0.8888888888888888,0.03574096555539602,1.0,1.0,0.1111111111111111,2,18,18,36
POLICY_VALIDATION,BALANCED_95CI,TRANSPORT,0.035,54,0.2,40,1,0.0,0.0,0.0,1.0,1.0,0.0,1.0,0.0,0.0,0,0,40,40
POLICY_VALIDATION,BALANCED_95CI,TRANSPORT,0.035,54,0.2,40,5,0.0,0.0,0.0,1.0,1.0,0.0,0.975,0.0,0.0,0,20,20,40
POLICY_VALIDATION,BALANCED_95CI,TRANSPORT,0.035,54,0.6,1,1,0.0,0.0,0.0,1.0,1.0,0.0,0.6666666666666666,0.0,0.0,0,3,0,3
POLICY_VALIDATION,BALANCED_95CI,TRANSPORT,0.035,54,0.6,12,1,0.0,0.0,0.0,1.0,1.0,0.0,0.9166666666666666,0.0,0.0,0,6,6,12
POLICY_VALIDATION,BALANCED_95CI,TRANSPORT,0.035,54,0.6,40,3,0.0,0.0,0.0,1.0,1.0,0.0,0.925,0.0,0.0,0,20,20,40
POLICY_VALIDATION,BALANCED_95CI,TRANSPORT,0.035,54,0.6,40,5,0.0,0.0,0.25,0.875,0.75,0.005010885632617892,0.9875,1.0,0.25,10,40,40,80
POLICY_VALIDATION,BALANCED_95CI,TRANSPORT,0.035,144,0.2,1,1,0.0,0.0,0.0,1.0,1.0,0.0,1.0,0.0,0.0,0,1,0,1
POLICY_VALIDATION,BALANCED_95CI,TRANSPORT,0.035,144,0.2,1,3,0.0,0.0,1.0,0.0,0.0,0.002112772208987604,1.0,1.0,1.0,1,1,0,1
POLICY_VALIDATION,BALANCED_95CI,TRANSPORT,0.035,144,0.2,12,1,0.0,0.0,0.0,1.0,1.0,0.0,1.0,0.0,0.0,0,6,18,24
POLICY_VALIDATION,BALANCED_95CI,TRANSPORT,0.035,144,0.2,40,5,0.0,0.0,0.6666666666666666,0.6666666666666667,0.33333333333333337,0.004086283746463753,0.95,1.0,0.6666666666666666,40,60,60,120
POLICY_VALIDATION,BALANCED_95CI,TRANSPORT,0.035,144,0.6,1,1,0.0,0.0,0.0,1.0,1.0,0.0,1.0,0.0,0.0,0,1,0,1
POLICY_VALIDATION,BALANCED_95CI,TRANSPORT,0.035,144,0.6,1,5,0.0,0.0,1.0,0.0,0.0,0.0008964655650744099,1.0,1.0,1.0,1,1,0,1
POLICY_VALIDATION,BALANCED_95CI,TRANSPORT,0.035,144,0.6,12,3,0.0,0.0,0.3333333333333333,0.8333333333333334,0.6666666666666667,0.0008818300321333343,1.0,1.0,0.3333333333333333,4,12,12,24
POLICY_VALIDATION,BALANCED_95CI,TRANSPORT,0.035,144,0.6,40,1,0.0,0.0,0.0,1.0,1.0,0.0,0.975,0.0,0.0,0,20,20,40
POLICY_VALIDATION,BALANCED_95CI,TRANSPORT,0.035,144,0.6,40,3,0.0,0.0,1.0,0.5,0.0,0.008619924718508492,0.975,1.0,1.0,20,20,20,40
POLICY_VALIDATION,BALANCED_95CI,TRANSPORT,0.075,18,0.2,1,1,0.0,0.0,0.0,1.0,1.0,0.0,0.6666666666666666,0.0,0.0,0,3,0,3
POLICY_VALIDATION,BALANCED_95CI,TRANSPORT,0.075,18,0.2,12,5,0.0,0.0,0.0,1.0,1.0,0.0,1.0,0.0,0.0,0,6,6,12
POLICY_VALIDATION,BALANCED_95CI,TRANSPORT,0.075,18,0.2,40,3,0.0,0.0,0.0,1.0,1.0,0.0,0.95,0.0,0.0,0,40,40,80
POLICY_VALIDATION,BALANCED_95CI,TRANSPORT,0.075,18,0.9,1,3,0.0,0.0,0.0,1.0,1.0,0.0,1.0,0.0,0.0,0,1,0,1
POLICY_VALIDATION,BALANCED_95CI,TRANSPORT,0.075,18,0.9,1,5,0.0,0.0,0.0,1.0,1.0,0.0,1.0,0.0,0.0,0,1,0,1
POLICY_VALIDATION,BALANCED_95CI,TRANSPORT,0.075,18,0.9,12,1,0.0,0.0,0.0,1.0,1.0,0.0,1.0,0.0,0.0,0,6,6,12
POLICY_VALIDATION,BALANCED_95CI,TRANSPORT,0.075,18,0.9,12,3,0.0,0.0,0.0,1.0,1.0,0.0,1.0,0.0,0.0,0,6,18,24
POLICY_VALIDATION,BALANCED_95CI,TRANSPORT,0.075,18,0.9,40,5,0.0,0.0,0.0,1.0,1.0,0.0,1.0,0.0,0.0,0,40,40,80
POLICY_VALIDATION,BALANCED_95CI,TRANSPORT,0.075,54,0.2,1,5,0.0,0.0,0.5,0.5,0.5,0.03279289919559912,1.0,1.0,0.5,1,2,0,2
POLICY_VALIDATION,BALANCED_95CI,TRANSPORT,0.075,54,0.2,12,3,0.0,0.0,0.75,0.625,0.25,0.01302257354798655,0.9166666666666666,1.0,0.75,18,24,24,48
POLICY_VALIDATION,BALANCED_95CI,TRANSPORT,0.075,54,0.2,40,1,0.0,0.0,0.0,1.0,1.0,0.0,0.95,0.0,0.0,0,20,20,40
POLICY_VALIDATION,BALANCED_95CI,TRANSPORT,0.075,54,0.9,1,1,0.0,0.0,0.0,1.0,1.0,0.0,1.0,0.0,0.0,0,2,0,2
POLICY_VALIDATION,BALANCED_95CI,TRANSPORT,0.075,54,0.9,1,3,0.0,0.0,0.0,1.0,1.0,0.0,1.0,0.0,0.0,0,0,1,1
POLICY_VALIDATION,BALANCED_95CI,TRANSPORT,0.075,54,0.9,12,1,0.0,0.0,0.0,1.0,1.0,0.0,1.0,0.0,0.0,0,6,6,12
POLICY_VALIDATION,BALANCED_95CI,TRANSPORT,0.075,54,0.9,40,3,0.0,0.0,0.0,1.0,1.0,0.0,1.0,0.0,0.0,0,0,40,40
POLICY_VALIDATION,BALANCED_95CI,TRANSPORT,0.075,54,0.9,40,5,0.025,0.07338362326242218,0.5,0.7375,0.5,0.02487328781963298,0.7875,0.9523809523809523,0.5,21,40,40,80
POLICY_VALIDATION,BALANCED_95CI,TRANSPORT,0.075,144,0.2,1,3,0.0,0.0,0.5,0.5,0.5,0.006565262051700493,1.0,1.0,0.5,1,2,0,2
POLICY_VALIDATION,BALANCED_95CI,TRANSPORT,0.075,144,0.2,12,1,0.0,0.0,0.0,1.0,1.0,0.0,0.9583333333333334,0.0,0.0,0,12,12,24
POLICY_VALIDATION,BALANCED_95CI,TRANSPORT,0.075,144,0.2,40,5,0.0,0.0,0.3333333333333333,0.8333333333333334,0.6666666666666667,0.003987399969956164,0.975,1.0,0.3333333333333333,20,60,60,120
POLICY_VALIDATION,BALANCED_95CI,TRANSPORT,0.075,144,0.9,1,1,0.0,0.0,0.0,1.0,1.0,0.0,1.0,0.0,0.0,0,2,0,2
POLICY_VALIDATION,BALANCED_95CI,TRANSPORT,0.075,144,0.9,1,5,0.0,0.0,1.0,0.0,0.0,0.009481792086028368,1.0,1.0,1.0,1,1,0,1
POLICY_VALIDATION,BALANCED_95CI,TRANSPORT,0.075,144,0.9,12,3,0.0,0.0,1.0,0.75,0.0,0.018809893405469003,1.0,1.0,1.0,6,6,18,24
POLICY_VALIDATION,BALANCED_95CI,TRANSPORT,0.075,144,0.9,40,3,0.0,0.0,1.0,0.5,0.0,0.002190034870334392,1.0,1.0,1.0,20,20,20,40
POLICY_VALIDATION,BALANCED_FAMILY5,ITEM_DIAGNOSTICS,0.0,18,0.2,1,1,0.0,0.0,0.0,1.0,1.0,0.0,1.0,0.0,0.0,0,0,1,1
POLICY_VALIDATION,BALANCED_FAMILY5,ITEM_DIAGNOSTICS,0.0,18,0.2,1,5,0.0,0.0,0.0,1.0,1.0,0.0,1.0,0.0,0.0,0,0,1,1
POLICY_VALIDATION,BALANCED_FAMILY5,ITEM_DIAGNOSTICS,0.0,18,0.2,12,3,0.0,0.0,0.0,1.0,1.0,0.0,0.9583333333333334,0.0,0.0,0,0,24,24
POLICY_VALIDATION,BALANCED_FAMILY5,ITEM_DIAGNOSTICS,0.0,18,0.2,40,1,0.0,0.0,0.0,1.0,1.0,0.0,0.9166666666666666,0.0,0.0,0,0,120,120
POLICY_VALIDATION,BALANCED_FAMILY5,ITEM_DIAGNOSTICS,0.0,18,0.6,1,1,0.0,0.0,0.0,1.0,1.0,0.0,1.0,0.0,0.0,0,0,1,1
POLICY_VALIDATION,BALANCED_FAMILY5,ITEM_DIAGNOSTICS,0.0,18,0.6,1,3,0.0,0.0,0.0,1.0,1.0,0.0,0.6666666666666666,0.0,0.0,0,0,3,3
POLICY_VALIDATION,BALANCED_FAMILY5,ITEM_DIAGNOSTICS,0.0,18,0.6,12,1,0.0,0.0,0.0,1.0,1.0,0.0,0.9166666666666666,0.0,0.0,0,0,12,12
POLICY_VALIDATION,BALANCED_FAMILY5,ITEM_DIAGNOSTICS,0.0,18,0.6,12,5,0.0,0.0,0.0,1.0,1.0,0.0,1.0,0.0,0.0,0,0,12,12
POLICY_VALIDATION,BALANCED_FAMILY5,ITEM_DIAGNOSTICS,0.0,18,0.6,40,5,0.0,0.0,0.0,1.0,1.0,0.0,0.975,0.0,0.0,0,0,40,40
POLICY_VALIDATION,BALANCED_FAMILY5,ITEM_DIAGNOSTICS,0.0,54,0.2,1,3,0.0,0.0,0.0,1.0,1.0,0.0,1.0,0.0,0.0,0,0,3,3
POLICY_VALIDATION,BALANCED_FAMILY5,ITEM_DIAGNOSTICS,0.0,54,0.2,12,1,0.0,0.0,0.0,1.0,1.0,0.0,1.0,0.0,0.0,0,0,12,12
POLICY_VALIDATION,BALANCED_FAMILY5,ITEM_DIAGNOSTICS,0.0,54,0.2,40,1,0.0,0.0,0.0,1.0,1.0,0.0,0.925,0.0,0.0,0,0,40,40
POLICY_VALIDATION,BALANCED_FAMILY5,ITEM_DIAGNOSTICS,0.0,54,0.2,40,5,0.025,0.07338362326242218,0.0,0.975,1.0,0.06255299526188639,0.925,0.0,0.0,1,0,40,40
POLICY_VALIDATION,BALANCED_FAMILY5,ITEM_DIAGNOSTICS,0.0,54,0.6,1,1,0.0,0.0,0.0,1.0,1.0,0.0,0.5,0.0,0.0,0,0,2,2
POLICY_VALIDATION,BALANCED_FAMILY5,ITEM_DIAGNOSTICS,0.0,54,0.6,12,3,0.0,0.0,0.0,1.0,1.0,0.0,0.16666666666666666,0.0,0.0,0,0,12,12
POLICY_VALIDATION,BALANCED_FAMILY5,ITEM_DIAGNOSTICS,0.0,54,0.6,12,5,0.0,0.0,0.0,1.0,1.0,0.0,0.9583333333333334,0.0,0.0,0,0,24,24
POLICY_VALIDATION,BALANCED_FAMILY5,ITEM_DIAGNOSTICS,0.0,54,0.6,40,1,0.0,0.0,0.0,1.0,1.0,0.0,0.975,0.0,0.0,0,0,40,40
POLICY_VALIDATION,BALANCED_FAMILY5,ITEM_DIAGNOSTICS,0.0,54,0.6,40,3,0.0,0.0,0.0,1.0,1.0,0.0,0.925,0.0,0.0,0,0,40,40
POLICY_VALIDATION,BALANCED_FAMILY5,ITEM_DIAGNOSTICS,0.0,144,0.2,1,1,0.0,0.0,0.0,1.0,1.0,0.0,1.0,0.0,0.0,0,0,2,2
POLICY_VALIDATION,BALANCED_FAMILY5,ITEM_DIAGNOSTICS,0.0,144,0.2,1,3,0.0,0.0,0.0,1.0,1.0,0.0,1.0,0.0,0.0,0,0,1,1
POLICY_VALIDATION,BALANCED_FAMILY5,ITEM_DIAGNOSTICS,0.0,144,0.2,12,5,0.0,0.0,0.0,1.0,1.0,0.0,0.9444444444444444,0.0,0.0,0,0,36,36
POLICY_VALIDATION,BALANCED_FAMILY5,ITEM_DIAGNOSTICS,0.0,144,0.2,40,3,0.0,0.0,0.0,1.0,1.0,0.0,0.925,0.0,0.0,0,0,40,40
POLICY_VALIDATION,BALANCED_FAMILY5,ITEM_DIAGNOSTICS,0.0,144,0.6,1,3,0.0,0.0,0.0,1.0,1.0,0.0,1.0,0.0,0.0,0,0,2,2
POLICY_VALIDATION,BALANCED_FAMILY5,ITEM_DIAGNOSTICS,0.0,144,0.6,12,3,0.0,0.0,0.0,1.0,1.0,0.0,1.0,0.0,0.0,0,0,12,12
POLICY_VALIDATION,BALANCED_FAMILY5,ITEM_DIAGNOSTICS,0.0,144,0.6,40,1,0.0,0.0,0.0,1.0,1.0,0.0,0.8083333333333333,0.0,0.0,0,0,120,120
POLICY_VALIDATION,BALANCED_FAMILY5,ITEM_DIAGNOSTICS,0.035,18,0.2,1,1,0.0,0.0,0.0,1.0,1.0,0.0,1.0,0.0,0.0,0,1,0,1
POLICY_VALIDATION,BALANCED_FAMILY5,ITEM_DIAGNOSTICS,0.035,18,0.2,12,3,0.0,0.0,0.0,1.0,1.0,0.0,1.0,0.0,0.0,0,6,6,12
POLICY_VALIDATION,BALANCED_FAMILY5,ITEM_DIAGNOSTICS,0.035,18,0.2,12,5,0.0,0.0,0.0,1.0,1.0,0.0,0.875,0.0,0.0,0,12,12,24
POLICY_VALIDATION,BALANCED_FAMILY5,ITEM_DIAGNOSTICS,0.035,18,0.2,40,1,0.0,0.0,0.0,1.0,1.0,0.0,0.925,0.0,0.0,0,60,60,120
POLICY_VALIDATION,BALANCED_FAMILY5,ITEM_DIAGNOSTICS,0.035,18,0.9,1,1,0.0,0.0,0.0,1.0,1.0,0.0,1.0,0.0,0.0,0,1,0,1
POLICY_VALIDATION,BALANCED_FAMILY5,ITEM_DIAGNOSTICS,0.035,18,0.9,1,3,0.0,0.0,0.0,1.0,1.0,0.0,0.6666666666666666,0.0,0.0,0,3,0,3
POLICY_VALIDATION,BALANCED_FAMILY5,ITEM_DIAGNOSTICS,0.035,18,0.9,12,1,0.0,0.0,0.0,1.0,1.0,0.0,1.0,0.0,0.0,0,6,6,12
POLICY_VALIDATION,BALANCED_FAMILY5,ITEM_DIAGNOSTICS,0.035,18,0.9,12,5,0.0,0.0,0.0,1.0,1.0,0.0,1.0,0.0,0.0,0,6,6,12
POLICY_VALIDATION,BALANCED_FAMILY5,ITEM_DIAGNOSTICS,0.035,18,0.9,40,5,0.0,0.0,0.0,1.0,1.0,0.0,1.0,0.0,0.0,0,20,20,40
POLICY_VALIDATION,BALANCED_FAMILY5,ITEM_DIAGNOSTICS,0.035,54,0.2,1,3,0.0,0.0,0.0,1.0,1.0,0.0,1.0,0.0,0.0,0,2,0,2
POLICY_VALIDATION,BALANCED_FAMILY5,ITEM_DIAGNOSTICS,0.035,54,0.2,12,1,0.0,0.0,0.0,1.0,1.0,0.0,1.0,0.0,0.0,0,6,6,12
POLICY_VALIDATION,BALANCED_FAMILY5,ITEM_DIAGNOSTICS,0.035,54,0.2,12,3,0.0,0.0,0.6666666666666666,0.6666666666666667,0.33333333333333337,0.005767712539984572,1.0,1.0,0.6666666666666666,4,6,6,12
POLICY_VALIDATION,BALANCED_FAMILY5,ITEM_DIAGNOSTICS,0.035,54,0.2,40,1,0.0,0.0,0.0,1.0,1.0,0.0,0.9,0.0,0.0,0,20,20,40
POLICY_VALIDATION,BALANCED_FAMILY5,ITEM_DIAGNOSTICS,0.035,54,0.2,40,5,0.0,0.0,0.25,0.875,0.75,0.030380633325605,0.95,1.0,0.25,5,20,20,40
POLICY_VALIDATION,BALANCED_FAMILY5,ITEM_DIAGNOSTICS,0.035,54,0.9,1,1,0.0,0.0,0.0,1.0,1.0,0.0,0.5,0.0,0.0,0,2,0,2
POLICY_VALIDATION,BALANCED_FAMILY5,ITEM_DIAGNOSTICS,0.035,54,0.9,12,5,0.05555555555555555,0.16137653438793323,0.3333333333333333,0.8055555555555556,0.6666666666666667,0.027597521041061022,0.6944444444444444,0.8571428571428571,0.3333333333333333,7,18,18,36
POLICY_VALIDATION,BALANCED_FAMILY5,ITEM_DIAGNOSTICS,0.035,54,0.9,40,1,0.0,0.0,0.0,1.0,1.0,0.0,1.0,0.0,0.0,0,20,20,40
POLICY_VALIDATION,BALANCED_FAMILY5,ITEM_DIAGNOSTICS,0.035,54,0.9,40,3,0.0,0.0,0.0,1.0,1.0,0.0,0.95,0.0,0.0,0,20,20,40
POLICY_VALIDATION,BALANCED_FAMILY5,ITEM_DIAGNOSTICS,0.035,144,0.2,1,1,0.0,0.0,0.5,0.5,0.5,0.005266065139535557,0.5,1.0,0.5,1,2,0,2
POLICY_VALIDATION,BALANCED_FAMILY5,ITEM_DIAGNOSTICS,0.035,144,0.2,1,3,0.0,0.0,0.0,1.0,1.0,0.0,1.0,0.0,0.0,0,1,0,1
POLICY_VALIDATION,BALANCED_FAMILY5,ITEM_DIAGNOSTICS,0.035,144,0.2,12,5,0.0,0.0,0.0,1.0,1.0,0.0,0.6944444444444444,0.0,0.0,0,18,18,36
POLICY_VALIDATION,BALANCED_FAMILY5,ITEM_DIAGNOSTICS,0.035,144,0.2,40,3,0.0,0.0,0.0,1.0,1.0,0.0,0.925,0.0,0.0,0,20,20,40
POLICY_VALIDATION,BALANCED_FAMILY5,ITEM_DIAGNOSTICS,0.035,144,0.9,1,5,0.0,0.0,0.0,1.0,1.0,0.0,0.0,0.0,0.0,0,1,0,1
POLICY_VALIDATION,BALANCED_FAMILY5,ITEM_DIAGNOSTICS,0.035,144,0.9,12,3,0.0,0.0,0.0,1.0,1.0,0.0,1.0,0.0,0.0,0,12,12,24
POLICY_VALIDATION,BALANCED_FAMILY5,ITEM_DIAGNOSTICS,0.035,144,0.9,40,1,0.0,0.0,0.3333333333333333,0.8333333333333334,0.6666666666666667,0.029213698174629026,0.8,1.0,0.3333333333333333,20,60,60,120
POLICY_VALIDATION,BALANCED_FAMILY5,ITEM_DIAGNOSTICS,0.075,18,0.6,1,1,0.0,0.0,0.0,1.0,1.0,0.0,1.0,0.0,0.0,0,1,0,1
POLICY_VALIDATION,BALANCED_FAMILY5,ITEM_DIAGNOSTICS,0.075,18,0.6,12,3,0.0,0.0,0.0,1.0,1.0,0.0,1.0,0.0,0.0,0,6,6,12
POLICY_VALIDATION,BALANCED_FAMILY5,ITEM_DIAGNOSTICS,0.075,18,0.6,12,5,0.0,0.0,0.0,1.0,1.0,0.0,0.9583333333333334,0.0,0.0,0,12,12,24
POLICY_VALIDATION,BALANCED_FAMILY5,ITEM_DIAGNOSTICS,0.075,18,0.6,40,1,0.0,0.0,0.0,1.0,1.0,0.0,0.95,0.0,0.0,0,40,40,80
POLICY_VALIDATION,BALANCED_FAMILY5,ITEM_DIAGNOSTICS,0.075,18,0.6,40,3,0.0,0.0,0.0,1.0,1.0,0.0,0.975,0.0,0.0,0,20,20,40
POLICY_VALIDATION,BALANCED_FAMILY5,ITEM_DIAGNOSTICS,0.075,18,0.9,1,3,0.0,0.0,0.0,1.0,1.0,0.0,1.0,0.0,0.0,0,4,0,4
POLICY_VALIDATION,BALANCED_FAMILY5,ITEM_DIAGNOSTICS,0.075,18,0.9,12,1,0.0,0.0,0.0,1.0,1.0,0.0,1.0,0.0,0.0,0,6,6,12
POLICY_VALIDATION,BALANCED_FAMILY5,ITEM_DIAGNOSTICS,0.075,18,0.9,40,5,0.0,0.0,0.0,1.0,1.0,0.0,0.975,0.0,0.0,0,40,40,80
POLICY_VALIDATION,BALANCED_FAMILY5,ITEM_DIAGNOSTICS,0.075,54,0.6,1,3,0.0,0.0,0.5,0.5,0.5,0.019999218933870105,1.0,1.0,0.5,1,2,0,2
POLICY_VALIDATION,BALANCED_FAMILY5,ITEM_DIAGNOSTICS,0.075,54,0.6,12,3,0.0,0.0,1.0,0.5,0.0,0.003980362953870743,0.9166666666666666,1.0,1.0,6,6,6,12
POLICY_VALIDATION,BALANCED_FAMILY5,ITEM_DIAGNOSTICS,0.075,54,0.6,40,1,0.0,0.0,0.0,1.0,1.0,0.0,0.95,0.0,0.0,0,40,40,80
POLICY_VALIDATION,BALANCED_FAMILY5,ITEM_DIAGNOSTICS,0.075,54,0.6,40,5,0.0,0.0,0.0,1.0,1.0,0.0,0.975,0.0,0.0,0,20,20,40
POLICY_VALIDATION,BALANCED_FAMILY5,ITEM_DIAGNOSTICS,0.075,54,0.9,1,1,0.0,0.0,0.5,0.5,0.5,0.006640436787043583,1.0,1.0,0.5,1,2,0,2
POLICY_VALIDATION,BALANCED_FAMILY5,ITEM_DIAGNOSTICS,0.075,54,0.9,12,5,0.0,0.0,0.0,1.0,1.0,0.0,0.7222222222222222,0.0,0.0,0,18,18,36
POLICY_VALIDATION,BALANCED_FAMILY5,ITEM_DIAGNOSTICS,0.075,54,0.9,40,3,0.0,0.0,0.0,1.0,1.0,0.0,1.0,0.0,0.0,0,40,40,80
POLICY_VALIDATION,BALANCED_FAMILY5,ITEM_DIAGNOSTICS,0.075,144,0.6,1,1,0.0,0.0,0.0,1.0,1.0,0.0,1.0,0.0,0.0,0,1,0,1
POLICY_VALIDATION,BALANCED_FAMILY5,ITEM_DIAGNOSTICS,0.075,144,0.6,1,3,0.0,0.0,0.0,1.0,1.0,0.0,1.0,0.0,0.0,0,2,0,2
POLICY_VALIDATION,BALANCED_FAMILY5,ITEM_DIAGNOSTICS,0.075,144,0.6,12,5,0.0,0.0,0.0,1.0,1.0,0.0,0.4166666666666667,0.0,0.0,0,12,12,24
POLICY_VALIDATION,BALANCED_FAMILY5,ITEM_DIAGNOSTICS,0.075,144,0.6,40,3,0.0,0.0,0.0,1.0,1.0,0.0,0.95,0.0,0.0,0,20,20,40
POLICY_VALIDATION,BALANCED_FAMILY5,ITEM_DIAGNOSTICS,0.075,144,0.6,40,5,0.0,0.0,0.0,1.0,1.0,0.0,0.725,0.0,0.0,0,20,20,40
POLICY_VALIDATION,BALANCED_FAMILY5,ITEM_DIAGNOSTICS,0.075,144,0.9,1,5,0.0,0.0,0.0,1.0,1.0,0.0,1.0,0.0,0.0,0,1,0,1
POLICY_VALIDATION,BALANCED_FAMILY5,ITEM_DIAGNOSTICS,0.075,144,0.9,12,3,0.0,0.0,0.5,0.75,0.5,0.012419726827043722,1.0,1.0,0.5,6,12,12,24
POLICY_VALIDATION,BALANCED_FAMILY5,ITEM_DIAGNOSTICS,0.075,144,0.9,40,1,0.0,0.0,0.6666666666666666,0.6666666666666667,0.33333333333333337,0.005032281531514598,0.9,1.0,0.6666666666666666,40,60,60,120
POLICY_VALIDATION,BALANCED_FAMILY5,PRIMARY_PAIRWISE,0.0,18,0.2,1,1,0.0,0.0,0.0,1.0,1.0,0.0,1.0,0.0,0.0,0,0,1,1
POLICY_VALIDATION,BALANCED_FAMILY5,PRIMARY_PAIRWISE,0.0,18,0.2,1,5,0.0,0.0,0.0,1.0,1.0,0.0,1.0,0.0,0.0,0,0,1,1
POLICY_VALIDATION,BALANCED_FAMILY5,PRIMARY_PAIRWISE,0.0,18,0.2,12,3,0.0,0.0,0.0,1.0,1.0,0.0,0.9166666666666666,0.0,0.0,0,0,24,24
POLICY_VALIDATION,BALANCED_FAMILY5,PRIMARY_PAIRWISE,0.0,18,0.2,40,1,0.0,0.0,0.0,1.0,1.0,0.0,0.9333333333333333,0.0,0.0,0,0,120,120
POLICY_VALIDATION,BALANCED_FAMILY5,PRIMARY_PAIRWISE,0.0,18,0.6,1,1,0.0,0.0,0.0,1.0,1.0,0.0,0.0,0.0,0.0,0,0,1,1
POLICY_VALIDATION,BALANCED_FAMILY5,PRIMARY_PAIRWISE,0.0,18,0.6,1,3,0.0,0.0,0.0,1.0,1.0,0.0,0.3333333333333333,0.0,0.0,0,0,3,3
POLICY_VALIDATION,BALANCED_FAMILY5,PRIMARY_PAIRWISE,0.0,18,0.6,12,1,0.0,0.0,0.0,1.0,1.0,0.0,1.0,0.0,0.0,0,0,12,12
POLICY_VALIDATION,BALANCED_FAMILY5,PRIMARY_PAIRWISE,0.0,18,0.6,12,5,0.0,0.0,0.0,1.0,1.0,0.0,1.0,0.0,0.0,0,0,12,12
POLICY_VALIDATION,BALANCED_FAMILY5,PRIMARY_PAIRWISE,0.0,18,0.6,40,5,0.0,0.0,0.0,1.0,1.0,0.0,0.925,0.0,0.0,0,0,40,40
POLICY_VALIDATION,BALANCED_FAMILY5,PRIMARY_PAIRWISE,0.0,54,0.2,1,3,0.0,0.0,0.0,1.0,1.0,0.0,0.3333333333333333,0.0,0.0,0,0,3,3
POLICY_VALIDATION,BALANCED_FAMILY5,PRIMARY_PAIRWISE,0.0,54,0.2,12,1,0.0,0.0,0.0,1.0,1.0,0.0,1.0,0.0,0.0,0,0,12,12
POLICY_VALIDATION,BALANCED_FAMILY5,PRIMARY_PAIRWISE,0.0,54,0.2,40,1,0.0,0.0,0.0,1.0,1.0,0.0,0.825,0.0,0.0,0,0,40,40
POLICY_VALIDATION,BALANCED_FAMILY5,PRIMARY_PAIRWISE,0.0,54,0.2,40,5,0.0,0.0,0.0,1.0,1.0,0.0,0.875,0.0,0.0,0,0,40,40
POLICY_VALIDATION,BALANCED_FAMILY5,PRIMARY_PAIRWISE,0.0,54,0.6,1,1,0.0,0.0,0.0,1.0,1.0,0.0,1.0,0.0,0.0,0,0,2,2
POLICY_VALIDATION,BALANCED_FAMILY5,PRIMARY_PAIRWISE,0.0,54,0.6,12,3,0.0,0.0,0.0,1.0,1.0,0.0,0.5,0.0,0.0,0,0,12,12
POLICY_VALIDATION,BALANCED_FAMILY5,PRIMARY_PAIRWISE,0.0,54,0.6,12,5,0.041666666666666664,0.12161384251375915,0.0,0.9583333333333334,1.0,0.039765644896095645,0.9166666666666666,0.0,0.0,1,0,24,24
POLICY_VALIDATION,BALANCED_FAMILY5,PRIMARY_PAIRWISE,0.0,54,0.6,40,1,0.0,0.0,0.0,1.0,1.0,0.0,0.975,0.0,0.0,0,0,40,40
POLICY_VALIDATION,BALANCED_FAMILY5,PRIMARY_PAIRWISE,0.0,54,0.6,40,3,0.0,0.0,0.0,1.0,1.0,0.0,1.0,0.0,0.0,0,0,40,40
POLICY_VALIDATION,BALANCED_FAMILY5,PRIMARY_PAIRWISE,0.0,144,0.2,1,1,0.0,0.0,0.0,1.0,1.0,0.0,1.0,0.0,0.0,0,0,2,2
POLICY_VALIDATION,BALANCED_FAMILY5,PRIMARY_PAIRWISE,0.0,144,0.2,1,3,0.0,0.0,0.0,1.0,1.0,0.0,1.0,0.0,0.0,0,0,1,1
POLICY_VALIDATION,BALANCED_FAMILY5,PRIMARY_PAIRWISE,0.0,144,0.2,12,5,0.0,0.0,0.0,1.0,1.0,0.0,0.8611111111111112,0.0,0.0,0,0,36,36
POLICY_VALIDATION,BALANCED_FAMILY5,PRIMARY_PAIRWISE,0.0,144,0.2,40,3,0.0,0.0,0.0,1.0,1.0,0.0,0.9,0.0,0.0,0,0,40,40
POLICY_VALIDATION,BALANCED_FAMILY5,PRIMARY_PAIRWISE,0.0,144,0.6,1,3,0.0,0.0,0.0,1.0,1.0,0.0,0.5,0.0,0.0,0,0,2,2
POLICY_VALIDATION,BALANCED_FAMILY5,PRIMARY_PAIRWISE,0.0,144,0.6,12,3,0.0,0.0,0.0,1.0,1.0,0.0,0.6666666666666666,0.0,0.0,0,0,12,12
POLICY_VALIDATION,BALANCED_FAMILY5,PRIMARY_PAIRWISE,0.0,144,0.6,40,1,0.0,0.0,0.0,1.0,1.0,0.0,0.9166666666666666,0.0,0.0,0,0,120,120
POLICY_VALIDATION,BALANCED_FAMILY5,PRIMARY_PAIRWISE,0.035,18,0.2,1,1,0.0,0.0,0.0,1.0,1.0,0.0,1.0,0.0,0.0,0,1,0,1
POLICY_VALIDATION,BALANCED_FAMILY5,PRIMARY_PAIRWISE,0.035,18,0.2,12,3,0.0,0.0,0.0,1.0,1.0,0.0,1.0,0.0,0.0,0,6,6,12
POLICY_VALIDATION,BALANCED_FAMILY5,PRIMARY_PAIRWISE,0.035,18,0.2,12,5,0.0,0.0,0.0,1.0,1.0,0.0,0.9166666666666666,0.0,0.0,0,12,12,24
POLICY_VALIDATION,BALANCED_FAMILY5,PRIMARY_PAIRWISE,0.035,18,0.2,40,1,0.0,0.0,0.0,1.0,1.0,0.0,0.875,0.0,0.0,0,60,60,120
POLICY_VALIDATION,BALANCED_FAMILY5,PRIMARY_PAIRWISE,0.035,18,0.9,1,1,0.0,0.0,0.0,1.0,1.0,0.0,1.0,0.0,0.0,0,1,0,1
POLICY_VALIDATION,BALANCED_FAMILY5,PRIMARY_PAIRWISE,0.035,18,0.9,1,3,0.0,0.0,0.0,1.0,1.0,0.0,1.0,0.0,0.0,0,3,0,3
POLICY_VALIDATION,BALANCED_FAMILY5,PRIMARY_PAIRWISE,0.035,18,0.9,12,1,0.0,0.0,0.0,1.0,1.0,0.0,1.0,0.0,0.0,0,6,6,12
POLICY_VALIDATION,BALANCED_FAMILY5,PRIMARY_PAIRWISE,0.035,18,0.9,12,5,0.0,0.0,0.0,1.0,1.0,0.0,0.9166666666666666,0.0,0.0,0,6,6,12
POLICY_VALIDATION,BALANCED_FAMILY5,PRIMARY_PAIRWISE,0.035,18,0.9,40,5,0.0,0.0,0.0,1.0,1.0,0.0,1.0,0.0,0.0,0,20,20,40
POLICY_VALIDATION,BALANCED_FAMILY5,PRIMARY_PAIRWISE,0.035,54,0.2,1,3,0.0,0.0,0.5,0.5,0.5,0.023117037841660464,1.0,1.0,0.5,1,2,0,2
POLICY_VALIDATION,BALANCED_FAMILY5,PRIMARY_PAIRWISE,0.035,54,0.2,12,1,0.0,0.0,0.0,1.0,1.0,0.0,0.9166666666666666,0.0,0.0,0,6,6,12
POLICY_VALIDATION,BALANCED_FAMILY5,PRIMARY_PAIRWISE,0.035,54,0.2,12,3,0.0,0.0,0.16666666666666666,0.9166666666666666,0.8333333333333334,0.0025026262566268526,0.9166666666666666,1.0,0.16666666666666666,1,6,6,12
POLICY_VALIDATION,BALANCED_FAMILY5,PRIMARY_PAIRWISE,0.035,54,0.2,40,1,0.0,0.0,0.0,1.0,1.0,0.0,0.9,0.0,0.0,0,20,20,40
POLICY_VALIDATION,BALANCED_FAMILY5,PRIMARY_PAIRWISE,0.035,54,0.2,40,5,0.05,0.14551858457912786,0.6,0.675,0.4,0.021174151213135525,0.9,0.9230769230769231,0.6,13,20,20,40
POLICY_VALIDATION,BALANCED_FAMILY5,PRIMARY_PAIRWISE,0.035,54,0.9,1,1,0.0,0.0,0.0,1.0,1.0,0.0,1.0,0.0,0.0,0,2,0,2
POLICY_VALIDATION,BALANCED_FAMILY5,PRIMARY_PAIRWISE,0.035,54,0.9,12,5,0.0,0.0,0.0,1.0,1.0,0.0,0.6666666666666666,0.0,0.0,0,18,18,36
POLICY_VALIDATION,BALANCED_FAMILY5,PRIMARY_PAIRWISE,0.035,54,0.9,40,1,0.0,0.0,0.0,1.0,1.0,0.0,0.975,0.0,0.0,0,20,20,40
POLICY_VALIDATION,BALANCED_FAMILY5,PRIMARY_PAIRWISE,0.035,54,0.9,40,3,0.0,0.0,0.0,1.0,1.0,0.0,1.0,0.0,0.0,0,20,20,40
POLICY_VALIDATION,BALANCED_FAMILY5,PRIMARY_PAIRWISE,0.035,144,0.2,1,1,0.0,0.0,0.5,0.5,0.5,0.004144141708545018,1.0,1.0,0.5,1,2,0,2
POLICY_VALIDATION,BALANCED_FAMILY5,PRIMARY_PAIRWISE,0.035,144,0.2,1,3,0.0,0.0,0.0,1.0,1.0,0.0,1.0,0.0,0.0,0,1,0,1
POLICY_VALIDATION,BALANCED_FAMILY5,PRIMARY_PAIRWISE,0.035,144,0.2,12,5,0.0,0.0,0.0,1.0,1.0,0.0,0.9444444444444444,0.0,0.0,0,18,18,36
POLICY_VALIDATION,BALANCED_FAMILY5,PRIMARY_PAIRWISE,0.035,144,0.2,40,3,0.0,0.0,0.0,1.0,1.0,0.0,0.975,0.0,0.0,0,20,20,40
POLICY_VALIDATION,BALANCED_FAMILY5,PRIMARY_PAIRWISE,0.035,144,0.9,1,5,0.0,0.0,0.0,1.0,1.0,0.0,1.0,0.0,0.0,0,1,0,1
POLICY_VALIDATION,BALANCED_FAMILY5,PRIMARY_PAIRWISE,0.035,144,0.9,12,3,0.0,0.0,0.5,0.75,0.5,0.0026563496164179385,1.0,1.0,0.5,6,12,12,24
POLICY_VALIDATION,BALANCED_FAMILY5,PRIMARY_PAIRWISE,0.035,144,0.9,40,1,0.0,0.0,0.3,0.85,0.7,0.017603775933965688,0.9833333333333333,1.0,0.3,18,60,60,120
POLICY_VALIDATION,BALANCED_FAMILY5,PRIMARY_PAIRWISE,0.075,18,0.6,1,1,0.0,0.0,0.0,1.0,1.0,0.0,1.0,0.0,0.0,0,1,0,1
POLICY_VALIDATION,BALANCED_FAMILY5,PRIMARY_PAIRWISE,0.075,18,0.6,12,3,0.0,0.0,0.0,1.0,1.0,0.0,0.8333333333333334,0.0,0.0,0,6,6,12
POLICY_VALIDATION,BALANCED_FAMILY5,PRIMARY_PAIRWISE,0.075,18,0.6,12,5,0.0,0.0,0.0,1.0,1.0,0.0,0.9583333333333334,0.0,0.0,0,12,12,24
POLICY_VALIDATION,BALANCED_FAMILY5,PRIMARY_PAIRWISE,0.075,18,0.6,40,1,0.0,0.0,0.0,1.0,1.0,0.0,0.5875,0.0,0.0,0,40,40,80
POLICY_VALIDATION,BALANCED_FAMILY5,PRIMARY_PAIRWISE,0.075,18,0.6,40,3,0.0,0.0,0.0,1.0,1.0,0.0,0.925,0.0,0.0,0,20,20,40
POLICY_VALIDATION,BALANCED_FAMILY5,PRIMARY_PAIRWISE,0.075,18,0.9,1,3,0.0,0.0,0.0,1.0,1.0,0.0,1.0,0.0,0.0,0,4,0,4
POLICY_VALIDATION,BALANCED_FAMILY5,PRIMARY_PAIRWISE,0.075,18,0.9,12,1,0.0,0.0,0.0,1.0,1.0,0.0,0.8333333333333334,0.0,0.0,0,6,6,12
POLICY_VALIDATION,BALANCED_FAMILY5,PRIMARY_PAIRWISE,0.075,18,0.9,40,5,0.0,0.0,0.0,1.0,1.0,0.0,1.0,0.0,0.0,0,40,40,80
POLICY_VALIDATION,BALANCED_FAMILY5,PRIMARY_PAIRWISE,0.075,54,0.6,1,3,0.0,0.0,0.5,0.5,0.5,0.008131772772816029,0.5,1.0,0.5,1,2,0,2
POLICY_VALIDATION,BALANCED_FAMILY5,PRIMARY_PAIRWISE,0.075,54,0.6,12,3,0.0,0.0,1.0,0.5,0.0,0.010641430707514532,1.0,1.0,1.0,6,6,6,12
POLICY_VALIDATION,BALANCED_FAMILY5,PRIMARY_PAIRWISE,0.075,54,0.6,40,1,0.0,0.0,0.5,0.75,0.5,0.013455798601555958,0.975,1.0,0.5,20,40,40,80
POLICY_VALIDATION,BALANCED_FAMILY5,PRIMARY_PAIRWISE,0.075,54,0.6,40,5,0.0,0.0,0.0,1.0,1.0,0.0,0.85,0.0,0.0,0,20,20,40
POLICY_VALIDATION,BALANCED_FAMILY5,PRIMARY_PAIRWISE,0.075,54,0.9,1,1,0.0,0.0,0.5,0.5,0.5,0.0034537003082208556,1.0,1.0,0.5,1,2,0,2
POLICY_VALIDATION,BALANCED_FAMILY5,PRIMARY_PAIRWISE,0.075,54,0.9,12,5,0.0,0.0,0.0,1.0,1.0,0.0,0.6666666666666666,0.0,0.0,0,18,18,36
POLICY_VALIDATION,BALANCED_FAMILY5,PRIMARY_PAIRWISE,0.075,54,0.9,40,3,0.0,0.0,0.0,1.0,1.0,0.0,0.9875,0.0,0.0,0,40,40,80
POLICY_VALIDATION,BALANCED_FAMILY5,PRIMARY_PAIRWISE,0.075,144,0.6,1,1,0.0,0.0,0.0,1.0,1.0,0.0,1.0,0.0,0.0,0,1,0,1
POLICY_VALIDATION,BALANCED_FAMILY5,PRIMARY_PAIRWISE,0.075,144,0.6,1,3,0.0,0.0,0.0,1.0,1.0,0.0,1.0,0.0,0.0,0,2,0,2
POLICY_VALIDATION,BALANCED_FAMILY5,PRIMARY_PAIRWISE,0.075,144,0.6,12,5,0.0,0.0,0.0,1.0,1.0,0.0,0.9583333333333334,0.0,0.0,0,12,12,24
POLICY_VALIDATION,BALANCED_FAMILY5,PRIMARY_PAIRWISE,0.075,144,0.6,40,3,0.0,0.0,0.0,1.0,1.0,0.0,0.275,0.0,0.0,0,20,20,40
POLICY_VALIDATION,BALANCED_FAMILY5,PRIMARY_PAIRWISE,0.075,144,0.6,40,5,0.0,0.0,0.0,1.0,1.0,0.0,0.975,0.0,0.0,0,20,20,40
POLICY_VALIDATION,BALANCED_FAMILY5,PRIMARY_PAIRWISE,0.075,144,0.9,1,5,0.0,0.0,0.0,1.0,1.0,0.0,1.0,0.0,0.0,0,1,0,1
POLICY_VALIDATION,BALANCED_FAMILY5,PRIMARY_PAIRWISE,0.075,144,0.9,12,3,0.0,0.0,0.5,0.75,0.5,0.008133912448495456,1.0,1.0,0.5,6,12,12,24
POLICY_VALIDATION,BALANCED_FAMILY5,PRIMARY_PAIRWISE,0.075,144,0.9,40,1,0.0,0.0,0.6666666666666666,0.6666666666666667,0.33333333333333337,0.0027457238013175777,1.0,1.0,0.6666666666666666,40,60,60,120
POLICY_VALIDATION,BALANCED_FAMILY5,REPAIR,0.0,18,0.2,1,3,0.0,0.0,0.0,1.0,1.0,0.0,1.0,0.0,0.0,0,0,1,1
POLICY_VALIDATION,BALANCED_FAMILY5,REPAIR,0.0,18,0.2,1,5,0.0,0.0,0.0,1.0,1.0,0.0,1.0,0.0,0.0,0,0,2,2
POLICY_VALIDATION,BALANCED_FAMILY5,REPAIR,0.0,18,0.2,12,1,0.0,0.0,0.0,1.0,1.0,0.0,0.9166666666666666,0.0,0.0,0,0,12,12
POLICY_VALIDATION,BALANCED_FAMILY5,REPAIR,0.0,18,0.2,12,3,0.0,0.0,0.0,1.0,1.0,0.0,0.9166666666666666,0.0,0.0,0,0,12,12
POLICY_VALIDATION,BALANCED_FAMILY5,REPAIR,0.0,18,0.2,40,1,0.0,0.0,0.0,1.0,1.0,0.0,0.925,0.0,0.0,0,0,80,80
POLICY_VALIDATION,BALANCED_FAMILY5,REPAIR,0.0,18,0.9,1,1,0.0,0.0,0.0,1.0,1.0,0.0,1.0,0.0,0.0,0,0,1,1
POLICY_VALIDATION,BALANCED_FAMILY5,REPAIR,0.0,18,0.9,12,1,0.0,0.0,0.0,1.0,1.0,0.0,1.0,0.0,0.0,0,0,12,12
POLICY_VALIDATION,BALANCED_FAMILY5,REPAIR,0.0,18,0.9,12,5,0.0,0.0,0.0,1.0,1.0,0.0,0.9166666666666666,0.0,0.0,0,0,12,12
POLICY_VALIDATION,BALANCED_FAMILY5,REPAIR,0.0,18,0.9,40,3,0.0,0.0,0.0,1.0,1.0,0.0,0.7,0.0,0.0,0,0,120,120
POLICY_VALIDATION,BALANCED_FAMILY5,REPAIR,0.0,54,0.2,1,3,0.0,0.0,0.0,1.0,1.0,0.0,1.0,0.0,0.0,0,0,1,1
POLICY_VALIDATION,BALANCED_FAMILY5,REPAIR,0.0,54,0.2,12,1,0.0,0.0,0.0,1.0,1.0,0.0,0.9444444444444444,0.0,0.0,0,0,36,36
POLICY_VALIDATION,BALANCED_FAMILY5,REPAIR,0.0,54,0.2,40,3,0.0125,0.036846393470080945,0.0,0.9875,1.0,0.04638794712789929,0.85,0.0,0.0,1,0,80,80
POLICY_VALIDATION,BALANCED_FAMILY5,REPAIR,0.0,54,0.9,1,5,0.0,0.0,0.0,1.0,1.0,0.0,0.6666666666666666,0.0,0.0,0,0,3,3
POLICY_VALIDATION,BALANCED_FAMILY5,REPAIR,0.0,54,0.9,12,3,0.0,0.0,0.0,1.0,1.0,0.0,1.0,0.0,0.0,0,0,12,12
POLICY_VALIDATION,BALANCED_FAMILY5,REPAIR,0.0,54,0.9,40,1,0.0,0.0,0.0,1.0,1.0,0.0,1.0,0.0,0.0,0,0,80,80
POLICY_VALIDATION,BALANCED_FAMILY5,REPAIR,0.0,54,0.9,40,3,0.0,0.0,0.0,1.0,1.0,0.0,0.975,0.0,0.0,0,0,40,40
POLICY_VALIDATION,BALANCED_FAMILY5,REPAIR,0.0,144,0.2,1,1,0.0,0.0,0.0,1.0,1.0,0.0,1.0,0.0,0.0,0,0,1,1
POLICY_VALIDATION,BALANCED_FAMILY5,REPAIR,0.0,144,0.2,1,5,0.0,0.0,0.0,1.0,1.0,0.0,1.0,0.0,0.0,0,0,1,1
POLICY_VALIDATION,BALANCED_FAMILY5,REPAIR,0.0,144,0.2,12,5,0.0,0.0,0.0,1.0,1.0,0.0,0.9166666666666666,0.0,0.0,0,0,12,12
POLICY_VALIDATION,BALANCED_FAMILY5,REPAIR,0.0,144,0.2,40,1,0.0,0.0,0.0,1.0,1.0,0.0,0.9,0.0,0.0,0,0,40,40
POLICY_VALIDATION,BALANCED_FAMILY5,REPAIR,0.0,144,0.2,40,3,0.0,0.0,0.0,1.0,1.0,0.0,0.9083333333333333,0.0,0.0,0,0,120,120
POLICY_VALIDATION,BALANCED_FAMILY5,REPAIR,0.0,144,0.9,1,3,0.0,0.0,0.0,1.0,1.0,0.0,1.0,0.0,0.0,0,0,2,2
POLICY_VALIDATION,BALANCED_FAMILY5,REPAIR,0.0,144,0.9,12,1,0.0,0.0,0.0,1.0,1.0,0.0,0.9722222222222222,0.0,0.0,0,0,36,36
POLICY_VALIDATION,BALANCED_FAMILY5,REPAIR,0.0,144,0.9,40,1,0.0,0.0,0.0,1.0,1.0,0.0,1.0,0.0,0.0,0,0,40,40
POLICY_VALIDATION,BALANCED_FAMILY5,REPAIR,0.0,144,0.9,40,5,0.0,0.0,0.0,1.0,1.0,0.0,1.0,0.0,0.0,0,0,40,40
POLICY_VALIDATION,BALANCED_FAMILY5,REPAIR,0.035,18,0.6,1,5,0.0,0.0,0.0,1.0,1.0,0.0,0.6666666666666666,0.0,0.0,0,3,0,3
POLICY_VALIDATION,BALANCED_FAMILY5,REPAIR,0.035,18,0.6,12,1,0.0,0.0,0.0,1.0,1.0,0.0,0.8333333333333334,0.0,0.0,0,6,6,12
POLICY_VALIDATION,BALANCED_FAMILY5,REPAIR,0.035,18,0.6,12,3,0.0,0.0,0.0,1.0,1.0,0.0,1.0,0.0,0.0,0,6,6,12
POLICY_VALIDATION,BALANCED_FAMILY5,REPAIR,0.035,18,0.6,40,1,0.0,0.0,0.0,1.0,1.0,0.0,0.925,0.0,0.0,0,40,40,80
POLICY_VALIDATION,BALANCED_FAMILY5,REPAIR,0.035,18,0.9,1,1,0.0,0.0,0.0,1.0,1.0,0.0,1.0,0.0,0.0,0,1,0,1
POLICY_VALIDATION,BALANCED_FAMILY5,REPAIR,0.035,18,0.9,1,3,0.0,0.0,0.0,1.0,1.0,0.0,0.0,0.0,0.0,0,1,0,1
POLICY_VALIDATION,BALANCED_FAMILY5,REPAIR,0.035,18,0.9,12,1,0.0,0.0,0.0,1.0,1.0,0.0,0.9166666666666666,0.0,0.0,0,6,6,12
POLICY_VALIDATION,BALANCED_FAMILY5,REPAIR,0.035,18,0.9,12,5,0.0,0.0,0.0,1.0,1.0,0.0,1.0,0.0,0.0,0,6,6,12
POLICY_VALIDATION,BALANCED_FAMILY5,REPAIR,0.035,18,0.9,40,3,0.0,0.0,0.0,1.0,1.0,0.0,1.0,0.0,0.0,0,40,40,80
POLICY_VALIDATION,BALANCED_FAMILY5,REPAIR,0.035,54,0.6,1,3,0.0,0.0,0.0,1.0,1.0,0.0,0.5,0.0,0.0,0,2,0,2
POLICY_VALIDATION,BALANCED_FAMILY5,REPAIR,0.035,54,0.6,12,1,0.0,0.0,0.0,1.0,1.0,0.0,0.9166666666666666,0.0,0.0,0,18,18,36
POLICY_VALIDATION,BALANCED_FAMILY5,REPAIR,0.035,54,0.6,40,5,0.0,0.0,0.0,1.0,1.0,0.0,0.85,0.0,0.0,0,20,20,40
POLICY_VALIDATION,BALANCED_FAMILY5,REPAIR,0.035,54,0.9,1,5,0.0,0.0,0.0,1.0,1.0,0.0,1.0,0.0,0.0,0,3,0,3
POLICY_VALIDATION,BALANCED_FAMILY5,REPAIR,0.035,54,0.9,12,3,0.0,0.0,0.0,1.0,1.0,0.0,0.6666666666666666,0.0,0.0,0,6,6,12
POLICY_VALIDATION,BALANCED_FAMILY5,REPAIR,0.035,54,0.9,40,1,0.0,0.0,0.5,0.75,0.5,0.014882293442588252,0.9625,1.0,0.5,20,40,40,80
POLICY_VALIDATION,BALANCED_FAMILY5,REPAIR,0.035,54,0.9,40,3,0.0,0.0,0.0,1.0,1.0,0.0,1.0,0.0,0.0,0,20,20,40
POLICY_VALIDATION,BALANCED_FAMILY5,REPAIR,0.035,144,0.6,1,1,0.0,0.0,0.0,1.0,1.0,0.0,1.0,0.0,0.0,0,1,0,1
POLICY_VALIDATION,BALANCED_FAMILY5,REPAIR,0.035,144,0.6,1,5,0.0,0.0,0.0,1.0,1.0,0.0,1.0,0.0,0.0,0,1,0,1
POLICY_VALIDATION,BALANCED_FAMILY5,REPAIR,0.035,144,0.6,12,5,0.0,0.0,0.0,1.0,1.0,0.0,0.9166666666666666,0.0,0.0,0,6,6,12
POLICY_VALIDATION,BALANCED_FAMILY5,REPAIR,0.035,144,0.6,40,1,0.0,0.0,0.0,1.0,1.0,0.0,1.0,0.0,0.0,0,20,20,40
POLICY_VALIDATION,BALANCED_FAMILY5,REPAIR,0.035,144,0.6,40,3,0.0,0.0,0.3,0.85,0.7,0.011800589428805729,0.9333333333333333,1.0,0.3,18,60,60,120
POLICY_VALIDATION,BALANCED_FAMILY5,REPAIR,0.035,144,0.9,1,3,0.0,0.0,0.0,1.0,1.0,0.0,1.0,0.0,0.0,0,1,0,1
POLICY_VALIDATION,BALANCED_FAMILY5,REPAIR,0.035,144,0.9,1,5,0.0,0.0,0.5,0.5,0.5,0.0006867222383653004,1.0,1.0,0.5,1,2,0,2
POLICY_VALIDATION,BALANCED_FAMILY5,REPAIR,0.035,144,0.9,12,1,0.0,0.0,0.3333333333333333,0.8333333333333334,0.6666666666666667,0.001258778435391823,0.9166666666666666,1.0,0.3333333333333333,6,18,18,36
POLICY_VALIDATION,BALANCED_FAMILY5,REPAIR,0.035,144,0.9,40,1,0.0,0.0,0.0,1.0,1.0,0.0,1.0,0.0,0.0,0,20,20,40
POLICY_VALIDATION,BALANCED_FAMILY5,REPAIR,0.075,18,0.2,1,3,0.0,0.0,0.0,1.0,1.0,0.0,1.0,0.0,0.0,0,1,0,1
POLICY_VALIDATION,BALANCED_FAMILY5,REPAIR,0.075,18,0.2,12,1,0.0,0.0,0.0,1.0,1.0,0.0,0.875,0.0,0.0,0,12,12,24
POLICY_VALIDATION,BALANCED_FAMILY5,REPAIR,0.075,18,0.2,12,5,0.0,0.0,0.0,1.0,1.0,0.0,0.9166666666666666,0.0,0.0,0,6,6,12
POLICY_VALIDATION,BALANCED_FAMILY5,REPAIR,0.075,18,0.2,40,3,0.0,0.0,0.0,1.0,1.0,0.0,0.9875,0.0,0.0,0,40,40,80
POLICY_VALIDATION,BALANCED_FAMILY5,REPAIR,0.075,18,0.6,1,5,0.0,0.0,0.0,1.0,1.0,0.0,1.0,0.0,0.0,0,3,0,3
POLICY_VALIDATION,BALANCED_FAMILY5,REPAIR,0.075,18,0.6,12,3,0.0,0.0,0.0,1.0,1.0,0.0,0.875,0.0,0.0,0,12,12,24
POLICY_VALIDATION,BALANCED_FAMILY5,REPAIR,0.075,18,0.6,40,1,0.0,0.0,0.0,1.0,1.0,0.0,0.9,0.0,0.0,0,40,40,80
POLICY_VALIDATION,BALANCED_FAMILY5,REPAIR,0.075,54,0.2,1,5,0.0,0.0,0.0,1.0,1.0,0.0,1.0,0.0,0.0,0,2,0,2
POLICY_VALIDATION,BALANCED_FAMILY5,REPAIR,0.075,54,0.2,12,3,0.0,0.0,0.0,1.0,1.0,0.0,1.0,0.0,0.0,0,6,6,12
POLICY_VALIDATION,BALANCED_FAMILY5,REPAIR,0.075,54,0.2,12,5,0.0,0.0,0.0,1.0,1.0,0.0,0.9166666666666666,0.0,0.0,0,6,6,12
POLICY_VALIDATION,BALANCED_FAMILY5,REPAIR,0.075,54,0.2,40,1,0.0,0.0,0.0,1.0,1.0,0.0,0.95,0.0,0.0,0,20,20,40
POLICY_VALIDATION,BALANCED_FAMILY5,REPAIR,0.075,54,0.2,40,3,0.0,0.0,0.0,1.0,1.0,0.0,0.825,0.0,0.0,0,40,40,80
POLICY_VALIDATION,BALANCED_FAMILY5,REPAIR,0.075,54,0.6,1,3,0.0,0.0,0.5,0.5,0.5,0.03232075027227842,1.0,1.0,0.5,1,2,0,2
POLICY_VALIDATION,BALANCED_FAMILY5,REPAIR,0.075,54,0.6,12,1,0.0,0.0,0.3333333333333333,0.8333333333333334,0.6666666666666667,0.015484892981821513,0.9166666666666666,1.0,0.3333333333333333,6,18,18,36
POLICY_VALIDATION,BALANCED_FAMILY5,REPAIR,0.075,54,0.6,40,5,0.0,0.0,0.0,1.0,1.0,0.0,0.975,0.0,0.0,0,20,20,40
POLICY_VALIDATION,BALANCED_FAMILY5,REPAIR,0.075,144,0.2,1,3,0.0,0.0,0.0,1.0,1.0,0.0,1.0,0.0,0.0,0,1,0,1
POLICY_VALIDATION,BALANCED_FAMILY5,REPAIR,0.075,144,0.2,1,5,0.0,0.0,0.0,1.0,1.0,0.0,1.0,0.0,0.0,0,2,0,2
POLICY_VALIDATION,BALANCED_FAMILY5,REPAIR,0.075,144,0.2,12,1,0.0,0.0,0.0,1.0,1.0,0.0,0.8333333333333334,0.0,0.0,0,12,12,24
POLICY_VALIDATION,BALANCED_FAMILY5,REPAIR,0.075,144,0.2,12,3,0.0,0.0,0.0,1.0,1.0,0.0,0.75,0.0,0.0,0,6,6,12
POLICY_VALIDATION,BALANCED_FAMILY5,REPAIR,0.075,144,0.2,40,1,0.0,0.0,0.0,1.0,1.0,0.0,0.95,0.0,0.0,0,20,20,40
POLICY_VALIDATION,BALANCED_FAMILY5,REPAIR,0.075,144,0.6,1,1,0.0,0.0,0.0,1.0,1.0,0.0,1.0,0.0,0.0,0,1,0,1
POLICY_VALIDATION,BALANCED_FAMILY5,REPAIR,0.075,144,0.6,12,5,0.0,0.0,0.5,0.75,0.5,0.0056602817703893344,1.0,1.0,0.5,6,12,12,24
POLICY_VALIDATION,BALANCED_FAMILY5,REPAIR,0.075,144,0.6,40,3,0.0,0.0,0.5,0.75,0.5,0.008239361582403166,0.7875,1.0,0.5,40,80,80,160
POLICY_VALIDATION,BALANCED_FAMILY5,THRESHOLD_PASS,0.0,18,0.2,1,3,0.0,0.0,0.0,1.0,1.0,0.0,1.0,0.0,0.0,0,0,1,1
POLICY_VALIDATION,BALANCED_FAMILY5,THRESHOLD_PASS,0.0,18,0.2,1,5,0.0,0.0,0.0,1.0,1.0,0.0,1.0,0.0,0.0,0,0,2,2
POLICY_VALIDATION,BALANCED_FAMILY5,THRESHOLD_PASS,0.0,18,0.2,12,1,0.0,0.0,0.0,1.0,1.0,0.0,0.9166666666666666,0.0,0.0,0,0,12,12
POLICY_VALIDATION,BALANCED_FAMILY5,THRESHOLD_PASS,0.0,18,0.2,12,3,0.0,0.0,0.0,1.0,1.0,0.0,0.9166666666666666,0.0,0.0,0,0,12,12
POLICY_VALIDATION,BALANCED_FAMILY5,THRESHOLD_PASS,0.0,18,0.2,40,1,0.0,0.0,0.0,1.0,1.0,0.0,0.9375,0.0,0.0,0,0,80,80
POLICY_VALIDATION,BALANCED_FAMILY5,THRESHOLD_PASS,0.0,18,0.9,1,1,0.0,0.0,0.0,1.0,1.0,0.0,1.0,0.0,0.0,0,0,1,1
POLICY_VALIDATION,BALANCED_FAMILY5,THRESHOLD_PASS,0.0,18,0.9,12,1,0.0,0.0,0.0,1.0,1.0,0.0,1.0,0.0,0.0,0,0,12,12
POLICY_VALIDATION,BALANCED_FAMILY5,THRESHOLD_PASS,0.0,18,0.9,12,5,0.0,0.0,0.0,1.0,1.0,0.0,1.0,0.0,0.0,0,0,12,12
POLICY_VALIDATION,BALANCED_FAMILY5,THRESHOLD_PASS,0.0,18,0.9,40,3,0.0,0.0,0.0,1.0,1.0,0.0,1.0,0.0,0.0,0,0,120,120
POLICY_VALIDATION,BALANCED_FAMILY5,THRESHOLD_PASS,0.0,54,0.2,1,3,0.0,0.0,0.0,1.0,1.0,0.0,1.0,0.0,0.0,0,0,1,1
POLICY_VALIDATION,BALANCED_FAMILY5,THRESHOLD_PASS,0.0,54,0.2,12,1,0.0,0.0,0.0,1.0,1.0,0.0,0.8888888888888888,0.0,0.0,0,0,36,36
POLICY_VALIDATION,BALANCED_FAMILY5,THRESHOLD_PASS,0.0,54,0.2,40,3,0.0125,0.036846393470080945,0.0,0.9875,1.0,0.03838671414498735,0.775,0.0,0.0,1,0,80,80
POLICY_VALIDATION,BALANCED_FAMILY5,THRESHOLD_PASS,0.0,54,0.9,1,5,0.0,0.0,0.0,1.0,1.0,0.0,1.0,0.0,0.0,0,0,3,3
POLICY_VALIDATION,BALANCED_FAMILY5,THRESHOLD_PASS,0.0,54,0.9,12,3,0.0,0.0,0.0,1.0,1.0,0.0,1.0,0.0,0.0,0,0,12,12
POLICY_VALIDATION,BALANCED_FAMILY5,THRESHOLD_PASS,0.0,54,0.9,40,1,0.0,0.0,0.0,1.0,1.0,0.0,1.0,0.0,0.0,0,0,80,80
POLICY_VALIDATION,BALANCED_FAMILY5,THRESHOLD_PASS,0.0,54,0.9,40,3,0.0,0.0,0.0,1.0,1.0,0.0,1.0,0.0,0.0,0,0,40,40
POLICY_VALIDATION,BALANCED_FAMILY5,THRESHOLD_PASS,0.0,144,0.2,1,1,0.0,0.0,0.0,1.0,1.0,0.0,1.0,0.0,0.0,0,0,1,1
POLICY_VALIDATION,BALANCED_FAMILY5,THRESHOLD_PASS,0.0,144,0.2,1,5,0.0,0.0,0.0,1.0,1.0,0.0,0.0,0.0,0.0,0,0,1,1
POLICY_VALIDATION,BALANCED_FAMILY5,THRESHOLD_PASS,0.0,144,0.2,12,5,0.0,0.0,0.0,1.0,1.0,0.0,0.9166666666666666,0.0,0.0,0,0,12,12
POLICY_VALIDATION,BALANCED_FAMILY5,THRESHOLD_PASS,0.0,144,0.2,40,1,0.0,0.0,0.0,1.0,1.0,0.0,0.95,0.0,0.0,0,0,40,40
POLICY_VALIDATION,BALANCED_FAMILY5,THRESHOLD_PASS,0.0,144,0.2,40,3,0.0,0.0,0.0,1.0,1.0,0.0,0.9333333333333333,0.0,0.0,0,0,120,120
POLICY_VALIDATION,BALANCED_FAMILY5,THRESHOLD_PASS,0.0,144,0.9,1,3,0.0,0.0,0.0,1.0,1.0,0.0,1.0,0.0,0.0,0,0,2,2
POLICY_VALIDATION,BALANCED_FAMILY5,THRESHOLD_PASS,0.0,144,0.9,12,1,0.0,0.0,0.0,1.0,1.0,0.0,1.0,0.0,0.0,0,0,36,36
POLICY_VALIDATION,BALANCED_FAMILY5,THRESHOLD_PASS,0.0,144,0.9,40,1,0.0,0.0,0.0,1.0,1.0,0.0,1.0,0.0,0.0,0,0,40,40
POLICY_VALIDATION,BALANCED_FAMILY5,THRESHOLD_PASS,0.0,144,0.9,40,5,0.0,0.0,0.0,1.0,1.0,0.0,1.0,0.0,0.0,0,0,40,40
POLICY_VALIDATION,BALANCED_FAMILY5,THRESHOLD_PASS,0.035,18,0.6,1,5,0.0,0.0,0.0,1.0,1.0,0.0,1.0,0.0,0.0,0,3,0,3
POLICY_VALIDATION,BALANCED_FAMILY5,THRESHOLD_PASS,0.035,18,0.6,12,1,0.0,0.0,0.0,1.0,1.0,0.0,0.8333333333333334,0.0,0.0,0,6,6,12
POLICY_VALIDATION,BALANCED_FAMILY5,THRESHOLD_PASS,0.035,18,0.6,12,3,0.0,0.0,0.0,1.0,1.0,0.0,0.9166666666666666,0.0,0.0,0,6,6,12
POLICY_VALIDATION,BALANCED_FAMILY5,THRESHOLD_PASS,0.035,18,0.6,40,1,0.0,0.0,0.0,1.0,1.0,0.0,0.6375,0.0,0.0,0,40,40,80
POLICY_VALIDATION,BALANCED_FAMILY5,THRESHOLD_PASS,0.035,18,0.9,1,1,0.0,0.0,0.0,1.0,1.0,0.0,1.0,0.0,0.0,0,1,0,1
POLICY_VALIDATION,BALANCED_FAMILY5,THRESHOLD_PASS,0.035,18,0.9,1,3,0.0,0.0,0.0,1.0,1.0,0.0,0.0,0.0,0.0,0,1,0,1
POLICY_VALIDATION,BALANCED_FAMILY5,THRESHOLD_PASS,0.035,18,0.9,12,1,0.0,0.0,0.0,1.0,1.0,0.0,1.0,0.0,0.0,0,6,6,12
POLICY_VALIDATION,BALANCED_FAMILY5,THRESHOLD_PASS,0.035,18,0.9,12,5,0.0,0.0,0.0,1.0,1.0,0.0,1.0,0.0,0.0,0,6,6,12
POLICY_VALIDATION,BALANCED_FAMILY5,THRESHOLD_PASS,0.035,18,0.9,40,3,0.0,0.0,0.0,1.0,1.0,0.0,0.9625,0.0,0.0,0,40,40,80
POLICY_VALIDATION,BALANCED_FAMILY5,THRESHOLD_PASS,0.035,54,0.6,1,3,0.0,0.0,0.0,1.0,1.0,0.0,0.5,0.0,0.0,0,2,0,2
POLICY_VALIDATION,BALANCED_FAMILY5,THRESHOLD_PASS,0.035,54,0.6,12,1,0.0,0.0,0.0,1.0,1.0,0.0,0.8888888888888888,0.0,0.0,0,18,18,36
POLICY_VALIDATION,BALANCED_FAMILY5,THRESHOLD_PASS,0.035,54,0.6,40,5,0.0,0.0,0.0,1.0,1.0,0.0,0.875,0.0,0.0,0,20,20,40
POLICY_VALIDATION,BALANCED_FAMILY5,THRESHOLD_PASS,0.035,54,0.9,1,5,0.0,0.0,0.0,1.0,1.0,0.0,1.0,0.0,0.0,0,3,0,3
POLICY_VALIDATION,BALANCED_FAMILY5,THRESHOLD_PASS,0.035,54,0.9,12,3,0.0,0.0,0.0,1.0,1.0,0.0,1.0,0.0,0.0,0,6,6,12
POLICY_VALIDATION,BALANCED_FAMILY5,THRESHOLD_PASS,0.035,54,0.9,40,1,0.0,0.0,0.0,1.0,1.0,0.0,0.9,0.0,0.0,0,40,40,80
POLICY_VALIDATION,BALANCED_FAMILY5,THRESHOLD_PASS,0.035,54,0.9,40,3,0.0,0.0,0.0,1.0,1.0,0.0,1.0,0.0,0.0,0,20,20,40
POLICY_VALIDATION,BALANCED_FAMILY5,THRESHOLD_PASS,0.035,144,0.6,1,1,0.0,0.0,0.0,1.0,1.0,0.0,1.0,0.0,0.0,0,1,0,1
POLICY_VALIDATION,BALANCED_FAMILY5,THRESHOLD_PASS,0.035,144,0.6,1,5,0.0,0.0,0.0,1.0,1.0,0.0,1.0,0.0,0.0,0,1,0,1
POLICY_VALIDATION,BALANCED_FAMILY5,THRESHOLD_PASS,0.035,144,0.6,12,5,0.0,0.0,1.0,0.5,0.0,0.0025722765779741096,1.0,1.0,1.0,6,6,6,12
POLICY_VALIDATION,BALANCED_FAMILY5,THRESHOLD_PASS,0.035,144,0.6,40,1,0.0,0.0,0.0,1.0,1.0,0.0,0.95,0.0,0.0,0,20,20,40
POLICY_VALIDATION,BALANCED_FAMILY5,THRESHOLD_PASS,0.035,144,0.6,40,3,0.0,0.0,0.2,0.9,0.8,0.001993919341609465,0.9166666666666666,1.0,0.2,12,60,60,120
POLICY_VALIDATION,BALANCED_FAMILY5,THRESHOLD_PASS,0.035,144,0.9,1,3,0.0,0.0,0.0,1.0,1.0,0.0,1.0,0.0,0.0,0,1,0,1
POLICY_VALIDATION,BALANCED_FAMILY5,THRESHOLD_PASS,0.035,144,0.9,1,5,0.0,0.0,0.5,0.5,0.5,0.009328790393736554,1.0,1.0,0.5,1,2,0,2
POLICY_VALIDATION,BALANCED_FAMILY5,THRESHOLD_PASS,0.035,144,0.9,12,1,0.0,0.0,0.3333333333333333,0.8333333333333334,0.6666666666666667,0.003779316649711433,1.0,1.0,0.3333333333333333,6,18,18,36
POLICY_VALIDATION,BALANCED_FAMILY5,THRESHOLD_PASS,0.035,144,0.9,40,1,0.0,0.0,0.0,1.0,1.0,0.0,0.6,0.0,0.0,0,20,20,40
POLICY_VALIDATION,BALANCED_FAMILY5,THRESHOLD_PASS,0.075,18,0.2,1,3,0.0,0.0,0.0,1.0,1.0,0.0,0.0,0.0,0.0,0,1,0,1
POLICY_VALIDATION,BALANCED_FAMILY5,THRESHOLD_PASS,0.075,18,0.2,12,1,0.0,0.0,0.0,1.0,1.0,0.0,0.75,0.0,0.0,0,12,12,24
POLICY_VALIDATION,BALANCED_FAMILY5,THRESHOLD_PASS,0.075,18,0.2,12,5,0.0,0.0,0.0,1.0,1.0,0.0,0.9166666666666666,0.0,0.0,0,6,6,12
POLICY_VALIDATION,BALANCED_FAMILY5,THRESHOLD_PASS,0.075,18,0.2,40,3,0.0,0.0,0.0,1.0,1.0,0.0,0.95,0.0,0.0,0,40,40,80
POLICY_VALIDATION,BALANCED_FAMILY5,THRESHOLD_PASS,0.075,18,0.6,1,5,0.0,0.0,0.0,1.0,1.0,0.0,1.0,0.0,0.0,0,3,0,3
POLICY_VALIDATION,BALANCED_FAMILY5,THRESHOLD_PASS,0.075,18,0.6,12,3,0.0,0.0,0.0,1.0,1.0,0.0,0.875,0.0,0.0,0,12,12,24
POLICY_VALIDATION,BALANCED_FAMILY5,THRESHOLD_PASS,0.075,18,0.6,40,1,0.0,0.0,0.0,1.0,1.0,0.0,0.9875,0.0,0.0,0,40,40,80
POLICY_VALIDATION,BALANCED_FAMILY5,THRESHOLD_PASS,0.075,54,0.2,1,5,0.0,0.0,0.0,1.0,1.0,0.0,1.0,0.0,0.0,0,2,0,2
POLICY_VALIDATION,BALANCED_FAMILY5,THRESHOLD_PASS,0.075,54,0.2,12,3,0.0,0.0,0.0,1.0,1.0,0.0,0.9166666666666666,0.0,0.0,0,6,6,12
POLICY_VALIDATION,BALANCED_FAMILY5,THRESHOLD_PASS,0.075,54,0.2,12,5,0.0,0.0,0.0,1.0,1.0,0.0,1.0,0.0,0.0,0,6,6,12
POLICY_VALIDATION,BALANCED_FAMILY5,THRESHOLD_PASS,0.075,54,0.2,40,1,0.0,0.0,0.0,1.0,1.0,0.0,0.875,0.0,0.0,0,20,20,40
POLICY_VALIDATION,BALANCED_FAMILY5,THRESHOLD_PASS,0.075,54,0.2,40,3,0.0,0.0,0.0,1.0,1.0,0.0,0.95,0.0,0.0,0,40,40,80
POLICY_VALIDATION,BALANCED_FAMILY5,THRESHOLD_PASS,0.075,54,0.6,1,3,0.0,0.0,0.5,0.5,0.5,0.006180591144102035,1.0,1.0,0.5,1,2,0,2
POLICY_VALIDATION,BALANCED_FAMILY5,THRESHOLD_PASS,0.075,54,0.6,12,1,0.0,0.0,0.3333333333333333,0.8333333333333334,0.6666666666666667,0.008209783938304913,0.9722222222222222,1.0,0.3333333333333333,6,18,18,36
POLICY_VALIDATION,BALANCED_FAMILY5,THRESHOLD_PASS,0.075,54,0.6,40,5,0.0,0.0,0.0,1.0,1.0,0.0,1.0,0.0,0.0,0,20,20,40
POLICY_VALIDATION,BALANCED_FAMILY5,THRESHOLD_PASS,0.075,144,0.2,1,3,0.0,0.0,0.0,1.0,1.0,0.0,1.0,0.0,0.0,0,1,0,1
POLICY_VALIDATION,BALANCED_FAMILY5,THRESHOLD_PASS,0.075,144,0.2,1,5,0.0,0.0,0.5,0.5,0.5,0.011379743524569177,1.0,1.0,0.5,1,2,0,2
POLICY_VALIDATION,BALANCED_FAMILY5,THRESHOLD_PASS,0.075,144,0.2,12,1,0.0,0.0,0.0,1.0,1.0,0.0,0.9166666666666666,0.0,0.0,0,12,12,24
POLICY_VALIDATION,BALANCED_FAMILY5,THRESHOLD_PASS,0.075,144,0.2,12,3,0.0,0.0,1.0,0.5,0.0,0.004986195955539001,1.0,1.0,1.0,6,6,6,12
POLICY_VALIDATION,BALANCED_FAMILY5,THRESHOLD_PASS,0.075,144,0.2,40,1,0.0,0.0,0.0,1.0,1.0,0.0,0.875,0.0,0.0,0,20,20,40
POLICY_VALIDATION,BALANCED_FAMILY5,THRESHOLD_PASS,0.075,144,0.6,1,1,0.0,0.0,0.0,1.0,1.0,0.0,1.0,0.0,0.0,0,1,0,1
POLICY_VALIDATION,BALANCED_FAMILY5,THRESHOLD_PASS,0.075,144,0.6,12,5,0.0,0.0,0.5,0.75,0.5,0.008211548579211686,1.0,1.0,0.5,6,12,12,24
POLICY_VALIDATION,BALANCED_FAMILY5,THRESHOLD_PASS,0.075,144,0.6,40,3,0.0,0.0,0.5,0.75,0.5,0.005309740601168506,0.95625,1.0,0.5,40,80,80,160
POLICY_VALIDATION,BALANCED_FAMILY5,TOP_K,0.0,18,0.6,1,3,0.0,0.0,0.0,1.0,1.0,0.0,1.0,0.0,0.0,0,0,1,1
POLICY_VALIDATION,BALANCED_FAMILY5,TOP_K,0.0,18,0.6,12,1,0.0,0.0,0.0,1.0,1.0,0.0,1.0,0.0,0.0,0,0,24,24
POLICY_VALIDATION,BALANCED_FAMILY5,TOP_K,0.0,18,0.6,12,3,0.0,0.0,0.0,1.0,1.0,0.0,1.0,0.0,0.0,0,0,12,12
POLICY_VALIDATION,BALANCED_FAMILY5,TOP_K,0.0,18,0.6,40,5,0.0,0.0,0.0,1.0,1.0,0.0,0.8333333333333334,0.0,0.0,0,0,120,120
POLICY_VALIDATION,BALANCED_FAMILY5,TOP_K,0.0,18,0.9,1,1,0.0,0.0,0.0,1.0,1.0,0.0,1.0,0.0,0.0,0,0,3,3
POLICY_VALIDATION,BALANCED_FAMILY5,TOP_K,0.0,18,0.9,12,3,0.0,0.0,0.0,1.0,1.0,0.0,1.0,0.0,0.0,0,0,24,24
POLICY_VALIDATION,BALANCED_FAMILY5,TOP_K,0.0,18,0.9,40,3,0.0,0.0,0.0,1.0,1.0,0.0,0.975,0.0,0.0,0,0,40,40
POLICY_VALIDATION,BALANCED_FAMILY5,TOP_K,0.0,54,0.6,1,1,0.0,0.0,0.0,1.0,1.0,0.0,1.0,0.0,0.0,0,0,3,3
POLICY_VALIDATION,BALANCED_FAMILY5,TOP_K,0.0,54,0.6,12,1,0.0,0.0,0.0,1.0,1.0,0.0,0.6666666666666666,0.0,0.0,0,0,12,12
POLICY_VALIDATION,BALANCED_FAMILY5,TOP_K,0.0,54,0.6,12,5,0.0,0.0,0.0,1.0,1.0,0.0,1.0,0.0,0.0,0,0,12,12
POLICY_VALIDATION,BALANCED_FAMILY5,TOP_K,0.0,54,0.6,40,3,0.0,0.0,0.0,1.0,1.0,0.0,0.9125,0.0,0.0,0,0,80,80
POLICY_VALIDATION,BALANCED_FAMILY5,TOP_K,0.0,54,0.9,1,5,0.0,0.0,0.0,1.0,1.0,0.0,0.0,0.0,0.0,0,0,1,1
POLICY_VALIDATION,BALANCED_FAMILY5,TOP_K,0.0,54,0.9,12,1,0.0,0.0,0.0,1.0,1.0,0.0,0.6666666666666666,0.0,0.0,0,0,12,12
POLICY_VALIDATION,BALANCED_FAMILY5,TOP_K,0.0,54,0.9,12,3,0.0,0.0,0.0,1.0,1.0,0.0,0.9722222222222222,0.0,0.0,0,0,36,36
POLICY_VALIDATION,BALANCED_FAMILY5,TOP_K,0.0,54,0.9,40,1,0.0,0.0,0.0,1.0,1.0,0.0,1.0,0.0,0.0,0,0,40,40
POLICY_VALIDATION,BALANCED_FAMILY5,TOP_K,0.0,54,0.9,40,5,0.0,0.0,0.0,1.0,1.0,0.0,0.825,0.0,0.0,0,0,40,40
POLICY_VALIDATION,BALANCED_FAMILY5,TOP_K,0.0,144,0.6,1,1,0.0,0.0,0.0,1.0,1.0,0.0,1.0,0.0,0.0,0,0,1,1
POLICY_VALIDATION,BALANCED_FAMILY5,TOP_K,0.0,144,0.6,1,5,0.0,0.0,0.0,1.0,1.0,0.0,1.0,0.0,0.0,0,0,1,1
POLICY_VALIDATION,BALANCED_FAMILY5,TOP_K,0.0,144,0.6,12,3,0.0,0.0,0.0,1.0,1.0,0.0,0.9722222222222222,0.0,0.0,0,0,36,36
POLICY_VALIDATION,BALANCED_FAMILY5,TOP_K,0.0,144,0.6,40,1,0.0,0.0,0.0,1.0,1.0,0.0,0.925,0.0,0.0,0,0,40,40
POLICY_VALIDATION,BALANCED_FAMILY5,TOP_K,0.0,144,0.9,1,1,0.0,0.0,0.0,1.0,1.0,0.0,1.0,0.0,0.0,0,0,1,1
POLICY_VALIDATION,BALANCED_FAMILY5,TOP_K,0.0,144,0.9,1,3,0.0,0.0,0.0,1.0,1.0,0.0,1.0,0.0,0.0,0,0,1,1
POLICY_VALIDATION,BALANCED_FAMILY5,TOP_K,0.0,144,0.9,12,1,0.0,0.0,0.0,1.0,1.0,0.0,0.875,0.0,0.0,0,0,24,24
POLICY_VALIDATION,BALANCED_FAMILY5,TOP_K,0.0,144,0.9,40,3,0.0,0.0,0.0,1.0,1.0,0.0,0.25,0.0,0.0,0,0,40,40
POLICY_VALIDATION,BALANCED_FAMILY5,TOP_K,0.0,144,0.9,40,5,0.0,0.0,0.0,1.0,1.0,0.0,0.975,0.0,0.0,0,0,80,80
POLICY_VALIDATION,BALANCED_FAMILY5,TOP_K,0.035,18,0.2,1,1,0.0,0.0,0.0,1.0,1.0,0.0,1.0,0.0,0.0,0,3,0,3
POLICY_VALIDATION,BALANCED_FAMILY5,TOP_K,0.035,18,0.2,12,5,0.0,0.0,0.0,1.0,1.0,0.0,1.0,0.0,0.0,0,6,6,12
POLICY_VALIDATION,BALANCED_FAMILY5,TOP_K,0.035,18,0.2,40,3,0.0,0.0,0.0,1.0,1.0,0.0,0.9125,0.0,0.0,0,40,40,80
POLICY_VALIDATION,BALANCED_FAMILY5,TOP_K,0.035,18,0.6,1,3,0.0,0.0,0.0,1.0,1.0,0.0,1.0,0.0,0.0,0,1,0,1
POLICY_VALIDATION,BALANCED_FAMILY5,TOP_K,0.035,18,0.6,12,1,0.0,0.0,0.0,1.0,1.0,0.0,0.9583333333333334,0.0,0.0,0,12,12,24
POLICY_VALIDATION,BALANCED_FAMILY5,TOP_K,0.035,18,0.6,12,3,0.0,0.0,0.0,1.0,1.0,0.0,0.9166666666666666,0.0,0.0,0,6,6,12
POLICY_VALIDATION,BALANCED_FAMILY5,TOP_K,0.035,18,0.6,40,5,0.0,0.0,0.0,1.0,1.0,0.0,0.975,0.0,0.0,0,60,60,120
POLICY_VALIDATION,BALANCED_FAMILY5,TOP_K,0.035,54,0.2,1,5,0.0,0.0,1.0,0.0,0.0,0.0008358891143206218,1.0,1.0,1.0,1,1,0,1
POLICY_VALIDATION,BALANCED_FAMILY5,TOP_K,0.035,54,0.2,12,1,0.0,0.0,0.0,1.0,1.0,0.0,0.8333333333333334,0.0,0.0,0,6,6,12
POLICY_VALIDATION,BALANCED_FAMILY5,TOP_K,0.035,54,0.2,12,3,0.0,0.0,0.05555555555555555,0.9722222222222222,0.9444444444444444,0.051146516645707546,0.8888888888888888,1.0,0.05555555555555555,1,18,18,36
POLICY_VALIDATION,BALANCED_FAMILY5,TOP_K,0.035,54,0.2,40,1,0.0,0.0,0.0,1.0,1.0,0.0,0.975,0.0,0.0,0,20,20,40
POLICY_VALIDATION,BALANCED_FAMILY5,TOP_K,0.035,54,0.2,40,5,0.0,0.0,0.0,1.0,1.0,0.0,0.925,0.0,0.0,0,20,20,40
POLICY_VALIDATION,BALANCED_FAMILY5,TOP_K,0.035,54,0.6,1,1,0.0,0.0,0.0,1.0,1.0,0.0,1.0,0.0,0.0,0,3,0,3
POLICY_VALIDATION,BALANCED_FAMILY5,TOP_K,0.035,54,0.6,12,1,0.0,0.0,0.0,1.0,1.0,0.0,0.9166666666666666,0.0,0.0,0,6,6,12
POLICY_VALIDATION,BALANCED_FAMILY5,TOP_K,0.035,54,0.6,40,3,0.0,0.0,0.0,1.0,1.0,0.0,0.45,0.0,0.0,0,20,20,40
POLICY_VALIDATION,BALANCED_FAMILY5,TOP_K,0.035,54,0.6,40,5,0.0,0.0,0.5,0.75,0.5,0.007210306386678372,0.9,1.0,0.5,20,40,40,80
POLICY_VALIDATION,BALANCED_FAMILY5,TOP_K,0.035,144,0.2,1,1,0.0,0.0,0.0,1.0,1.0,0.0,1.0,0.0,0.0,0,1,0,1
POLICY_VALIDATION,BALANCED_FAMILY5,TOP_K,0.035,144,0.2,1,3,0.0,0.0,0.0,1.0,1.0,0.0,0.0,0.0,0.0,0,1,0,1
POLICY_VALIDATION,BALANCED_FAMILY5,TOP_K,0.035,144,0.2,12,1,0.0,0.0,0.0,1.0,1.0,0.0,0.9583333333333334,0.0,0.0,0,12,12,24
POLICY_VALIDATION,BALANCED_FAMILY5,TOP_K,0.035,144,0.2,40,5,0.0,0.0,0.3333333333333333,0.8333333333333334,0.6666666666666667,0.004097192577653503,0.9083333333333333,1.0,0.3333333333333333,20,60,60,120
POLICY_VALIDATION,BALANCED_FAMILY5,TOP_K,0.035,144,0.6,1,1,0.0,0.0,1.0,0.0,0.0,0.03323424972002055,0.0,1.0,1.0,1,1,0,1
POLICY_VALIDATION,BALANCED_FAMILY5,TOP_K,0.035,144,0.6,1,5,0.0,0.0,1.0,0.0,0.0,0.0014420106459954105,1.0,1.0,1.0,1,1,0,1
POLICY_VALIDATION,BALANCED_FAMILY5,TOP_K,0.035,144,0.6,12,3,0.0,0.0,0.4166666666666667,0.7916666666666666,0.5833333333333333,0.022037500056607793,0.9583333333333334,1.0,0.4166666666666667,5,12,12,24
POLICY_VALIDATION,BALANCED_FAMILY5,TOP_K,0.035,144,0.6,40,1,0.0,0.0,0.0,1.0,1.0,0.0,0.95,0.0,0.0,0,20,20,40
POLICY_VALIDATION,BALANCED_FAMILY5,TOP_K,0.035,144,0.6,40,3,0.0,0.0,1.0,0.5,0.0,0.0025265000406398475,0.975,1.0,1.0,20,20,20,40
POLICY_VALIDATION,BALANCED_FAMILY5,TOP_K,0.075,18,0.2,1,1,0.0,0.0,0.0,1.0,1.0,0.0,1.0,0.0,0.0,0,3,0,3
POLICY_VALIDATION,BALANCED_FAMILY5,TOP_K,0.075,18,0.2,12,5,0.0,0.0,0.0,1.0,1.0,0.0,0.75,0.0,0.0,0,6,6,12
POLICY_VALIDATION,BALANCED_FAMILY5,TOP_K,0.075,18,0.2,40,3,0.0,0.0,0.0,1.0,1.0,0.0,0.8875,0.0,0.0,0,40,40,80
POLICY_VALIDATION,BALANCED_FAMILY5,TOP_K,0.075,18,0.9,1,3,0.0,0.0,0.0,1.0,1.0,0.0,1.0,0.0,0.0,0,1,0,1
POLICY_VALIDATION,BALANCED_FAMILY5,TOP_K,0.075,18,0.9,1,5,0.0,0.0,0.0,1.0,1.0,0.0,1.0,0.0,0.0,0,1,0,1
POLICY_VALIDATION,BALANCED_FAMILY5,TOP_K,0.075,18,0.9,12,1,0.0,0.0,0.0,1.0,1.0,0.0,1.0,0.0,0.0,0,6,6,12
POLICY_VALIDATION,BALANCED_FAMILY5,TOP_K,0.075,18,0.9,12,3,0.0,0.0,0.0,1.0,1.0,0.0,0.8333333333333334,0.0,0.0,0,12,12,24
POLICY_VALIDATION,BALANCED_FAMILY5,TOP_K,0.075,18,0.9,40,5,0.0,0.0,0.0,1.0,1.0,0.0,0.625,0.0,0.0,0,40,40,80
POLICY_VALIDATION,BALANCED_FAMILY5,TOP_K,0.075,54,0.2,1,5,0.0,0.0,0.5,0.5,0.5,0.015815173395931803,1.0,1.0,0.5,1,2,0,2
POLICY_VALIDATION,BALANCED_FAMILY5,TOP_K,0.075,54,0.2,12,3,0.0,0.0,0.4166666666666667,0.7916666666666666,0.5833333333333333,0.014294357744950128,0.875,1.0,0.4166666666666667,10,24,24,48
POLICY_VALIDATION,BALANCED_FAMILY5,TOP_K,0.075,54,0.2,40,1,0.0,0.0,0.0,1.0,1.0,0.0,0.85,0.0,0.0,0,20,20,40
POLICY_VALIDATION,BALANCED_FAMILY5,TOP_K,0.075,54,0.9,1,1,0.0,0.0,0.0,1.0,1.0,0.0,0.5,0.0,0.0,0,2,0,2
POLICY_VALIDATION,BALANCED_FAMILY5,TOP_K,0.075,54,0.9,1,3,0.0,0.0,1.0,0.0,0.0,0.022098590748925104,1.0,1.0,1.0,1,1,0,1
POLICY_VALIDATION,BALANCED_FAMILY5,TOP_K,0.075,54,0.9,12,1,0.0,0.0,0.0,1.0,1.0,0.0,1.0,0.0,0.0,0,6,6,12
POLICY_VALIDATION,BALANCED_FAMILY5,TOP_K,0.075,54,0.9,40,3,0.0,0.0,0.0,1.0,1.0,0.0,1.0,0.0,0.0,0,20,20,40
POLICY_VALIDATION,BALANCED_FAMILY5,TOP_K,0.075,54,0.9,40,5,0.0,0.0,0.5,0.75,0.5,0.006106327830819265,1.0,1.0,0.5,20,40,40,80
POLICY_VALIDATION,BALANCED_FAMILY5,TOP_K,0.075,144,0.2,1,3,0.0,0.0,0.0,1.0,1.0,0.0,1.0,0.0,0.0,0,2,0,2
POLICY_VALIDATION,BALANCED_FAMILY5,TOP_K,0.075,144,0.2,12,1,0.0,0.0,0.5,0.75,0.5,0.0045545358615642585,0.9583333333333334,1.0,0.5,6,12,12,24
POLICY_VALIDATION,BALANCED_FAMILY5,TOP_K,0.075,144,0.2,40,5,0.0,0.0,0.0,1.0,1.0,0.0,0.9,0.0,0.0,0,60,60,120
POLICY_VALIDATION,BALANCED_FAMILY5,TOP_K,0.075,144,0.9,1,1,0.0,0.0,0.5,0.5,0.5,0.019610615727292995,1.0,1.0,0.5,1,2,0,2
POLICY_VALIDATION,BALANCED_FAMILY5,TOP_K,0.075,144,0.9,1,5,0.0,0.0,0.0,1.0,1.0,0.0,1.0,0.0,0.0,0,1,0,1
POLICY_VALIDATION,BALANCED_FAMILY5,TOP_K,0.075,144,0.9,12,3,0.0,0.0,0.4166666666666667,0.7916666666666666,0.5833333333333333,0.023104228966005454,0.7916666666666666,1.0,0.4166666666666667,5,12,12,24
POLICY_VALIDATION,BALANCED_FAMILY5,TOP_K,0.075,144,0.9,40,3,0.0,0.0,1.0,0.5,0.0,0.0013334601825753585,1.0,1.0,1.0,20,20,20,40
POLICY_VALIDATION,BALANCED_FAMILY5,TRANSPORT,0.0,18,0.6,1,3,0.0,0.0,0.0,1.0,1.0,0.0,0.0,0.0,0.0,0,0,1,1
POLICY_VALIDATION,BALANCED_FAMILY5,TRANSPORT,0.0,18,0.6,12,1,0.0,0.0,0.0,1.0,1.0,0.0,0.9166666666666666,0.0,0.0,0,0,24,24
POLICY_VALIDATION,BALANCED_FAMILY5,TRANSPORT,0.0,18,0.6,12,3,0.0,0.0,0.0,1.0,1.0,0.0,1.0,0.0,0.0,0,0,12,12
POLICY_VALIDATION,BALANCED_FAMILY5,TRANSPORT,0.0,18,0.6,40,5,0.0,0.0,0.0,1.0,1.0,0.0,0.6666666666666666,0.0,0.0,0,0,120,120
POLICY_VALIDATION,BALANCED_FAMILY5,TRANSPORT,0.0,18,0.9,1,1,0.0,0.0,0.0,1.0,1.0,0.0,1.0,0.0,0.0,0,0,3,3
POLICY_VALIDATION,BALANCED_FAMILY5,TRANSPORT,0.0,18,0.9,12,3,0.0,0.0,0.0,1.0,1.0,0.0,0.9583333333333334,0.0,0.0,0,0,24,24
POLICY_VALIDATION,BALANCED_FAMILY5,TRANSPORT,0.0,18,0.9,40,3,0.0,0.0,0.0,1.0,1.0,0.0,0.2,0.0,0.0,0,0,40,40
POLICY_VALIDATION,BALANCED_FAMILY5,TRANSPORT,0.0,54,0.6,1,1,0.0,0.0,0.0,1.0,1.0,0.0,1.0,0.0,0.0,0,0,3,3
POLICY_VALIDATION,BALANCED_FAMILY5,TRANSPORT,0.0,54,0.6,12,1,0.0,0.0,0.0,1.0,1.0,0.0,0.8333333333333334,0.0,0.0,0,0,12,12
POLICY_VALIDATION,BALANCED_FAMILY5,TRANSPORT,0.0,54,0.6,12,5,0.0,0.0,0.0,1.0,1.0,0.0,0.75,0.0,0.0,0,0,12,12
POLICY_VALIDATION,BALANCED_FAMILY5,TRANSPORT,0.0,54,0.6,40,3,0.0,0.0,0.0,1.0,1.0,0.0,1.0,0.0,0.0,0,0,80,80
POLICY_VALIDATION,BALANCED_FAMILY5,TRANSPORT,0.0,54,0.9,1,5,0.0,0.0,0.0,1.0,1.0,0.0,1.0,0.0,0.0,0,0,1,1
POLICY_VALIDATION,BALANCED_FAMILY5,TRANSPORT,0.0,54,0.9,12,1,0.0,0.0,0.0,1.0,1.0,0.0,1.0,0.0,0.0,0,0,12,12
POLICY_VALIDATION,BALANCED_FAMILY5,TRANSPORT,0.0,54,0.9,12,3,0.0,0.0,0.0,1.0,1.0,0.0,0.8611111111111112,0.0,0.0,0,0,36,36
POLICY_VALIDATION,BALANCED_FAMILY5,TRANSPORT,0.0,54,0.9,40,1,0.0,0.0,0.0,1.0,1.0,0.0,1.0,0.0,0.0,0,0,40,40
POLICY_VALIDATION,BALANCED_FAMILY5,TRANSPORT,0.0,54,0.9,40,5,0.0,0.0,0.0,1.0,1.0,0.0,1.0,0.0,0.0,0,0,40,40
POLICY_VALIDATION,BALANCED_FAMILY5,TRANSPORT,0.0,144,0.6,1,1,0.0,0.0,0.0,1.0,1.0,0.0,1.0,0.0,0.0,0,0,1,1
POLICY_VALIDATION,BALANCED_FAMILY5,TRANSPORT,0.0,144,0.6,1,5,0.0,0.0,0.0,1.0,1.0,0.0,1.0,0.0,0.0,0,0,1,1
POLICY_VALIDATION,BALANCED_FAMILY5,TRANSPORT,0.0,144,0.6,12,3,0.0,0.0,0.0,1.0,1.0,0.0,0.9444444444444444,0.0,0.0,0,0,36,36
POLICY_VALIDATION,BALANCED_FAMILY5,TRANSPORT,0.0,144,0.6,40,1,0.0,0.0,0.0,1.0,1.0,0.0,0.9,0.0,0.0,0,0,40,40
POLICY_VALIDATION,BALANCED_FAMILY5,TRANSPORT,0.0,144,0.9,1,1,0.0,0.0,0.0,1.0,1.0,0.0,1.0,0.0,0.0,0,0,1,1
POLICY_VALIDATION,BALANCED_FAMILY5,TRANSPORT,0.0,144,0.9,1,3,0.0,0.0,0.0,1.0,1.0,0.0,1.0,0.0,0.0,0,0,1,1
POLICY_VALIDATION,BALANCED_FAMILY5,TRANSPORT,0.0,144,0.9,12,1,0.0,0.0,0.0,1.0,1.0,0.0,0.4583333333333333,0.0,0.0,0,0,24,24
POLICY_VALIDATION,BALANCED_FAMILY5,TRANSPORT,0.0,144,0.9,40,3,0.0,0.0,0.0,1.0,1.0,0.0,1.0,0.0,0.0,0,0,40,40
POLICY_VALIDATION,BALANCED_FAMILY5,TRANSPORT,0.0,144,0.9,40,5,0.0,0.0,0.0,1.0,1.0,0.0,0.95,0.0,0.0,0,0,80,80
POLICY_VALIDATION,BALANCED_FAMILY5,TRANSPORT,0.035,18,0.2,1,1,0.0,0.0,0.0,1.0,1.0,0.0,1.0,0.0,0.0,0,2,1,3
POLICY_VALIDATION,BALANCED_FAMILY5,TRANSPORT,0.035,18,0.2,12,5,0.0,0.0,0.0,1.0,1.0,0.0,0.8333333333333334,0.0,0.0,0,6,6,12
POLICY_VALIDATION,BALANCED_FAMILY5,TRANSPORT,0.035,18,0.2,40,3,0.0,0.0,0.0,1.0,1.0,0.0,0.95,0.0,0.0,0,40,40,80
POLICY_VALIDATION,BALANCED_FAMILY5,TRANSPORT,0.035,18,0.6,1,3,0.0,0.0,0.0,1.0,1.0,0.0,1.0,0.0,0.0,0,1,0,1
POLICY_VALIDATION,BALANCED_FAMILY5,TRANSPORT,0.035,18,0.6,12,1,0.0,0.0,0.0,1.0,1.0,0.0,0.9166666666666666,0.0,0.0,0,12,12,24
POLICY_VALIDATION,BALANCED_FAMILY5,TRANSPORT,0.035,18,0.6,12,3,0.0,0.0,0.0,1.0,1.0,0.0,0.8333333333333334,0.0,0.0,0,6,6,12
POLICY_VALIDATION,BALANCED_FAMILY5,TRANSPORT,0.035,18,0.6,40,5,0.0,0.0,0.0,1.0,1.0,0.0,0.9666666666666667,0.0,0.0,0,60,60,120
POLICY_VALIDATION,BALANCED_FAMILY5,TRANSPORT,0.035,54,0.2,1,5,0.0,0.0,1.0,0.0,0.0,0.0031367456483942444,1.0,1.0,1.0,1,1,0,1
POLICY_VALIDATION,BALANCED_FAMILY5,TRANSPORT,0.035,54,0.2,12,1,0.0,0.0,0.0,1.0,1.0,0.0,1.0,0.0,0.0,0,0,12,12
POLICY_VALIDATION,BALANCED_FAMILY5,TRANSPORT,0.035,54,0.2,12,3,0.0,0.0,0.05555555555555555,0.9722222222222222,0.9444444444444444,0.024849868819147553,0.9444444444444444,1.0,0.05555555555555555,1,18,18,36
POLICY_VALIDATION,BALANCED_FAMILY5,TRANSPORT,0.035,54,0.2,40,1,0.0,0.0,0.0,1.0,1.0,0.0,0.975,0.0,0.0,0,0,40,40
POLICY_VALIDATION,BALANCED_FAMILY5,TRANSPORT,0.035,54,0.2,40,5,0.0,0.0,0.0,1.0,1.0,0.0,0.95,0.0,0.0,0,20,20,40
POLICY_VALIDATION,BALANCED_FAMILY5,TRANSPORT,0.035,54,0.6,1,1,0.0,0.0,0.0,1.0,1.0,0.0,0.6666666666666666,0.0,0.0,0,3,0,3
POLICY_VALIDATION,BALANCED_FAMILY5,TRANSPORT,0.035,54,0.6,12,1,0.0,0.0,0.0,1.0,1.0,0.0,0.9166666666666666,0.0,0.0,0,6,6,12
POLICY_VALIDATION,BALANCED_FAMILY5,TRANSPORT,0.035,54,0.6,40,3,0.0,0.0,0.0,1.0,1.0,0.0,0.75,0.0,0.0,0,20,20,40
POLICY_VALIDATION,BALANCED_FAMILY5,TRANSPORT,0.035,54,0.6,40,5,0.0,0.0,0.325,0.8375,0.675,0.004228657653340058,0.9625,1.0,0.325,13,40,40,80
POLICY_VALIDATION,BALANCED_FAMILY5,TRANSPORT,0.035,144,0.2,1,1,0.0,0.0,0.0,1.0,1.0,0.0,1.0,0.0,0.0,0,1,0,1
POLICY_VALIDATION,BALANCED_FAMILY5,TRANSPORT,0.035,144,0.2,1,3,0.0,0.0,1.0,0.0,0.0,0.002112772208987604,1.0,1.0,1.0,1,1,0,1
POLICY_VALIDATION,BALANCED_FAMILY5,TRANSPORT,0.035,144,0.2,12,1,0.0,0.0,0.0,1.0,1.0,0.0,1.0,0.0,0.0,0,6,18,24
POLICY_VALIDATION,BALANCED_FAMILY5,TRANSPORT,0.035,144,0.2,40,5,0.0,0.0,0.3333333333333333,0.8333333333333334,0.6666666666666667,0.005429198072180971,0.9,1.0,0.3333333333333333,20,60,60,120
POLICY_VALIDATION,BALANCED_FAMILY5,TRANSPORT,0.035,144,0.6,1,1,0.0,0.0,0.0,1.0,1.0,0.0,1.0,0.0,0.0,0,1,0,1
POLICY_VALIDATION,BALANCED_FAMILY5,TRANSPORT,0.035,144,0.6,1,5,0.0,0.0,1.0,0.0,0.0,0.0008964655650744099,1.0,1.0,1.0,1,1,0,1
POLICY_VALIDATION,BALANCED_FAMILY5,TRANSPORT,0.035,144,0.6,12,3,0.0,0.0,0.4166666666666667,0.7916666666666666,0.5833333333333333,0.0011228312736315707,1.0,1.0,0.4166666666666667,5,12,12,24
POLICY_VALIDATION,BALANCED_FAMILY5,TRANSPORT,0.035,144,0.6,40,1,0.0,0.0,0.0,1.0,1.0,0.0,0.95,0.0,0.0,0,20,20,40
POLICY_VALIDATION,BALANCED_FAMILY5,TRANSPORT,0.035,144,0.6,40,3,0.0,0.0,1.0,0.5,0.0,0.008619924718508492,0.9,1.0,1.0,20,20,20,40
POLICY_VALIDATION,BALANCED_FAMILY5,TRANSPORT,0.075,18,0.2,1,1,0.0,0.0,0.0,1.0,1.0,0.0,0.6666666666666666,0.0,0.0,0,3,0,3
POLICY_VALIDATION,BALANCED_FAMILY5,TRANSPORT,0.075,18,0.2,12,5,0.0,0.0,0.0,1.0,1.0,0.0,1.0,0.0,0.0,0,6,6,12
POLICY_VALIDATION,BALANCED_FAMILY5,TRANSPORT,0.075,18,0.2,40,3,0.0,0.0,0.0,1.0,1.0,0.0,0.8875,0.0,0.0,0,40,40,80
POLICY_VALIDATION,BALANCED_FAMILY5,TRANSPORT,0.075,18,0.9,1,3,0.0,0.0,0.0,1.0,1.0,0.0,1.0,0.0,0.0,0,1,0,1
POLICY_VALIDATION,BALANCED_FAMILY5,TRANSPORT,0.075,18,0.9,1,5,0.0,0.0,0.0,1.0,1.0,0.0,1.0,0.0,0.0,0,1,0,1
POLICY_VALIDATION,BALANCED_FAMILY5,TRANSPORT,0.075,18,0.9,12,1,0.0,0.0,0.0,1.0,1.0,0.0,1.0,0.0,0.0,0,6,6,12
POLICY_VALIDATION,BALANCED_FAMILY5,TRANSPORT,0.075,18,0.9,12,3,0.0,0.0,0.0,1.0,1.0,0.0,0.9583333333333334,0.0,0.0,0,6,18,24
POLICY_VALIDATION,BALANCED_FAMILY5,TRANSPORT,0.075,18,0.9,40,5,0.0,0.0,0.0,1.0,1.0,0.0,1.0,0.0,0.0,0,40,40,80
POLICY_VALIDATION,BALANCED_FAMILY5,TRANSPORT,0.075,54,0.2,1,5,0.0,0.0,0.5,0.5,0.5,0.03279289919559912,0.5,1.0,0.5,1,2,0,2
POLICY_VALIDATION,BALANCED_FAMILY5,TRANSPORT,0.075,54,0.2,12,3,0.0,0.0,0.5,0.75,0.5,0.010512006970697756,0.875,1.0,0.5,12,24,24,48
POLICY_VALIDATION,BALANCED_FAMILY5,TRANSPORT,0.075,54,0.2,40,1,0.0,0.0,0.0,1.0,1.0,0.0,0.95,0.0,0.0,0,20,20,40
POLICY_VALIDATION,BALANCED_FAMILY5,TRANSPORT,0.075,54,0.9,1,1,0.0,0.0,0.0,1.0,1.0,0.0,1.0,0.0,0.0,0,2,0,2
POLICY_VALIDATION,BALANCED_FAMILY5,TRANSPORT,0.075,54,0.9,1,3,0.0,0.0,0.0,1.0,1.0,0.0,1.0,0.0,0.0,0,0,1,1
POLICY_VALIDATION,BALANCED_FAMILY5,TRANSPORT,0.075,54,0.9,12,1,0.0,0.0,0.0,1.0,1.0,0.0,1.0,0.0,0.0,0,6,6,12
POLICY_VALIDATION,BALANCED_FAMILY5,TRANSPORT,0.075,54,0.9,40,3,0.0,0.0,0.0,1.0,1.0,0.0,1.0,0.0,0.0,0,0,40,40
POLICY_VALIDATION,BALANCED_FAMILY5,TRANSPORT,0.075,54,0.9,40,5,0.025,0.07338362326242218,0.5,0.7375,0.5,0.02487328781963298,0.575,0.9523809523809523,0.5,21,40,40,80
POLICY_VALIDATION,BALANCED_FAMILY5,TRANSPORT,0.075,144,0.2,1,3,0.0,0.0,0.5,0.5,0.5,0.006565262051700493,1.0,1.0,0.5,1,2,0,2
POLICY_VALIDATION,BALANCED_FAMILY5,TRANSPORT,0.075,144,0.2,12,1,0.0,0.0,0.0,1.0,1.0,0.0,0.9583333333333334,0.0,0.0,0,12,12,24
POLICY_VALIDATION,BALANCED_FAMILY5,TRANSPORT,0.075,144,0.2,40,5,0.0,0.0,0.0,1.0,1.0,0.0,0.9583333333333334,0.0,0.0,0,60,60,120
POLICY_VALIDATION,BALANCED_FAMILY5,TRANSPORT,0.075,144,0.9,1,1,0.0,0.0,0.0,1.0,1.0,0.0,1.0,0.0,0.0,0,2,0,2
POLICY_VALIDATION,BALANCED_FAMILY5,TRANSPORT,0.075,144,0.9,1,5,0.0,0.0,1.0,0.0,0.0,0.009481792086028368,1.0,1.0,1.0,1,1,0,1
POLICY_VALIDATION,BALANCED_FAMILY5,TRANSPORT,0.075,144,0.9,12,3,0.0,0.0,1.0,0.75,0.0,0.018809893405469003,1.0,1.0,1.0,6,6,18,24
POLICY_VALIDATION,BALANCED_FAMILY5,TRANSPORT,0.075,144,0.9,40,3,0.0,0.0,1.0,0.5,0.0,0.002190034870334392,1.0,1.0,1.0,20,20,20,40
POLICY_VALIDATION,BALANCED_LOW_N,ITEM_DIAGNOSTICS,0.0,18,0.2,1,1,0.0,0.0,0.0,1.0,1.0,0.0,1.0,0.0,0.0,0,0,1,1
POLICY_VALIDATION,BALANCED_LOW_N,ITEM_DIAGNOSTICS,0.0,18,0.2,1,5,0.0,0.0,0.0,1.0,1.0,0.0,1.0,0.0,0.0,0,0,1,1
POLICY_VALIDATION,BALANCED_LOW_N,ITEM_DIAGNOSTICS,0.0,18,0.2,12,3,0.0,0.0,0.0,1.0,1.0,0.0,0.9583333333333334,0.0,0.0,0,0,24,24
POLICY_VALIDATION,BALANCED_LOW_N,ITEM_DIAGNOSTICS,0.0,18,0.2,40,1,0.0,0.0,0.0,1.0,1.0,0.0,0.9166666666666666,0.0,0.0,0,0,120,120
POLICY_VALIDATION,BALANCED_LOW_N,ITEM_DIAGNOSTICS,0.0,18,0.6,1,1,0.0,0.0,0.0,1.0,1.0,0.0,1.0,0.0,0.0,0,0,1,1
POLICY_VALIDATION,BALANCED_LOW_N,ITEM_DIAGNOSTICS,0.0,18,0.6,1,3,0.0,0.0,0.0,1.0,1.0,0.0,0.6666666666666666,0.0,0.0,0,0,3,3
POLICY_VALIDATION,BALANCED_LOW_N,ITEM_DIAGNOSTICS,0.0,18,0.6,12,1,0.0,0.0,0.0,1.0,1.0,0.0,0.9166666666666666,0.0,0.0,0,0,12,12
POLICY_VALIDATION,BALANCED_LOW_N,ITEM_DIAGNOSTICS,0.0,18,0.6,12,5,0.0,0.0,0.0,1.0,1.0,0.0,1.0,0.0,0.0,0,0,12,12
POLICY_VALIDATION,BALANCED_LOW_N,ITEM_DIAGNOSTICS,0.0,18,0.6,40,5,0.0,0.0,0.0,1.0,1.0,0.0,0.975,0.0,0.0,0,0,40,40
POLICY_VALIDATION,BALANCED_LOW_N,ITEM_DIAGNOSTICS,0.0,54,0.2,1,3,0.0,0.0,0.0,1.0,1.0,0.0,1.0,0.0,0.0,0,0,3,3
POLICY_VALIDATION,BALANCED_LOW_N,ITEM_DIAGNOSTICS,0.0,54,0.2,12,1,0.0,0.0,0.0,1.0,1.0,0.0,1.0,0.0,0.0,0,0,12,12
POLICY_VALIDATION,BALANCED_LOW_N,ITEM_DIAGNOSTICS,0.0,54,0.2,40,1,0.0,0.0,0.0,1.0,1.0,0.0,0.925,0.0,0.0,0,0,40,40
POLICY_VALIDATION,BALANCED_LOW_N,ITEM_DIAGNOSTICS,0.0,54,0.2,40,5,0.025,0.07338362326242218,0.0,0.975,1.0,0.06255299526188639,0.925,0.0,0.0,1,0,40,40
POLICY_VALIDATION,BALANCED_LOW_N,ITEM_DIAGNOSTICS,0.0,54,0.6,1,1,0.0,0.0,0.0,1.0,1.0,0.0,0.5,0.0,0.0,0,0,2,2
POLICY_VALIDATION,BALANCED_LOW_N,ITEM_DIAGNOSTICS,0.0,54,0.6,12,3,0.0,0.0,0.0,1.0,1.0,0.0,0.16666666666666666,0.0,0.0,0,0,12,12
POLICY_VALIDATION,BALANCED_LOW_N,ITEM_DIAGNOSTICS,0.0,54,0.6,12,5,0.0,0.0,0.0,1.0,1.0,0.0,0.9583333333333334,0.0,0.0,0,0,24,24
POLICY_VALIDATION,BALANCED_LOW_N,ITEM_DIAGNOSTICS,0.0,54,0.6,40,1,0.0,0.0,0.0,1.0,1.0,0.0,0.975,0.0,0.0,0,0,40,40
POLICY_VALIDATION,BALANCED_LOW_N,ITEM_DIAGNOSTICS,0.0,54,0.6,40,3,0.0,0.0,0.0,1.0,1.0,0.0,0.925,0.0,0.0,0,0,40,40
POLICY_VALIDATION,BALANCED_LOW_N,ITEM_DIAGNOSTICS,0.0,144,0.2,1,1,0.0,0.0,0.0,1.0,1.0,0.0,1.0,0.0,0.0,0,0,2,2
POLICY_VALIDATION,BALANCED_LOW_N,ITEM_DIAGNOSTICS,0.0,144,0.2,1,3,0.0,0.0,0.0,1.0,1.0,0.0,1.0,0.0,0.0,0,0,1,1
POLICY_VALIDATION,BALANCED_LOW_N,ITEM_DIAGNOSTICS,0.0,144,0.2,12,5,0.0,0.0,0.0,1.0,1.0,0.0,0.9444444444444444,0.0,0.0,0,0,36,36
POLICY_VALIDATION,BALANCED_LOW_N,ITEM_DIAGNOSTICS,0.0,144,0.2,40,3,0.0,0.0,0.0,1.0,1.0,0.0,0.925,0.0,0.0,0,0,40,40
POLICY_VALIDATION,BALANCED_LOW_N,ITEM_DIAGNOSTICS,0.0,144,0.6,1,3,0.0,0.0,0.0,1.0,1.0,0.0,1.0,0.0,0.0,0,0,2,2
POLICY_VALIDATION,BALANCED_LOW_N,ITEM_DIAGNOSTICS,0.0,144,0.6,12,3,0.0,0.0,0.0,1.0,1.0,0.0,1.0,0.0,0.0,0,0,12,12
POLICY_VALIDATION,BALANCED_LOW_N,ITEM_DIAGNOSTICS,0.0,144,0.6,40,1,0.0,0.0,0.0,1.0,1.0,0.0,0.8083333333333333,0.0,0.0,0,0,120,120
POLICY_VALIDATION,BALANCED_LOW_N,ITEM_DIAGNOSTICS,0.035,18,0.2,1,1,0.0,0.0,0.0,1.0,1.0,0.0,1.0,0.0,0.0,0,1,0,1
POLICY_VALIDATION,BALANCED_LOW_N,ITEM_DIAGNOSTICS,0.035,18,0.2,12,3,0.0,0.0,0.0,1.0,1.0,0.0,1.0,0.0,0.0,0,6,6,12
POLICY_VALIDATION,BALANCED_LOW_N,ITEM_DIAGNOSTICS,0.035,18,0.2,12,5,0.0,0.0,0.08333333333333333,0.9583333333333334,0.9166666666666666,0.02647878510184662,0.875,1.0,0.08333333333333333,1,12,12,24
POLICY_VALIDATION,BALANCED_LOW_N,ITEM_DIAGNOSTICS,0.035,18,0.2,40,1,0.0,0.0,0.016666666666666666,0.9916666666666667,0.9833333333333333,0.037812214663240085,0.925,1.0,0.016666666666666666,1,60,60,120
POLICY_VALIDATION,BALANCED_LOW_N,ITEM_DIAGNOSTICS,0.035,18,0.9,1,1,0.0,0.0,0.0,1.0,1.0,0.0,1.0,0.0,0.0,0,1,0,1
POLICY_VALIDATION,BALANCED_LOW_N,ITEM_DIAGNOSTICS,0.035,18,0.9,1,3,0.0,0.0,0.3333333333333333,0.6666666666666667,0.6666666666666667,0.050505411597259436,0.6666666666666666,1.0,0.3333333333333333,1,3,0,3
POLICY_VALIDATION,BALANCED_LOW_N,ITEM_DIAGNOSTICS,0.035,18,0.9,12,1,0.0,0.0,0.0,1.0,1.0,0.0,1.0,0.0,0.0,0,6,6,12
POLICY_VALIDATION,BALANCED_LOW_N,ITEM_DIAGNOSTICS,0.035,18,0.9,12,5,0.0,0.0,0.0,1.0,1.0,0.0,1.0,0.0,0.0,0,6,6,12
POLICY_VALIDATION,BALANCED_LOW_N,ITEM_DIAGNOSTICS,0.035,18,0.9,40,5,0.0,0.0,0.0,1.0,1.0,0.0,1.0,0.0,0.0,0,20,20,40
POLICY_VALIDATION,BALANCED_LOW_N,ITEM_DIAGNOSTICS,0.035,54,0.2,1,3,0.0,0.0,0.0,1.0,1.0,0.0,1.0,0.0,0.0,0,2,0,2
POLICY_VALIDATION,BALANCED_LOW_N,ITEM_DIAGNOSTICS,0.035,54,0.2,12,1,0.0,0.0,1.0,0.5,0.0,0.007931925396989909,1.0,1.0,1.0,6,6,6,12
POLICY_VALIDATION,BALANCED_LOW_N,ITEM_DIAGNOSTICS,0.035,54,0.2,12,3,0.0,0.0,0.6666666666666666,0.6666666666666667,0.33333333333333337,0.005767712539984572,1.0,1.0,0.6666666666666666,4,6,6,12
POLICY_VALIDATION,BALANCED_LOW_N,ITEM_DIAGNOSTICS,0.035,54,0.2,40,1,0.0,0.0,0.0,1.0,1.0,0.0,0.9,0.0,0.0,0,20,20,40
POLICY_VALIDATION,BALANCED_LOW_N,ITEM_DIAGNOSTICS,0.035,54,0.2,40,5,0.0,0.0,0.25,0.875,0.75,0.030380633325605,0.95,1.0,0.25,5,20,20,40
POLICY_VALIDATION,BALANCED_LOW_N,ITEM_DIAGNOSTICS,0.035,54,0.9,1,1,0.0,0.0,0.0,1.0,1.0,0.0,0.5,0.0,0.0,0,2,0,2
POLICY_VALIDATION,BALANCED_LOW_N,ITEM_DIAGNOSTICS,0.035,54,0.9,12,5,0.05555555555555555,0.16137653438793323,0.3333333333333333,0.8055555555555556,0.6666666666666667,0.027597521041061022,0.6944444444444444,0.8571428571428571,0.3333333333333333,7,18,18,36
POLICY_VALIDATION,BALANCED_LOW_N,ITEM_DIAGNOSTICS,0.035,54,0.9,40,1,0.0,0.0,0.0,1.0,1.0,0.0,1.0,0.0,0.0,0,20,20,40
POLICY_VALIDATION,BALANCED_LOW_N,ITEM_DIAGNOSTICS,0.035,54,0.9,40,3,0.0,0.0,0.0,1.0,1.0,0.0,0.95,0.0,0.0,0,20,20,40
POLICY_VALIDATION,BALANCED_LOW_N,ITEM_DIAGNOSTICS,0.035,144,0.2,1,1,0.0,0.0,1.0,0.0,0.0,0.022552029376885597,0.5,1.0,1.0,2,2,0,2
POLICY_VALIDATION,BALANCED_LOW_N,ITEM_DIAGNOSTICS,0.035,144,0.2,1,3,0.0,0.0,0.0,1.0,1.0,0.0,1.0,0.0,0.0,0,1,0,1
POLICY_VALIDATION,BALANCED_LOW_N,ITEM_DIAGNOSTICS,0.035,144,0.2,12,5,0.0,0.0,0.0,1.0,1.0,0.0,0.6944444444444444,0.0,0.0,0,18,18,36
POLICY_VALIDATION,BALANCED_LOW_N,ITEM_DIAGNOSTICS,0.035,144,0.2,40,3,0.0,0.0,0.0,1.0,1.0,0.0,0.925,0.0,0.0,0,20,20,40
POLICY_VALIDATION,BALANCED_LOW_N,ITEM_DIAGNOSTICS,0.035,144,0.9,1,5,0.0,0.0,0.0,1.0,1.0,0.0,0.0,0.0,0.0,0,1,0,1
POLICY_VALIDATION,BALANCED_LOW_N,ITEM_DIAGNOSTICS,0.035,144,0.9,12,3,0.0,0.0,0.0,1.0,1.0,0.0,1.0,0.0,0.0,0,12,12,24
POLICY_VALIDATION,BALANCED_LOW_N,ITEM_DIAGNOSTICS,0.035,144,0.9,40,1,0.0,0.0,0.3333333333333333,0.8333333333333334,0.6666666666666667,0.029213698174629026,0.8,1.0,0.3333333333333333,20,60,60,120
POLICY_VALIDATION,BALANCED_LOW_N,ITEM_DIAGNOSTICS,0.075,18,0.6,1,1,0.0,0.0,0.0,1.0,1.0,0.0,1.0,0.0,0.0,0,1,0,1
POLICY_VALIDATION,BALANCED_LOW_N,ITEM_DIAGNOSTICS,0.075,18,0.6,12,3,0.0,0.0,0.0,1.0,1.0,0.0,1.0,0.0,0.0,0,6,6,12
POLICY_VALIDATION,BALANCED_LOW_N,ITEM_DIAGNOSTICS,0.075,18,0.6,12,5,0.0,0.0,0.0,1.0,1.0,0.0,0.9583333333333334,0.0,0.0,0,12,12,24
POLICY_VALIDATION,BALANCED_LOW_N,ITEM_DIAGNOSTICS,0.075,18,0.6,40,1,0.0,0.0,0.0,1.0,1.0,0.0,0.95,0.0,0.0,0,40,40,80
POLICY_VALIDATION,BALANCED_LOW_N,ITEM_DIAGNOSTICS,0.075,18,0.6,40,3,0.0,0.0,1.0,0.5,0.0,0.012914298728952922,0.975,1.0,1.0,20,20,20,40
POLICY_VALIDATION,BALANCED_LOW_N,ITEM_DIAGNOSTICS,0.075,18,0.9,1,3,0.0,0.0,0.25,0.75,0.75,0.0022654767901923584,1.0,1.0,0.25,1,4,0,4
POLICY_VALIDATION,BALANCED_LOW_N,ITEM_DIAGNOSTICS,0.075,18,0.9,12,1,0.0,0.0,1.0,0.5,0.0,0.01161237335586106,1.0,1.0,1.0,6,6,6,12
POLICY_VALIDATION,BALANCED_LOW_N,ITEM_DIAGNOSTICS,0.075,18,0.9,40,5,0.0,0.0,0.0,1.0,1.0,0.0,0.975,0.0,0.0,0,40,40,80
POLICY_VALIDATION,BALANCED_LOW_N,ITEM_DIAGNOSTICS,0.075,54,0.6,1,3,0.0,0.0,0.5,0.5,0.5,0.019999218933870105,1.0,1.0,0.5,1,2,0,2
POLICY_VALIDATION,BALANCED_LOW_N,ITEM_DIAGNOSTICS,0.075,54,0.6,12,3,0.0,0.0,1.0,0.5,0.0,0.003980362953870743,0.9166666666666666,1.0,1.0,6,6,6,12
POLICY_VALIDATION,BALANCED_LOW_N,ITEM_DIAGNOSTICS,0.075,54,0.6,40,1,0.0,0.0,0.0,1.0,1.0,0.0,0.95,0.0,0.0,0,40,40,80
POLICY_VALIDATION,BALANCED_LOW_N,ITEM_DIAGNOSTICS,0.075,54,0.6,40,5,0.0,0.0,0.0,1.0,1.0,0.0,0.975,0.0,0.0,0,20,20,40
POLICY_VALIDATION,BALANCED_LOW_N,ITEM_DIAGNOSTICS,0.075,54,0.9,1,1,0.0,0.0,0.5,0.5,0.5,0.006640436787043583,1.0,1.0,0.5,1,2,0,2
POLICY_VALIDATION,BALANCED_LOW_N,ITEM_DIAGNOSTICS,0.075,54,0.9,12,5,0.0,0.0,0.3333333333333333,0.8333333333333334,0.6666666666666667,0.012640497035934792,0.7222222222222222,1.0,0.3333333333333333,6,18,18,36
POLICY_VALIDATION,BALANCED_LOW_N,ITEM_DIAGNOSTICS,0.075,54,0.9,40,3,0.0,0.0,0.0,1.0,1.0,0.0,1.0,0.0,0.0,0,40,40,80
POLICY_VALIDATION,BALANCED_LOW_N,ITEM_DIAGNOSTICS,0.075,144,0.6,1,1,0.0,0.0,0.0,1.0,1.0,0.0,1.0,0.0,0.0,0,1,0,1
POLICY_VALIDATION,BALANCED_LOW_N,ITEM_DIAGNOSTICS,0.075,144,0.6,1,3,0.0,0.0,0.0,1.0,1.0,0.0,1.0,0.0,0.0,0,2,0,2
POLICY_VALIDATION,BALANCED_LOW_N,ITEM_DIAGNOSTICS,0.075,144,0.6,12,5,0.0,0.0,0.5,0.75,0.5,0.019180805846413847,0.4166666666666667,1.0,0.5,6,12,12,24
POLICY_VALIDATION,BALANCED_LOW_N,ITEM_DIAGNOSTICS,0.075,144,0.6,40,3,0.0,0.0,0.0,1.0,1.0,0.0,0.95,0.0,0.0,0,20,20,40
POLICY_VALIDATION,BALANCED_LOW_N,ITEM_DIAGNOSTICS,0.075,144,0.6,40,5,0.0,0.0,0.0,1.0,1.0,0.0,0.725,0.0,0.0,0,20,20,40
POLICY_VALIDATION,BALANCED_LOW_N,ITEM_DIAGNOSTICS,0.075,144,0.9,1,5,0.0,0.0,0.0,1.0,1.0,0.0,1.0,0.0,0.0,0,1,0,1
POLICY_VALIDATION,BALANCED_LOW_N,ITEM_DIAGNOSTICS,0.075,144,0.9,12,3,0.0,0.0,0.5,0.75,0.5,0.012419726827043722,1.0,1.0,0.5,6,12,12,24
POLICY_VALIDATION,BALANCED_LOW_N,ITEM_DIAGNOSTICS,0.075,144,0.9,40,1,0.0,0.0,0.6666666666666666,0.6666666666666667,0.33333333333333337,0.005032281531514598,0.9,1.0,0.6666666666666666,40,60,60,120
POLICY_VALIDATION,BALANCED_LOW_N,PRIMARY_PAIRWISE,0.0,18,0.2,1,1,0.0,0.0,0.0,1.0,1.0,0.0,1.0,0.0,0.0,0,0,1,1
POLICY_VALIDATION,BALANCED_LOW_N,PRIMARY_PAIRWISE,0.0,18,0.2,1,5,0.0,0.0,0.0,1.0,1.0,0.0,1.0,0.0,0.0,0,0,1,1
POLICY_VALIDATION,BALANCED_LOW_N,PRIMARY_PAIRWISE,0.0,18,0.2,12,3,0.0,0.0,0.0,1.0,1.0,0.0,0.9166666666666666,0.0,0.0,0,0,24,24
POLICY_VALIDATION,BALANCED_LOW_N,PRIMARY_PAIRWISE,0.0,18,0.2,40,1,0.0,0.0,0.0,1.0,1.0,0.0,0.9333333333333333,0.0,0.0,0,0,120,120
POLICY_VALIDATION,BALANCED_LOW_N,PRIMARY_PAIRWISE,0.0,18,0.6,1,1,0.0,0.0,0.0,1.0,1.0,0.0,0.0,0.0,0.0,0,0,1,1
POLICY_VALIDATION,BALANCED_LOW_N,PRIMARY_PAIRWISE,0.0,18,0.6,1,3,0.3333333333333333,0.8667777662061142,0.0,0.6666666666666667,1.0,0.08537374587059846,0.3333333333333333,0.0,0.0,1,0,3,3
POLICY_VALIDATION,BALANCED_LOW_N,PRIMARY_PAIRWISE,0.0,18,0.6,12,1,0.0,0.0,0.0,1.0,1.0,0.0,1.0,0.0,0.0,0,0,12,12
POLICY_VALIDATION,BALANCED_LOW_N,PRIMARY_PAIRWISE,0.0,18,0.6,12,5,0.0,0.0,0.0,1.0,1.0,0.0,1.0,0.0,0.0,0,0,12,12
POLICY_VALIDATION,BALANCED_LOW_N,PRIMARY_PAIRWISE,0.0,18,0.6,40,5,0.0,0.0,0.0,1.0,1.0,0.0,0.925,0.0,0.0,0,0,40,40
POLICY_VALIDATION,BALANCED_LOW_N,PRIMARY_PAIRWISE,0.0,54,0.2,1,3,0.0,0.0,0.0,1.0,1.0,0.0,0.3333333333333333,0.0,0.0,0,0,3,3
POLICY_VALIDATION,BALANCED_LOW_N,PRIMARY_PAIRWISE,0.0,54,0.2,12,1,0.0,0.0,0.0,1.0,1.0,0.0,1.0,0.0,0.0,0,0,12,12
POLICY_VALIDATION,BALANCED_LOW_N,PRIMARY_PAIRWISE,0.0,54,0.2,40,1,0.0,0.0,0.0,1.0,1.0,0.0,0.825,0.0,0.0,0,0,40,40
POLICY_VALIDATION,BALANCED_LOW_N,PRIMARY_PAIRWISE,0.0,54,0.2,40,5,0.0,0.0,0.0,1.0,1.0,0.0,0.875,0.0,0.0,0,0,40,40
POLICY_VALIDATION,BALANCED_LOW_N,PRIMARY_PAIRWISE,0.0,54,0.6,1,1,0.0,0.0,0.0,1.0,1.0,0.0,1.0,0.0,0.0,0,0,2,2
POLICY_VALIDATION,BALANCED_LOW_N,PRIMARY_PAIRWISE,0.0,54,0.6,12,3,0.0,0.0,0.0,1.0,1.0,0.0,0.5,0.0,0.0,0,0,12,12
POLICY_VALIDATION,BALANCED_LOW_N,PRIMARY_PAIRWISE,0.0,54,0.6,12,5,0.041666666666666664,0.12161384251375915,0.0,0.9583333333333334,1.0,0.039765644896095645,0.9166666666666666,0.0,0.0,1,0,24,24
POLICY_VALIDATION,BALANCED_LOW_N,PRIMARY_PAIRWISE,0.0,54,0.6,40,1,0.0,0.0,0.0,1.0,1.0,0.0,0.975,0.0,0.0,0,0,40,40
POLICY_VALIDATION,BALANCED_LOW_N,PRIMARY_PAIRWISE,0.0,54,0.6,40,3,0.0,0.0,0.0,1.0,1.0,0.0,1.0,0.0,0.0,0,0,40,40
POLICY_VALIDATION,BALANCED_LOW_N,PRIMARY_PAIRWISE,0.0,144,0.2,1,1,0.0,0.0,0.0,1.0,1.0,0.0,1.0,0.0,0.0,0,0,2,2
POLICY_VALIDATION,BALANCED_LOW_N,PRIMARY_PAIRWISE,0.0,144,0.2,1,3,0.0,0.0,0.0,1.0,1.0,0.0,1.0,0.0,0.0,0,0,1,1
POLICY_VALIDATION,BALANCED_LOW_N,PRIMARY_PAIRWISE,0.0,144,0.2,12,5,0.0,0.0,0.0,1.0,1.0,0.0,0.8611111111111112,0.0,0.0,0,0,36,36
POLICY_VALIDATION,BALANCED_LOW_N,PRIMARY_PAIRWISE,0.0,144,0.2,40,3,0.0,0.0,0.0,1.0,1.0,0.0,0.9,0.0,0.0,0,0,40,40
POLICY_VALIDATION,BALANCED_LOW_N,PRIMARY_PAIRWISE,0.0,144,0.6,1,3,0.0,0.0,0.0,1.0,1.0,0.0,0.5,0.0,0.0,0,0,2,2
POLICY_VALIDATION,BALANCED_LOW_N,PRIMARY_PAIRWISE,0.0,144,0.6,12,3,0.0,0.0,0.0,1.0,1.0,0.0,0.6666666666666666,0.0,0.0,0,0,12,12
POLICY_VALIDATION,BALANCED_LOW_N,PRIMARY_PAIRWISE,0.0,144,0.6,40,1,0.0,0.0,0.0,1.0,1.0,0.0,0.9166666666666666,0.0,0.0,0,0,120,120
POLICY_VALIDATION,BALANCED_LOW_N,PRIMARY_PAIRWISE,0.035,18,0.2,1,1,0.0,0.0,0.0,1.0,1.0,0.0,1.0,0.0,0.0,0,1,0,1
POLICY_VALIDATION,BALANCED_LOW_N,PRIMARY_PAIRWISE,0.035,18,0.2,12,3,0.0,0.0,0.0,1.0,1.0,0.0,1.0,0.0,0.0,0,6,6,12
POLICY_VALIDATION,BALANCED_LOW_N,PRIMARY_PAIRWISE,0.035,18,0.2,12,5,0.0,0.0,0.0,1.0,1.0,0.0,0.9166666666666666,0.0,0.0,0,12,12,24
POLICY_VALIDATION,BALANCED_LOW_N,PRIMARY_PAIRWISE,0.035,18,0.2,40,1,0.0,0.0,0.13333333333333333,0.9333333333333333,0.8666666666666667,0.032317244010904876,0.875,1.0,0.13333333333333333,8,60,60,120
POLICY_VALIDATION,BALANCED_LOW_N,PRIMARY_PAIRWISE,0.035,18,0.9,1,1,0.0,0.0,0.0,1.0,1.0,0.0,1.0,0.0,0.0,0,1,0,1
POLICY_VALIDATION,BALANCED_LOW_N,PRIMARY_PAIRWISE,0.035,18,0.9,1,3,0.0,0.0,0.0,1.0,1.0,0.0,1.0,0.0,0.0,0,3,0,3
POLICY_VALIDATION,BALANCED_LOW_N,PRIMARY_PAIRWISE,0.035,18,0.9,12,1,0.0,0.0,0.0,1.0,1.0,0.0,1.0,0.0,0.0,0,6,6,12
POLICY_VALIDATION,BALANCED_LOW_N,PRIMARY_PAIRWISE,0.035,18,0.9,12,5,0.0,0.0,0.0,1.0,1.0,0.0,0.9166666666666666,0.0,0.0,0,6,6,12
POLICY_VALIDATION,BALANCED_LOW_N,PRIMARY_PAIRWISE,0.035,18,0.9,40,5,0.0,0.0,0.0,1.0,1.0,0.0,1.0,0.0,0.0,0,20,20,40
POLICY_VALIDATION,BALANCED_LOW_N,PRIMARY_PAIRWISE,0.035,54,0.2,1,3,0.0,0.0,0.5,0.5,0.5,0.023117037841660464,1.0,1.0,0.5,1,2,0,2
POLICY_VALIDATION,BALANCED_LOW_N,PRIMARY_PAIRWISE,0.035,54,0.2,12,1,0.0,0.0,0.3333333333333333,0.8333333333333334,0.6666666666666667,0.0005384117591808076,0.9166666666666666,1.0,0.3333333333333333,2,6,6,12
POLICY_VALIDATION,BALANCED_LOW_N,PRIMARY_PAIRWISE,0.035,54,0.2,12,3,0.0,0.0,0.16666666666666666,0.9166666666666666,0.8333333333333334,0.0025026262566268526,0.9166666666666666,1.0,0.16666666666666666,1,6,6,12
POLICY_VALIDATION,BALANCED_LOW_N,PRIMARY_PAIRWISE,0.035,54,0.2,40,1,0.0,0.0,0.0,1.0,1.0,0.0,0.9,0.0,0.0,0,20,20,40
POLICY_VALIDATION,BALANCED_LOW_N,PRIMARY_PAIRWISE,0.035,54,0.2,40,5,0.05,0.14551858457912786,0.6,0.675,0.4,0.021174151213135525,0.9,0.9230769230769231,0.6,13,20,20,40
POLICY_VALIDATION,BALANCED_LOW_N,PRIMARY_PAIRWISE,0.035,54,0.9,1,1,0.0,0.0,0.0,1.0,1.0,0.0,1.0,0.0,0.0,0,2,0,2
POLICY_VALIDATION,BALANCED_LOW_N,PRIMARY_PAIRWISE,0.035,54,0.9,12,5,0.0,0.0,0.3333333333333333,0.8333333333333334,0.6666666666666667,0.0067558836394841434,0.6666666666666666,1.0,0.3333333333333333,6,18,18,36
POLICY_VALIDATION,BALANCED_LOW_N,PRIMARY_PAIRWISE,0.035,54,0.9,40,1,0.0,0.0,0.0,1.0,1.0,0.0,0.975,0.0,0.0,0,20,20,40
POLICY_VALIDATION,BALANCED_LOW_N,PRIMARY_PAIRWISE,0.035,54,0.9,40,3,0.0,0.0,0.0,1.0,1.0,0.0,1.0,0.0,0.0,0,20,20,40
POLICY_VALIDATION,BALANCED_LOW_N,PRIMARY_PAIRWISE,0.035,144,0.2,1,1,0.0,0.0,1.0,0.0,0.0,0.0025298708918861657,1.0,1.0,1.0,2,2,0,2
POLICY_VALIDATION,BALANCED_LOW_N,PRIMARY_PAIRWISE,0.035,144,0.2,1,3,0.0,0.0,0.0,1.0,1.0,0.0,1.0,0.0,0.0,0,1,0,1
POLICY_VALIDATION,BALANCED_LOW_N,PRIMARY_PAIRWISE,0.035,144,0.2,12,5,0.0,0.0,0.16666666666666666,0.9166666666666666,0.8333333333333334,0.026872693918218254,0.9444444444444444,1.0,0.16666666666666666,3,18,18,36
POLICY_VALIDATION,BALANCED_LOW_N,PRIMARY_PAIRWISE,0.035,144,0.2,40,3,0.0,0.0,0.0,1.0,1.0,0.0,0.975,0.0,0.0,0,20,20,40
POLICY_VALIDATION,BALANCED_LOW_N,PRIMARY_PAIRWISE,0.035,144,0.9,1,5,0.0,0.0,0.0,1.0,1.0,0.0,1.0,0.0,0.0,0,1,0,1
POLICY_VALIDATION,BALANCED_LOW_N,PRIMARY_PAIRWISE,0.035,144,0.9,12,3,0.0,0.0,0.5,0.75,0.5,0.0026563496164179385,1.0,1.0,0.5,6,12,12,24
POLICY_VALIDATION,BALANCED_LOW_N,PRIMARY_PAIRWISE,0.035,144,0.9,40,1,0.0,0.0,0.3,0.85,0.7,0.017603775933965688,0.9833333333333333,1.0,0.3,18,60,60,120
POLICY_VALIDATION,BALANCED_LOW_N,PRIMARY_PAIRWISE,0.075,18,0.6,1,1,0.0,0.0,0.0,1.0,1.0,0.0,1.0,0.0,0.0,0,1,0,1
POLICY_VALIDATION,BALANCED_LOW_N,PRIMARY_PAIRWISE,0.075,18,0.6,12,3,0.0,0.0,0.0,1.0,1.0,0.0,0.8333333333333334,0.0,0.0,0,6,6,12
POLICY_VALIDATION,BALANCED_LOW_N,PRIMARY_PAIRWISE,0.075,18,0.6,12,5,0.0,0.0,0.4166666666666667,0.7916666666666666,0.5833333333333333,0.01291472798640016,0.9583333333333334,1.0,0.4166666666666667,5,12,12,24
POLICY_VALIDATION,BALANCED_LOW_N,PRIMARY_PAIRWISE,0.075,18,0.6,40,1,0.0,0.0,0.0,1.0,1.0,0.0,0.5875,0.0,0.0,0,40,40,80
POLICY_VALIDATION,BALANCED_LOW_N,PRIMARY_PAIRWISE,0.075,18,0.6,40,3,0.0,0.0,0.6,0.7,0.4,0.014662331488031269,0.925,1.0,0.6,12,20,20,40
POLICY_VALIDATION,BALANCED_LOW_N,PRIMARY_PAIRWISE,0.075,18,0.9,1,3,0.0,0.0,0.0,1.0,1.0,0.0,1.0,0.0,0.0,0,4,0,4
POLICY_VALIDATION,BALANCED_LOW_N,PRIMARY_PAIRWISE,0.075,18,0.9,12,1,0.0,0.0,1.0,0.5,0.0,0.034457818554366144,0.8333333333333334,1.0,1.0,6,6,6,12
POLICY_VALIDATION,BALANCED_LOW_N,PRIMARY_PAIRWISE,0.075,18,0.9,40,5,0.0,0.0,0.0,1.0,1.0,0.0,1.0,0.0,0.0,0,40,40,80
POLICY_VALIDATION,BALANCED_LOW_N,PRIMARY_PAIRWISE,0.075,54,0.6,1,3,0.0,0.0,0.5,0.5,0.5,0.008131772772816029,0.5,1.0,0.5,1,2,0,2
POLICY_VALIDATION,BALANCED_LOW_N,PRIMARY_PAIRWISE,0.075,54,0.6,12,3,0.0,0.0,1.0,0.5,0.0,0.010641430707514532,1.0,1.0,1.0,6,6,6,12
POLICY_VALIDATION,BALANCED_LOW_N,PRIMARY_PAIRWISE,0.075,54,0.6,40,1,0.0,0.0,0.5,0.75,0.5,0.013455798601555958,0.975,1.0,0.5,20,40,40,80
POLICY_VALIDATION,BALANCED_LOW_N,PRIMARY_PAIRWISE,0.075,54,0.6,40,5,0.0,0.0,0.0,1.0,1.0,0.0,0.85,0.0,0.0,0,20,20,40
POLICY_VALIDATION,BALANCED_LOW_N,PRIMARY_PAIRWISE,0.075,54,0.9,1,1,0.0,0.0,0.5,0.5,0.5,0.0034537003082208556,1.0,1.0,0.5,1,2,0,2
POLICY_VALIDATION,BALANCED_LOW_N,PRIMARY_PAIRWISE,0.075,54,0.9,12,5,0.0,0.0,0.3333333333333333,0.8333333333333334,0.6666666666666667,0.008496044774592867,0.6666666666666666,1.0,0.3333333333333333,6,18,18,36
POLICY_VALIDATION,BALANCED_LOW_N,PRIMARY_PAIRWISE,0.075,54,0.9,40,3,0.0,0.0,0.0,1.0,1.0,0.0,0.9875,0.0,0.0,0,40,40,80
POLICY_VALIDATION,BALANCED_LOW_N,PRIMARY_PAIRWISE,0.075,144,0.6,1,1,0.0,0.0,0.0,1.0,1.0,0.0,1.0,0.0,0.0,0,1,0,1
POLICY_VALIDATION,BALANCED_LOW_N,PRIMARY_PAIRWISE,0.075,144,0.6,1,3,0.0,0.0,0.5,0.5,0.5,0.0198012102719083,1.0,1.0,0.5,1,2,0,2
POLICY_VALIDATION,BALANCED_LOW_N,PRIMARY_PAIRWISE,0.075,144,0.6,12,5,0.0,0.0,0.5,0.75,0.5,0.019504416407083603,0.9583333333333334,1.0,0.5,6,12,12,24
POLICY_VALIDATION,BALANCED_LOW_N,PRIMARY_PAIRWISE,0.075,144,0.6,40,3,0.0,0.0,0.0,1.0,1.0,0.0,0.275,0.0,0.0,0,20,20,40
POLICY_VALIDATION,BALANCED_LOW_N,PRIMARY_PAIRWISE,0.075,144,0.6,40,5,0.0,0.0,0.0,1.0,1.0,0.0,0.975,0.0,0.0,0,20,20,40
POLICY_VALIDATION,BALANCED_LOW_N,PRIMARY_PAIRWISE,0.075,144,0.9,1,5,0.0,0.0,0.0,1.0,1.0,0.0,1.0,0.0,0.0,0,1,0,1
POLICY_VALIDATION,BALANCED_LOW_N,PRIMARY_PAIRWISE,0.075,144,0.9,12,3,0.0,0.0,0.5,0.75,0.5,0.008133912448495456,1.0,1.0,0.5,6,12,12,24
POLICY_VALIDATION,BALANCED_LOW_N,PRIMARY_PAIRWISE,0.075,144,0.9,40,1,0.0,0.0,0.6666666666666666,0.6666666666666667,0.33333333333333337,0.0027457238013175777,1.0,1.0,0.6666666666666666,40,60,60,120
POLICY_VALIDATION,BALANCED_LOW_N,REPAIR,0.0,18,0.2,1,3,0.0,0.0,0.0,1.0,1.0,0.0,1.0,0.0,0.0,0,0,1,1
POLICY_VALIDATION,BALANCED_LOW_N,REPAIR,0.0,18,0.2,1,5,0.0,0.0,0.0,1.0,1.0,0.0,1.0,0.0,0.0,0,0,2,2
POLICY_VALIDATION,BALANCED_LOW_N,REPAIR,0.0,18,0.2,12,1,0.0,0.0,0.0,1.0,1.0,0.0,0.9166666666666666,0.0,0.0,0,0,12,12
POLICY_VALIDATION,BALANCED_LOW_N,REPAIR,0.0,18,0.2,12,3,0.08333333333333333,0.23971309426686854,0.0,0.9166666666666666,1.0,0.0639224148303949,0.9166666666666666,0.0,0.0,1,0,12,12
POLICY_VALIDATION,BALANCED_LOW_N,REPAIR,0.0,18,0.2,40,1,0.0,0.0,0.0,1.0,1.0,0.0,0.925,0.0,0.0,0,0,80,80
POLICY_VALIDATION,BALANCED_LOW_N,REPAIR,0.0,18,0.9,1,1,0.0,0.0,0.0,1.0,1.0,0.0,1.0,0.0,0.0,0,0,1,1
POLICY_VALIDATION,BALANCED_LOW_N,REPAIR,0.0,18,0.9,12,1,0.0,0.0,0.0,1.0,1.0,0.0,1.0,0.0,0.0,0,0,12,12
POLICY_VALIDATION,BALANCED_LOW_N,REPAIR,0.0,18,0.9,12,5,0.0,0.0,0.0,1.0,1.0,0.0,0.9166666666666666,0.0,0.0,0,0,12,12
POLICY_VALIDATION,BALANCED_LOW_N,REPAIR,0.0,18,0.9,40,3,0.0,0.0,0.0,1.0,1.0,0.0,0.7,0.0,0.0,0,0,120,120
POLICY_VALIDATION,BALANCED_LOW_N,REPAIR,0.0,54,0.2,1,3,0.0,0.0,0.0,1.0,1.0,0.0,1.0,0.0,0.0,0,0,1,1
POLICY_VALIDATION,BALANCED_LOW_N,REPAIR,0.0,54,0.2,12,1,0.0,0.0,0.0,1.0,1.0,0.0,0.9444444444444444,0.0,0.0,0,0,36,36
POLICY_VALIDATION,BALANCED_LOW_N,REPAIR,0.0,54,0.2,40,3,0.0125,0.036846393470080945,0.0,0.9875,1.0,0.04638794712789929,0.85,0.0,0.0,1,0,80,80
POLICY_VALIDATION,BALANCED_LOW_N,REPAIR,0.0,54,0.9,1,5,0.0,0.0,0.0,1.0,1.0,0.0,0.6666666666666666,0.0,0.0,0,0,3,3
POLICY_VALIDATION,BALANCED_LOW_N,REPAIR,0.0,54,0.9,12,3,0.0,0.0,0.0,1.0,1.0,0.0,1.0,0.0,0.0,0,0,12,12
POLICY_VALIDATION,BALANCED_LOW_N,REPAIR,0.0,54,0.9,40,1,0.0,0.0,0.0,1.0,1.0,0.0,1.0,0.0,0.0,0,0,80,80
POLICY_VALIDATION,BALANCED_LOW_N,REPAIR,0.0,54,0.9,40,3,0.0,0.0,0.0,1.0,1.0,0.0,0.975,0.0,0.0,0,0,40,40
POLICY_VALIDATION,BALANCED_LOW_N,REPAIR,0.0,144,0.2,1,1,0.0,0.0,0.0,1.0,1.0,0.0,1.0,0.0,0.0,0,0,1,1
POLICY_VALIDATION,BALANCED_LOW_N,REPAIR,0.0,144,0.2,1,5,0.0,0.0,0.0,1.0,1.0,0.0,1.0,0.0,0.0,0,0,1,1
POLICY_VALIDATION,BALANCED_LOW_N,REPAIR,0.0,144,0.2,12,5,0.0,0.0,0.0,1.0,1.0,0.0,0.9166666666666666,0.0,0.0,0,0,12,12
POLICY_VALIDATION,BALANCED_LOW_N,REPAIR,0.0,144,0.2,40,1,0.0,0.0,0.0,1.0,1.0,0.0,0.9,0.0,0.0,0,0,40,40
POLICY_VALIDATION,BALANCED_LOW_N,REPAIR,0.0,144,0.2,40,3,0.0,0.0,0.0,1.0,1.0,0.0,0.9083333333333333,0.0,0.0,0,0,120,120
POLICY_VALIDATION,BALANCED_LOW_N,REPAIR,0.0,144,0.9,1,3,0.0,0.0,0.0,1.0,1.0,0.0,1.0,0.0,0.0,0,0,2,2
POLICY_VALIDATION,BALANCED_LOW_N,REPAIR,0.0,144,0.9,12,1,0.0,0.0,0.0,1.0,1.0,0.0,0.9722222222222222,0.0,0.0,0,0,36,36
POLICY_VALIDATION,BALANCED_LOW_N,REPAIR,0.0,144,0.9,40,1,0.0,0.0,0.0,1.0,1.0,0.0,1.0,0.0,0.0,0,0,40,40
POLICY_VALIDATION,BALANCED_LOW_N,REPAIR,0.0,144,0.9,40,5,0.0,0.0,0.0,1.0,1.0,0.0,1.0,0.0,0.0,0,0,40,40
POLICY_VALIDATION,BALANCED_LOW_N,REPAIR,0.035,18,0.6,1,5,0.0,0.0,0.3333333333333333,0.6666666666666667,0.6666666666666667,0.015700995092179995,0.6666666666666666,1.0,0.3333333333333333,1,3,0,3
POLICY_VALIDATION,BALANCED_LOW_N,REPAIR,0.035,18,0.6,12,1,0.0,0.0,0.0,1.0,1.0,0.0,0.8333333333333334,0.0,0.0,0,6,6,12
POLICY_VALIDATION,BALANCED_LOW_N,REPAIR,0.035,18,0.6,12,3,0.0,0.0,0.0,1.0,1.0,0.0,1.0,0.0,0.0,0,6,6,12
POLICY_VALIDATION,BALANCED_LOW_N,REPAIR,0.035,18,0.6,40,1,0.0,0.0,0.0,1.0,1.0,0.0,0.925,0.0,0.0,0,40,40,80
POLICY_VALIDATION,BALANCED_LOW_N,REPAIR,0.035,18,0.9,1,1,0.0,0.0,0.0,1.0,1.0,0.0,1.0,0.0,0.0,0,1,0,1
POLICY_VALIDATION,BALANCED_LOW_N,REPAIR,0.035,18,0.9,1,3,0.0,0.0,0.0,1.0,1.0,0.0,0.0,0.0,0.0,0,1,0,1
POLICY_VALIDATION,BALANCED_LOW_N,REPAIR,0.035,18,0.9,12,1,0.0,0.0,0.0,1.0,1.0,0.0,0.9166666666666666,0.0,0.0,0,6,6,12
POLICY_VALIDATION,BALANCED_LOW_N,REPAIR,0.035,18,0.9,12,5,0.0,0.0,0.0,1.0,1.0,0.0,1.0,0.0,0.0,0,6,6,12
POLICY_VALIDATION,BALANCED_LOW_N,REPAIR,0.035,18,0.9,40,3,0.0,0.0,0.0,1.0,1.0,0.0,1.0,0.0,0.0,0,40,40,80
POLICY_VALIDATION,BALANCED_LOW_N,REPAIR,0.035,54,0.6,1,3,0.0,0.0,0.0,1.0,1.0,0.0,0.5,0.0,0.0,0,2,0,2
POLICY_VALIDATION,BALANCED_LOW_N,REPAIR,0.035,54,0.6,12,1,0.0,0.0,0.0,1.0,1.0,0.0,0.9166666666666666,0.0,0.0,0,18,18,36
POLICY_VALIDATION,BALANCED_LOW_N,REPAIR,0.035,54,0.6,40,5,0.0,0.0,0.0,1.0,1.0,0.0,0.85,0.0,0.0,0,20,20,40
POLICY_VALIDATION,BALANCED_LOW_N,REPAIR,0.035,54,0.9,1,5,0.0,0.0,0.0,1.0,1.0,0.0,1.0,0.0,0.0,0,3,0,3
POLICY_VALIDATION,BALANCED_LOW_N,REPAIR,0.035,54,0.9,12,3,0.0,0.0,0.0,1.0,1.0,0.0,0.6666666666666666,0.0,0.0,0,6,6,12
POLICY_VALIDATION,BALANCED_LOW_N,REPAIR,0.035,54,0.9,40,1,0.0,0.0,0.5,0.75,0.5,0.014882293442588252,0.9625,1.0,0.5,20,40,40,80
POLICY_VALIDATION,BALANCED_LOW_N,REPAIR,0.035,54,0.9,40,3,0.0,0.0,0.0,1.0,1.0,0.0,1.0,0.0,0.0,0,20,20,40
POLICY_VALIDATION,BALANCED_LOW_N,REPAIR,0.035,144,0.6,1,1,0.0,0.0,0.0,1.0,1.0,0.0,1.0,0.0,0.0,0,1,0,1
POLICY_VALIDATION,BALANCED_LOW_N,REPAIR,0.035,144,0.6,1,5,0.0,0.0,0.0,1.0,1.0,0.0,1.0,0.0,0.0,0,1,0,1
POLICY_VALIDATION,BALANCED_LOW_N,REPAIR,0.035,144,0.6,12,5,0.0,0.0,0.0,1.0,1.0,0.0,0.9166666666666666,0.0,0.0,0,6,6,12
POLICY_VALIDATION,BALANCED_LOW_N,REPAIR,0.035,144,0.6,40,1,0.0,0.0,0.0,1.0,1.0,0.0,1.0,0.0,0.0,0,20,20,40
POLICY_VALIDATION,BALANCED_LOW_N,REPAIR,0.035,144,0.6,40,3,0.0,0.0,0.3,0.85,0.7,0.011800589428805729,0.9333333333333333,1.0,0.3,18,60,60,120
POLICY_VALIDATION,BALANCED_LOW_N,REPAIR,0.035,144,0.9,1,3,0.0,0.0,0.0,1.0,1.0,0.0,1.0,0.0,0.0,0,1,0,1
POLICY_VALIDATION,BALANCED_LOW_N,REPAIR,0.035,144,0.9,1,5,0.0,0.0,0.5,0.5,0.5,0.0006867222383653004,1.0,1.0,0.5,1,2,0,2
POLICY_VALIDATION,BALANCED_LOW_N,REPAIR,0.035,144,0.9,12,1,0.0,0.0,0.3333333333333333,0.8333333333333334,0.6666666666666667,0.001258778435391823,0.9166666666666666,1.0,0.3333333333333333,6,18,18,36
POLICY_VALIDATION,BALANCED_LOW_N,REPAIR,0.035,144,0.9,40,1,0.0,0.0,0.0,1.0,1.0,0.0,1.0,0.0,0.0,0,20,20,40
POLICY_VALIDATION,BALANCED_LOW_N,REPAIR,0.075,18,0.2,1,3,0.0,0.0,1.0,0.0,0.0,0.01815125691858034,1.0,1.0,1.0,1,1,0,1
POLICY_VALIDATION,BALANCED_LOW_N,REPAIR,0.075,18,0.2,12,1,0.0,0.0,0.0,1.0,1.0,0.0,0.875,0.0,0.0,0,12,12,24
POLICY_VALIDATION,BALANCED_LOW_N,REPAIR,0.075,18,0.2,12,5,0.0,0.0,0.0,1.0,1.0,0.0,0.9166666666666666,0.0,0.0,0,6,6,12
POLICY_VALIDATION,BALANCED_LOW_N,REPAIR,0.075,18,0.2,40,3,0.0,0.0,0.075,0.9625,0.925,0.09090672716915922,0.9875,1.0,0.075,3,40,40,80
POLICY_VALIDATION,BALANCED_LOW_N,REPAIR,0.075,18,0.6,1,5,0.0,0.0,0.3333333333333333,0.6666666666666667,0.6666666666666667,0.01850353543810579,1.0,1.0,0.3333333333333333,1,3,0,3
POLICY_VALIDATION,BALANCED_LOW_N,REPAIR,0.075,18,0.6,12,3,0.0,0.0,0.0,1.0,1.0,0.0,0.875,0.0,0.0,0,12,12,24
POLICY_VALIDATION,BALANCED_LOW_N,REPAIR,0.075,18,0.6,40,1,0.0,0.0,0.0,1.0,1.0,0.0,0.9,0.0,0.0,0,40,40,80
POLICY_VALIDATION,BALANCED_LOW_N,REPAIR,0.075,54,0.2,1,5,0.0,0.0,0.5,0.5,0.5,0.012432141119947601,1.0,1.0,0.5,1,2,0,2
POLICY_VALIDATION,BALANCED_LOW_N,REPAIR,0.075,54,0.2,12,3,0.0,0.0,0.0,1.0,1.0,0.0,1.0,0.0,0.0,0,6,6,12
POLICY_VALIDATION,BALANCED_LOW_N,REPAIR,0.075,54,0.2,12,5,0.0,0.0,0.0,1.0,1.0,0.0,0.9166666666666666,0.0,0.0,0,6,6,12
POLICY_VALIDATION,BALANCED_LOW_N,REPAIR,0.075,54,0.2,40,1,0.0,0.0,0.0,1.0,1.0,0.0,0.95,0.0,0.0,0,20,20,40
POLICY_VALIDATION,BALANCED_LOW_N,REPAIR,0.075,54,0.2,40,3,0.0,0.0,0.0,1.0,1.0,0.0,0.825,0.0,0.0,0,40,40,80
POLICY_VALIDATION,BALANCED_LOW_N,REPAIR,0.075,54,0.6,1,3,0.0,0.0,0.5,0.5,0.5,0.03232075027227842,1.0,1.0,0.5,1,2,0,2
POLICY_VALIDATION,BALANCED_LOW_N,REPAIR,0.075,54,0.6,12,1,0.0,0.0,0.3333333333333333,0.8333333333333334,0.6666666666666667,0.015484892981821513,0.9166666666666666,1.0,0.3333333333333333,6,18,18,36
POLICY_VALIDATION,BALANCED_LOW_N,REPAIR,0.075,54,0.6,40,5,0.0,0.0,0.0,1.0,1.0,0.0,0.975,0.0,0.0,0,20,20,40
POLICY_VALIDATION,BALANCED_LOW_N,REPAIR,0.075,144,0.2,1,3,0.0,0.0,0.0,1.0,1.0,0.0,1.0,0.0,0.0,0,1,0,1
POLICY_VALIDATION,BALANCED_LOW_N,REPAIR,0.075,144,0.2,1,5,0.0,0.0,0.0,1.0,1.0,0.0,1.0,0.0,0.0,0,2,0,2
POLICY_VALIDATION,BALANCED_LOW_N,REPAIR,0.075,144,0.2,12,1,0.0,0.0,0.0,1.0,1.0,0.0,0.8333333333333334,0.0,0.0,0,12,12,24
POLICY_VALIDATION,BALANCED_LOW_N,REPAIR,0.075,144,0.2,12,3,0.0,0.0,0.0,1.0,1.0,0.0,0.75,0.0,0.0,0,6,6,12
POLICY_VALIDATION,BALANCED_LOW_N,REPAIR,0.075,144,0.2,40,1,0.0,0.0,0.0,1.0,1.0,0.0,0.95,0.0,0.0,0,20,20,40
POLICY_VALIDATION,BALANCED_LOW_N,REPAIR,0.075,144,0.6,1,1,0.0,0.0,1.0,0.0,0.0,0.0036067611097082425,1.0,1.0,1.0,1,1,0,1
POLICY_VALIDATION,BALANCED_LOW_N,REPAIR,0.075,144,0.6,12,5,0.0,0.0,0.5,0.75,0.5,0.0056602817703893344,1.0,1.0,0.5,6,12,12,24
POLICY_VALIDATION,BALANCED_LOW_N,REPAIR,0.075,144,0.6,40,3,0.0,0.0,0.725,0.6375,0.275,0.012054939797979777,0.7875,1.0,0.725,58,80,80,160
POLICY_VALIDATION,BALANCED_LOW_N,THRESHOLD_PASS,0.0,18,0.2,1,3,0.0,0.0,0.0,1.0,1.0,0.0,1.0,0.0,0.0,0,0,1,1
POLICY_VALIDATION,BALANCED_LOW_N,THRESHOLD_PASS,0.0,18,0.2,1,5,0.0,0.0,0.0,1.0,1.0,0.0,1.0,0.0,0.0,0,0,2,2
POLICY_VALIDATION,BALANCED_LOW_N,THRESHOLD_PASS,0.0,18,0.2,12,1,0.0,0.0,0.0,1.0,1.0,0.0,0.9166666666666666,0.0,0.0,0,0,12,12
POLICY_VALIDATION,BALANCED_LOW_N,THRESHOLD_PASS,0.0,18,0.2,12,3,0.0,0.0,0.0,1.0,1.0,0.0,0.9166666666666666,0.0,0.0,0,0,12,12
POLICY_VALIDATION,BALANCED_LOW_N,THRESHOLD_PASS,0.0,18,0.2,40,1,0.0,0.0,0.0,1.0,1.0,0.0,0.9375,0.0,0.0,0,0,80,80
POLICY_VALIDATION,BALANCED_LOW_N,THRESHOLD_PASS,0.0,18,0.9,1,1,0.0,0.0,0.0,1.0,1.0,0.0,1.0,0.0,0.0,0,0,1,1
POLICY_VALIDATION,BALANCED_LOW_N,THRESHOLD_PASS,0.0,18,0.9,12,1,0.0,0.0,0.0,1.0,1.0,0.0,1.0,0.0,0.0,0,0,12,12
POLICY_VALIDATION,BALANCED_LOW_N,THRESHOLD_PASS,0.0,18,0.9,12,5,0.0,0.0,0.0,1.0,1.0,0.0,1.0,0.0,0.0,0,0,12,12
POLICY_VALIDATION,BALANCED_LOW_N,THRESHOLD_PASS,0.0,18,0.9,40,3,0.0,0.0,0.0,1.0,1.0,0.0,1.0,0.0,0.0,0,0,120,120
POLICY_VALIDATION,BALANCED_LOW_N,THRESHOLD_PASS,0.0,54,0.2,1,3,0.0,0.0,0.0,1.0,1.0,0.0,1.0,0.0,0.0,0,0,1,1
POLICY_VALIDATION,BALANCED_LOW_N,THRESHOLD_PASS,0.0,54,0.2,12,1,0.0,0.0,0.0,1.0,1.0,0.0,0.8888888888888888,0.0,0.0,0,0,36,36
POLICY_VALIDATION,BALANCED_LOW_N,THRESHOLD_PASS,0.0,54,0.2,40,3,0.0125,0.036846393470080945,0.0,0.9875,1.0,0.03838671414498735,0.775,0.0,0.0,1,0,80,80
POLICY_VALIDATION,BALANCED_LOW_N,THRESHOLD_PASS,0.0,54,0.9,1,5,0.0,0.0,0.0,1.0,1.0,0.0,1.0,0.0,0.0,0,0,3,3
POLICY_VALIDATION,BALANCED_LOW_N,THRESHOLD_PASS,0.0,54,0.9,12,3,0.0,0.0,0.0,1.0,1.0,0.0,1.0,0.0,0.0,0,0,12,12
POLICY_VALIDATION,BALANCED_LOW_N,THRESHOLD_PASS,0.0,54,0.9,40,1,0.0,0.0,0.0,1.0,1.0,0.0,1.0,0.0,0.0,0,0,80,80
POLICY_VALIDATION,BALANCED_LOW_N,THRESHOLD_PASS,0.0,54,0.9,40,3,0.0,0.0,0.0,1.0,1.0,0.0,1.0,0.0,0.0,0,0,40,40
POLICY_VALIDATION,BALANCED_LOW_N,THRESHOLD_PASS,0.0,144,0.2,1,1,0.0,0.0,0.0,1.0,1.0,0.0,1.0,0.0,0.0,0,0,1,1
POLICY_VALIDATION,BALANCED_LOW_N,THRESHOLD_PASS,0.0,144,0.2,1,5,1.0,1.0,0.0,0.0,1.0,0.0360891421626411,0.0,0.0,0.0,1,0,1,1
POLICY_VALIDATION,BALANCED_LOW_N,THRESHOLD_PASS,0.0,144,0.2,12,5,0.0,0.0,0.0,1.0,1.0,0.0,0.9166666666666666,0.0,0.0,0,0,12,12
POLICY_VALIDATION,BALANCED_LOW_N,THRESHOLD_PASS,0.0,144,0.2,40,1,0.0,0.0,0.0,1.0,1.0,0.0,0.95,0.0,0.0,0,0,40,40
POLICY_VALIDATION,BALANCED_LOW_N,THRESHOLD_PASS,0.0,144,0.2,40,3,0.0,0.0,0.0,1.0,1.0,0.0,0.9333333333333333,0.0,0.0,0,0,120,120
POLICY_VALIDATION,BALANCED_LOW_N,THRESHOLD_PASS,0.0,144,0.9,1,3,0.0,0.0,0.0,1.0,1.0,0.0,1.0,0.0,0.0,0,0,2,2
POLICY_VALIDATION,BALANCED_LOW_N,THRESHOLD_PASS,0.0,144,0.9,12,1,0.0,0.0,0.0,1.0,1.0,0.0,1.0,0.0,0.0,0,0,36,36
POLICY_VALIDATION,BALANCED_LOW_N,THRESHOLD_PASS,0.0,144,0.9,40,1,0.0,0.0,0.0,1.0,1.0,0.0,1.0,0.0,0.0,0,0,40,40
POLICY_VALIDATION,BALANCED_LOW_N,THRESHOLD_PASS,0.0,144,0.9,40,5,0.0,0.0,0.0,1.0,1.0,0.0,1.0,0.0,0.0,0,0,40,40
POLICY_VALIDATION,BALANCED_LOW_N,THRESHOLD_PASS,0.035,18,0.6,1,5,0.0,0.0,0.0,1.0,1.0,0.0,1.0,0.0,0.0,0,3,0,3
POLICY_VALIDATION,BALANCED_LOW_N,THRESHOLD_PASS,0.035,18,0.6,12,1,0.0,0.0,0.0,1.0,1.0,0.0,0.8333333333333334,0.0,0.0,0,6,6,12
POLICY_VALIDATION,BALANCED_LOW_N,THRESHOLD_PASS,0.035,18,0.6,12,3,0.0,0.0,0.0,1.0,1.0,0.0,0.9166666666666666,0.0,0.0,0,6,6,12
POLICY_VALIDATION,BALANCED_LOW_N,THRESHOLD_PASS,0.035,18,0.6,40,1,0.0,0.0,0.05,0.975,0.95,0.03918930780344258,0.6375,1.0,0.05,2,40,40,80
POLICY_VALIDATION,BALANCED_LOW_N,THRESHOLD_PASS,0.035,18,0.9,1,1,0.0,0.0,1.0,0.0,0.0,0.038589795856781225,1.0,1.0,1.0,1,1,0,1
POLICY_VALIDATION,BALANCED_LOW_N,THRESHOLD_PASS,0.035,18,0.9,1,3,0.0,0.0,0.0,1.0,1.0,0.0,0.0,0.0,0.0,0,1,0,1
POLICY_VALIDATION,BALANCED_LOW_N,THRESHOLD_PASS,0.035,18,0.9,12,1,0.0,0.0,0.0,1.0,1.0,0.0,1.0,0.0,0.0,0,6,6,12
POLICY_VALIDATION,BALANCED_LOW_N,THRESHOLD_PASS,0.035,18,0.9,12,5,0.0,0.0,0.0,1.0,1.0,0.0,1.0,0.0,0.0,0,6,6,12
POLICY_VALIDATION,BALANCED_LOW_N,THRESHOLD_PASS,0.035,18,0.9,40,3,0.0,0.0,0.0,1.0,1.0,0.0,0.9625,0.0,0.0,0,40,40,80
POLICY_VALIDATION,BALANCED_LOW_N,THRESHOLD_PASS,0.035,54,0.6,1,3,0.0,0.0,0.0,1.0,1.0,0.0,0.5,0.0,0.0,0,2,0,2
POLICY_VALIDATION,BALANCED_LOW_N,THRESHOLD_PASS,0.035,54,0.6,12,1,0.0,0.0,0.0,1.0,1.0,0.0,0.8888888888888888,0.0,0.0,0,18,18,36
POLICY_VALIDATION,BALANCED_LOW_N,THRESHOLD_PASS,0.035,54,0.6,40,5,0.0,0.0,0.0,1.0,1.0,0.0,0.875,0.0,0.0,0,20,20,40
POLICY_VALIDATION,BALANCED_LOW_N,THRESHOLD_PASS,0.035,54,0.9,1,5,0.0,0.0,0.0,1.0,1.0,0.0,1.0,0.0,0.0,0,3,0,3
POLICY_VALIDATION,BALANCED_LOW_N,THRESHOLD_PASS,0.035,54,0.9,12,3,0.0,0.0,0.0,1.0,1.0,0.0,1.0,0.0,0.0,0,6,6,12
POLICY_VALIDATION,BALANCED_LOW_N,THRESHOLD_PASS,0.035,54,0.9,40,1,0.0,0.0,0.0,1.0,1.0,0.0,0.9,0.0,0.0,0,40,40,80
POLICY_VALIDATION,BALANCED_LOW_N,THRESHOLD_PASS,0.035,54,0.9,40,3,0.0,0.0,0.0,1.0,1.0,0.0,1.0,0.0,0.0,0,20,20,40
POLICY_VALIDATION,BALANCED_LOW_N,THRESHOLD_PASS,0.035,144,0.6,1,1,0.0,0.0,1.0,0.0,0.0,0.005979528107193079,1.0,1.0,1.0,1,1,0,1
POLICY_VALIDATION,BALANCED_LOW_N,THRESHOLD_PASS,0.035,144,0.6,1,5,0.0,0.0,0.0,1.0,1.0,0.0,1.0,0.0,0.0,0,1,0,1
POLICY_VALIDATION,BALANCED_LOW_N,THRESHOLD_PASS,0.035,144,0.6,12,5,0.0,0.0,1.0,0.5,0.0,0.0025722765779741096,1.0,1.0,1.0,6,6,6,12
POLICY_VALIDATION,BALANCED_LOW_N,THRESHOLD_PASS,0.035,144,0.6,40,1,0.0,0.0,0.0,1.0,1.0,0.0,0.95,0.0,0.0,0,20,20,40
POLICY_VALIDATION,BALANCED_LOW_N,THRESHOLD_PASS,0.035,144,0.6,40,3,0.0,0.0,0.2,0.9,0.8,0.001993919341609465,0.9166666666666666,1.0,0.2,12,60,60,120
POLICY_VALIDATION,BALANCED_LOW_N,THRESHOLD_PASS,0.035,144,0.9,1,3,0.0,0.0,0.0,1.0,1.0,0.0,1.0,0.0,0.0,0,1,0,1
POLICY_VALIDATION,BALANCED_LOW_N,THRESHOLD_PASS,0.035,144,0.9,1,5,0.0,0.0,0.5,0.5,0.5,0.009328790393736554,1.0,1.0,0.5,1,2,0,2
POLICY_VALIDATION,BALANCED_LOW_N,THRESHOLD_PASS,0.035,144,0.9,12,1,0.0,0.0,0.3333333333333333,0.8333333333333334,0.6666666666666667,0.003779316649711433,1.0,1.0,0.3333333333333333,6,18,18,36
POLICY_VALIDATION,BALANCED_LOW_N,THRESHOLD_PASS,0.035,144,0.9,40,1,0.0,0.0,0.0,1.0,1.0,0.0,0.6,0.0,0.0,0,20,20,40
POLICY_VALIDATION,BALANCED_LOW_N,THRESHOLD_PASS,0.075,18,0.2,1,3,0.0,0.0,0.0,1.0,1.0,0.0,0.0,0.0,0.0,0,1,0,1
POLICY_VALIDATION,BALANCED_LOW_N,THRESHOLD_PASS,0.075,18,0.2,12,1,0.0,0.0,0.16666666666666666,0.9166666666666666,0.8333333333333334,0.07102174530853911,0.75,1.0,0.16666666666666666,2,12,12,24
POLICY_VALIDATION,BALANCED_LOW_N,THRESHOLD_PASS,0.075,18,0.2,12,5,0.0,0.0,0.0,1.0,1.0,0.0,0.9166666666666666,0.0,0.0,0,6,6,12
POLICY_VALIDATION,BALANCED_LOW_N,THRESHOLD_PASS,0.075,18,0.2,40,3,0.0,0.0,0.075,0.9625,0.925,0.11208467771813628,0.95,1.0,0.075,3,40,40,80
POLICY_VALIDATION,BALANCED_LOW_N,THRESHOLD_PASS,0.075,18,0.6,1,5,0.0,0.0,0.3333333333333333,0.6666666666666667,0.6666666666666667,0.015342652319549913,1.0,1.0,0.3333333333333333,1,3,0,3
POLICY_VALIDATION,BALANCED_LOW_N,THRESHOLD_PASS,0.075,18,0.6,12,3,0.0,0.0,0.0,1.0,1.0,0.0,0.875,0.0,0.0,0,12,12,24
POLICY_VALIDATION,BALANCED_LOW_N,THRESHOLD_PASS,0.075,18,0.6,40,1,0.0,0.0,0.5,0.75,0.5,0.011009241960840818,0.9875,1.0,0.5,20,40,40,80
POLICY_VALIDATION,BALANCED_LOW_N,THRESHOLD_PASS,0.075,54,0.2,1,5,0.0,0.0,0.5,0.5,0.5,0.021015149584903234,1.0,1.0,0.5,1,2,0,2
POLICY_VALIDATION,BALANCED_LOW_N,THRESHOLD_PASS,0.075,54,0.2,12,3,0.0,0.0,0.0,1.0,1.0,0.0,0.9166666666666666,0.0,0.0,0,6,6,12
POLICY_VALIDATION,BALANCED_LOW_N,THRESHOLD_PASS,0.075,54,0.2,12,5,0.0,0.0,0.0,1.0,1.0,0.0,1.0,0.0,0.0,0,6,6,12
POLICY_VALIDATION,BALANCED_LOW_N,THRESHOLD_PASS,0.075,54,0.2,40,1,0.0,0.0,0.0,1.0,1.0,0.0,0.875,0.0,0.0,0,20,20,40
POLICY_VALIDATION,BALANCED_LOW_N,THRESHOLD_PASS,0.075,54,0.2,40,3,0.0,0.0,0.475,0.7625,0.525,0.012920540599570707,0.95,1.0,0.475,19,40,40,80
POLICY_VALIDATION,BALANCED_LOW_N,THRESHOLD_PASS,0.075,54,0.6,1,3,0.0,0.0,0.5,0.5,0.5,0.006180591144102035,1.0,1.0,0.5,1,2,0,2
POLICY_VALIDATION,BALANCED_LOW_N,THRESHOLD_PASS,0.075,54,0.6,12,1,0.0,0.0,0.3333333333333333,0.8333333333333334,0.6666666666666667,0.008209783938304913,0.9722222222222222,1.0,0.3333333333333333,6,18,18,36
POLICY_VALIDATION,BALANCED_LOW_N,THRESHOLD_PASS,0.075,54,0.6,40,5,0.0,0.0,0.0,1.0,1.0,0.0,1.0,0.0,0.0,0,20,20,40
POLICY_VALIDATION,BALANCED_LOW_N,THRESHOLD_PASS,0.075,144,0.2,1,3,0.0,0.0,1.0,0.0,0.0,0.0034128830962323192,1.0,1.0,1.0,1,1,0,1
POLICY_VALIDATION,BALANCED_LOW_N,THRESHOLD_PASS,0.075,144,0.2,1,5,0.0,0.0,0.5,0.5,0.5,0.011379743524569177,1.0,1.0,0.5,1,2,0,2
POLICY_VALIDATION,BALANCED_LOW_N,THRESHOLD_PASS,0.075,144,0.2,12,1,0.0,0.0,0.0,1.0,1.0,0.0,0.9166666666666666,0.0,0.0,0,12,12,24
POLICY_VALIDATION,BALANCED_LOW_N,THRESHOLD_PASS,0.075,144,0.2,12,3,0.0,0.0,1.0,0.5,0.0,0.004986195955539001,1.0,1.0,1.0,6,6,6,12
POLICY_VALIDATION,BALANCED_LOW_N,THRESHOLD_PASS,0.075,144,0.2,40,1,0.0,0.0,0.0,1.0,1.0,0.0,0.875,0.0,0.0,0,20,20,40
POLICY_VALIDATION,BALANCED_LOW_N,THRESHOLD_PASS,0.075,144,0.6,1,1,0.0,0.0,1.0,0.0,0.0,0.004407834317268863,1.0,1.0,1.0,1,1,0,1
POLICY_VALIDATION,BALANCED_LOW_N,THRESHOLD_PASS,0.075,144,0.6,12,5,0.0,0.0,0.5,0.75,0.5,0.008211548579211686,1.0,1.0,0.5,6,12,12,24
POLICY_VALIDATION,BALANCED_LOW_N,THRESHOLD_PASS,0.075,144,0.6,40,3,0.0,0.0,0.7375,0.63125,0.26249999999999996,0.006314302792136093,0.95625,1.0,0.7375,59,80,80,160
POLICY_VALIDATION,BALANCED_LOW_N,TOP_K,0.0,18,0.6,1,3,0.0,0.0,0.0,1.0,1.0,0.0,1.0,0.0,0.0,0,0,1,1
POLICY_VALIDATION,BALANCED_LOW_N,TOP_K,0.0,18,0.6,12,1,0.0,0.0,0.0,1.0,1.0,0.0,1.0,0.0,0.0,0,0,24,24
POLICY_VALIDATION,BALANCED_LOW_N,TOP_K,0.0,18,0.6,12,3,0.0,0.0,0.0,1.0,1.0,0.0,1.0,0.0,0.0,0,0,12,12
POLICY_VALIDATION,BALANCED_LOW_N,TOP_K,0.0,18,0.6,40,5,0.0,0.0,0.0,1.0,1.0,0.0,0.8333333333333334,0.0,0.0,0,0,120,120
POLICY_VALIDATION,BALANCED_LOW_N,TOP_K,0.0,18,0.9,1,1,0.0,0.0,0.0,1.0,1.0,0.0,1.0,0.0,0.0,0,0,3,3
POLICY_VALIDATION,BALANCED_LOW_N,TOP_K,0.0,18,0.9,12,3,0.0,0.0,0.0,1.0,1.0,0.0,1.0,0.0,0.0,0,0,24,24
POLICY_VALIDATION,BALANCED_LOW_N,TOP_K,0.0,18,0.9,40,3,0.0,0.0,0.0,1.0,1.0,0.0,0.975,0.0,0.0,0,0,40,40
POLICY_VALIDATION,BALANCED_LOW_N,TOP_K,0.0,54,0.6,1,1,0.0,0.0,0.0,1.0,1.0,0.0,1.0,0.0,0.0,0,0,3,3
POLICY_VALIDATION,BALANCED_LOW_N,TOP_K,0.0,54,0.6,12,1,0.0,0.0,0.0,1.0,1.0,0.0,0.6666666666666666,0.0,0.0,0,0,12,12
POLICY_VALIDATION,BALANCED_LOW_N,TOP_K,0.0,54,0.6,12,5,0.0,0.0,0.0,1.0,1.0,0.0,1.0,0.0,0.0,0,0,12,12
POLICY_VALIDATION,BALANCED_LOW_N,TOP_K,0.0,54,0.6,40,3,0.0,0.0,0.0,1.0,1.0,0.0,0.9125,0.0,0.0,0,0,80,80
POLICY_VALIDATION,BALANCED_LOW_N,TOP_K,0.0,54,0.9,1,5,0.0,0.0,0.0,1.0,1.0,0.0,0.0,0.0,0.0,0,0,1,1
POLICY_VALIDATION,BALANCED_LOW_N,TOP_K,0.0,54,0.9,12,1,0.0,0.0,0.0,1.0,1.0,0.0,0.6666666666666666,0.0,0.0,0,0,12,12
POLICY_VALIDATION,BALANCED_LOW_N,TOP_K,0.0,54,0.9,12,3,0.0,0.0,0.0,1.0,1.0,0.0,0.9722222222222222,0.0,0.0,0,0,36,36
POLICY_VALIDATION,BALANCED_LOW_N,TOP_K,0.0,54,0.9,40,1,0.0,0.0,0.0,1.0,1.0,0.0,1.0,0.0,0.0,0,0,40,40
POLICY_VALIDATION,BALANCED_LOW_N,TOP_K,0.0,54,0.9,40,5,0.0,0.0,0.0,1.0,1.0,0.0,0.825,0.0,0.0,0,0,40,40
POLICY_VALIDATION,BALANCED_LOW_N,TOP_K,0.0,144,0.6,1,1,0.0,0.0,0.0,1.0,1.0,0.0,1.0,0.0,0.0,0,0,1,1
POLICY_VALIDATION,BALANCED_LOW_N,TOP_K,0.0,144,0.6,1,5,0.0,0.0,0.0,1.0,1.0,0.0,1.0,0.0,0.0,0,0,1,1
POLICY_VALIDATION,BALANCED_LOW_N,TOP_K,0.0,144,0.6,12,3,0.0,0.0,0.0,1.0,1.0,0.0,0.9722222222222222,0.0,0.0,0,0,36,36
POLICY_VALIDATION,BALANCED_LOW_N,TOP_K,0.0,144,0.6,40,1,0.0,0.0,0.0,1.0,1.0,0.0,0.925,0.0,0.0,0,0,40,40
POLICY_VALIDATION,BALANCED_LOW_N,TOP_K,0.0,144,0.9,1,1,0.0,0.0,0.0,1.0,1.0,0.0,1.0,0.0,0.0,0,0,1,1
POLICY_VALIDATION,BALANCED_LOW_N,TOP_K,0.0,144,0.9,1,3,0.0,0.0,0.0,1.0,1.0,0.0,1.0,0.0,0.0,0,0,1,1
POLICY_VALIDATION,BALANCED_LOW_N,TOP_K,0.0,144,0.9,12,1,0.0,0.0,0.0,1.0,1.0,0.0,0.875,0.0,0.0,0,0,24,24
POLICY_VALIDATION,BALANCED_LOW_N,TOP_K,0.0,144,0.9,40,3,0.0,0.0,0.0,1.0,1.0,0.0,0.25,0.0,0.0,0,0,40,40
POLICY_VALIDATION,BALANCED_LOW_N,TOP_K,0.0,144,0.9,40,5,0.0,0.0,0.0,1.0,1.0,0.0,0.975,0.0,0.0,0,0,80,80
POLICY_VALIDATION,BALANCED_LOW_N,TOP_K,0.035,18,0.2,1,1,0.0,0.0,0.0,1.0,1.0,0.0,1.0,0.0,0.0,0,3,0,3
POLICY_VALIDATION,BALANCED_LOW_N,TOP_K,0.035,18,0.2,12,5,0.0,0.0,0.0,1.0,1.0,0.0,1.0,0.0,0.0,0,6,6,12
POLICY_VALIDATION,BALANCED_LOW_N,TOP_K,0.035,18,0.2,40,3,0.0,0.0,0.0,1.0,1.0,0.0,0.9125,0.0,0.0,0,40,40,80
POLICY_VALIDATION,BALANCED_LOW_N,TOP_K,0.035,18,0.6,1,3,0.0,0.0,0.0,1.0,1.0,0.0,1.0,0.0,0.0,0,1,0,1
POLICY_VALIDATION,BALANCED_LOW_N,TOP_K,0.035,18,0.6,12,1,0.0,0.0,0.08333333333333333,0.9583333333333334,0.9166666666666666,0.0397314826182531,0.9583333333333334,1.0,0.08333333333333333,1,12,12,24
POLICY_VALIDATION,BALANCED_LOW_N,TOP_K,0.035,18,0.6,12,3,0.0,0.0,0.0,1.0,1.0,0.0,0.9166666666666666,0.0,0.0,0,6,6,12
POLICY_VALIDATION,BALANCED_LOW_N,TOP_K,0.035,18,0.6,40,5,0.0,0.0,0.0,1.0,1.0,0.0,0.975,0.0,0.0,0,60,60,120
POLICY_VALIDATION,BALANCED_LOW_N,TOP_K,0.035,54,0.2,1,5,0.0,0.0,1.0,0.0,0.0,0.0008358891143206218,1.0,1.0,1.0,1,1,0,1
POLICY_VALIDATION,BALANCED_LOW_N,TOP_K,0.035,54,0.2,12,1,0.0,0.0,0.0,1.0,1.0,0.0,0.8333333333333334,0.0,0.0,0,6,6,12
POLICY_VALIDATION,BALANCED_LOW_N,TOP_K,0.035,54,0.2,12,3,0.0,0.0,0.05555555555555555,0.9722222222222222,0.9444444444444444,0.051146516645707546,0.8888888888888888,1.0,0.05555555555555555,1,18,18,36
POLICY_VALIDATION,BALANCED_LOW_N,TOP_K,0.035,54,0.2,40,1,0.0,0.0,0.55,0.725,0.44999999999999996,0.006323370620471571,0.975,1.0,0.55,11,20,20,40
POLICY_VALIDATION,BALANCED_LOW_N,TOP_K,0.035,54,0.2,40,5,0.0,0.0,0.0,1.0,1.0,0.0,0.925,0.0,0.0,0,20,20,40
POLICY_VALIDATION,BALANCED_LOW_N,TOP_K,0.035,54,0.6,1,1,0.0,0.0,0.0,1.0,1.0,0.0,1.0,0.0,0.0,0,3,0,3
POLICY_VALIDATION,BALANCED_LOW_N,TOP_K,0.035,54,0.6,12,1,0.0,0.0,0.0,1.0,1.0,0.0,0.9166666666666666,0.0,0.0,0,6,6,12
POLICY_VALIDATION,BALANCED_LOW_N,TOP_K,0.035,54,0.6,40,3,0.0,0.0,0.0,1.0,1.0,0.0,0.45,0.0,0.0,0,20,20,40
POLICY_VALIDATION,BALANCED_LOW_N,TOP_K,0.035,54,0.6,40,5,0.0,0.0,0.5,0.75,0.5,0.007210306386678372,0.9,1.0,0.5,20,40,40,80
POLICY_VALIDATION,BALANCED_LOW_N,TOP_K,0.035,144,0.2,1,1,0.0,0.0,0.0,1.0,1.0,0.0,1.0,0.0,0.0,0,1,0,1
POLICY_VALIDATION,BALANCED_LOW_N,TOP_K,0.035,144,0.2,1,3,0.0,0.0,0.0,1.0,1.0,0.0,0.0,0.0,0.0,0,1,0,1
POLICY_VALIDATION,BALANCED_LOW_N,TOP_K,0.035,144,0.2,12,1,0.0,0.0,0.4166666666666667,0.7916666666666666,0.5833333333333333,0.0030624173654018954,0.9583333333333334,1.0,0.4166666666666667,5,12,12,24
POLICY_VALIDATION,BALANCED_LOW_N,TOP_K,0.035,144,0.2,40,5,0.016666666666666666,0.049059967300068105,0.6666666666666666,0.6583333333333333,0.33333333333333337,0.0052959873096627315,0.9083333333333333,0.975609756097561,0.6666666666666666,41,60,60,120
POLICY_VALIDATION,BALANCED_LOW_N,TOP_K,0.035,144,0.6,1,1,0.0,0.0,1.0,0.0,0.0,0.03323424972002055,0.0,1.0,1.0,1,1,0,1
POLICY_VALIDATION,BALANCED_LOW_N,TOP_K,0.035,144,0.6,1,5,0.0,0.0,1.0,0.0,0.0,0.0014420106459954105,1.0,1.0,1.0,1,1,0,1
POLICY_VALIDATION,BALANCED_LOW_N,TOP_K,0.035,144,0.6,12,3,0.0,0.0,0.4166666666666667,0.7916666666666666,0.5833333333333333,0.022037500056607793,0.9583333333333334,1.0,0.4166666666666667,5,12,12,24
POLICY_VALIDATION,BALANCED_LOW_N,TOP_K,0.035,144,0.6,40,1,0.0,0.0,1.0,0.5,0.0,0.003308670536562949,0.95,1.0,1.0,20,20,20,40
POLICY_VALIDATION,BALANCED_LOW_N,TOP_K,0.035,144,0.6,40,3,0.0,0.0,1.0,0.5,0.0,0.0025265000406398475,0.975,1.0,1.0,20,20,20,40
POLICY_VALIDATION,BALANCED_LOW_N,TOP_K,0.075,18,0.2,1,1,0.0,0.0,0.6666666666666666,0.33333333333333337,0.33333333333333337,0.011386308125146363,1.0,1.0,0.6666666666666666,2,3,0,3
POLICY_VALIDATION,BALANCED_LOW_N,TOP_K,0.075,18,0.2,12,5,0.0,0.0,0.0,1.0,1.0,0.0,0.75,0.0,0.0,0,6,6,12
POLICY_VALIDATION,BALANCED_LOW_N,TOP_K,0.075,18,0.2,40,3,0.025,0.07338362326242218,0.1,0.9375,0.9,0.04838611976269215,0.8875,0.8,0.1,5,40,40,80
POLICY_VALIDATION,BALANCED_LOW_N,TOP_K,0.075,18,0.9,1,3,0.0,0.0,0.0,1.0,1.0,0.0,1.0,0.0,0.0,0,1,0,1
POLICY_VALIDATION,BALANCED_LOW_N,TOP_K,0.075,18,0.9,1,5,0.0,0.0,0.0,1.0,1.0,0.0,1.0,0.0,0.0,0,1,0,1
POLICY_VALIDATION,BALANCED_LOW_N,TOP_K,0.075,18,0.9,12,1,0.0,0.0,0.0,1.0,1.0,0.0,1.0,0.0,0.0,0,6,6,12
POLICY_VALIDATION,BALANCED_LOW_N,TOP_K,0.075,18,0.9,12,3,0.0,0.0,0.0,1.0,1.0,0.0,0.8333333333333334,0.0,0.0,0,12,12,24
POLICY_VALIDATION,BALANCED_LOW_N,TOP_K,0.075,18,0.9,40,5,0.0,0.0,0.0,1.0,1.0,0.0,0.625,0.0,0.0,0,40,40,80
POLICY_VALIDATION,BALANCED_LOW_N,TOP_K,0.075,54,0.2,1,5,0.0,0.0,0.5,0.5,0.5,0.015815173395931803,1.0,1.0,0.5,1,2,0,2
POLICY_VALIDATION,BALANCED_LOW_N,TOP_K,0.075,54,0.2,12,3,0.0,0.0,0.5833333333333334,0.7083333333333333,0.41666666666666663,0.014617644805640772,0.875,1.0,0.5833333333333334,14,24,24,48
POLICY_VALIDATION,BALANCED_LOW_N,TOP_K,0.075,54,0.2,40,1,0.0,0.0,1.0,0.5,0.0,0.015472316856860523,0.85,1.0,1.0,20,20,20,40
POLICY_VALIDATION,BALANCED_LOW_N,TOP_K,0.075,54,0.9,1,1,0.0,0.0,0.0,1.0,1.0,0.0,0.5,0.0,0.0,0,2,0,2
POLICY_VALIDATION,BALANCED_LOW_N,TOP_K,0.075,54,0.9,1,3,0.0,0.0,1.0,0.0,0.0,0.022098590748925104,1.0,1.0,1.0,1,1,0,1
POLICY_VALIDATION,BALANCED_LOW_N,TOP_K,0.075,54,0.9,12,1,0.0,0.0,0.0,1.0,1.0,0.0,1.0,0.0,0.0,0,6,6,12
POLICY_VALIDATION,BALANCED_LOW_N,TOP_K,0.075,54,0.9,40,3,0.0,0.0,1.0,0.5,0.0,0.00237304372198618,1.0,1.0,1.0,20,20,20,40
POLICY_VALIDATION,BALANCED_LOW_N,TOP_K,0.075,54,0.9,40,5,0.0,0.0,0.5,0.75,0.5,0.006106327830819265,1.0,1.0,0.5,20,40,40,80
POLICY_VALIDATION,BALANCED_LOW_N,TOP_K,0.075,144,0.2,1,3,0.0,0.0,0.0,1.0,1.0,0.0,1.0,0.0,0.0,0,2,0,2
POLICY_VALIDATION,BALANCED_LOW_N,TOP_K,0.075,144,0.2,12,1,0.0,0.0,0.5,0.75,0.5,0.0045545358615642585,0.9583333333333334,1.0,0.5,6,12,12,24
POLICY_VALIDATION,BALANCED_LOW_N,TOP_K,0.075,144,0.2,40,5,0.0,0.0,0.3333333333333333,0.8333333333333334,0.6666666666666667,0.004687114242882801,0.9,1.0,0.3333333333333333,20,60,60,120
POLICY_VALIDATION,BALANCED_LOW_N,TOP_K,0.075,144,0.9,1,1,0.0,0.0,0.5,0.5,0.5,0.019610615727292995,1.0,1.0,0.5,1,2,0,2
POLICY_VALIDATION,BALANCED_LOW_N,TOP_K,0.075,144,0.9,1,5,0.0,0.0,0.0,1.0,1.0,0.0,1.0,0.0,0.0,0,1,0,1
POLICY_VALIDATION,BALANCED_LOW_N,TOP_K,0.075,144,0.9,12,3,0.0,0.0,0.4166666666666667,0.7916666666666666,0.5833333333333333,0.023104228966005454,0.7916666666666666,1.0,0.4166666666666667,5,12,12,24
POLICY_VALIDATION,BALANCED_LOW_N,TOP_K,0.075,144,0.9,40,3,0.0,0.0,1.0,0.5,0.0,0.0013334601825753585,1.0,1.0,1.0,20,20,20,40
POLICY_VALIDATION,BALANCED_LOW_N,TRANSPORT,0.0,18,0.6,1,3,0.0,0.0,0.0,1.0,1.0,0.0,0.0,0.0,0.0,0,0,1,1
POLICY_VALIDATION,BALANCED_LOW_N,TRANSPORT,0.0,18,0.6,12,1,0.0,0.0,0.0,1.0,1.0,0.0,0.9166666666666666,0.0,0.0,0,0,24,24
POLICY_VALIDATION,BALANCED_LOW_N,TRANSPORT,0.0,18,0.6,12,3,0.0,0.0,0.0,1.0,1.0,0.0,1.0,0.0,0.0,0,0,12,12
POLICY_VALIDATION,BALANCED_LOW_N,TRANSPORT,0.0,18,0.6,40,5,0.0,0.0,0.0,1.0,1.0,0.0,0.6666666666666666,0.0,0.0,0,0,120,120
POLICY_VALIDATION,BALANCED_LOW_N,TRANSPORT,0.0,18,0.9,1,1,0.0,0.0,0.0,1.0,1.0,0.0,1.0,0.0,0.0,0,0,3,3
POLICY_VALIDATION,BALANCED_LOW_N,TRANSPORT,0.0,18,0.9,12,3,0.0,0.0,0.0,1.0,1.0,0.0,0.9583333333333334,0.0,0.0,0,0,24,24
POLICY_VALIDATION,BALANCED_LOW_N,TRANSPORT,0.0,18,0.9,40,3,0.0,0.0,0.0,1.0,1.0,0.0,0.2,0.0,0.0,0,0,40,40
POLICY_VALIDATION,BALANCED_LOW_N,TRANSPORT,0.0,54,0.6,1,1,0.0,0.0,0.0,1.0,1.0,0.0,1.0,0.0,0.0,0,0,3,3
POLICY_VALIDATION,BALANCED_LOW_N,TRANSPORT,0.0,54,0.6,12,1,0.0,0.0,0.0,1.0,1.0,0.0,0.8333333333333334,0.0,0.0,0,0,12,12
POLICY_VALIDATION,BALANCED_LOW_N,TRANSPORT,0.0,54,0.6,12,5,0.0,0.0,0.0,1.0,1.0,0.0,0.75,0.0,0.0,0,0,12,12
POLICY_VALIDATION,BALANCED_LOW_N,TRANSPORT,0.0,54,0.6,40,3,0.0,0.0,0.0,1.0,1.0,0.0,1.0,0.0,0.0,0,0,80,80
POLICY_VALIDATION,BALANCED_LOW_N,TRANSPORT,0.0,54,0.9,1,5,0.0,0.0,0.0,1.0,1.0,0.0,1.0,0.0,0.0,0,0,1,1
POLICY_VALIDATION,BALANCED_LOW_N,TRANSPORT,0.0,54,0.9,12,1,0.0,0.0,0.0,1.0,1.0,0.0,1.0,0.0,0.0,0,0,12,12
POLICY_VALIDATION,BALANCED_LOW_N,TRANSPORT,0.0,54,0.9,12,3,0.0,0.0,0.0,1.0,1.0,0.0,0.8611111111111112,0.0,0.0,0,0,36,36
POLICY_VALIDATION,BALANCED_LOW_N,TRANSPORT,0.0,54,0.9,40,1,0.0,0.0,0.0,1.0,1.0,0.0,1.0,0.0,0.0,0,0,40,40
POLICY_VALIDATION,BALANCED_LOW_N,TRANSPORT,0.0,54,0.9,40,5,0.0,0.0,0.0,1.0,1.0,0.0,1.0,0.0,0.0,0,0,40,40
POLICY_VALIDATION,BALANCED_LOW_N,TRANSPORT,0.0,144,0.6,1,1,0.0,0.0,0.0,1.0,1.0,0.0,1.0,0.0,0.0,0,0,1,1
POLICY_VALIDATION,BALANCED_LOW_N,TRANSPORT,0.0,144,0.6,1,5,0.0,0.0,0.0,1.0,1.0,0.0,1.0,0.0,0.0,0,0,1,1
POLICY_VALIDATION,BALANCED_LOW_N,TRANSPORT,0.0,144,0.6,12,3,0.0,0.0,0.0,1.0,1.0,0.0,0.9444444444444444,0.0,0.0,0,0,36,36
POLICY_VALIDATION,BALANCED_LOW_N,TRANSPORT,0.0,144,0.6,40,1,0.0,0.0,0.0,1.0,1.0,0.0,0.9,0.0,0.0,0,0,40,40
POLICY_VALIDATION,BALANCED_LOW_N,TRANSPORT,0.0,144,0.9,1,1,0.0,0.0,0.0,1.0,1.0,0.0,1.0,0.0,0.0,0,0,1,1
POLICY_VALIDATION,BALANCED_LOW_N,TRANSPORT,0.0,144,0.9,1,3,0.0,0.0,0.0,1.0,1.0,0.0,1.0,0.0,0.0,0,0,1,1
POLICY_VALIDATION,BALANCED_LOW_N,TRANSPORT,0.0,144,0.9,12,1,0.0,0.0,0.0,1.0,1.0,0.0,0.4583333333333333,0.0,0.0,0,0,24,24
POLICY_VALIDATION,BALANCED_LOW_N,TRANSPORT,0.0,144,0.9,40,3,0.0,0.0,0.0,1.0,1.0,0.0,1.0,0.0,0.0,0,0,40,40
POLICY_VALIDATION,BALANCED_LOW_N,TRANSPORT,0.0,144,0.9,40,5,0.0,0.0,0.0,1.0,1.0,0.0,0.95,0.0,0.0,0,0,80,80
POLICY_VALIDATION,BALANCED_LOW_N,TRANSPORT,0.035,18,0.2,1,1,0.0,0.0,0.0,1.0,1.0,0.0,1.0,0.0,0.0,0,2,1,3
POLICY_VALIDATION,BALANCED_LOW_N,TRANSPORT,0.035,18,0.2,12,5,0.0,0.0,0.16666666666666666,0.9166666666666666,0.8333333333333334,0.02780215673994446,0.8333333333333334,1.0,0.16666666666666666,1,6,6,12
POLICY_VALIDATION,BALANCED_LOW_N,TRANSPORT,0.035,18,0.2,40,3,0.0,0.0,0.0,1.0,1.0,0.0,0.95,0.0,0.0,0,40,40,80
POLICY_VALIDATION,BALANCED_LOW_N,TRANSPORT,0.035,18,0.6,1,3,0.0,0.0,0.0,1.0,1.0,0.0,1.0,0.0,0.0,0,1,0,1
POLICY_VALIDATION,BALANCED_LOW_N,TRANSPORT,0.035,18,0.6,12,1,0.0,0.0,0.0,1.0,1.0,0.0,0.9166666666666666,0.0,0.0,0,12,12,24
POLICY_VALIDATION,BALANCED_LOW_N,TRANSPORT,0.035,18,0.6,12,3,0.0,0.0,0.0,1.0,1.0,0.0,0.8333333333333334,0.0,0.0,0,6,6,12
POLICY_VALIDATION,BALANCED_LOW_N,TRANSPORT,0.035,18,0.6,40,5,0.0,0.0,0.0,1.0,1.0,0.0,0.9666666666666667,0.0,0.0,0,60,60,120
POLICY_VALIDATION,BALANCED_LOW_N,TRANSPORT,0.035,54,0.2,1,5,0.0,0.0,1.0,0.0,0.0,0.0031367456483942444,1.0,1.0,1.0,1,1,0,1
POLICY_VALIDATION,BALANCED_LOW_N,TRANSPORT,0.035,54,0.2,12,1,0.0,0.0,0.0,1.0,1.0,0.0,1.0,0.0,0.0,0,0,12,12
POLICY_VALIDATION,BALANCED_LOW_N,TRANSPORT,0.035,54,0.2,12,3,0.0,0.0,0.1111111111111111,0.9444444444444444,0.8888888888888888,0.03574096555539602,0.9444444444444444,1.0,0.1111111111111111,2,18,18,36
POLICY_VALIDATION,BALANCED_LOW_N,TRANSPORT,0.035,54,0.2,40,1,0.0,0.0,0.0,1.0,1.0,0.0,0.975,0.0,0.0,0,0,40,40
POLICY_VALIDATION,BALANCED_LOW_N,TRANSPORT,0.035,54,0.2,40,5,0.0,0.0,0.0,1.0,1.0,0.0,0.95,0.0,0.0,0,20,20,40
POLICY_VALIDATION,BALANCED_LOW_N,TRANSPORT,0.035,54,0.6,1,1,0.0,0.0,0.0,1.0,1.0,0.0,0.6666666666666666,0.0,0.0,0,3,0,3
POLICY_VALIDATION,BALANCED_LOW_N,TRANSPORT,0.035,54,0.6,12,1,0.0,0.0,0.0,1.0,1.0,0.0,0.9166666666666666,0.0,0.0,0,6,6,12
POLICY_VALIDATION,BALANCED_LOW_N,TRANSPORT,0.035,54,0.6,40,3,0.0,0.0,0.0,1.0,1.0,0.0,0.75,0.0,0.0,0,20,20,40
POLICY_VALIDATION,BALANCED_LOW_N,TRANSPORT,0.035,54,0.6,40,5,0.0,0.0,0.325,0.8375,0.675,0.004228657653340058,0.9625,1.0,0.325,13,40,40,80
POLICY_VALIDATION,BALANCED_LOW_N,TRANSPORT,0.035,144,0.2,1,1,0.0,0.0,0.0,1.0,1.0,0.0,1.0,0.0,0.0,0,1,0,1
POLICY_VALIDATION,BALANCED_LOW_N,TRANSPORT,0.035,144,0.2,1,3,0.0,0.0,1.0,0.0,0.0,0.002112772208987604,1.0,1.0,1.0,1,1,0,1
POLICY_VALIDATION,BALANCED_LOW_N,TRANSPORT,0.035,144,0.2,12,1,0.0,0.0,0.0,1.0,1.0,0.0,1.0,0.0,0.0,0,6,18,24
POLICY_VALIDATION,BALANCED_LOW_N,TRANSPORT,0.035,144,0.2,40,5,0.0,0.0,0.6666666666666666,0.6666666666666667,0.33333333333333337,0.004086283746463753,0.9,1.0,0.6666666666666666,40,60,60,120
POLICY_VALIDATION,BALANCED_LOW_N,TRANSPORT,0.035,144,0.6,1,1,0.0,0.0,0.0,1.0,1.0,0.0,1.0,0.0,0.0,0,1,0,1
POLICY_VALIDATION,BALANCED_LOW_N,TRANSPORT,0.035,144,0.6,1,5,0.0,0.0,1.0,0.0,0.0,0.0008964655650744099,1.0,1.0,1.0,1,1,0,1
POLICY_VALIDATION,BALANCED_LOW_N,TRANSPORT,0.035,144,0.6,12,3,0.0,0.0,0.4166666666666667,0.7916666666666666,0.5833333333333333,0.0011228312736315707,1.0,1.0,0.4166666666666667,5,12,12,24
POLICY_VALIDATION,BALANCED_LOW_N,TRANSPORT,0.035,144,0.6,40,1,0.0,0.0,0.0,1.0,1.0,0.0,0.95,0.0,0.0,0,20,20,40
POLICY_VALIDATION,BALANCED_LOW_N,TRANSPORT,0.035,144,0.6,40,3,0.0,0.0,1.0,0.5,0.0,0.008619924718508492,0.9,1.0,1.0,20,20,20,40
POLICY_VALIDATION,BALANCED_LOW_N,TRANSPORT,0.075,18,0.2,1,1,0.0,0.0,0.0,1.0,1.0,0.0,0.6666666666666666,0.0,0.0,0,3,0,3
POLICY_VALIDATION,BALANCED_LOW_N,TRANSPORT,0.075,18,0.2,12,5,0.0,0.0,1.0,0.5,0.0,0.009021873076284728,1.0,1.0,1.0,6,6,6,12
POLICY_VALIDATION,BALANCED_LOW_N,TRANSPORT,0.075,18,0.2,40,3,0.0,0.0,0.45,0.775,0.55,0.03850934206014394,0.8875,1.0,0.45,18,40,40,80
POLICY_VALIDATION,BALANCED_LOW_N,TRANSPORT,0.075,18,0.9,1,3,0.0,0.0,0.0,1.0,1.0,0.0,1.0,0.0,0.0,0,1,0,1
POLICY_VALIDATION,BALANCED_LOW_N,TRANSPORT,0.075,18,0.9,1,5,0.0,0.0,0.0,1.0,1.0,0.0,1.0,0.0,0.0,0,1,0,1
POLICY_VALIDATION,BALANCED_LOW_N,TRANSPORT,0.075,18,0.9,12,1,0.0,0.0,0.0,1.0,1.0,0.0,1.0,0.0,0.0,0,6,6,12
POLICY_VALIDATION,BALANCED_LOW_N,TRANSPORT,0.075,18,0.9,12,3,0.0,0.0,0.0,1.0,1.0,0.0,0.9583333333333334,0.0,0.0,0,6,18,24
POLICY_VALIDATION,BALANCED_LOW_N,TRANSPORT,0.075,18,0.9,40,5,0.0,0.0,0.0,1.0,1.0,0.0,1.0,0.0,0.0,0,40,40,80
POLICY_VALIDATION,BALANCED_LOW_N,TRANSPORT,0.075,54,0.2,1,5,0.0,0.0,0.5,0.5,0.5,0.03279289919559912,0.5,1.0,0.5,1,2,0,2
POLICY_VALIDATION,BALANCED_LOW_N,TRANSPORT,0.075,54,0.2,12,3,0.0,0.0,0.75,0.625,0.25,0.01302257354798655,0.875,1.0,0.75,18,24,24,48
POLICY_VALIDATION,BALANCED_LOW_N,TRANSPORT,0.075,54,0.2,40,1,0.0,0.0,0.0,1.0,1.0,0.0,0.95,0.0,0.0,0,20,20,40
POLICY_VALIDATION,BALANCED_LOW_N,TRANSPORT,0.075,54,0.9,1,1,0.0,0.0,0.0,1.0,1.0,0.0,1.0,0.0,0.0,0,2,0,2
POLICY_VALIDATION,BALANCED_LOW_N,TRANSPORT,0.075,54,0.9,1,3,0.0,0.0,0.0,1.0,1.0,0.0,1.0,0.0,0.0,0,0,1,1
POLICY_VALIDATION,BALANCED_LOW_N,TRANSPORT,0.075,54,0.9,12,1,0.0,0.0,0.0,1.0,1.0,0.0,1.0,0.0,0.0,0,6,6,12
POLICY_VALIDATION,BALANCED_LOW_N,TRANSPORT,0.075,54,0.9,40,3,0.0,0.0,0.0,1.0,1.0,0.0,1.0,0.0,0.0,0,0,40,40
POLICY_VALIDATION,BALANCED_LOW_N,TRANSPORT,0.075,54,0.9,40,5,0.025,0.07338362326242218,0.5,0.7375,0.5,0.02487328781963298,0.575,0.9523809523809523,0.5,21,40,40,80
POLICY_VALIDATION,BALANCED_LOW_N,TRANSPORT,0.075,144,0.2,1,3,0.0,0.0,0.5,0.5,0.5,0.006565262051700493,1.0,1.0,0.5,1,2,0,2
POLICY_VALIDATION,BALANCED_LOW_N,TRANSPORT,0.075,144,0.2,12,1,0.0,0.0,0.0,1.0,1.0,0.0,0.9583333333333334,0.0,0.0,0,12,12,24
POLICY_VALIDATION,BALANCED_LOW_N,TRANSPORT,0.075,144,0.2,40,5,0.0,0.0,0.3333333333333333,0.8333333333333334,0.6666666666666667,0.003987399969956164,0.9583333333333334,1.0,0.3333333333333333,20,60,60,120
POLICY_VALIDATION,BALANCED_LOW_N,TRANSPORT,0.075,144,0.9,1,1,0.0,0.0,0.0,1.0,1.0,0.0,1.0,0.0,0.0,0,2,0,2
POLICY_VALIDATION,BALANCED_LOW_N,TRANSPORT,0.075,144,0.9,1,5,0.0,0.0,1.0,0.0,0.0,0.009481792086028368,1.0,1.0,1.0,1,1,0,1
POLICY_VALIDATION,BALANCED_LOW_N,TRANSPORT,0.075,144,0.9,12,3,0.0,0.0,1.0,0.75,0.0,0.018809893405469003,1.0,1.0,1.0,6,6,18,24
POLICY_VALIDATION,BALANCED_LOW_N,TRANSPORT,0.075,144,0.9,40,3,0.0,0.0,1.0,0.5,0.0,0.002190034870334392,1.0,1.0,1.0,20,20,20,40
POLICY_VALIDATION,BALANCED_STRICT_FDR,ITEM_DIAGNOSTICS,0.0,18,0.2,1,1,0.0,0.0,0.0,1.0,1.0,0.0,1.0,0.0,0.0,0,0,1,1
POLICY_VALIDATION,BALANCED_STRICT_FDR,ITEM_DIAGNOSTICS,0.0,18,0.2,1,5,0.0,0.0,0.0,1.0,1.0,0.0,1.0,0.0,0.0,0,0,1,1
POLICY_VALIDATION,BALANCED_STRICT_FDR,ITEM_DIAGNOSTICS,0.0,18,0.2,12,3,0.0,0.0,0.0,1.0,1.0,0.0,0.9583333333333334,0.0,0.0,0,0,24,24
POLICY_VALIDATION,BALANCED_STRICT_FDR,ITEM_DIAGNOSTICS,0.0,18,0.2,40,1,0.0,0.0,0.0,1.0,1.0,0.0,0.9166666666666666,0.0,0.0,0,0,120,120
POLICY_VALIDATION,BALANCED_STRICT_FDR,ITEM_DIAGNOSTICS,0.0,18,0.6,1,1,0.0,0.0,0.0,1.0,1.0,0.0,1.0,0.0,0.0,0,0,1,1
POLICY_VALIDATION,BALANCED_STRICT_FDR,ITEM_DIAGNOSTICS,0.0,18,0.6,1,3,0.0,0.0,0.0,1.0,1.0,0.0,0.6666666666666666,0.0,0.0,0,0,3,3
POLICY_VALIDATION,BALANCED_STRICT_FDR,ITEM_DIAGNOSTICS,0.0,18,0.6,12,1,0.0,0.0,0.0,1.0,1.0,0.0,0.9166666666666666,0.0,0.0,0,0,12,12
POLICY_VALIDATION,BALANCED_STRICT_FDR,ITEM_DIAGNOSTICS,0.0,18,0.6,12,5,0.0,0.0,0.0,1.0,1.0,0.0,1.0,0.0,0.0,0,0,12,12
POLICY_VALIDATION,BALANCED_STRICT_FDR,ITEM_DIAGNOSTICS,0.0,18,0.6,40,5,0.0,0.0,0.0,1.0,1.0,0.0,0.975,0.0,0.0,0,0,40,40
POLICY_VALIDATION,BALANCED_STRICT_FDR,ITEM_DIAGNOSTICS,0.0,54,0.2,1,3,0.0,0.0,0.0,1.0,1.0,0.0,1.0,0.0,0.0,0,0,3,3
POLICY_VALIDATION,BALANCED_STRICT_FDR,ITEM_DIAGNOSTICS,0.0,54,0.2,12,1,0.0,0.0,0.0,1.0,1.0,0.0,1.0,0.0,0.0,0,0,12,12
POLICY_VALIDATION,BALANCED_STRICT_FDR,ITEM_DIAGNOSTICS,0.0,54,0.2,40,1,0.0,0.0,0.0,1.0,1.0,0.0,0.925,0.0,0.0,0,0,40,40
POLICY_VALIDATION,BALANCED_STRICT_FDR,ITEM_DIAGNOSTICS,0.0,54,0.2,40,5,0.025,0.07338362326242218,0.0,0.975,1.0,0.06255299526188639,0.925,0.0,0.0,1,0,40,40
POLICY_VALIDATION,BALANCED_STRICT_FDR,ITEM_DIAGNOSTICS,0.0,54,0.6,1,1,0.0,0.0,0.0,1.0,1.0,0.0,0.5,0.0,0.0,0,0,2,2
POLICY_VALIDATION,BALANCED_STRICT_FDR,ITEM_DIAGNOSTICS,0.0,54,0.6,12,3,0.0,0.0,0.0,1.0,1.0,0.0,0.16666666666666666,0.0,0.0,0,0,12,12
POLICY_VALIDATION,BALANCED_STRICT_FDR,ITEM_DIAGNOSTICS,0.0,54,0.6,12,5,0.0,0.0,0.0,1.0,1.0,0.0,0.9583333333333334,0.0,0.0,0,0,24,24
POLICY_VALIDATION,BALANCED_STRICT_FDR,ITEM_DIAGNOSTICS,0.0,54,0.6,40,1,0.0,0.0,0.0,1.0,1.0,0.0,0.975,0.0,0.0,0,0,40,40
POLICY_VALIDATION,BALANCED_STRICT_FDR,ITEM_DIAGNOSTICS,0.0,54,0.6,40,3,0.0,0.0,0.0,1.0,1.0,0.0,0.925,0.0,0.0,0,0,40,40
POLICY_VALIDATION,BALANCED_STRICT_FDR,ITEM_DIAGNOSTICS,0.0,144,0.2,1,1,0.0,0.0,0.0,1.0,1.0,0.0,1.0,0.0,0.0,0,0,2,2
POLICY_VALIDATION,BALANCED_STRICT_FDR,ITEM_DIAGNOSTICS,0.0,144,0.2,1,3,0.0,0.0,0.0,1.0,1.0,0.0,1.0,0.0,0.0,0,0,1,1
POLICY_VALIDATION,BALANCED_STRICT_FDR,ITEM_DIAGNOSTICS,0.0,144,0.2,12,5,0.0,0.0,0.0,1.0,1.0,0.0,0.9444444444444444,0.0,0.0,0,0,36,36
POLICY_VALIDATION,BALANCED_STRICT_FDR,ITEM_DIAGNOSTICS,0.0,144,0.2,40,3,0.0,0.0,0.0,1.0,1.0,0.0,0.925,0.0,0.0,0,0,40,40
POLICY_VALIDATION,BALANCED_STRICT_FDR,ITEM_DIAGNOSTICS,0.0,144,0.6,1,3,0.0,0.0,0.0,1.0,1.0,0.0,1.0,0.0,0.0,0,0,2,2
POLICY_VALIDATION,BALANCED_STRICT_FDR,ITEM_DIAGNOSTICS,0.0,144,0.6,12,3,0.0,0.0,0.0,1.0,1.0,0.0,1.0,0.0,0.0,0,0,12,12
POLICY_VALIDATION,BALANCED_STRICT_FDR,ITEM_DIAGNOSTICS,0.0,144,0.6,40,1,0.0,0.0,0.0,1.0,1.0,0.0,0.8083333333333333,0.0,0.0,0,0,120,120
POLICY_VALIDATION,BALANCED_STRICT_FDR,ITEM_DIAGNOSTICS,0.035,18,0.2,1,1,0.0,0.0,0.0,1.0,1.0,0.0,1.0,0.0,0.0,0,1,0,1
POLICY_VALIDATION,BALANCED_STRICT_FDR,ITEM_DIAGNOSTICS,0.035,18,0.2,12,3,0.0,0.0,0.0,1.0,1.0,0.0,1.0,0.0,0.0,0,6,6,12
POLICY_VALIDATION,BALANCED_STRICT_FDR,ITEM_DIAGNOSTICS,0.035,18,0.2,12,5,0.0,0.0,0.0,1.0,1.0,0.0,0.875,0.0,0.0,0,12,12,24
POLICY_VALIDATION,BALANCED_STRICT_FDR,ITEM_DIAGNOSTICS,0.035,18,0.2,40,1,0.0,0.0,0.0,1.0,1.0,0.0,0.925,0.0,0.0,0,60,60,120
POLICY_VALIDATION,BALANCED_STRICT_FDR,ITEM_DIAGNOSTICS,0.035,18,0.9,1,1,0.0,0.0,0.0,1.0,1.0,0.0,1.0,0.0,0.0,0,1,0,1
POLICY_VALIDATION,BALANCED_STRICT_FDR,ITEM_DIAGNOSTICS,0.035,18,0.9,1,3,0.0,0.0,0.0,1.0,1.0,0.0,0.6666666666666666,0.0,0.0,0,3,0,3
POLICY_VALIDATION,BALANCED_STRICT_FDR,ITEM_DIAGNOSTICS,0.035,18,0.9,12,1,0.0,0.0,0.0,1.0,1.0,0.0,1.0,0.0,0.0,0,6,6,12
POLICY_VALIDATION,BALANCED_STRICT_FDR,ITEM_DIAGNOSTICS,0.035,18,0.9,12,5,0.0,0.0,0.0,1.0,1.0,0.0,1.0,0.0,0.0,0,6,6,12
POLICY_VALIDATION,BALANCED_STRICT_FDR,ITEM_DIAGNOSTICS,0.035,18,0.9,40,5,0.0,0.0,0.0,1.0,1.0,0.0,1.0,0.0,0.0,0,20,20,40
POLICY_VALIDATION,BALANCED_STRICT_FDR,ITEM_DIAGNOSTICS,0.035,54,0.2,1,3,0.0,0.0,0.0,1.0,1.0,0.0,1.0,0.0,0.0,0,2,0,2
POLICY_VALIDATION,BALANCED_STRICT_FDR,ITEM_DIAGNOSTICS,0.035,54,0.2,12,1,0.0,0.0,1.0,0.5,0.0,0.007931925396989909,1.0,1.0,1.0,6,6,6,12
POLICY_VALIDATION,BALANCED_STRICT_FDR,ITEM_DIAGNOSTICS,0.035,54,0.2,12,3,0.0,0.0,0.6666666666666666,0.6666666666666667,0.33333333333333337,0.005767712539984572,1.0,1.0,0.6666666666666666,4,6,6,12
POLICY_VALIDATION,BALANCED_STRICT_FDR,ITEM_DIAGNOSTICS,0.035,54,0.2,40,1,0.0,0.0,0.0,1.0,1.0,0.0,0.9,0.0,0.0,0,20,20,40
POLICY_VALIDATION,BALANCED_STRICT_FDR,ITEM_DIAGNOSTICS,0.035,54,0.2,40,5,0.0,0.0,0.2,0.9,0.8,0.03359264973485107,0.95,1.0,0.2,4,20,20,40
POLICY_VALIDATION,BALANCED_STRICT_FDR,ITEM_DIAGNOSTICS,0.035,54,0.9,1,1,0.0,0.0,0.0,1.0,1.0,0.0,0.5,0.0,0.0,0,2,0,2
POLICY_VALIDATION,BALANCED_STRICT_FDR,ITEM_DIAGNOSTICS,0.035,54,0.9,12,5,0.0,0.0,0.3333333333333333,0.8333333333333334,0.6666666666666667,0.02671338021001986,0.6944444444444444,1.0,0.3333333333333333,6,18,18,36
POLICY_VALIDATION,BALANCED_STRICT_FDR,ITEM_DIAGNOSTICS,0.035,54,0.9,40,1,0.0,0.0,0.0,1.0,1.0,0.0,1.0,0.0,0.0,0,20,20,40
POLICY_VALIDATION,BALANCED_STRICT_FDR,ITEM_DIAGNOSTICS,0.035,54,0.9,40,3,0.0,0.0,0.0,1.0,1.0,0.0,0.95,0.0,0.0,0,20,20,40
POLICY_VALIDATION,BALANCED_STRICT_FDR,ITEM_DIAGNOSTICS,0.035,144,0.2,1,1,0.0,0.0,1.0,0.0,0.0,0.022552029376885597,0.5,1.0,1.0,2,2,0,2
POLICY_VALIDATION,BALANCED_STRICT_FDR,ITEM_DIAGNOSTICS,0.035,144,0.2,1,3,0.0,0.0,0.0,1.0,1.0,0.0,1.0,0.0,0.0,0,1,0,1
POLICY_VALIDATION,BALANCED_STRICT_FDR,ITEM_DIAGNOSTICS,0.035,144,0.2,12,5,0.0,0.0,0.0,1.0,1.0,0.0,0.6944444444444444,0.0,0.0,0,18,18,36
POLICY_VALIDATION,BALANCED_STRICT_FDR,ITEM_DIAGNOSTICS,0.035,144,0.2,40,3,0.0,0.0,0.0,1.0,1.0,0.0,0.925,0.0,0.0,0,20,20,40
POLICY_VALIDATION,BALANCED_STRICT_FDR,ITEM_DIAGNOSTICS,0.035,144,0.9,1,5,0.0,0.0,0.0,1.0,1.0,0.0,0.0,0.0,0.0,0,1,0,1
POLICY_VALIDATION,BALANCED_STRICT_FDR,ITEM_DIAGNOSTICS,0.035,144,0.9,12,3,0.0,0.0,0.0,1.0,1.0,0.0,1.0,0.0,0.0,0,12,12,24
POLICY_VALIDATION,BALANCED_STRICT_FDR,ITEM_DIAGNOSTICS,0.035,144,0.9,40,1,0.0,0.0,0.3333333333333333,0.8333333333333334,0.6666666666666667,0.029213698174629026,0.8,1.0,0.3333333333333333,20,60,60,120
POLICY_VALIDATION,BALANCED_STRICT_FDR,ITEM_DIAGNOSTICS,0.075,18,0.6,1,1,0.0,0.0,0.0,1.0,1.0,0.0,1.0,0.0,0.0,0,1,0,1
POLICY_VALIDATION,BALANCED_STRICT_FDR,ITEM_DIAGNOSTICS,0.075,18,0.6,12,3,0.0,0.0,0.0,1.0,1.0,0.0,1.0,0.0,0.0,0,6,6,12
POLICY_VALIDATION,BALANCED_STRICT_FDR,ITEM_DIAGNOSTICS,0.075,18,0.6,12,5,0.0,0.0,0.0,1.0,1.0,0.0,0.9583333333333334,0.0,0.0,0,12,12,24
POLICY_VALIDATION,BALANCED_STRICT_FDR,ITEM_DIAGNOSTICS,0.075,18,0.6,40,1,0.0,0.0,0.0,1.0,1.0,0.0,0.95,0.0,0.0,0,40,40,80
POLICY_VALIDATION,BALANCED_STRICT_FDR,ITEM_DIAGNOSTICS,0.075,18,0.6,40,3,0.0,0.0,0.0,1.0,1.0,0.0,0.975,0.0,0.0,0,20,20,40
POLICY_VALIDATION,BALANCED_STRICT_FDR,ITEM_DIAGNOSTICS,0.075,18,0.9,1,3,0.0,0.0,0.0,1.0,1.0,0.0,1.0,0.0,0.0,0,4,0,4
POLICY_VALIDATION,BALANCED_STRICT_FDR,ITEM_DIAGNOSTICS,0.075,18,0.9,12,1,0.0,0.0,0.0,1.0,1.0,0.0,1.0,0.0,0.0,0,6,6,12
POLICY_VALIDATION,BALANCED_STRICT_FDR,ITEM_DIAGNOSTICS,0.075,18,0.9,40,5,0.0,0.0,0.0,1.0,1.0,0.0,0.975,0.0,0.0,0,40,40,80
POLICY_VALIDATION,BALANCED_STRICT_FDR,ITEM_DIAGNOSTICS,0.075,54,0.6,1,3,0.0,0.0,0.5,0.5,0.5,0.019999218933870105,1.0,1.0,0.5,1,2,0,2
POLICY_VALIDATION,BALANCED_STRICT_FDR,ITEM_DIAGNOSTICS,0.075,54,0.6,12,3,0.0,0.0,1.0,0.5,0.0,0.003980362953870743,0.9166666666666666,1.0,1.0,6,6,6,12
POLICY_VALIDATION,BALANCED_STRICT_FDR,ITEM_DIAGNOSTICS,0.075,54,0.6,40,1,0.0,0.0,0.0,1.0,1.0,0.0,0.95,0.0,0.0,0,40,40,80
POLICY_VALIDATION,BALANCED_STRICT_FDR,ITEM_DIAGNOSTICS,0.075,54,0.6,40,5,0.0,0.0,0.0,1.0,1.0,0.0,0.975,0.0,0.0,0,20,20,40
POLICY_VALIDATION,BALANCED_STRICT_FDR,ITEM_DIAGNOSTICS,0.075,54,0.9,1,1,0.0,0.0,0.5,0.5,0.5,0.006640436787043583,1.0,1.0,0.5,1,2,0,2
POLICY_VALIDATION,BALANCED_STRICT_FDR,ITEM_DIAGNOSTICS,0.075,54,0.9,12,5,0.0,0.0,0.3333333333333333,0.8333333333333334,0.6666666666666667,0.012640497035934792,0.7222222222222222,1.0,0.3333333333333333,6,18,18,36
POLICY_VALIDATION,BALANCED_STRICT_FDR,ITEM_DIAGNOSTICS,0.075,54,0.9,40,3,0.0,0.0,0.0,1.0,1.0,0.0,1.0,0.0,0.0,0,40,40,80
POLICY_VALIDATION,BALANCED_STRICT_FDR,ITEM_DIAGNOSTICS,0.075,144,0.6,1,1,0.0,0.0,0.0,1.0,1.0,0.0,1.0,0.0,0.0,0,1,0,1
POLICY_VALIDATION,BALANCED_STRICT_FDR,ITEM_DIAGNOSTICS,0.075,144,0.6,1,3,0.0,0.0,0.0,1.0,1.0,0.0,1.0,0.0,0.0,0,2,0,2
POLICY_VALIDATION,BALANCED_STRICT_FDR,ITEM_DIAGNOSTICS,0.075,144,0.6,12,5,0.0,0.0,0.4166666666666667,0.7916666666666666,0.5833333333333333,0.01645426082702848,0.4166666666666667,1.0,0.4166666666666667,5,12,12,24
POLICY_VALIDATION,BALANCED_STRICT_FDR,ITEM_DIAGNOSTICS,0.075,144,0.6,40,3,0.0,0.0,0.0,1.0,1.0,0.0,0.95,0.0,0.0,0,20,20,40
POLICY_VALIDATION,BALANCED_STRICT_FDR,ITEM_DIAGNOSTICS,0.075,144,0.6,40,5,0.0,0.0,0.0,1.0,1.0,0.0,0.725,0.0,0.0,0,20,20,40
POLICY_VALIDATION,BALANCED_STRICT_FDR,ITEM_DIAGNOSTICS,0.075,144,0.9,1,5,0.0,0.0,0.0,1.0,1.0,0.0,1.0,0.0,0.0,0,1,0,1
POLICY_VALIDATION,BALANCED_STRICT_FDR,ITEM_DIAGNOSTICS,0.075,144,0.9,12,3,0.0,0.0,0.5,0.75,0.5,0.012419726827043722,1.0,1.0,0.5,6,12,12,24
POLICY_VALIDATION,BALANCED_STRICT_FDR,ITEM_DIAGNOSTICS,0.075,144,0.9,40,1,0.0,0.0,0.6666666666666666,0.6666666666666667,0.33333333333333337,0.005032281531514598,0.9,1.0,0.6666666666666666,40,60,60,120
POLICY_VALIDATION,BALANCED_STRICT_FDR,PRIMARY_PAIRWISE,0.0,18,0.2,1,1,0.0,0.0,0.0,1.0,1.0,0.0,1.0,0.0,0.0,0,0,1,1
POLICY_VALIDATION,BALANCED_STRICT_FDR,PRIMARY_PAIRWISE,0.0,18,0.2,1,5,0.0,0.0,0.0,1.0,1.0,0.0,1.0,0.0,0.0,0,0,1,1
POLICY_VALIDATION,BALANCED_STRICT_FDR,PRIMARY_PAIRWISE,0.0,18,0.2,12,3,0.0,0.0,0.0,1.0,1.0,0.0,0.9166666666666666,0.0,0.0,0,0,24,24
POLICY_VALIDATION,BALANCED_STRICT_FDR,PRIMARY_PAIRWISE,0.0,18,0.2,40,1,0.0,0.0,0.0,1.0,1.0,0.0,0.9333333333333333,0.0,0.0,0,0,120,120
POLICY_VALIDATION,BALANCED_STRICT_FDR,PRIMARY_PAIRWISE,0.0,18,0.6,1,1,0.0,0.0,0.0,1.0,1.0,0.0,0.0,0.0,0.0,0,0,1,1
POLICY_VALIDATION,BALANCED_STRICT_FDR,PRIMARY_PAIRWISE,0.0,18,0.6,1,3,0.0,0.0,0.0,1.0,1.0,0.0,0.3333333333333333,0.0,0.0,0,0,3,3
POLICY_VALIDATION,BALANCED_STRICT_FDR,PRIMARY_PAIRWISE,0.0,18,0.6,12,1,0.0,0.0,0.0,1.0,1.0,0.0,1.0,0.0,0.0,0,0,12,12
POLICY_VALIDATION,BALANCED_STRICT_FDR,PRIMARY_PAIRWISE,0.0,18,0.6,12,5,0.0,0.0,0.0,1.0,1.0,0.0,1.0,0.0,0.0,0,0,12,12
POLICY_VALIDATION,BALANCED_STRICT_FDR,PRIMARY_PAIRWISE,0.0,18,0.6,40,5,0.0,0.0,0.0,1.0,1.0,0.0,0.925,0.0,0.0,0,0,40,40
POLICY_VALIDATION,BALANCED_STRICT_FDR,PRIMARY_PAIRWISE,0.0,54,0.2,1,3,0.0,0.0,0.0,1.0,1.0,0.0,0.3333333333333333,0.0,0.0,0,0,3,3
POLICY_VALIDATION,BALANCED_STRICT_FDR,PRIMARY_PAIRWISE,0.0,54,0.2,12,1,0.0,0.0,0.0,1.0,1.0,0.0,1.0,0.0,0.0,0,0,12,12
POLICY_VALIDATION,BALANCED_STRICT_FDR,PRIMARY_PAIRWISE,0.0,54,0.2,40,1,0.0,0.0,0.0,1.0,1.0,0.0,0.825,0.0,0.0,0,0,40,40
POLICY_VALIDATION,BALANCED_STRICT_FDR,PRIMARY_PAIRWISE,0.0,54,0.2,40,5,0.0,0.0,0.0,1.0,1.0,0.0,0.875,0.0,0.0,0,0,40,40
POLICY_VALIDATION,BALANCED_STRICT_FDR,PRIMARY_PAIRWISE,0.0,54,0.6,1,1,0.0,0.0,0.0,1.0,1.0,0.0,1.0,0.0,0.0,0,0,2,2
POLICY_VALIDATION,BALANCED_STRICT_FDR,PRIMARY_PAIRWISE,0.0,54,0.6,12,3,0.0,0.0,0.0,1.0,1.0,0.0,0.5,0.0,0.0,0,0,12,12
POLICY_VALIDATION,BALANCED_STRICT_FDR,PRIMARY_PAIRWISE,0.0,54,0.6,12,5,0.0,0.0,0.0,1.0,1.0,0.0,0.9166666666666666,0.0,0.0,0,0,24,24
POLICY_VALIDATION,BALANCED_STRICT_FDR,PRIMARY_PAIRWISE,0.0,54,0.6,40,1,0.0,0.0,0.0,1.0,1.0,0.0,0.975,0.0,0.0,0,0,40,40
POLICY_VALIDATION,BALANCED_STRICT_FDR,PRIMARY_PAIRWISE,0.0,54,0.6,40,3,0.0,0.0,0.0,1.0,1.0,0.0,1.0,0.0,0.0,0,0,40,40
POLICY_VALIDATION,BALANCED_STRICT_FDR,PRIMARY_PAIRWISE,0.0,144,0.2,1,1,0.0,0.0,0.0,1.0,1.0,0.0,1.0,0.0,0.0,0,0,2,2
POLICY_VALIDATION,BALANCED_STRICT_FDR,PRIMARY_PAIRWISE,0.0,144,0.2,1,3,0.0,0.0,0.0,1.0,1.0,0.0,1.0,0.0,0.0,0,0,1,1
POLICY_VALIDATION,BALANCED_STRICT_FDR,PRIMARY_PAIRWISE,0.0,144,0.2,12,5,0.0,0.0,0.0,1.0,1.0,0.0,0.8611111111111112,0.0,0.0,0,0,36,36
POLICY_VALIDATION,BALANCED_STRICT_FDR,PRIMARY_PAIRWISE,0.0,144,0.2,40,3,0.0,0.0,0.0,1.0,1.0,0.0,0.9,0.0,0.0,0,0,40,40
POLICY_VALIDATION,BALANCED_STRICT_FDR,PRIMARY_PAIRWISE,0.0,144,0.6,1,3,0.0,0.0,0.0,1.0,1.0,0.0,0.5,0.0,0.0,0,0,2,2
POLICY_VALIDATION,BALANCED_STRICT_FDR,PRIMARY_PAIRWISE,0.0,144,0.6,12,3,0.0,0.0,0.0,1.0,1.0,0.0,0.6666666666666666,0.0,0.0,0,0,12,12
POLICY_VALIDATION,BALANCED_STRICT_FDR,PRIMARY_PAIRWISE,0.0,144,0.6,40,1,0.0,0.0,0.0,1.0,1.0,0.0,0.9166666666666666,0.0,0.0,0,0,120,120
POLICY_VALIDATION,BALANCED_STRICT_FDR,PRIMARY_PAIRWISE,0.035,18,0.2,1,1,0.0,0.0,0.0,1.0,1.0,0.0,1.0,0.0,0.0,0,1,0,1
POLICY_VALIDATION,BALANCED_STRICT_FDR,PRIMARY_PAIRWISE,0.035,18,0.2,12,3,0.0,0.0,0.0,1.0,1.0,0.0,1.0,0.0,0.0,0,6,6,12
POLICY_VALIDATION,BALANCED_STRICT_FDR,PRIMARY_PAIRWISE,0.035,18,0.2,12,5,0.0,0.0,0.0,1.0,1.0,0.0,0.9166666666666666,0.0,0.0,0,12,12,24
POLICY_VALIDATION,BALANCED_STRICT_FDR,PRIMARY_PAIRWISE,0.035,18,0.2,40,1,0.0,0.0,0.0,1.0,1.0,0.0,0.875,0.0,0.0,0,60,60,120
POLICY_VALIDATION,BALANCED_STRICT_FDR,PRIMARY_PAIRWISE,0.035,18,0.9,1,1,0.0,0.0,0.0,1.0,1.0,0.0,1.0,0.0,0.0,0,1,0,1
POLICY_VALIDATION,BALANCED_STRICT_FDR,PRIMARY_PAIRWISE,0.035,18,0.9,1,3,0.0,0.0,0.0,1.0,1.0,0.0,1.0,0.0,0.0,0,3,0,3
POLICY_VALIDATION,BALANCED_STRICT_FDR,PRIMARY_PAIRWISE,0.035,18,0.9,12,1,0.0,0.0,0.0,1.0,1.0,0.0,1.0,0.0,0.0,0,6,6,12
POLICY_VALIDATION,BALANCED_STRICT_FDR,PRIMARY_PAIRWISE,0.035,18,0.9,12,5,0.0,0.0,0.0,1.0,1.0,0.0,0.9166666666666666,0.0,0.0,0,6,6,12
POLICY_VALIDATION,BALANCED_STRICT_FDR,PRIMARY_PAIRWISE,0.035,18,0.9,40,5,0.0,0.0,0.0,1.0,1.0,0.0,1.0,0.0,0.0,0,20,20,40
POLICY_VALIDATION,BALANCED_STRICT_FDR,PRIMARY_PAIRWISE,0.035,54,0.2,1,3,0.0,0.0,0.0,1.0,1.0,0.0,1.0,0.0,0.0,0,2,0,2
POLICY_VALIDATION,BALANCED_STRICT_FDR,PRIMARY_PAIRWISE,0.035,54,0.2,12,1,0.0,0.0,0.0,1.0,1.0,0.0,0.9166666666666666,0.0,0.0,0,6,6,12
POLICY_VALIDATION,BALANCED_STRICT_FDR,PRIMARY_PAIRWISE,0.035,54,0.2,12,3,0.0,0.0,0.16666666666666666,0.9166666666666666,0.8333333333333334,0.0025026262566268526,0.9166666666666666,1.0,0.16666666666666666,1,6,6,12
POLICY_VALIDATION,BALANCED_STRICT_FDR,PRIMARY_PAIRWISE,0.035,54,0.2,40,1,0.0,0.0,0.0,1.0,1.0,0.0,0.9,0.0,0.0,0,20,20,40
POLICY_VALIDATION,BALANCED_STRICT_FDR,PRIMARY_PAIRWISE,0.035,54,0.2,40,5,0.0,0.0,0.4,0.8,0.6,0.024065073575214296,0.9,1.0,0.4,8,20,20,40
POLICY_VALIDATION,BALANCED_STRICT_FDR,PRIMARY_PAIRWISE,0.035,54,0.9,1,1,0.0,0.0,0.0,1.0,1.0,0.0,1.0,0.0,0.0,0,2,0,2
POLICY_VALIDATION,BALANCED_STRICT_FDR,PRIMARY_PAIRWISE,0.035,54,0.9,12,5,0.0,0.0,0.3333333333333333,0.8333333333333334,0.6666666666666667,0.0067558836394841434,0.6666666666666666,1.0,0.3333333333333333,6,18,18,36
POLICY_VALIDATION,BALANCED_STRICT_FDR,PRIMARY_PAIRWISE,0.035,54,0.9,40,1,0.0,0.0,0.0,1.0,1.0,0.0,0.975,0.0,0.0,0,20,20,40
POLICY_VALIDATION,BALANCED_STRICT_FDR,PRIMARY_PAIRWISE,0.035,54,0.9,40,3,0.0,0.0,0.0,1.0,1.0,0.0,1.0,0.0,0.0,0,20,20,40
POLICY_VALIDATION,BALANCED_STRICT_FDR,PRIMARY_PAIRWISE,0.035,144,0.2,1,1,0.0,0.0,1.0,0.0,0.0,0.0025298708918861657,1.0,1.0,1.0,2,2,0,2
POLICY_VALIDATION,BALANCED_STRICT_FDR,PRIMARY_PAIRWISE,0.035,144,0.2,1,3,0.0,0.0,0.0,1.0,1.0,0.0,1.0,0.0,0.0,0,1,0,1
POLICY_VALIDATION,BALANCED_STRICT_FDR,PRIMARY_PAIRWISE,0.035,144,0.2,12,5,0.0,0.0,0.16666666666666666,0.9166666666666666,0.8333333333333334,0.026872693918218254,0.9444444444444444,1.0,0.16666666666666666,3,18,18,36
POLICY_VALIDATION,BALANCED_STRICT_FDR,PRIMARY_PAIRWISE,0.035,144,0.2,40,3,0.0,0.0,0.0,1.0,1.0,0.0,0.975,0.0,0.0,0,20,20,40
POLICY_VALIDATION,BALANCED_STRICT_FDR,PRIMARY_PAIRWISE,0.035,144,0.9,1,5,0.0,0.0,0.0,1.0,1.0,0.0,1.0,0.0,0.0,0,1,0,1
POLICY_VALIDATION,BALANCED_STRICT_FDR,PRIMARY_PAIRWISE,0.035,144,0.9,12,3,0.0,0.0,0.5,0.75,0.5,0.0026563496164179385,1.0,1.0,0.5,6,12,12,24
POLICY_VALIDATION,BALANCED_STRICT_FDR,PRIMARY_PAIRWISE,0.035,144,0.9,40,1,0.0,0.0,0.23333333333333334,0.8833333333333333,0.7666666666666666,0.019851133043862514,0.9833333333333333,1.0,0.23333333333333334,14,60,60,120
POLICY_VALIDATION,BALANCED_STRICT_FDR,PRIMARY_PAIRWISE,0.075,18,0.6,1,1,0.0,0.0,0.0,1.0,1.0,0.0,1.0,0.0,0.0,0,1,0,1
POLICY_VALIDATION,BALANCED_STRICT_FDR,PRIMARY_PAIRWISE,0.075,18,0.6,12,3,0.0,0.0,0.0,1.0,1.0,0.0,0.8333333333333334,0.0,0.0,0,6,6,12
POLICY_VALIDATION,BALANCED_STRICT_FDR,PRIMARY_PAIRWISE,0.075,18,0.6,12,5,0.0,0.0,0.0,1.0,1.0,0.0,0.9583333333333334,0.0,0.0,0,12,12,24
POLICY_VALIDATION,BALANCED_STRICT_FDR,PRIMARY_PAIRWISE,0.075,18,0.6,40,1,0.0,0.0,0.0,1.0,1.0,0.0,0.5875,0.0,0.0,0,40,40,80
POLICY_VALIDATION,BALANCED_STRICT_FDR,PRIMARY_PAIRWISE,0.075,18,0.6,40,3,0.0,0.0,0.0,1.0,1.0,0.0,0.925,0.0,0.0,0,20,20,40
POLICY_VALIDATION,BALANCED_STRICT_FDR,PRIMARY_PAIRWISE,0.075,18,0.9,1,3,0.0,0.0,0.0,1.0,1.0,0.0,1.0,0.0,0.0,0,4,0,4
POLICY_VALIDATION,BALANCED_STRICT_FDR,PRIMARY_PAIRWISE,0.075,18,0.9,12,1,0.0,0.0,0.0,1.0,1.0,0.0,0.8333333333333334,0.0,0.0,0,6,6,12
POLICY_VALIDATION,BALANCED_STRICT_FDR,PRIMARY_PAIRWISE,0.075,18,0.9,40,5,0.0,0.0,0.0,1.0,1.0,0.0,1.0,0.0,0.0,0,40,40,80
POLICY_VALIDATION,BALANCED_STRICT_FDR,PRIMARY_PAIRWISE,0.075,54,0.6,1,3,0.0,0.0,0.5,0.5,0.5,0.008131772772816029,0.5,1.0,0.5,1,2,0,2
POLICY_VALIDATION,BALANCED_STRICT_FDR,PRIMARY_PAIRWISE,0.075,54,0.6,12,3,0.0,0.0,1.0,0.5,0.0,0.010641430707514532,1.0,1.0,1.0,6,6,6,12
POLICY_VALIDATION,BALANCED_STRICT_FDR,PRIMARY_PAIRWISE,0.075,54,0.6,40,1,0.0,0.0,0.5,0.75,0.5,0.013455798601555958,0.975,1.0,0.5,20,40,40,80
POLICY_VALIDATION,BALANCED_STRICT_FDR,PRIMARY_PAIRWISE,0.075,54,0.6,40,5,0.0,0.0,0.0,1.0,1.0,0.0,0.85,0.0,0.0,0,20,20,40
POLICY_VALIDATION,BALANCED_STRICT_FDR,PRIMARY_PAIRWISE,0.075,54,0.9,1,1,0.0,0.0,0.5,0.5,0.5,0.0034537003082208556,1.0,1.0,0.5,1,2,0,2
POLICY_VALIDATION,BALANCED_STRICT_FDR,PRIMARY_PAIRWISE,0.075,54,0.9,12,5,0.0,0.0,0.3333333333333333,0.8333333333333334,0.6666666666666667,0.008496044774592867,0.6666666666666666,1.0,0.3333333333333333,6,18,18,36
POLICY_VALIDATION,BALANCED_STRICT_FDR,PRIMARY_PAIRWISE,0.075,54,0.9,40,3,0.0,0.0,0.0,1.0,1.0,0.0,0.9875,0.0,0.0,0,40,40,80
POLICY_VALIDATION,BALANCED_STRICT_FDR,PRIMARY_PAIRWISE,0.075,144,0.6,1,1,0.0,0.0,0.0,1.0,1.0,0.0,1.0,0.0,0.0,0,1,0,1
POLICY_VALIDATION,BALANCED_STRICT_FDR,PRIMARY_PAIRWISE,0.075,144,0.6,1,3,0.0,0.0,0.5,0.5,0.5,0.0198012102719083,1.0,1.0,0.5,1,2,0,2
POLICY_VALIDATION,BALANCED_STRICT_FDR,PRIMARY_PAIRWISE,0.075,144,0.6,12,5,0.0,0.0,0.5,0.75,0.5,0.019504416407083603,0.9583333333333334,1.0,0.5,6,12,12,24
POLICY_VALIDATION,BALANCED_STRICT_FDR,PRIMARY_PAIRWISE,0.075,144,0.6,40,3,0.0,0.0,0.0,1.0,1.0,0.0,0.275,0.0,0.0,0,20,20,40
POLICY_VALIDATION,BALANCED_STRICT_FDR,PRIMARY_PAIRWISE,0.075,144,0.6,40,5,0.0,0.0,0.0,1.0,1.0,0.0,0.975,0.0,0.0,0,20,20,40
POLICY_VALIDATION,BALANCED_STRICT_FDR,PRIMARY_PAIRWISE,0.075,144,0.9,1,5,0.0,0.0,0.0,1.0,1.0,0.0,1.0,0.0,0.0,0,1,0,1
POLICY_VALIDATION,BALANCED_STRICT_FDR,PRIMARY_PAIRWISE,0.075,144,0.9,12,3,0.0,0.0,0.5,0.75,0.5,0.008133912448495456,1.0,1.0,0.5,6,12,12,24
POLICY_VALIDATION,BALANCED_STRICT_FDR,PRIMARY_PAIRWISE,0.075,144,0.9,40,1,0.0,0.0,0.6666666666666666,0.6666666666666667,0.33333333333333337,0.0027457238013175777,1.0,1.0,0.6666666666666666,40,60,60,120
POLICY_VALIDATION,BALANCED_STRICT_FDR,REPAIR,0.0,18,0.2,1,3,0.0,0.0,0.0,1.0,1.0,0.0,1.0,0.0,0.0,0,0,1,1
POLICY_VALIDATION,BALANCED_STRICT_FDR,REPAIR,0.0,18,0.2,1,5,0.0,0.0,0.0,1.0,1.0,0.0,1.0,0.0,0.0,0,0,2,2
POLICY_VALIDATION,BALANCED_STRICT_FDR,REPAIR,0.0,18,0.2,12,1,0.0,0.0,0.0,1.0,1.0,0.0,0.9166666666666666,0.0,0.0,0,0,12,12
POLICY_VALIDATION,BALANCED_STRICT_FDR,REPAIR,0.0,18,0.2,12,3,0.0,0.0,0.0,1.0,1.0,0.0,0.9166666666666666,0.0,0.0,0,0,12,12
POLICY_VALIDATION,BALANCED_STRICT_FDR,REPAIR,0.0,18,0.2,40,1,0.0,0.0,0.0,1.0,1.0,0.0,0.925,0.0,0.0,0,0,80,80
POLICY_VALIDATION,BALANCED_STRICT_FDR,REPAIR,0.0,18,0.9,1,1,0.0,0.0,0.0,1.0,1.0,0.0,1.0,0.0,0.0,0,0,1,1
POLICY_VALIDATION,BALANCED_STRICT_FDR,REPAIR,0.0,18,0.9,12,1,0.0,0.0,0.0,1.0,1.0,0.0,1.0,0.0,0.0,0,0,12,12
POLICY_VALIDATION,BALANCED_STRICT_FDR,REPAIR,0.0,18,0.9,12,5,0.0,0.0,0.0,1.0,1.0,0.0,0.9166666666666666,0.0,0.0,0,0,12,12
POLICY_VALIDATION,BALANCED_STRICT_FDR,REPAIR,0.0,18,0.9,40,3,0.0,0.0,0.0,1.0,1.0,0.0,0.7,0.0,0.0,0,0,120,120
POLICY_VALIDATION,BALANCED_STRICT_FDR,REPAIR,0.0,54,0.2,1,3,0.0,0.0,0.0,1.0,1.0,0.0,1.0,0.0,0.0,0,0,1,1
POLICY_VALIDATION,BALANCED_STRICT_FDR,REPAIR,0.0,54,0.2,12,1,0.0,0.0,0.0,1.0,1.0,0.0,0.9444444444444444,0.0,0.0,0,0,36,36
POLICY_VALIDATION,BALANCED_STRICT_FDR,REPAIR,0.0,54,0.2,40,3,0.0125,0.036846393470080945,0.0,0.9875,1.0,0.04638794712789929,0.85,0.0,0.0,1,0,80,80
POLICY_VALIDATION,BALANCED_STRICT_FDR,REPAIR,0.0,54,0.9,1,5,0.0,0.0,0.0,1.0,1.0,0.0,0.6666666666666666,0.0,0.0,0,0,3,3
POLICY_VALIDATION,BALANCED_STRICT_FDR,REPAIR,0.0,54,0.9,12,3,0.0,0.0,0.0,1.0,1.0,0.0,1.0,0.0,0.0,0,0,12,12
POLICY_VALIDATION,BALANCED_STRICT_FDR,REPAIR,0.0,54,0.9,40,1,0.0,0.0,0.0,1.0,1.0,0.0,1.0,0.0,0.0,0,0,80,80
POLICY_VALIDATION,BALANCED_STRICT_FDR,REPAIR,0.0,54,0.9,40,3,0.0,0.0,0.0,1.0,1.0,0.0,0.975,0.0,0.0,0,0,40,40
POLICY_VALIDATION,BALANCED_STRICT_FDR,REPAIR,0.0,144,0.2,1,1,0.0,0.0,0.0,1.0,1.0,0.0,1.0,0.0,0.0,0,0,1,1
POLICY_VALIDATION,BALANCED_STRICT_FDR,REPAIR,0.0,144,0.2,1,5,0.0,0.0,0.0,1.0,1.0,0.0,1.0,0.0,0.0,0,0,1,1
POLICY_VALIDATION,BALANCED_STRICT_FDR,REPAIR,0.0,144,0.2,12,5,0.0,0.0,0.0,1.0,1.0,0.0,0.9166666666666666,0.0,0.0,0,0,12,12
POLICY_VALIDATION,BALANCED_STRICT_FDR,REPAIR,0.0,144,0.2,40,1,0.0,0.0,0.0,1.0,1.0,0.0,0.9,0.0,0.0,0,0,40,40
POLICY_VALIDATION,BALANCED_STRICT_FDR,REPAIR,0.0,144,0.2,40,3,0.0,0.0,0.0,1.0,1.0,0.0,0.9083333333333333,0.0,0.0,0,0,120,120
POLICY_VALIDATION,BALANCED_STRICT_FDR,REPAIR,0.0,144,0.9,1,3,0.0,0.0,0.0,1.0,1.0,0.0,1.0,0.0,0.0,0,0,2,2
POLICY_VALIDATION,BALANCED_STRICT_FDR,REPAIR,0.0,144,0.9,12,1,0.0,0.0,0.0,1.0,1.0,0.0,0.9722222222222222,0.0,0.0,0,0,36,36
POLICY_VALIDATION,BALANCED_STRICT_FDR,REPAIR,0.0,144,0.9,40,1,0.0,0.0,0.0,1.0,1.0,0.0,1.0,0.0,0.0,0,0,40,40
POLICY_VALIDATION,BALANCED_STRICT_FDR,REPAIR,0.0,144,0.9,40,5,0.0,0.0,0.0,1.0,1.0,0.0,1.0,0.0,0.0,0,0,40,40
POLICY_VALIDATION,BALANCED_STRICT_FDR,REPAIR,0.035,18,0.6,1,5,0.0,0.0,0.0,1.0,1.0,0.0,0.6666666666666666,0.0,0.0,0,3,0,3
POLICY_VALIDATION,BALANCED_STRICT_FDR,REPAIR,0.035,18,0.6,12,1,0.0,0.0,0.0,1.0,1.0,0.0,0.8333333333333334,0.0,0.0,0,6,6,12
POLICY_VALIDATION,BALANCED_STRICT_FDR,REPAIR,0.035,18,0.6,12,3,0.0,0.0,0.0,1.0,1.0,0.0,1.0,0.0,0.0,0,6,6,12
POLICY_VALIDATION,BALANCED_STRICT_FDR,REPAIR,0.035,18,0.6,40,1,0.0,0.0,0.0,1.0,1.0,0.0,0.925,0.0,0.0,0,40,40,80
POLICY_VALIDATION,BALANCED_STRICT_FDR,REPAIR,0.035,18,0.9,1,1,0.0,0.0,0.0,1.0,1.0,0.0,1.0,0.0,0.0,0,1,0,1
POLICY_VALIDATION,BALANCED_STRICT_FDR,REPAIR,0.035,18,0.9,1,3,0.0,0.0,0.0,1.0,1.0,0.0,0.0,0.0,0.0,0,1,0,1
POLICY_VALIDATION,BALANCED_STRICT_FDR,REPAIR,0.035,18,0.9,12,1,0.0,0.0,0.0,1.0,1.0,0.0,0.9166666666666666,0.0,0.0,0,6,6,12
POLICY_VALIDATION,BALANCED_STRICT_FDR,REPAIR,0.035,18,0.9,12,5,0.0,0.0,0.0,1.0,1.0,0.0,1.0,0.0,0.0,0,6,6,12
POLICY_VALIDATION,BALANCED_STRICT_FDR,REPAIR,0.035,18,0.9,40,3,0.0,0.0,0.0,1.0,1.0,0.0,1.0,0.0,0.0,0,40,40,80
POLICY_VALIDATION,BALANCED_STRICT_FDR,REPAIR,0.035,54,0.6,1,3,0.0,0.0,0.0,1.0,1.0,0.0,0.5,0.0,0.0,0,2,0,2
POLICY_VALIDATION,BALANCED_STRICT_FDR,REPAIR,0.035,54,0.6,12,1,0.0,0.0,0.0,1.0,1.0,0.0,0.9166666666666666,0.0,0.0,0,18,18,36
POLICY_VALIDATION,BALANCED_STRICT_FDR,REPAIR,0.035,54,0.6,40,5,0.0,0.0,0.0,1.0,1.0,0.0,0.85,0.0,0.0,0,20,20,40
POLICY_VALIDATION,BALANCED_STRICT_FDR,REPAIR,0.035,54,0.9,1,5,0.0,0.0,0.0,1.0,1.0,0.0,1.0,0.0,0.0,0,3,0,3
POLICY_VALIDATION,BALANCED_STRICT_FDR,REPAIR,0.035,54,0.9,12,3,0.0,0.0,0.0,1.0,1.0,0.0,0.6666666666666666,0.0,0.0,0,6,6,12
POLICY_VALIDATION,BALANCED_STRICT_FDR,REPAIR,0.035,54,0.9,40,1,0.0,0.0,0.5,0.75,0.5,0.014882293442588252,0.9625,1.0,0.5,20,40,40,80
POLICY_VALIDATION,BALANCED_STRICT_FDR,REPAIR,0.035,54,0.9,40,3,0.0,0.0,0.0,1.0,1.0,0.0,1.0,0.0,0.0,0,20,20,40
POLICY_VALIDATION,BALANCED_STRICT_FDR,REPAIR,0.035,144,0.6,1,1,0.0,0.0,0.0,1.0,1.0,0.0,1.0,0.0,0.0,0,1,0,1
POLICY_VALIDATION,BALANCED_STRICT_FDR,REPAIR,0.035,144,0.6,1,5,0.0,0.0,0.0,1.0,1.0,0.0,1.0,0.0,0.0,0,1,0,1
POLICY_VALIDATION,BALANCED_STRICT_FDR,REPAIR,0.035,144,0.6,12,5,0.0,0.0,0.0,1.0,1.0,0.0,0.9166666666666666,0.0,0.0,0,6,6,12
POLICY_VALIDATION,BALANCED_STRICT_FDR,REPAIR,0.035,144,0.6,40,1,0.0,0.0,0.0,1.0,1.0,0.0,1.0,0.0,0.0,0,20,20,40
POLICY_VALIDATION,BALANCED_STRICT_FDR,REPAIR,0.035,144,0.6,40,3,0.0,0.0,0.3,0.85,0.7,0.011800589428805729,0.9333333333333333,1.0,0.3,18,60,60,120
POLICY_VALIDATION,BALANCED_STRICT_FDR,REPAIR,0.035,144,0.9,1,3,0.0,0.0,0.0,1.0,1.0,0.0,1.0,0.0,0.0,0,1,0,1
POLICY_VALIDATION,BALANCED_STRICT_FDR,REPAIR,0.035,144,0.9,1,5,0.0,0.0,0.5,0.5,0.5,0.0006867222383653004,1.0,1.0,0.5,1,2,0,2
POLICY_VALIDATION,BALANCED_STRICT_FDR,REPAIR,0.035,144,0.9,12,1,0.0,0.0,0.3333333333333333,0.8333333333333334,0.6666666666666667,0.001258778435391823,0.9166666666666666,1.0,0.3333333333333333,6,18,18,36
POLICY_VALIDATION,BALANCED_STRICT_FDR,REPAIR,0.035,144,0.9,40,1,0.0,0.0,0.0,1.0,1.0,0.0,1.0,0.0,0.0,0,20,20,40
POLICY_VALIDATION,BALANCED_STRICT_FDR,REPAIR,0.075,18,0.2,1,3,0.0,0.0,0.0,1.0,1.0,0.0,1.0,0.0,0.0,0,1,0,1
POLICY_VALIDATION,BALANCED_STRICT_FDR,REPAIR,0.075,18,0.2,12,1,0.0,0.0,0.0,1.0,1.0,0.0,0.875,0.0,0.0,0,12,12,24
POLICY_VALIDATION,BALANCED_STRICT_FDR,REPAIR,0.075,18,0.2,12,5,0.0,0.0,0.0,1.0,1.0,0.0,0.9166666666666666,0.0,0.0,0,6,6,12
POLICY_VALIDATION,BALANCED_STRICT_FDR,REPAIR,0.075,18,0.2,40,3,0.0,0.0,0.0,1.0,1.0,0.0,0.9875,0.0,0.0,0,40,40,80
POLICY_VALIDATION,BALANCED_STRICT_FDR,REPAIR,0.075,18,0.6,1,5,0.0,0.0,0.0,1.0,1.0,0.0,1.0,0.0,0.0,0,3,0,3
POLICY_VALIDATION,BALANCED_STRICT_FDR,REPAIR,0.075,18,0.6,12,3,0.0,0.0,0.0,1.0,1.0,0.0,0.875,0.0,0.0,0,12,12,24
POLICY_VALIDATION,BALANCED_STRICT_FDR,REPAIR,0.075,18,0.6,40,1,0.0,0.0,0.0,1.0,1.0,0.0,0.9,0.0,0.0,0,40,40,80
POLICY_VALIDATION,BALANCED_STRICT_FDR,REPAIR,0.075,54,0.2,1,5,0.0,0.0,0.5,0.5,0.5,0.012432141119947601,1.0,1.0,0.5,1,2,0,2
POLICY_VALIDATION,BALANCED_STRICT_FDR,REPAIR,0.075,54,0.2,12,3,0.0,0.0,0.0,1.0,1.0,0.0,1.0,0.0,0.0,0,6,6,12
POLICY_VALIDATION,BALANCED_STRICT_FDR,REPAIR,0.075,54,0.2,12,5,0.0,0.0,0.0,1.0,1.0,0.0,0.9166666666666666,0.0,0.0,0,6,6,12
POLICY_VALIDATION,BALANCED_STRICT_FDR,REPAIR,0.075,54,0.2,40,1,0.0,0.0,0.0,1.0,1.0,0.0,0.95,0.0,0.0,0,20,20,40
POLICY_VALIDATION,BALANCED_STRICT_FDR,REPAIR,0.075,54,0.2,40,3,0.0,0.0,0.0,1.0,1.0,0.0,0.825,0.0,0.0,0,40,40,80
POLICY_VALIDATION,BALANCED_STRICT_FDR,REPAIR,0.075,54,0.6,1,3,0.0,0.0,0.5,0.5,0.5,0.03232075027227842,1.0,1.0,0.5,1,2,0,2
POLICY_VALIDATION,BALANCED_STRICT_FDR,REPAIR,0.075,54,0.6,12,1,0.0,0.0,0.3333333333333333,0.8333333333333334,0.6666666666666667,0.015484892981821513,0.9166666666666666,1.0,0.3333333333333333,6,18,18,36
POLICY_VALIDATION,BALANCED_STRICT_FDR,REPAIR,0.075,54,0.6,40,5,0.0,0.0,0.0,1.0,1.0,0.0,0.975,0.0,0.0,0,20,20,40
POLICY_VALIDATION,BALANCED_STRICT_FDR,REPAIR,0.075,144,0.2,1,3,0.0,0.0,0.0,1.0,1.0,0.0,1.0,0.0,0.0,0,1,0,1
POLICY_VALIDATION,BALANCED_STRICT_FDR,REPAIR,0.075,144,0.2,1,5,0.0,0.0,0.0,1.0,1.0,0.0,1.0,0.0,0.0,0,2,0,2
POLICY_VALIDATION,BALANCED_STRICT_FDR,REPAIR,0.075,144,0.2,12,1,0.0,0.0,0.0,1.0,1.0,0.0,0.8333333333333334,0.0,0.0,0,12,12,24
POLICY_VALIDATION,BALANCED_STRICT_FDR,REPAIR,0.075,144,0.2,12,3,0.0,0.0,0.0,1.0,1.0,0.0,0.75,0.0,0.0,0,6,6,12
POLICY_VALIDATION,BALANCED_STRICT_FDR,REPAIR,0.075,144,0.2,40,1,0.0,0.0,0.0,1.0,1.0,0.0,0.95,0.0,0.0,0,20,20,40
POLICY_VALIDATION,BALANCED_STRICT_FDR,REPAIR,0.075,144,0.6,1,1,0.0,0.0,1.0,0.0,0.0,0.0036067611097082425,1.0,1.0,1.0,1,1,0,1
POLICY_VALIDATION,BALANCED_STRICT_FDR,REPAIR,0.075,144,0.6,12,5,0.0,0.0,0.5,0.75,0.5,0.0056602817703893344,1.0,1.0,0.5,6,12,12,24
POLICY_VALIDATION,BALANCED_STRICT_FDR,REPAIR,0.075,144,0.6,40,3,0.0,0.0,0.725,0.6375,0.275,0.012054939797979777,0.7875,1.0,0.725,58,80,80,160
POLICY_VALIDATION,BALANCED_STRICT_FDR,THRESHOLD_PASS,0.0,18,0.2,1,3,0.0,0.0,0.0,1.0,1.0,0.0,1.0,0.0,0.0,0,0,1,1
POLICY_VALIDATION,BALANCED_STRICT_FDR,THRESHOLD_PASS,0.0,18,0.2,1,5,0.0,0.0,0.0,1.0,1.0,0.0,1.0,0.0,0.0,0,0,2,2
POLICY_VALIDATION,BALANCED_STRICT_FDR,THRESHOLD_PASS,0.0,18,0.2,12,1,0.0,0.0,0.0,1.0,1.0,0.0,0.9166666666666666,0.0,0.0,0,0,12,12
POLICY_VALIDATION,BALANCED_STRICT_FDR,THRESHOLD_PASS,0.0,18,0.2,12,3,0.0,0.0,0.0,1.0,1.0,0.0,0.9166666666666666,0.0,0.0,0,0,12,12
POLICY_VALIDATION,BALANCED_STRICT_FDR,THRESHOLD_PASS,0.0,18,0.2,40,1,0.0,0.0,0.0,1.0,1.0,0.0,0.9375,0.0,0.0,0,0,80,80
POLICY_VALIDATION,BALANCED_STRICT_FDR,THRESHOLD_PASS,0.0,18,0.9,1,1,0.0,0.0,0.0,1.0,1.0,0.0,1.0,0.0,0.0,0,0,1,1
POLICY_VALIDATION,BALANCED_STRICT_FDR,THRESHOLD_PASS,0.0,18,0.9,12,1,0.0,0.0,0.0,1.0,1.0,0.0,1.0,0.0,0.0,0,0,12,12
POLICY_VALIDATION,BALANCED_STRICT_FDR,THRESHOLD_PASS,0.0,18,0.9,12,5,0.0,0.0,0.0,1.0,1.0,0.0,1.0,0.0,0.0,0,0,12,12
POLICY_VALIDATION,BALANCED_STRICT_FDR,THRESHOLD_PASS,0.0,18,0.9,40,3,0.0,0.0,0.0,1.0,1.0,0.0,1.0,0.0,0.0,0,0,120,120
POLICY_VALIDATION,BALANCED_STRICT_FDR,THRESHOLD_PASS,0.0,54,0.2,1,3,0.0,0.0,0.0,1.0,1.0,0.0,1.0,0.0,0.0,0,0,1,1
POLICY_VALIDATION,BALANCED_STRICT_FDR,THRESHOLD_PASS,0.0,54,0.2,12,1,0.0,0.0,0.0,1.0,1.0,0.0,0.8888888888888888,0.0,0.0,0,0,36,36
POLICY_VALIDATION,BALANCED_STRICT_FDR,THRESHOLD_PASS,0.0,54,0.2,40,3,0.0,0.0,0.0,1.0,1.0,0.0,0.775,0.0,0.0,0,0,80,80
POLICY_VALIDATION,BALANCED_STRICT_FDR,THRESHOLD_PASS,0.0,54,0.9,1,5,0.0,0.0,0.0,1.0,1.0,0.0,1.0,0.0,0.0,0,0,3,3
POLICY_VALIDATION,BALANCED_STRICT_FDR,THRESHOLD_PASS,0.0,54,0.9,12,3,0.0,0.0,0.0,1.0,1.0,0.0,1.0,0.0,0.0,0,0,12,12
POLICY_VALIDATION,BALANCED_STRICT_FDR,THRESHOLD_PASS,0.0,54,0.9,40,1,0.0,0.0,0.0,1.0,1.0,0.0,1.0,0.0,0.0,0,0,80,80
POLICY_VALIDATION,BALANCED_STRICT_FDR,THRESHOLD_PASS,0.0,54,0.9,40,3,0.0,0.0,0.0,1.0,1.0,0.0,1.0,0.0,0.0,0,0,40,40
POLICY_VALIDATION,BALANCED_STRICT_FDR,THRESHOLD_PASS,0.0,144,0.2,1,1,0.0,0.0,0.0,1.0,1.0,0.0,1.0,0.0,0.0,0,0,1,1
POLICY_VALIDATION,BALANCED_STRICT_FDR,THRESHOLD_PASS,0.0,144,0.2,1,5,1.0,1.0,0.0,0.0,1.0,0.0360891421626411,0.0,0.0,0.0,1,0,1,1
POLICY_VALIDATION,BALANCED_STRICT_FDR,THRESHOLD_PASS,0.0,144,0.2,12,5,0.0,0.0,0.0,1.0,1.0,0.0,0.9166666666666666,0.0,0.0,0,0,12,12
POLICY_VALIDATION,BALANCED_STRICT_FDR,THRESHOLD_PASS,0.0,144,0.2,40,1,0.0,0.0,0.0,1.0,1.0,0.0,0.95,0.0,0.0,0,0,40,40
POLICY_VALIDATION,BALANCED_STRICT_FDR,THRESHOLD_PASS,0.0,144,0.2,40,3,0.0,0.0,0.0,1.0,1.0,0.0,0.9333333333333333,0.0,0.0,0,0,120,120
POLICY_VALIDATION,BALANCED_STRICT_FDR,THRESHOLD_PASS,0.0,144,0.9,1,3,0.0,0.0,0.0,1.0,1.0,0.0,1.0,0.0,0.0,0,0,2,2
POLICY_VALIDATION,BALANCED_STRICT_FDR,THRESHOLD_PASS,0.0,144,0.9,12,1,0.0,0.0,0.0,1.0,1.0,0.0,1.0,0.0,0.0,0,0,36,36
POLICY_VALIDATION,BALANCED_STRICT_FDR,THRESHOLD_PASS,0.0,144,0.9,40,1,0.0,0.0,0.0,1.0,1.0,0.0,1.0,0.0,0.0,0,0,40,40
POLICY_VALIDATION,BALANCED_STRICT_FDR,THRESHOLD_PASS,0.0,144,0.9,40,5,0.0,0.0,0.0,1.0,1.0,0.0,1.0,0.0,0.0,0,0,40,40
POLICY_VALIDATION,BALANCED_STRICT_FDR,THRESHOLD_PASS,0.035,18,0.6,1,5,0.0,0.0,0.0,1.0,1.0,0.0,1.0,0.0,0.0,0,3,0,3
POLICY_VALIDATION,BALANCED_STRICT_FDR,THRESHOLD_PASS,0.035,18,0.6,12,1,0.0,0.0,0.0,1.0,1.0,0.0,0.8333333333333334,0.0,0.0,0,6,6,12
POLICY_VALIDATION,BALANCED_STRICT_FDR,THRESHOLD_PASS,0.035,18,0.6,12,3,0.0,0.0,0.0,1.0,1.0,0.0,0.9166666666666666,0.0,0.0,0,6,6,12
POLICY_VALIDATION,BALANCED_STRICT_FDR,THRESHOLD_PASS,0.035,18,0.6,40,1,0.0,0.0,0.0,1.0,1.0,0.0,0.6375,0.0,0.0,0,40,40,80
POLICY_VALIDATION,BALANCED_STRICT_FDR,THRESHOLD_PASS,0.035,18,0.9,1,1,0.0,0.0,0.0,1.0,1.0,0.0,1.0,0.0,0.0,0,1,0,1
POLICY_VALIDATION,BALANCED_STRICT_FDR,THRESHOLD_PASS,0.035,18,0.9,1,3,0.0,0.0,0.0,1.0,1.0,0.0,0.0,0.0,0.0,0,1,0,1
POLICY_VALIDATION,BALANCED_STRICT_FDR,THRESHOLD_PASS,0.035,18,0.9,12,1,0.0,0.0,0.0,1.0,1.0,0.0,1.0,0.0,0.0,0,6,6,12
POLICY_VALIDATION,BALANCED_STRICT_FDR,THRESHOLD_PASS,0.035,18,0.9,12,5,0.0,0.0,0.0,1.0,1.0,0.0,1.0,0.0,0.0,0,6,6,12
POLICY_VALIDATION,BALANCED_STRICT_FDR,THRESHOLD_PASS,0.035,18,0.9,40,3,0.0,0.0,0.0,1.0,1.0,0.0,0.9625,0.0,0.0,0,40,40,80
POLICY_VALIDATION,BALANCED_STRICT_FDR,THRESHOLD_PASS,0.035,54,0.6,1,3,0.0,0.0,0.0,1.0,1.0,0.0,0.5,0.0,0.0,0,2,0,2
POLICY_VALIDATION,BALANCED_STRICT_FDR,THRESHOLD_PASS,0.035,54,0.6,12,1,0.0,0.0,0.0,1.0,1.0,0.0,0.8888888888888888,0.0,0.0,0,18,18,36
POLICY_VALIDATION,BALANCED_STRICT_FDR,THRESHOLD_PASS,0.035,54,0.6,40,5,0.0,0.0,0.0,1.0,1.0,0.0,0.875,0.0,0.0,0,20,20,40
POLICY_VALIDATION,BALANCED_STRICT_FDR,THRESHOLD_PASS,0.035,54,0.9,1,5,0.0,0.0,0.0,1.0,1.0,0.0,1.0,0.0,0.0,0,3,0,3
POLICY_VALIDATION,BALANCED_STRICT_FDR,THRESHOLD_PASS,0.035,54,0.9,12,3,0.0,0.0,0.0,1.0,1.0,0.0,1.0,0.0,0.0,0,6,6,12
POLICY_VALIDATION,BALANCED_STRICT_FDR,THRESHOLD_PASS,0.035,54,0.9,40,1,0.0,0.0,0.0,1.0,1.0,0.0,0.9,0.0,0.0,0,40,40,80
POLICY_VALIDATION,BALANCED_STRICT_FDR,THRESHOLD_PASS,0.035,54,0.9,40,3,0.0,0.0,0.0,1.0,1.0,0.0,1.0,0.0,0.0,0,20,20,40
POLICY_VALIDATION,BALANCED_STRICT_FDR,THRESHOLD_PASS,0.035,144,0.6,1,1,0.0,0.0,1.0,0.0,0.0,0.005979528107193079,1.0,1.0,1.0,1,1,0,1
POLICY_VALIDATION,BALANCED_STRICT_FDR,THRESHOLD_PASS,0.035,144,0.6,1,5,0.0,0.0,0.0,1.0,1.0,0.0,1.0,0.0,0.0,0,1,0,1
POLICY_VALIDATION,BALANCED_STRICT_FDR,THRESHOLD_PASS,0.035,144,0.6,12,5,0.0,0.0,1.0,0.5,0.0,0.0025722765779741096,1.0,1.0,1.0,6,6,6,12
POLICY_VALIDATION,BALANCED_STRICT_FDR,THRESHOLD_PASS,0.035,144,0.6,40,1,0.0,0.0,0.0,1.0,1.0,0.0,0.95,0.0,0.0,0,20,20,40
POLICY_VALIDATION,BALANCED_STRICT_FDR,THRESHOLD_PASS,0.035,144,0.6,40,3,0.0,0.0,0.0,1.0,1.0,0.0,0.9166666666666666,0.0,0.0,0,60,60,120
POLICY_VALIDATION,BALANCED_STRICT_FDR,THRESHOLD_PASS,0.035,144,0.9,1,3,0.0,0.0,0.0,1.0,1.0,0.0,1.0,0.0,0.0,0,1,0,1
POLICY_VALIDATION,BALANCED_STRICT_FDR,THRESHOLD_PASS,0.035,144,0.9,1,5,0.0,0.0,0.5,0.5,0.5,0.009328790393736554,1.0,1.0,0.5,1,2,0,2
POLICY_VALIDATION,BALANCED_STRICT_FDR,THRESHOLD_PASS,0.035,144,0.9,12,1,0.0,0.0,0.3333333333333333,0.8333333333333334,0.6666666666666667,0.003779316649711433,1.0,1.0,0.3333333333333333,6,18,18,36
POLICY_VALIDATION,BALANCED_STRICT_FDR,THRESHOLD_PASS,0.035,144,0.9,40,1,0.0,0.0,0.0,1.0,1.0,0.0,0.6,0.0,0.0,0,20,20,40
POLICY_VALIDATION,BALANCED_STRICT_FDR,THRESHOLD_PASS,0.075,18,0.2,1,3,0.0,0.0,0.0,1.0,1.0,0.0,0.0,0.0,0.0,0,1,0,1
POLICY_VALIDATION,BALANCED_STRICT_FDR,THRESHOLD_PASS,0.075,18,0.2,12,1,0.0,0.0,0.0,1.0,1.0,0.0,0.75,0.0,0.0,0,12,12,24
POLICY_VALIDATION,BALANCED_STRICT_FDR,THRESHOLD_PASS,0.075,18,0.2,12,5,0.0,0.0,0.0,1.0,1.0,0.0,0.9166666666666666,0.0,0.0,0,6,6,12
POLICY_VALIDATION,BALANCED_STRICT_FDR,THRESHOLD_PASS,0.075,18,0.2,40,3,0.0,0.0,0.0,1.0,1.0,0.0,0.95,0.0,0.0,0,40,40,80
POLICY_VALIDATION,BALANCED_STRICT_FDR,THRESHOLD_PASS,0.075,18,0.6,1,5,0.0,0.0,0.0,1.0,1.0,0.0,1.0,0.0,0.0,0,3,0,3
POLICY_VALIDATION,BALANCED_STRICT_FDR,THRESHOLD_PASS,0.075,18,0.6,12,3,0.0,0.0,0.0,1.0,1.0,0.0,0.875,0.0,0.0,0,12,12,24
POLICY_VALIDATION,BALANCED_STRICT_FDR,THRESHOLD_PASS,0.075,18,0.6,40,1,0.0,0.0,0.0,1.0,1.0,0.0,0.9875,0.0,0.0,0,40,40,80
POLICY_VALIDATION,BALANCED_STRICT_FDR,THRESHOLD_PASS,0.075,54,0.2,1,5,0.0,0.0,0.5,0.5,0.5,0.021015149584903234,1.0,1.0,0.5,1,2,0,2
POLICY_VALIDATION,BALANCED_STRICT_FDR,THRESHOLD_PASS,0.075,54,0.2,12,3,0.0,0.0,0.0,1.0,1.0,0.0,0.9166666666666666,0.0,0.0,0,6,6,12
POLICY_VALIDATION,BALANCED_STRICT_FDR,THRESHOLD_PASS,0.075,54,0.2,12,5,0.0,0.0,0.0,1.0,1.0,0.0,1.0,0.0,0.0,0,6,6,12
POLICY_VALIDATION,BALANCED_STRICT_FDR,THRESHOLD_PASS,0.075,54,0.2,40,1,0.0,0.0,0.0,1.0,1.0,0.0,0.875,0.0,0.0,0,20,20,40
POLICY_VALIDATION,BALANCED_STRICT_FDR,THRESHOLD_PASS,0.075,54,0.2,40,3,0.0,0.0,0.45,0.775,0.55,0.012053143897198283,0.95,1.0,0.45,18,40,40,80
POLICY_VALIDATION,BALANCED_STRICT_FDR,THRESHOLD_PASS,0.075,54,0.6,1,3,0.0,0.0,0.5,0.5,0.5,0.006180591144102035,1.0,1.0,0.5,1,2,0,2
POLICY_VALIDATION,BALANCED_STRICT_FDR,THRESHOLD_PASS,0.075,54,0.6,12,1,0.0,0.0,0.3333333333333333,0.8333333333333334,0.6666666666666667,0.008209783938304913,0.9722222222222222,1.0,0.3333333333333333,6,18,18,36
POLICY_VALIDATION,BALANCED_STRICT_FDR,THRESHOLD_PASS,0.075,54,0.6,40,5,0.0,0.0,0.0,1.0,1.0,0.0,1.0,0.0,0.0,0,20,20,40
POLICY_VALIDATION,BALANCED_STRICT_FDR,THRESHOLD_PASS,0.075,144,0.2,1,3,0.0,0.0,1.0,0.0,0.0,0.0034128830962323192,1.0,1.0,1.0,1,1,0,1
POLICY_VALIDATION,BALANCED_STRICT_FDR,THRESHOLD_PASS,0.075,144,0.2,1,5,0.0,0.0,0.5,0.5,0.5,0.011379743524569177,1.0,1.0,0.5,1,2,0,2
POLICY_VALIDATION,BALANCED_STRICT_FDR,THRESHOLD_PASS,0.075,144,0.2,12,1,0.0,0.0,0.0,1.0,1.0,0.0,0.9166666666666666,0.0,0.0,0,12,12,24
POLICY_VALIDATION,BALANCED_STRICT_FDR,THRESHOLD_PASS,0.075,144,0.2,12,3,0.0,0.0,1.0,0.5,0.0,0.004986195955539001,1.0,1.0,1.0,6,6,6,12
POLICY_VALIDATION,BALANCED_STRICT_FDR,THRESHOLD_PASS,0.075,144,0.2,40,1,0.0,0.0,0.0,1.0,1.0,0.0,0.875,0.0,0.0,0,20,20,40
POLICY_VALIDATION,BALANCED_STRICT_FDR,THRESHOLD_PASS,0.075,144,0.6,1,1,0.0,0.0,1.0,0.0,0.0,0.004407834317268863,1.0,1.0,1.0,1,1,0,1
POLICY_VALIDATION,BALANCED_STRICT_FDR,THRESHOLD_PASS,0.075,144,0.6,12,5,0.0,0.0,0.5,0.75,0.5,0.008211548579211686,1.0,1.0,0.5,6,12,12,24
POLICY_VALIDATION,BALANCED_STRICT_FDR,THRESHOLD_PASS,0.075,144,0.6,40,3,0.0,0.0,0.725,0.6375,0.275,0.005871512191625184,0.95625,1.0,0.725,58,80,80,160
POLICY_VALIDATION,BALANCED_STRICT_FDR,TOP_K,0.0,18,0.6,1,3,0.0,0.0,0.0,1.0,1.0,0.0,1.0,0.0,0.0,0,0,1,1
POLICY_VALIDATION,BALANCED_STRICT_FDR,TOP_K,0.0,18,0.6,12,1,0.0,0.0,0.0,1.0,1.0,0.0,1.0,0.0,0.0,0,0,24,24
POLICY_VALIDATION,BALANCED_STRICT_FDR,TOP_K,0.0,18,0.6,12,3,0.0,0.0,0.0,1.0,1.0,0.0,1.0,0.0,0.0,0,0,12,12
POLICY_VALIDATION,BALANCED_STRICT_FDR,TOP_K,0.0,18,0.6,40,5,0.0,0.0,0.0,1.0,1.0,0.0,0.8333333333333334,0.0,0.0,0,0,120,120
POLICY_VALIDATION,BALANCED_STRICT_FDR,TOP_K,0.0,18,0.9,1,1,0.0,0.0,0.0,1.0,1.0,0.0,1.0,0.0,0.0,0,0,3,3
POLICY_VALIDATION,BALANCED_STRICT_FDR,TOP_K,0.0,18,0.9,12,3,0.0,0.0,0.0,1.0,1.0,0.0,1.0,0.0,0.0,0,0,24,24
POLICY_VALIDATION,BALANCED_STRICT_FDR,TOP_K,0.0,18,0.9,40,3,0.0,0.0,0.0,1.0,1.0,0.0,0.975,0.0,0.0,0,0,40,40
POLICY_VALIDATION,BALANCED_STRICT_FDR,TOP_K,0.0,54,0.6,1,1,0.0,0.0,0.0,1.0,1.0,0.0,1.0,0.0,0.0,0,0,3,3
POLICY_VALIDATION,BALANCED_STRICT_FDR,TOP_K,0.0,54,0.6,12,1,0.0,0.0,0.0,1.0,1.0,0.0,0.6666666666666666,0.0,0.0,0,0,12,12
POLICY_VALIDATION,BALANCED_STRICT_FDR,TOP_K,0.0,54,0.6,12,5,0.0,0.0,0.0,1.0,1.0,0.0,1.0,0.0,0.0,0,0,12,12
POLICY_VALIDATION,BALANCED_STRICT_FDR,TOP_K,0.0,54,0.6,40,3,0.0,0.0,0.0,1.0,1.0,0.0,0.9125,0.0,0.0,0,0,80,80
POLICY_VALIDATION,BALANCED_STRICT_FDR,TOP_K,0.0,54,0.9,1,5,0.0,0.0,0.0,1.0,1.0,0.0,0.0,0.0,0.0,0,0,1,1
POLICY_VALIDATION,BALANCED_STRICT_FDR,TOP_K,0.0,54,0.9,12,1,0.0,0.0,0.0,1.0,1.0,0.0,0.6666666666666666,0.0,0.0,0,0,12,12
POLICY_VALIDATION,BALANCED_STRICT_FDR,TOP_K,0.0,54,0.9,12,3,0.0,0.0,0.0,1.0,1.0,0.0,0.9722222222222222,0.0,0.0,0,0,36,36
POLICY_VALIDATION,BALANCED_STRICT_FDR,TOP_K,0.0,54,0.9,40,1,0.0,0.0,0.0,1.0,1.0,0.0,1.0,0.0,0.0,0,0,40,40
POLICY_VALIDATION,BALANCED_STRICT_FDR,TOP_K,0.0,54,0.9,40,5,0.0,0.0,0.0,1.0,1.0,0.0,0.825,0.0,0.0,0,0,40,40
POLICY_VALIDATION,BALANCED_STRICT_FDR,TOP_K,0.0,144,0.6,1,1,0.0,0.0,0.0,1.0,1.0,0.0,1.0,0.0,0.0,0,0,1,1
POLICY_VALIDATION,BALANCED_STRICT_FDR,TOP_K,0.0,144,0.6,1,5,0.0,0.0,0.0,1.0,1.0,0.0,1.0,0.0,0.0,0,0,1,1
POLICY_VALIDATION,BALANCED_STRICT_FDR,TOP_K,0.0,144,0.6,12,3,0.0,0.0,0.0,1.0,1.0,0.0,0.9722222222222222,0.0,0.0,0,0,36,36
POLICY_VALIDATION,BALANCED_STRICT_FDR,TOP_K,0.0,144,0.6,40,1,0.0,0.0,0.0,1.0,1.0,0.0,0.925,0.0,0.0,0,0,40,40
POLICY_VALIDATION,BALANCED_STRICT_FDR,TOP_K,0.0,144,0.9,1,1,0.0,0.0,0.0,1.0,1.0,0.0,1.0,0.0,0.0,0,0,1,1
POLICY_VALIDATION,BALANCED_STRICT_FDR,TOP_K,0.0,144,0.9,1,3,0.0,0.0,0.0,1.0,1.0,0.0,1.0,0.0,0.0,0,0,1,1
POLICY_VALIDATION,BALANCED_STRICT_FDR,TOP_K,0.0,144,0.9,12,1,0.0,0.0,0.0,1.0,1.0,0.0,0.875,0.0,0.0,0,0,24,24
POLICY_VALIDATION,BALANCED_STRICT_FDR,TOP_K,0.0,144,0.9,40,3,0.0,0.0,0.0,1.0,1.0,0.0,0.25,0.0,0.0,0,0,40,40
POLICY_VALIDATION,BALANCED_STRICT_FDR,TOP_K,0.0,144,0.9,40,5,0.0,0.0,0.0,1.0,1.0,0.0,0.975,0.0,0.0,0,0,80,80
POLICY_VALIDATION,BALANCED_STRICT_FDR,TOP_K,0.035,18,0.2,1,1,0.0,0.0,0.0,1.0,1.0,0.0,1.0,0.0,0.0,0,3,0,3
POLICY_VALIDATION,BALANCED_STRICT_FDR,TOP_K,0.035,18,0.2,12,5,0.0,0.0,0.0,1.0,1.0,0.0,1.0,0.0,0.0,0,6,6,12
POLICY_VALIDATION,BALANCED_STRICT_FDR,TOP_K,0.035,18,0.2,40,3,0.0,0.0,0.0,1.0,1.0,0.0,0.9125,0.0,0.0,0,40,40,80
POLICY_VALIDATION,BALANCED_STRICT_FDR,TOP_K,0.035,18,0.6,1,3,0.0,0.0,0.0,1.0,1.0,0.0,1.0,0.0,0.0,0,1,0,1
POLICY_VALIDATION,BALANCED_STRICT_FDR,TOP_K,0.035,18,0.6,12,1,0.0,0.0,0.0,1.0,1.0,0.0,0.9583333333333334,0.0,0.0,0,12,12,24
POLICY_VALIDATION,BALANCED_STRICT_FDR,TOP_K,0.035,18,0.6,12,3,0.0,0.0,0.0,1.0,1.0,0.0,0.9166666666666666,0.0,0.0,0,6,6,12
POLICY_VALIDATION,BALANCED_STRICT_FDR,TOP_K,0.035,18,0.6,40,5,0.0,0.0,0.0,1.0,1.0,0.0,0.975,0.0,0.0,0,60,60,120
POLICY_VALIDATION,BALANCED_STRICT_FDR,TOP_K,0.035,54,0.2,1,5,0.0,0.0,1.0,0.0,0.0,0.0008358891143206218,1.0,1.0,1.0,1,1,0,1
POLICY_VALIDATION,BALANCED_STRICT_FDR,TOP_K,0.035,54,0.2,12,1,0.0,0.0,0.0,1.0,1.0,0.0,0.8333333333333334,0.0,0.0,0,6,6,12
POLICY_VALIDATION,BALANCED_STRICT_FDR,TOP_K,0.035,54,0.2,12,3,0.0,0.0,0.05555555555555555,0.9722222222222222,0.9444444444444444,0.051146516645707546,0.8888888888888888,1.0,0.05555555555555555,1,18,18,36
POLICY_VALIDATION,BALANCED_STRICT_FDR,TOP_K,0.035,54,0.2,40,1,0.0,0.0,0.45,0.775,0.55,0.007267034515755188,0.975,1.0,0.45,9,20,20,40
POLICY_VALIDATION,BALANCED_STRICT_FDR,TOP_K,0.035,54,0.2,40,5,0.0,0.0,0.0,1.0,1.0,0.0,0.925,0.0,0.0,0,20,20,40
POLICY_VALIDATION,BALANCED_STRICT_FDR,TOP_K,0.035,54,0.6,1,1,0.0,0.0,0.0,1.0,1.0,0.0,1.0,0.0,0.0,0,3,0,3
POLICY_VALIDATION,BALANCED_STRICT_FDR,TOP_K,0.035,54,0.6,12,1,0.0,0.0,0.0,1.0,1.0,0.0,0.9166666666666666,0.0,0.0,0,6,6,12
POLICY_VALIDATION,BALANCED_STRICT_FDR,TOP_K,0.035,54,0.6,40,3,0.0,0.0,0.0,1.0,1.0,0.0,0.45,0.0,0.0,0,20,20,40
POLICY_VALIDATION,BALANCED_STRICT_FDR,TOP_K,0.035,54,0.6,40,5,0.0,0.0,0.5,0.75,0.5,0.007210306386678372,0.9,1.0,0.5,20,40,40,80
POLICY_VALIDATION,BALANCED_STRICT_FDR,TOP_K,0.035,144,0.2,1,1,0.0,0.0,0.0,1.0,1.0,0.0,1.0,0.0,0.0,0,1,0,1
POLICY_VALIDATION,BALANCED_STRICT_FDR,TOP_K,0.035,144,0.2,1,3,0.0,0.0,0.0,1.0,1.0,0.0,0.0,0.0,0.0,0,1,0,1
POLICY_VALIDATION,BALANCED_STRICT_FDR,TOP_K,0.035,144,0.2,12,1,0.0,0.0,0.4166666666666667,0.7916666666666666,0.5833333333333333,0.0030624173654018954,0.9583333333333334,1.0,0.4166666666666667,5,12,12,24
POLICY_VALIDATION,BALANCED_STRICT_FDR,TOP_K,0.035,144,0.2,40,5,0.016666666666666666,0.049059967300068105,0.6666666666666666,0.6583333333333333,0.33333333333333337,0.0052959873096627315,0.9083333333333333,0.975609756097561,0.6666666666666666,41,60,60,120
POLICY_VALIDATION,BALANCED_STRICT_FDR,TOP_K,0.035,144,0.6,1,1,0.0,0.0,1.0,0.0,0.0,0.03323424972002055,0.0,1.0,1.0,1,1,0,1
POLICY_VALIDATION,BALANCED_STRICT_FDR,TOP_K,0.035,144,0.6,1,5,0.0,0.0,1.0,0.0,0.0,0.0014420106459954105,1.0,1.0,1.0,1,1,0,1
POLICY_VALIDATION,BALANCED_STRICT_FDR,TOP_K,0.035,144,0.6,12,3,0.0,0.0,0.4166666666666667,0.7916666666666666,0.5833333333333333,0.022037500056607793,0.9583333333333334,1.0,0.4166666666666667,5,12,12,24
POLICY_VALIDATION,BALANCED_STRICT_FDR,TOP_K,0.035,144,0.6,40,1,0.0,0.0,1.0,0.5,0.0,0.003308670536562949,0.95,1.0,1.0,20,20,20,40
POLICY_VALIDATION,BALANCED_STRICT_FDR,TOP_K,0.035,144,0.6,40,3,0.0,0.0,1.0,0.5,0.0,0.0025265000406398475,0.975,1.0,1.0,20,20,20,40
POLICY_VALIDATION,BALANCED_STRICT_FDR,TOP_K,0.075,18,0.2,1,1,0.0,0.0,0.0,1.0,1.0,0.0,1.0,0.0,0.0,0,3,0,3
POLICY_VALIDATION,BALANCED_STRICT_FDR,TOP_K,0.075,18,0.2,12,5,0.0,0.0,0.0,1.0,1.0,0.0,0.75,0.0,0.0,0,6,6,12
POLICY_VALIDATION,BALANCED_STRICT_FDR,TOP_K,0.075,18,0.2,40,3,0.0,0.0,0.0,1.0,1.0,0.0,0.8875,0.0,0.0,0,40,40,80
POLICY_VALIDATION,BALANCED_STRICT_FDR,TOP_K,0.075,18,0.9,1,3,0.0,0.0,0.0,1.0,1.0,0.0,1.0,0.0,0.0,0,1,0,1
POLICY_VALIDATION,BALANCED_STRICT_FDR,TOP_K,0.075,18,0.9,1,5,0.0,0.0,0.0,1.0,1.0,0.0,1.0,0.0,0.0,0,1,0,1
POLICY_VALIDATION,BALANCED_STRICT_FDR,TOP_K,0.075,18,0.9,12,1,0.0,0.0,0.0,1.0,1.0,0.0,1.0,0.0,0.0,0,6,6,12
POLICY_VALIDATION,BALANCED_STRICT_FDR,TOP_K,0.075,18,0.9,12,3,0.0,0.0,0.0,1.0,1.0,0.0,0.8333333333333334,0.0,0.0,0,12,12,24
POLICY_VALIDATION,BALANCED_STRICT_FDR,TOP_K,0.075,18,0.9,40,5,0.0,0.0,0.0,1.0,1.0,0.0,0.625,0.0,0.0,0,40,40,80
POLICY_VALIDATION,BALANCED_STRICT_FDR,TOP_K,0.075,54,0.2,1,5,0.0,0.0,0.5,0.5,0.5,0.015815173395931803,1.0,1.0,0.5,1,2,0,2
POLICY_VALIDATION,BALANCED_STRICT_FDR,TOP_K,0.075,54,0.2,12,3,0.0,0.0,0.5,0.75,0.5,0.016220436727857383,0.875,1.0,0.5,12,24,24,48
POLICY_VALIDATION,BALANCED_STRICT_FDR,TOP_K,0.075,54,0.2,40,1,0.0,0.0,1.0,0.5,0.0,0.015472316856860523,0.85,1.0,1.0,20,20,20,40
POLICY_VALIDATION,BALANCED_STRICT_FDR,TOP_K,0.075,54,0.9,1,1,0.0,0.0,0.0,1.0,1.0,0.0,0.5,0.0,0.0,0,2,0,2
POLICY_VALIDATION,BALANCED_STRICT_FDR,TOP_K,0.075,54,0.9,1,3,0.0,0.0,1.0,0.0,0.0,0.022098590748925104,1.0,1.0,1.0,1,1,0,1
POLICY_VALIDATION,BALANCED_STRICT_FDR,TOP_K,0.075,54,0.9,12,1,0.0,0.0,0.0,1.0,1.0,0.0,1.0,0.0,0.0,0,6,6,12
POLICY_VALIDATION,BALANCED_STRICT_FDR,TOP_K,0.075,54,0.9,40,3,0.0,0.0,1.0,0.5,0.0,0.00237304372198618,1.0,1.0,1.0,20,20,20,40
POLICY_VALIDATION,BALANCED_STRICT_FDR,TOP_K,0.075,54,0.9,40,5,0.0,0.0,0.5,0.75,0.5,0.006106327830819265,1.0,1.0,0.5,20,40,40,80
POLICY_VALIDATION,BALANCED_STRICT_FDR,TOP_K,0.075,144,0.2,1,3,0.0,0.0,0.0,1.0,1.0,0.0,1.0,0.0,0.0,0,2,0,2
POLICY_VALIDATION,BALANCED_STRICT_FDR,TOP_K,0.075,144,0.2,12,1,0.0,0.0,0.5,0.75,0.5,0.0045545358615642585,0.9583333333333334,1.0,0.5,6,12,12,24
POLICY_VALIDATION,BALANCED_STRICT_FDR,TOP_K,0.075,144,0.2,40,5,0.0,0.0,0.3333333333333333,0.8333333333333334,0.6666666666666667,0.004687114242882801,0.9,1.0,0.3333333333333333,20,60,60,120
POLICY_VALIDATION,BALANCED_STRICT_FDR,TOP_K,0.075,144,0.9,1,1,0.0,0.0,0.5,0.5,0.5,0.019610615727292995,1.0,1.0,0.5,1,2,0,2
POLICY_VALIDATION,BALANCED_STRICT_FDR,TOP_K,0.075,144,0.9,1,5,0.0,0.0,0.0,1.0,1.0,0.0,1.0,0.0,0.0,0,1,0,1
POLICY_VALIDATION,BALANCED_STRICT_FDR,TOP_K,0.075,144,0.9,12,3,0.0,0.0,0.3333333333333333,0.8333333333333334,0.6666666666666667,0.021286362239933382,0.7916666666666666,1.0,0.3333333333333333,4,12,12,24
POLICY_VALIDATION,BALANCED_STRICT_FDR,TOP_K,0.075,144,0.9,40,3,0.0,0.0,1.0,0.5,0.0,0.0013334601825753585,1.0,1.0,1.0,20,20,20,40
POLICY_VALIDATION,BALANCED_STRICT_FDR,TRANSPORT,0.0,18,0.6,1,3,0.0,0.0,0.0,1.0,1.0,0.0,0.0,0.0,0.0,0,0,1,1
POLICY_VALIDATION,BALANCED_STRICT_FDR,TRANSPORT,0.0,18,0.6,12,1,0.0,0.0,0.0,1.0,1.0,0.0,0.9166666666666666,0.0,0.0,0,0,24,24
POLICY_VALIDATION,BALANCED_STRICT_FDR,TRANSPORT,0.0,18,0.6,12,3,0.0,0.0,0.0,1.0,1.0,0.0,1.0,0.0,0.0,0,0,12,12
POLICY_VALIDATION,BALANCED_STRICT_FDR,TRANSPORT,0.0,18,0.6,40,5,0.0,0.0,0.0,1.0,1.0,0.0,0.6666666666666666,0.0,0.0,0,0,120,120
POLICY_VALIDATION,BALANCED_STRICT_FDR,TRANSPORT,0.0,18,0.9,1,1,0.0,0.0,0.0,1.0,1.0,0.0,1.0,0.0,0.0,0,0,3,3
POLICY_VALIDATION,BALANCED_STRICT_FDR,TRANSPORT,0.0,18,0.9,12,3,0.0,0.0,0.0,1.0,1.0,0.0,0.9583333333333334,0.0,0.0,0,0,24,24
POLICY_VALIDATION,BALANCED_STRICT_FDR,TRANSPORT,0.0,18,0.9,40,3,0.0,0.0,0.0,1.0,1.0,0.0,0.2,0.0,0.0,0,0,40,40
POLICY_VALIDATION,BALANCED_STRICT_FDR,TRANSPORT,0.0,54,0.6,1,1,0.0,0.0,0.0,1.0,1.0,0.0,1.0,0.0,0.0,0,0,3,3
POLICY_VALIDATION,BALANCED_STRICT_FDR,TRANSPORT,0.0,54,0.6,12,1,0.0,0.0,0.0,1.0,1.0,0.0,0.8333333333333334,0.0,0.0,0,0,12,12
POLICY_VALIDATION,BALANCED_STRICT_FDR,TRANSPORT,0.0,54,0.6,12,5,0.0,0.0,0.0,1.0,1.0,0.0,0.75,0.0,0.0,0,0,12,12
POLICY_VALIDATION,BALANCED_STRICT_FDR,TRANSPORT,0.0,54,0.6,40,3,0.0,0.0,0.0,1.0,1.0,0.0,1.0,0.0,0.0,0,0,80,80
POLICY_VALIDATION,BALANCED_STRICT_FDR,TRANSPORT,0.0,54,0.9,1,5,0.0,0.0,0.0,1.0,1.0,0.0,1.0,0.0,0.0,0,0,1,1
POLICY_VALIDATION,BALANCED_STRICT_FDR,TRANSPORT,0.0,54,0.9,12,1,0.0,0.0,0.0,1.0,1.0,0.0,1.0,0.0,0.0,0,0,12,12
POLICY_VALIDATION,BALANCED_STRICT_FDR,TRANSPORT,0.0,54,0.9,12,3,0.0,0.0,0.0,1.0,1.0,0.0,0.8611111111111112,0.0,0.0,0,0,36,36
POLICY_VALIDATION,BALANCED_STRICT_FDR,TRANSPORT,0.0,54,0.9,40,1,0.0,0.0,0.0,1.0,1.0,0.0,1.0,0.0,0.0,0,0,40,40
POLICY_VALIDATION,BALANCED_STRICT_FDR,TRANSPORT,0.0,54,0.9,40,5,0.0,0.0,0.0,1.0,1.0,0.0,1.0,0.0,0.0,0,0,40,40
POLICY_VALIDATION,BALANCED_STRICT_FDR,TRANSPORT,0.0,144,0.6,1,1,0.0,0.0,0.0,1.0,1.0,0.0,1.0,0.0,0.0,0,0,1,1
POLICY_VALIDATION,BALANCED_STRICT_FDR,TRANSPORT,0.0,144,0.6,1,5,0.0,0.0,0.0,1.0,1.0,0.0,1.0,0.0,0.0,0,0,1,1
POLICY_VALIDATION,BALANCED_STRICT_FDR,TRANSPORT,0.0,144,0.6,12,3,0.0,0.0,0.0,1.0,1.0,0.0,0.9444444444444444,0.0,0.0,0,0,36,36
POLICY_VALIDATION,BALANCED_STRICT_FDR,TRANSPORT,0.0,144,0.6,40,1,0.0,0.0,0.0,1.0,1.0,0.0,0.9,0.0,0.0,0,0,40,40
POLICY_VALIDATION,BALANCED_STRICT_FDR,TRANSPORT,0.0,144,0.9,1,1,0.0,0.0,0.0,1.0,1.0,0.0,1.0,0.0,0.0,0,0,1,1
POLICY_VALIDATION,BALANCED_STRICT_FDR,TRANSPORT,0.0,144,0.9,1,3,0.0,0.0,0.0,1.0,1.0,0.0,1.0,0.0,0.0,0,0,1,1
POLICY_VALIDATION,BALANCED_STRICT_FDR,TRANSPORT,0.0,144,0.9,12,1,0.0,0.0,0.0,1.0,1.0,0.0,0.4583333333333333,0.0,0.0,0,0,24,24
POLICY_VALIDATION,BALANCED_STRICT_FDR,TRANSPORT,0.0,144,0.9,40,3,0.0,0.0,0.0,1.0,1.0,0.0,1.0,0.0,0.0,0,0,40,40
POLICY_VALIDATION,BALANCED_STRICT_FDR,TRANSPORT,0.0,144,0.9,40,5,0.0,0.0,0.0,1.0,1.0,0.0,0.95,0.0,0.0,0,0,80,80
POLICY_VALIDATION,BALANCED_STRICT_FDR,TRANSPORT,0.035,18,0.2,1,1,0.0,0.0,0.0,1.0,1.0,0.0,1.0,0.0,0.0,0,2,1,3
POLICY_VALIDATION,BALANCED_STRICT_FDR,TRANSPORT,0.035,18,0.2,12,5,0.0,0.0,0.0,1.0,1.0,0.0,0.8333333333333334,0.0,0.0,0,6,6,12
POLICY_VALIDATION,BALANCED_STRICT_FDR,TRANSPORT,0.035,18,0.2,40,3,0.0,0.0,0.0,1.0,1.0,0.0,0.95,0.0,0.0,0,40,40,80
POLICY_VALIDATION,BALANCED_STRICT_FDR,TRANSPORT,0.035,18,0.6,1,3,0.0,0.0,0.0,1.0,1.0,0.0,1.0,0.0,0.0,0,1,0,1
POLICY_VALIDATION,BALANCED_STRICT_FDR,TRANSPORT,0.035,18,0.6,12,1,0.0,0.0,0.0,1.0,1.0,0.0,0.9166666666666666,0.0,0.0,0,12,12,24
POLICY_VALIDATION,BALANCED_STRICT_FDR,TRANSPORT,0.035,18,0.6,12,3,0.0,0.0,0.0,1.0,1.0,0.0,0.8333333333333334,0.0,0.0,0,6,6,12
POLICY_VALIDATION,BALANCED_STRICT_FDR,TRANSPORT,0.035,18,0.6,40,5,0.0,0.0,0.0,1.0,1.0,0.0,0.9666666666666667,0.0,0.0,0,60,60,120
POLICY_VALIDATION,BALANCED_STRICT_FDR,TRANSPORT,0.035,54,0.2,1,5,0.0,0.0,1.0,0.0,0.0,0.0031367456483942444,1.0,1.0,1.0,1,1,0,1
POLICY_VALIDATION,BALANCED_STRICT_FDR,TRANSPORT,0.035,54,0.2,12,1,0.0,0.0,0.0,1.0,1.0,0.0,1.0,0.0,0.0,0,0,12,12
POLICY_VALIDATION,BALANCED_STRICT_FDR,TRANSPORT,0.035,54,0.2,12,3,0.0,0.0,0.05555555555555555,0.9722222222222222,0.9444444444444444,0.024849868819147553,0.9444444444444444,1.0,0.05555555555555555,1,18,18,36
POLICY_VALIDATION,BALANCED_STRICT_FDR,TRANSPORT,0.035,54,0.2,40,1,0.0,0.0,0.0,1.0,1.0,0.0,0.975,0.0,0.0,0,0,40,40
POLICY_VALIDATION,BALANCED_STRICT_FDR,TRANSPORT,0.035,54,0.2,40,5,0.0,0.0,0.0,1.0,1.0,0.0,0.95,0.0,0.0,0,20,20,40
POLICY_VALIDATION,BALANCED_STRICT_FDR,TRANSPORT,0.035,54,0.6,1,1,0.0,0.0,0.0,1.0,1.0,0.0,0.6666666666666666,0.0,0.0,0,3,0,3
POLICY_VALIDATION,BALANCED_STRICT_FDR,TRANSPORT,0.035,54,0.6,12,1,0.0,0.0,0.0,1.0,1.0,0.0,0.9166666666666666,0.0,0.0,0,6,6,12
POLICY_VALIDATION,BALANCED_STRICT_FDR,TRANSPORT,0.035,54,0.6,40,3,0.0,0.0,0.0,1.0,1.0,0.0,0.75,0.0,0.0,0,20,20,40
POLICY_VALIDATION,BALANCED_STRICT_FDR,TRANSPORT,0.035,54,0.6,40,5,0.0,0.0,0.25,0.875,0.75,0.005010885632617892,0.9625,1.0,0.25,10,40,40,80
POLICY_VALIDATION,BALANCED_STRICT_FDR,TRANSPORT,0.035,144,0.2,1,1,0.0,0.0,0.0,1.0,1.0,0.0,1.0,0.0,0.0,0,1,0,1
POLICY_VALIDATION,BALANCED_STRICT_FDR,TRANSPORT,0.035,144,0.2,1,3,0.0,0.0,1.0,0.0,0.0,0.002112772208987604,1.0,1.0,1.0,1,1,0,1
POLICY_VALIDATION,BALANCED_STRICT_FDR,TRANSPORT,0.035,144,0.2,12,1,0.0,0.0,0.0,1.0,1.0,0.0,1.0,0.0,0.0,0,6,18,24
POLICY_VALIDATION,BALANCED_STRICT_FDR,TRANSPORT,0.035,144,0.2,40,5,0.0,0.0,0.6666666666666666,0.6666666666666667,0.33333333333333337,0.004086283746463753,0.9,1.0,0.6666666666666666,40,60,60,120
POLICY_VALIDATION,BALANCED_STRICT_FDR,TRANSPORT,0.035,144,0.6,1,1,0.0,0.0,0.0,1.0,1.0,0.0,1.0,0.0,0.0,0,1,0,1
POLICY_VALIDATION,BALANCED_STRICT_FDR,TRANSPORT,0.035,144,0.6,1,5,0.0,0.0,1.0,0.0,0.0,0.0008964655650744099,1.0,1.0,1.0,1,1,0,1
POLICY_VALIDATION,BALANCED_STRICT_FDR,TRANSPORT,0.035,144,0.6,12,3,0.0,0.0,0.4166666666666667,0.7916666666666666,0.5833333333333333,0.0011228312736315707,1.0,1.0,0.4166666666666667,5,12,12,24
POLICY_VALIDATION,BALANCED_STRICT_FDR,TRANSPORT,0.035,144,0.6,40,1,0.0,0.0,0.0,1.0,1.0,0.0,0.95,0.0,0.0,0,20,20,40
POLICY_VALIDATION,BALANCED_STRICT_FDR,TRANSPORT,0.035,144,0.6,40,3,0.0,0.0,1.0,0.5,0.0,0.008619924718508492,0.9,1.0,1.0,20,20,20,40
POLICY_VALIDATION,BALANCED_STRICT_FDR,TRANSPORT,0.075,18,0.2,1,1,0.0,0.0,0.0,1.0,1.0,0.0,0.6666666666666666,0.0,0.0,0,3,0,3
POLICY_VALIDATION,BALANCED_STRICT_FDR,TRANSPORT,0.075,18,0.2,12,5,0.0,0.0,0.0,1.0,1.0,0.0,1.0,0.0,0.0,0,6,6,12
POLICY_VALIDATION,BALANCED_STRICT_FDR,TRANSPORT,0.075,18,0.2,40,3,0.0,0.0,0.0,1.0,1.0,0.0,0.8875,0.0,0.0,0,40,40,80
POLICY_VALIDATION,BALANCED_STRICT_FDR,TRANSPORT,0.075,18,0.9,1,3,0.0,0.0,0.0,1.0,1.0,0.0,1.0,0.0,0.0,0,1,0,1
POLICY_VALIDATION,BALANCED_STRICT_FDR,TRANSPORT,0.075,18,0.9,1,5,0.0,0.0,0.0,1.0,1.0,0.0,1.0,0.0,0.0,0,1,0,1
POLICY_VALIDATION,BALANCED_STRICT_FDR,TRANSPORT,0.075,18,0.9,12,1,0.0,0.0,0.0,1.0,1.0,0.0,1.0,0.0,0.0,0,6,6,12
POLICY_VALIDATION,BALANCED_STRICT_FDR,TRANSPORT,0.075,18,0.9,12,3,0.0,0.0,0.0,1.0,1.0,0.0,0.9583333333333334,0.0,0.0,0,6,18,24
POLICY_VALIDATION,BALANCED_STRICT_FDR,TRANSPORT,0.075,18,0.9,40,5,0.0,0.0,0.0,1.0,1.0,0.0,1.0,0.0,0.0,0,40,40,80
POLICY_VALIDATION,BALANCED_STRICT_FDR,TRANSPORT,0.075,54,0.2,1,5,0.0,0.0,0.5,0.5,0.5,0.03279289919559912,0.5,1.0,0.5,1,2,0,2
POLICY_VALIDATION,BALANCED_STRICT_FDR,TRANSPORT,0.075,54,0.2,12,3,0.0,0.0,0.75,0.625,0.25,0.01302257354798655,0.875,1.0,0.75,18,24,24,48
POLICY_VALIDATION,BALANCED_STRICT_FDR,TRANSPORT,0.075,54,0.2,40,1,0.0,0.0,0.0,1.0,1.0,0.0,0.95,0.0,0.0,0,20,20,40
POLICY_VALIDATION,BALANCED_STRICT_FDR,TRANSPORT,0.075,54,0.9,1,1,0.0,0.0,0.0,1.0,1.0,0.0,1.0,0.0,0.0,0,2,0,2
POLICY_VALIDATION,BALANCED_STRICT_FDR,TRANSPORT,0.075,54,0.9,1,3,0.0,0.0,0.0,1.0,1.0,0.0,1.0,0.0,0.0,0,0,1,1
POLICY_VALIDATION,BALANCED_STRICT_FDR,TRANSPORT,0.075,54,0.9,12,1,0.0,0.0,0.0,1.0,1.0,0.0,1.0,0.0,0.0,0,6,6,12
POLICY_VALIDATION,BALANCED_STRICT_FDR,TRANSPORT,0.075,54,0.9,40,3,0.0,0.0,0.0,1.0,1.0,0.0,1.0,0.0,0.0,0,0,40,40
POLICY_VALIDATION,BALANCED_STRICT_FDR,TRANSPORT,0.075,54,0.9,40,5,0.025,0.07338362326242218,0.5,0.7375,0.5,0.02487328781963298,0.575,0.9523809523809523,0.5,21,40,40,80
POLICY_VALIDATION,BALANCED_STRICT_FDR,TRANSPORT,0.075,144,0.2,1,3,0.0,0.0,0.5,0.5,0.5,0.006565262051700493,1.0,1.0,0.5,1,2,0,2
POLICY_VALIDATION,BALANCED_STRICT_FDR,TRANSPORT,0.075,144,0.2,12,1,0.0,0.0,0.0,1.0,1.0,0.0,0.9583333333333334,0.0,0.0,0,12,12,24
POLICY_VALIDATION,BALANCED_STRICT_FDR,TRANSPORT,0.075,144,0.2,40,5,0.0,0.0,0.3333333333333333,0.8333333333333334,0.6666666666666667,0.003987399969956164,0.9583333333333334,1.0,0.3333333333333333,20,60,60,120
POLICY_VALIDATION,BALANCED_STRICT_FDR,TRANSPORT,0.075,144,0.9,1,1,0.0,0.0,0.0,1.0,1.0,0.0,1.0,0.0,0.0,0,2,0,2
POLICY_VALIDATION,BALANCED_STRICT_FDR,TRANSPORT,0.075,144,0.9,1,5,0.0,0.0,1.0,0.0,0.0,0.009481792086028368,1.0,1.0,1.0,1,1,0,1
POLICY_VALIDATION,BALANCED_STRICT_FDR,TRANSPORT,0.075,144,0.9,12,3,0.0,0.0,1.0,0.75,0.0,0.018809893405469003,1.0,1.0,1.0,6,6,18,24
POLICY_VALIDATION,BALANCED_STRICT_FDR,TRANSPORT,0.075,144,0.9,40,3,0.0,0.0,1.0,0.5,0.0,0.002190034870334392,1.0,1.0,1.0,20,20,20,40
POLICY_VALIDATION,BALANCED_STRICT_REGRET,ITEM_DIAGNOSTICS,0.0,18,0.2,1,1,0.0,0.0,0.0,1.0,1.0,0.0,1.0,0.0,0.0,0,0,1,1
POLICY_VALIDATION,BALANCED_STRICT_REGRET,ITEM_DIAGNOSTICS,0.0,18,0.2,1,5,0.0,0.0,0.0,1.0,1.0,0.0,1.0,0.0,0.0,0,0,1,1
POLICY_VALIDATION,BALANCED_STRICT_REGRET,ITEM_DIAGNOSTICS,0.0,18,0.2,12,3,0.0,0.0,0.0,1.0,1.0,0.0,0.9583333333333334,0.0,0.0,0,0,24,24
POLICY_VALIDATION,BALANCED_STRICT_REGRET,ITEM_DIAGNOSTICS,0.0,18,0.2,40,1,0.0,0.0,0.0,1.0,1.0,0.0,0.9166666666666666,0.0,0.0,0,0,120,120
POLICY_VALIDATION,BALANCED_STRICT_REGRET,ITEM_DIAGNOSTICS,0.0,18,0.6,1,1,0.0,0.0,0.0,1.0,1.0,0.0,1.0,0.0,0.0,0,0,1,1
POLICY_VALIDATION,BALANCED_STRICT_REGRET,ITEM_DIAGNOSTICS,0.0,18,0.6,1,3,0.0,0.0,0.0,1.0,1.0,0.0,0.6666666666666666,0.0,0.0,0,0,3,3
POLICY_VALIDATION,BALANCED_STRICT_REGRET,ITEM_DIAGNOSTICS,0.0,18,0.6,12,1,0.0,0.0,0.0,1.0,1.0,0.0,0.9166666666666666,0.0,0.0,0,0,12,12
POLICY_VALIDATION,BALANCED_STRICT_REGRET,ITEM_DIAGNOSTICS,0.0,18,0.6,12,5,0.0,0.0,0.0,1.0,1.0,0.0,1.0,0.0,0.0,0,0,12,12
POLICY_VALIDATION,BALANCED_STRICT_REGRET,ITEM_DIAGNOSTICS,0.0,18,0.6,40,5,0.0,0.0,0.0,1.0,1.0,0.0,0.975,0.0,0.0,0,0,40,40
POLICY_VALIDATION,BALANCED_STRICT_REGRET,ITEM_DIAGNOSTICS,0.0,54,0.2,1,3,0.0,0.0,0.0,1.0,1.0,0.0,1.0,0.0,0.0,0,0,3,3
POLICY_VALIDATION,BALANCED_STRICT_REGRET,ITEM_DIAGNOSTICS,0.0,54,0.2,12,1,0.0,0.0,0.0,1.0,1.0,0.0,1.0,0.0,0.0,0,0,12,12
POLICY_VALIDATION,BALANCED_STRICT_REGRET,ITEM_DIAGNOSTICS,0.0,54,0.2,40,1,0.0,0.0,0.0,1.0,1.0,0.0,0.925,0.0,0.0,0,0,40,40
POLICY_VALIDATION,BALANCED_STRICT_REGRET,ITEM_DIAGNOSTICS,0.0,54,0.2,40,5,0.025,0.07338362326242218,0.0,0.975,1.0,0.06255299526188639,0.925,0.0,0.0,1,0,40,40
POLICY_VALIDATION,BALANCED_STRICT_REGRET,ITEM_DIAGNOSTICS,0.0,54,0.6,1,1,0.0,0.0,0.0,1.0,1.0,0.0,0.5,0.0,0.0,0,0,2,2
POLICY_VALIDATION,BALANCED_STRICT_REGRET,ITEM_DIAGNOSTICS,0.0,54,0.6,12,3,0.0,0.0,0.0,1.0,1.0,0.0,0.16666666666666666,0.0,0.0,0,0,12,12
POLICY_VALIDATION,BALANCED_STRICT_REGRET,ITEM_DIAGNOSTICS,0.0,54,0.6,12,5,0.0,0.0,0.0,1.0,1.0,0.0,0.9583333333333334,0.0,0.0,0,0,24,24
POLICY_VALIDATION,BALANCED_STRICT_REGRET,ITEM_DIAGNOSTICS,0.0,54,0.6,40,1,0.0,0.0,0.0,1.0,1.0,0.0,0.975,0.0,0.0,0,0,40,40
POLICY_VALIDATION,BALANCED_STRICT_REGRET,ITEM_DIAGNOSTICS,0.0,54,0.6,40,3,0.0,0.0,0.0,1.0,1.0,0.0,0.925,0.0,0.0,0,0,40,40
POLICY_VALIDATION,BALANCED_STRICT_REGRET,ITEM_DIAGNOSTICS,0.0,144,0.2,1,1,0.0,0.0,0.0,1.0,1.0,0.0,1.0,0.0,0.0,0,0,2,2
POLICY_VALIDATION,BALANCED_STRICT_REGRET,ITEM_DIAGNOSTICS,0.0,144,0.2,1,3,0.0,0.0,0.0,1.0,1.0,0.0,1.0,0.0,0.0,0,0,1,1
POLICY_VALIDATION,BALANCED_STRICT_REGRET,ITEM_DIAGNOSTICS,0.0,144,0.2,12,5,0.0,0.0,0.0,1.0,1.0,0.0,0.9444444444444444,0.0,0.0,0,0,36,36
POLICY_VALIDATION,BALANCED_STRICT_REGRET,ITEM_DIAGNOSTICS,0.0,144,0.2,40,3,0.0,0.0,0.0,1.0,1.0,0.0,0.925,0.0,0.0,0,0,40,40
POLICY_VALIDATION,BALANCED_STRICT_REGRET,ITEM_DIAGNOSTICS,0.0,144,0.6,1,3,0.0,0.0,0.0,1.0,1.0,0.0,1.0,0.0,0.0,0,0,2,2
POLICY_VALIDATION,BALANCED_STRICT_REGRET,ITEM_DIAGNOSTICS,0.0,144,0.6,12,3,0.0,0.0,0.0,1.0,1.0,0.0,1.0,0.0,0.0,0,0,12,12
POLICY_VALIDATION,BALANCED_STRICT_REGRET,ITEM_DIAGNOSTICS,0.0,144,0.6,40,1,0.0,0.0,0.0,1.0,1.0,0.0,0.8083333333333333,0.0,0.0,0,0,120,120
POLICY_VALIDATION,BALANCED_STRICT_REGRET,ITEM_DIAGNOSTICS,0.035,18,0.2,1,1,0.0,0.0,0.0,1.0,1.0,0.0,1.0,0.0,0.0,0,1,0,1
POLICY_VALIDATION,BALANCED_STRICT_REGRET,ITEM_DIAGNOSTICS,0.035,18,0.2,12,3,0.0,0.0,0.0,1.0,1.0,0.0,1.0,0.0,0.0,0,6,6,12
POLICY_VALIDATION,BALANCED_STRICT_REGRET,ITEM_DIAGNOSTICS,0.035,18,0.2,12,5,0.0,0.0,0.0,1.0,1.0,0.0,0.875,0.0,0.0,0,12,12,24
POLICY_VALIDATION,BALANCED_STRICT_REGRET,ITEM_DIAGNOSTICS,0.035,18,0.2,40,1,0.0,0.0,0.0,1.0,1.0,0.0,0.925,0.0,0.0,0,60,60,120
POLICY_VALIDATION,BALANCED_STRICT_REGRET,ITEM_DIAGNOSTICS,0.035,18,0.9,1,1,0.0,0.0,0.0,1.0,1.0,0.0,1.0,0.0,0.0,0,1,0,1
POLICY_VALIDATION,BALANCED_STRICT_REGRET,ITEM_DIAGNOSTICS,0.035,18,0.9,1,3,0.0,0.0,0.0,1.0,1.0,0.0,0.6666666666666666,0.0,0.0,0,3,0,3
POLICY_VALIDATION,BALANCED_STRICT_REGRET,ITEM_DIAGNOSTICS,0.035,18,0.9,12,1,0.0,0.0,0.0,1.0,1.0,0.0,1.0,0.0,0.0,0,6,6,12
POLICY_VALIDATION,BALANCED_STRICT_REGRET,ITEM_DIAGNOSTICS,0.035,18,0.9,12,5,0.0,0.0,0.0,1.0,1.0,0.0,1.0,0.0,0.0,0,6,6,12
POLICY_VALIDATION,BALANCED_STRICT_REGRET,ITEM_DIAGNOSTICS,0.035,18,0.9,40,5,0.0,0.0,0.0,1.0,1.0,0.0,1.0,0.0,0.0,0,20,20,40
POLICY_VALIDATION,BALANCED_STRICT_REGRET,ITEM_DIAGNOSTICS,0.035,54,0.2,1,3,0.0,0.0,0.0,1.0,1.0,0.0,1.0,0.0,0.0,0,2,0,2
POLICY_VALIDATION,BALANCED_STRICT_REGRET,ITEM_DIAGNOSTICS,0.035,54,0.2,12,1,0.0,0.0,1.0,0.5,0.0,0.007931925396989909,1.0,1.0,1.0,6,6,6,12
POLICY_VALIDATION,BALANCED_STRICT_REGRET,ITEM_DIAGNOSTICS,0.035,54,0.2,12,3,0.0,0.0,0.6666666666666666,0.6666666666666667,0.33333333333333337,0.005767712539984572,1.0,1.0,0.6666666666666666,4,6,6,12
POLICY_VALIDATION,BALANCED_STRICT_REGRET,ITEM_DIAGNOSTICS,0.035,54,0.2,40,1,0.0,0.0,0.0,1.0,1.0,0.0,0.9,0.0,0.0,0,20,20,40
POLICY_VALIDATION,BALANCED_STRICT_REGRET,ITEM_DIAGNOSTICS,0.035,54,0.2,40,5,0.0,0.0,0.25,0.875,0.75,0.030380633325605,0.95,1.0,0.25,5,20,20,40
POLICY_VALIDATION,BALANCED_STRICT_REGRET,ITEM_DIAGNOSTICS,0.035,54,0.9,1,1,0.0,0.0,0.0,1.0,1.0,0.0,0.5,0.0,0.0,0,2,0,2
POLICY_VALIDATION,BALANCED_STRICT_REGRET,ITEM_DIAGNOSTICS,0.035,54,0.9,12,5,0.05555555555555555,0.16137653438793323,0.3333333333333333,0.8055555555555556,0.6666666666666667,0.027597521041061022,0.6944444444444444,0.8571428571428571,0.3333333333333333,7,18,18,36
POLICY_VALIDATION,BALANCED_STRICT_REGRET,ITEM_DIAGNOSTICS,0.035,54,0.9,40,1,0.0,0.0,0.0,1.0,1.0,0.0,1.0,0.0,0.0,0,20,20,40
POLICY_VALIDATION,BALANCED_STRICT_REGRET,ITEM_DIAGNOSTICS,0.035,54,0.9,40,3,0.0,0.0,0.0,1.0,1.0,0.0,0.95,0.0,0.0,0,20,20,40
POLICY_VALIDATION,BALANCED_STRICT_REGRET,ITEM_DIAGNOSTICS,0.035,144,0.2,1,1,0.0,0.0,1.0,0.0,0.0,0.022552029376885597,0.5,1.0,1.0,2,2,0,2
POLICY_VALIDATION,BALANCED_STRICT_REGRET,ITEM_DIAGNOSTICS,0.035,144,0.2,1,3,0.0,0.0,0.0,1.0,1.0,0.0,1.0,0.0,0.0,0,1,0,1
POLICY_VALIDATION,BALANCED_STRICT_REGRET,ITEM_DIAGNOSTICS,0.035,144,0.2,12,5,0.0,0.0,0.0,1.0,1.0,0.0,0.6944444444444444,0.0,0.0,0,18,18,36
POLICY_VALIDATION,BALANCED_STRICT_REGRET,ITEM_DIAGNOSTICS,0.035,144,0.2,40,3,0.0,0.0,0.0,1.0,1.0,0.0,0.925,0.0,0.0,0,20,20,40
POLICY_VALIDATION,BALANCED_STRICT_REGRET,ITEM_DIAGNOSTICS,0.035,144,0.9,1,5,0.0,0.0,0.0,1.0,1.0,0.0,0.0,0.0,0.0,0,1,0,1
POLICY_VALIDATION,BALANCED_STRICT_REGRET,ITEM_DIAGNOSTICS,0.035,144,0.9,12,3,0.0,0.0,0.0,1.0,1.0,0.0,1.0,0.0,0.0,0,12,12,24
POLICY_VALIDATION,BALANCED_STRICT_REGRET,ITEM_DIAGNOSTICS,0.035,144,0.9,40,1,0.0,0.0,0.3333333333333333,0.8333333333333334,0.6666666666666667,0.029213698174629026,0.8,1.0,0.3333333333333333,20,60,60,120
POLICY_VALIDATION,BALANCED_STRICT_REGRET,ITEM_DIAGNOSTICS,0.075,18,0.6,1,1,0.0,0.0,0.0,1.0,1.0,0.0,1.0,0.0,0.0,0,1,0,1
POLICY_VALIDATION,BALANCED_STRICT_REGRET,ITEM_DIAGNOSTICS,0.075,18,0.6,12,3,0.0,0.0,0.0,1.0,1.0,0.0,1.0,0.0,0.0,0,6,6,12
POLICY_VALIDATION,BALANCED_STRICT_REGRET,ITEM_DIAGNOSTICS,0.075,18,0.6,12,5,0.0,0.0,0.0,1.0,1.0,0.0,0.9583333333333334,0.0,0.0,0,12,12,24
POLICY_VALIDATION,BALANCED_STRICT_REGRET,ITEM_DIAGNOSTICS,0.075,18,0.6,40,1,0.0,0.0,0.0,1.0,1.0,0.0,0.95,0.0,0.0,0,40,40,80
POLICY_VALIDATION,BALANCED_STRICT_REGRET,ITEM_DIAGNOSTICS,0.075,18,0.6,40,3,0.0,0.0,0.0,1.0,1.0,0.0,0.975,0.0,0.0,0,20,20,40
POLICY_VALIDATION,BALANCED_STRICT_REGRET,ITEM_DIAGNOSTICS,0.075,18,0.9,1,3,0.0,0.0,0.0,1.0,1.0,0.0,1.0,0.0,0.0,0,4,0,4
POLICY_VALIDATION,BALANCED_STRICT_REGRET,ITEM_DIAGNOSTICS,0.075,18,0.9,12,1,0.0,0.0,0.0,1.0,1.0,0.0,1.0,0.0,0.0,0,6,6,12
POLICY_VALIDATION,BALANCED_STRICT_REGRET,ITEM_DIAGNOSTICS,0.075,18,0.9,40,5,0.0,0.0,0.0,1.0,1.0,0.0,0.975,0.0,0.0,0,40,40,80
POLICY_VALIDATION,BALANCED_STRICT_REGRET,ITEM_DIAGNOSTICS,0.075,54,0.6,1,3,0.0,0.0,0.5,0.5,0.5,0.019999218933870105,1.0,1.0,0.5,1,2,0,2
POLICY_VALIDATION,BALANCED_STRICT_REGRET,ITEM_DIAGNOSTICS,0.075,54,0.6,12,3,0.0,0.0,1.0,0.5,0.0,0.003980362953870743,0.9166666666666666,1.0,1.0,6,6,6,12
POLICY_VALIDATION,BALANCED_STRICT_REGRET,ITEM_DIAGNOSTICS,0.075,54,0.6,40,1,0.0,0.0,0.0,1.0,1.0,0.0,0.95,0.0,0.0,0,40,40,80
POLICY_VALIDATION,BALANCED_STRICT_REGRET,ITEM_DIAGNOSTICS,0.075,54,0.6,40,5,0.0,0.0,0.0,1.0,1.0,0.0,0.975,0.0,0.0,0,20,20,40
POLICY_VALIDATION,BALANCED_STRICT_REGRET,ITEM_DIAGNOSTICS,0.075,54,0.9,1,1,0.0,0.0,0.5,0.5,0.5,0.006640436787043583,1.0,1.0,0.5,1,2,0,2
POLICY_VALIDATION,BALANCED_STRICT_REGRET,ITEM_DIAGNOSTICS,0.075,54,0.9,12,5,0.0,0.0,0.3333333333333333,0.8333333333333334,0.6666666666666667,0.012640497035934792,0.7222222222222222,1.0,0.3333333333333333,6,18,18,36
POLICY_VALIDATION,BALANCED_STRICT_REGRET,ITEM_DIAGNOSTICS,0.075,54,0.9,40,3,0.0,0.0,0.0,1.0,1.0,0.0,1.0,0.0,0.0,0,40,40,80
POLICY_VALIDATION,BALANCED_STRICT_REGRET,ITEM_DIAGNOSTICS,0.075,144,0.6,1,1,0.0,0.0,0.0,1.0,1.0,0.0,1.0,0.0,0.0,0,1,0,1
POLICY_VALIDATION,BALANCED_STRICT_REGRET,ITEM_DIAGNOSTICS,0.075,144,0.6,1,3,0.0,0.0,0.0,1.0,1.0,0.0,1.0,0.0,0.0,0,2,0,2
POLICY_VALIDATION,BALANCED_STRICT_REGRET,ITEM_DIAGNOSTICS,0.075,144,0.6,12,5,0.0,0.0,0.5,0.75,0.5,0.019180805846413847,0.4166666666666667,1.0,0.5,6,12,12,24
POLICY_VALIDATION,BALANCED_STRICT_REGRET,ITEM_DIAGNOSTICS,0.075,144,0.6,40,3,0.0,0.0,0.0,1.0,1.0,0.0,0.95,0.0,0.0,0,20,20,40
POLICY_VALIDATION,BALANCED_STRICT_REGRET,ITEM_DIAGNOSTICS,0.075,144,0.6,40,5,0.0,0.0,0.0,1.0,1.0,0.0,0.725,0.0,0.0,0,20,20,40
POLICY_VALIDATION,BALANCED_STRICT_REGRET,ITEM_DIAGNOSTICS,0.075,144,0.9,1,5,0.0,0.0,0.0,1.0,1.0,0.0,1.0,0.0,0.0,0,1,0,1
POLICY_VALIDATION,BALANCED_STRICT_REGRET,ITEM_DIAGNOSTICS,0.075,144,0.9,12,3,0.0,0.0,0.5,0.75,0.5,0.012419726827043722,1.0,1.0,0.5,6,12,12,24
POLICY_VALIDATION,BALANCED_STRICT_REGRET,ITEM_DIAGNOSTICS,0.075,144,0.9,40,1,0.0,0.0,0.6666666666666666,0.6666666666666667,0.33333333333333337,0.005032281531514598,0.9,1.0,0.6666666666666666,40,60,60,120
POLICY_VALIDATION,BALANCED_STRICT_REGRET,PRIMARY_PAIRWISE,0.0,18,0.2,1,1,0.0,0.0,0.0,1.0,1.0,0.0,1.0,0.0,0.0,0,0,1,1
POLICY_VALIDATION,BALANCED_STRICT_REGRET,PRIMARY_PAIRWISE,0.0,18,0.2,1,5,0.0,0.0,0.0,1.0,1.0,0.0,1.0,0.0,0.0,0,0,1,1
POLICY_VALIDATION,BALANCED_STRICT_REGRET,PRIMARY_PAIRWISE,0.0,18,0.2,12,3,0.0,0.0,0.0,1.0,1.0,0.0,0.9166666666666666,0.0,0.0,0,0,24,24
POLICY_VALIDATION,BALANCED_STRICT_REGRET,PRIMARY_PAIRWISE,0.0,18,0.2,40,1,0.0,0.0,0.0,1.0,1.0,0.0,0.9333333333333333,0.0,0.0,0,0,120,120
POLICY_VALIDATION,BALANCED_STRICT_REGRET,PRIMARY_PAIRWISE,0.0,18,0.6,1,1,0.0,0.0,0.0,1.0,1.0,0.0,0.0,0.0,0.0,0,0,1,1
POLICY_VALIDATION,BALANCED_STRICT_REGRET,PRIMARY_PAIRWISE,0.0,18,0.6,1,3,0.0,0.0,0.0,1.0,1.0,0.0,0.3333333333333333,0.0,0.0,0,0,3,3
POLICY_VALIDATION,BALANCED_STRICT_REGRET,PRIMARY_PAIRWISE,0.0,18,0.6,12,1,0.0,0.0,0.0,1.0,1.0,0.0,1.0,0.0,0.0,0,0,12,12
POLICY_VALIDATION,BALANCED_STRICT_REGRET,PRIMARY_PAIRWISE,0.0,18,0.6,12,5,0.0,0.0,0.0,1.0,1.0,0.0,1.0,0.0,0.0,0,0,12,12
POLICY_VALIDATION,BALANCED_STRICT_REGRET,PRIMARY_PAIRWISE,0.0,18,0.6,40,5,0.0,0.0,0.0,1.0,1.0,0.0,0.925,0.0,0.0,0,0,40,40
POLICY_VALIDATION,BALANCED_STRICT_REGRET,PRIMARY_PAIRWISE,0.0,54,0.2,1,3,0.0,0.0,0.0,1.0,1.0,0.0,0.3333333333333333,0.0,0.0,0,0,3,3
POLICY_VALIDATION,BALANCED_STRICT_REGRET,PRIMARY_PAIRWISE,0.0,54,0.2,12,1,0.0,0.0,0.0,1.0,1.0,0.0,1.0,0.0,0.0,0,0,12,12
POLICY_VALIDATION,BALANCED_STRICT_REGRET,PRIMARY_PAIRWISE,0.0,54,0.2,40,1,0.0,0.0,0.0,1.0,1.0,0.0,0.825,0.0,0.0,0,0,40,40
POLICY_VALIDATION,BALANCED_STRICT_REGRET,PRIMARY_PAIRWISE,0.0,54,0.2,40,5,0.0,0.0,0.0,1.0,1.0,0.0,0.875,0.0,0.0,0,0,40,40
POLICY_VALIDATION,BALANCED_STRICT_REGRET,PRIMARY_PAIRWISE,0.0,54,0.6,1,1,0.0,0.0,0.0,1.0,1.0,0.0,1.0,0.0,0.0,0,0,2,2
POLICY_VALIDATION,BALANCED_STRICT_REGRET,PRIMARY_PAIRWISE,0.0,54,0.6,12,3,0.0,0.0,0.0,1.0,1.0,0.0,0.5,0.0,0.0,0,0,12,12
POLICY_VALIDATION,BALANCED_STRICT_REGRET,PRIMARY_PAIRWISE,0.0,54,0.6,12,5,0.041666666666666664,0.12161384251375915,0.0,0.9583333333333334,1.0,0.039765644896095645,0.9166666666666666,0.0,0.0,1,0,24,24
POLICY_VALIDATION,BALANCED_STRICT_REGRET,PRIMARY_PAIRWISE,0.0,54,0.6,40,1,0.0,0.0,0.0,1.0,1.0,0.0,0.975,0.0,0.0,0,0,40,40
POLICY_VALIDATION,BALANCED_STRICT_REGRET,PRIMARY_PAIRWISE,0.0,54,0.6,40,3,0.0,0.0,0.0,1.0,1.0,0.0,1.0,0.0,0.0,0,0,40,40
POLICY_VALIDATION,BALANCED_STRICT_REGRET,PRIMARY_PAIRWISE,0.0,144,0.2,1,1,0.0,0.0,0.0,1.0,1.0,0.0,1.0,0.0,0.0,0,0,2,2
POLICY_VALIDATION,BALANCED_STRICT_REGRET,PRIMARY_PAIRWISE,0.0,144,0.2,1,3,0.0,0.0,0.0,1.0,1.0,0.0,1.0,0.0,0.0,0,0,1,1
POLICY_VALIDATION,BALANCED_STRICT_REGRET,PRIMARY_PAIRWISE,0.0,144,0.2,12,5,0.0,0.0,0.0,1.0,1.0,0.0,0.8611111111111112,0.0,0.0,0,0,36,36
POLICY_VALIDATION,BALANCED_STRICT_REGRET,PRIMARY_PAIRWISE,0.0,144,0.2,40,3,0.0,0.0,0.0,1.0,1.0,0.0,0.9,0.0,0.0,0,0,40,40
POLICY_VALIDATION,BALANCED_STRICT_REGRET,PRIMARY_PAIRWISE,0.0,144,0.6,1,3,0.0,0.0,0.0,1.0,1.0,0.0,0.5,0.0,0.0,0,0,2,2
POLICY_VALIDATION,BALANCED_STRICT_REGRET,PRIMARY_PAIRWISE,0.0,144,0.6,12,3,0.0,0.0,0.0,1.0,1.0,0.0,0.6666666666666666,0.0,0.0,0,0,12,12
POLICY_VALIDATION,BALANCED_STRICT_REGRET,PRIMARY_PAIRWISE,0.0,144,0.6,40,1,0.0,0.0,0.0,1.0,1.0,0.0,0.9166666666666666,0.0,0.0,0,0,120,120
POLICY_VALIDATION,BALANCED_STRICT_REGRET,PRIMARY_PAIRWISE,0.035,18,0.2,1,1,0.0,0.0,0.0,1.0,1.0,0.0,1.0,0.0,0.0,0,1,0,1
POLICY_VALIDATION,BALANCED_STRICT_REGRET,PRIMARY_PAIRWISE,0.035,18,0.2,12,3,0.0,0.0,0.0,1.0,1.0,0.0,1.0,0.0,0.0,0,6,6,12
POLICY_VALIDATION,BALANCED_STRICT_REGRET,PRIMARY_PAIRWISE,0.035,18,0.2,12,5,0.0,0.0,0.0,1.0,1.0,0.0,0.9166666666666666,0.0,0.0,0,12,12,24
POLICY_VALIDATION,BALANCED_STRICT_REGRET,PRIMARY_PAIRWISE,0.035,18,0.2,40,1,0.0,0.0,0.0,1.0,1.0,0.0,0.875,0.0,0.0,0,60,60,120
POLICY_VALIDATION,BALANCED_STRICT_REGRET,PRIMARY_PAIRWISE,0.035,18,0.9,1,1,0.0,0.0,0.0,1.0,1.0,0.0,1.0,0.0,0.0,0,1,0,1
POLICY_VALIDATION,BALANCED_STRICT_REGRET,PRIMARY_PAIRWISE,0.035,18,0.9,1,3,0.0,0.0,0.0,1.0,1.0,0.0,1.0,0.0,0.0,0,3,0,3
POLICY_VALIDATION,BALANCED_STRICT_REGRET,PRIMARY_PAIRWISE,0.035,18,0.9,12,1,0.0,0.0,0.0,1.0,1.0,0.0,1.0,0.0,0.0,0,6,6,12
POLICY_VALIDATION,BALANCED_STRICT_REGRET,PRIMARY_PAIRWISE,0.035,18,0.9,12,5,0.0,0.0,0.0,1.0,1.0,0.0,0.9166666666666666,0.0,0.0,0,6,6,12
POLICY_VALIDATION,BALANCED_STRICT_REGRET,PRIMARY_PAIRWISE,0.035,18,0.9,40,5,0.0,0.0,0.0,1.0,1.0,0.0,1.0,0.0,0.0,0,20,20,40
POLICY_VALIDATION,BALANCED_STRICT_REGRET,PRIMARY_PAIRWISE,0.035,54,0.2,1,3,0.0,0.0,0.5,0.5,0.5,0.023117037841660464,1.0,1.0,0.5,1,2,0,2
POLICY_VALIDATION,BALANCED_STRICT_REGRET,PRIMARY_PAIRWISE,0.035,54,0.2,12,1,0.0,0.0,0.3333333333333333,0.8333333333333334,0.6666666666666667,0.0005384117591808076,0.9166666666666666,1.0,0.3333333333333333,2,6,6,12
POLICY_VALIDATION,BALANCED_STRICT_REGRET,PRIMARY_PAIRWISE,0.035,54,0.2,12,3,0.0,0.0,0.16666666666666666,0.9166666666666666,0.8333333333333334,0.0025026262566268526,0.9166666666666666,1.0,0.16666666666666666,1,6,6,12
POLICY_VALIDATION,BALANCED_STRICT_REGRET,PRIMARY_PAIRWISE,0.035,54,0.2,40,1,0.0,0.0,0.0,1.0,1.0,0.0,0.9,0.0,0.0,0,20,20,40
POLICY_VALIDATION,BALANCED_STRICT_REGRET,PRIMARY_PAIRWISE,0.035,54,0.2,40,5,0.05,0.14551858457912786,0.6,0.675,0.4,0.021174151213135525,0.9,0.9230769230769231,0.6,13,20,20,40
POLICY_VALIDATION,BALANCED_STRICT_REGRET,PRIMARY_PAIRWISE,0.035,54,0.9,1,1,0.0,0.0,0.0,1.0,1.0,0.0,1.0,0.0,0.0,0,2,0,2
POLICY_VALIDATION,BALANCED_STRICT_REGRET,PRIMARY_PAIRWISE,0.035,54,0.9,12,5,0.0,0.0,0.3333333333333333,0.8333333333333334,0.6666666666666667,0.0067558836394841434,0.6666666666666666,1.0,0.3333333333333333,6,18,18,36
POLICY_VALIDATION,BALANCED_STRICT_REGRET,PRIMARY_PAIRWISE,0.035,54,0.9,40,1,0.0,0.0,0.0,1.0,1.0,0.0,0.975,0.0,0.0,0,20,20,40
POLICY_VALIDATION,BALANCED_STRICT_REGRET,PRIMARY_PAIRWISE,0.035,54,0.9,40,3,0.0,0.0,0.0,1.0,1.0,0.0,1.0,0.0,0.0,0,20,20,40
POLICY_VALIDATION,BALANCED_STRICT_REGRET,PRIMARY_PAIRWISE,0.035,144,0.2,1,1,0.0,0.0,1.0,0.0,0.0,0.0025298708918861657,1.0,1.0,1.0,2,2,0,2
POLICY_VALIDATION,BALANCED_STRICT_REGRET,PRIMARY_PAIRWISE,0.035,144,0.2,1,3,0.0,0.0,0.0,1.0,1.0,0.0,1.0,0.0,0.0,0,1,0,1
POLICY_VALIDATION,BALANCED_STRICT_REGRET,PRIMARY_PAIRWISE,0.035,144,0.2,12,5,0.0,0.0,0.16666666666666666,0.9166666666666666,0.8333333333333334,0.026872693918218254,0.9444444444444444,1.0,0.16666666666666666,3,18,18,36
POLICY_VALIDATION,BALANCED_STRICT_REGRET,PRIMARY_PAIRWISE,0.035,144,0.2,40,3,0.0,0.0,0.0,1.0,1.0,0.0,0.975,0.0,0.0,0,20,20,40
POLICY_VALIDATION,BALANCED_STRICT_REGRET,PRIMARY_PAIRWISE,0.035,144,0.9,1,5,0.0,0.0,0.0,1.0,1.0,0.0,1.0,0.0,0.0,0,1,0,1
POLICY_VALIDATION,BALANCED_STRICT_REGRET,PRIMARY_PAIRWISE,0.035,144,0.9,12,3,0.0,0.0,0.5,0.75,0.5,0.0026563496164179385,1.0,1.0,0.5,6,12,12,24
POLICY_VALIDATION,BALANCED_STRICT_REGRET,PRIMARY_PAIRWISE,0.035,144,0.9,40,1,0.0,0.0,0.3,0.85,0.7,0.017603775933965688,0.9833333333333333,1.0,0.3,18,60,60,120
POLICY_VALIDATION,BALANCED_STRICT_REGRET,PRIMARY_PAIRWISE,0.075,18,0.6,1,1,0.0,0.0,0.0,1.0,1.0,0.0,1.0,0.0,0.0,0,1,0,1
POLICY_VALIDATION,BALANCED_STRICT_REGRET,PRIMARY_PAIRWISE,0.075,18,0.6,12,3,0.0,0.0,0.0,1.0,1.0,0.0,0.8333333333333334,0.0,0.0,0,6,6,12
POLICY_VALIDATION,BALANCED_STRICT_REGRET,PRIMARY_PAIRWISE,0.075,18,0.6,12,5,0.0,0.0,0.0,1.0,1.0,0.0,0.9583333333333334,0.0,0.0,0,12,12,24
POLICY_VALIDATION,BALANCED_STRICT_REGRET,PRIMARY_PAIRWISE,0.075,18,0.6,40,1,0.0,0.0,0.0,1.0,1.0,0.0,0.5875,0.0,0.0,0,40,40,80
POLICY_VALIDATION,BALANCED_STRICT_REGRET,PRIMARY_PAIRWISE,0.075,18,0.6,40,3,0.0,0.0,0.0,1.0,1.0,0.0,0.925,0.0,0.0,0,20,20,40
POLICY_VALIDATION,BALANCED_STRICT_REGRET,PRIMARY_PAIRWISE,0.075,18,0.9,1,3,0.0,0.0,0.0,1.0,1.0,0.0,1.0,0.0,0.0,0,4,0,4
POLICY_VALIDATION,BALANCED_STRICT_REGRET,PRIMARY_PAIRWISE,0.075,18,0.9,12,1,0.0,0.0,0.0,1.0,1.0,0.0,0.8333333333333334,0.0,0.0,0,6,6,12
POLICY_VALIDATION,BALANCED_STRICT_REGRET,PRIMARY_PAIRWISE,0.075,18,0.9,40,5,0.0,0.0,0.0,1.0,1.0,0.0,1.0,0.0,0.0,0,40,40,80
POLICY_VALIDATION,BALANCED_STRICT_REGRET,PRIMARY_PAIRWISE,0.075,54,0.6,1,3,0.0,0.0,0.5,0.5,0.5,0.008131772772816029,0.5,1.0,0.5,1,2,0,2
POLICY_VALIDATION,BALANCED_STRICT_REGRET,PRIMARY_PAIRWISE,0.075,54,0.6,12,3,0.0,0.0,1.0,0.5,0.0,0.010641430707514532,1.0,1.0,1.0,6,6,6,12
POLICY_VALIDATION,BALANCED_STRICT_REGRET,PRIMARY_PAIRWISE,0.075,54,0.6,40,1,0.0,0.0,0.5,0.75,0.5,0.013455798601555958,0.975,1.0,0.5,20,40,40,80
POLICY_VALIDATION,BALANCED_STRICT_REGRET,PRIMARY_PAIRWISE,0.075,54,0.6,40,5,0.0,0.0,0.0,1.0,1.0,0.0,0.85,0.0,0.0,0,20,20,40
POLICY_VALIDATION,BALANCED_STRICT_REGRET,PRIMARY_PAIRWISE,0.075,54,0.9,1,1,0.0,0.0,0.5,0.5,0.5,0.0034537003082208556,1.0,1.0,0.5,1,2,0,2
POLICY_VALIDATION,BALANCED_STRICT_REGRET,PRIMARY_PAIRWISE,0.075,54,0.9,12,5,0.0,0.0,0.3333333333333333,0.8333333333333334,0.6666666666666667,0.008496044774592867,0.6666666666666666,1.0,0.3333333333333333,6,18,18,36
POLICY_VALIDATION,BALANCED_STRICT_REGRET,PRIMARY_PAIRWISE,0.075,54,0.9,40,3,0.0,0.0,0.0,1.0,1.0,0.0,0.9875,0.0,0.0,0,40,40,80
POLICY_VALIDATION,BALANCED_STRICT_REGRET,PRIMARY_PAIRWISE,0.075,144,0.6,1,1,0.0,0.0,0.0,1.0,1.0,0.0,1.0,0.0,0.0,0,1,0,1
POLICY_VALIDATION,BALANCED_STRICT_REGRET,PRIMARY_PAIRWISE,0.075,144,0.6,1,3,0.0,0.0,0.5,0.5,0.5,0.0198012102719083,1.0,1.0,0.5,1,2,0,2
POLICY_VALIDATION,BALANCED_STRICT_REGRET,PRIMARY_PAIRWISE,0.075,144,0.6,12,5,0.0,0.0,0.5,0.75,0.5,0.019504416407083603,0.9583333333333334,1.0,0.5,6,12,12,24
POLICY_VALIDATION,BALANCED_STRICT_REGRET,PRIMARY_PAIRWISE,0.075,144,0.6,40,3,0.0,0.0,0.0,1.0,1.0,0.0,0.275,0.0,0.0,0,20,20,40
POLICY_VALIDATION,BALANCED_STRICT_REGRET,PRIMARY_PAIRWISE,0.075,144,0.6,40,5,0.0,0.0,0.0,1.0,1.0,0.0,0.975,0.0,0.0,0,20,20,40
POLICY_VALIDATION,BALANCED_STRICT_REGRET,PRIMARY_PAIRWISE,0.075,144,0.9,1,5,0.0,0.0,0.0,1.0,1.0,0.0,1.0,0.0,0.0,0,1,0,1
POLICY_VALIDATION,BALANCED_STRICT_REGRET,PRIMARY_PAIRWISE,0.075,144,0.9,12,3,0.0,0.0,0.5,0.75,0.5,0.008133912448495456,1.0,1.0,0.5,6,12,12,24
POLICY_VALIDATION,BALANCED_STRICT_REGRET,PRIMARY_PAIRWISE,0.075,144,0.9,40,1,0.0,0.0,0.6666666666666666,0.6666666666666667,0.33333333333333337,0.0027457238013175777,1.0,1.0,0.6666666666666666,40,60,60,120
POLICY_VALIDATION,BALANCED_STRICT_REGRET,REPAIR,0.0,18,0.2,1,3,0.0,0.0,0.0,1.0,1.0,0.0,1.0,0.0,0.0,0,0,1,1
POLICY_VALIDATION,BALANCED_STRICT_REGRET,REPAIR,0.0,18,0.2,1,5,0.0,0.0,0.0,1.0,1.0,0.0,1.0,0.0,0.0,0,0,2,2
POLICY_VALIDATION,BALANCED_STRICT_REGRET,REPAIR,0.0,18,0.2,12,1,0.0,0.0,0.0,1.0,1.0,0.0,0.9166666666666666,0.0,0.0,0,0,12,12
POLICY_VALIDATION,BALANCED_STRICT_REGRET,REPAIR,0.0,18,0.2,12,3,0.0,0.0,0.0,1.0,1.0,0.0,0.9166666666666666,0.0,0.0,0,0,12,12
POLICY_VALIDATION,BALANCED_STRICT_REGRET,REPAIR,0.0,18,0.2,40,1,0.0,0.0,0.0,1.0,1.0,0.0,0.925,0.0,0.0,0,0,80,80
POLICY_VALIDATION,BALANCED_STRICT_REGRET,REPAIR,0.0,18,0.9,1,1,0.0,0.0,0.0,1.0,1.0,0.0,1.0,0.0,0.0,0,0,1,1
POLICY_VALIDATION,BALANCED_STRICT_REGRET,REPAIR,0.0,18,0.9,12,1,0.0,0.0,0.0,1.0,1.0,0.0,1.0,0.0,0.0,0,0,12,12
POLICY_VALIDATION,BALANCED_STRICT_REGRET,REPAIR,0.0,18,0.9,12,5,0.0,0.0,0.0,1.0,1.0,0.0,0.9166666666666666,0.0,0.0,0,0,12,12
POLICY_VALIDATION,BALANCED_STRICT_REGRET,REPAIR,0.0,18,0.9,40,3,0.0,0.0,0.0,1.0,1.0,0.0,0.7,0.0,0.0,0,0,120,120
POLICY_VALIDATION,BALANCED_STRICT_REGRET,REPAIR,0.0,54,0.2,1,3,0.0,0.0,0.0,1.0,1.0,0.0,1.0,0.0,0.0,0,0,1,1
POLICY_VALIDATION,BALANCED_STRICT_REGRET,REPAIR,0.0,54,0.2,12,1,0.0,0.0,0.0,1.0,1.0,0.0,0.9444444444444444,0.0,0.0,0,0,36,36
POLICY_VALIDATION,BALANCED_STRICT_REGRET,REPAIR,0.0,54,0.2,40,3,0.0125,0.036846393470080945,0.0,0.9875,1.0,0.04638794712789929,0.85,0.0,0.0,1,0,80,80
POLICY_VALIDATION,BALANCED_STRICT_REGRET,REPAIR,0.0,54,0.9,1,5,0.0,0.0,0.0,1.0,1.0,0.0,0.6666666666666666,0.0,0.0,0,0,3,3
POLICY_VALIDATION,BALANCED_STRICT_REGRET,REPAIR,0.0,54,0.9,12,3,0.0,0.0,0.0,1.0,1.0,0.0,1.0,0.0,0.0,0,0,12,12
POLICY_VALIDATION,BALANCED_STRICT_REGRET,REPAIR,0.0,54,0.9,40,1,0.0,0.0,0.0,1.0,1.0,0.0,1.0,0.0,0.0,0,0,80,80
POLICY_VALIDATION,BALANCED_STRICT_REGRET,REPAIR,0.0,54,0.9,40,3,0.0,0.0,0.0,1.0,1.0,0.0,0.975,0.0,0.0,0,0,40,40
POLICY_VALIDATION,BALANCED_STRICT_REGRET,REPAIR,0.0,144,0.2,1,1,0.0,0.0,0.0,1.0,1.0,0.0,1.0,0.0,0.0,0,0,1,1
POLICY_VALIDATION,BALANCED_STRICT_REGRET,REPAIR,0.0,144,0.2,1,5,0.0,0.0,0.0,1.0,1.0,0.0,1.0,0.0,0.0,0,0,1,1
POLICY_VALIDATION,BALANCED_STRICT_REGRET,REPAIR,0.0,144,0.2,12,5,0.0,0.0,0.0,1.0,1.0,0.0,0.9166666666666666,0.0,0.0,0,0,12,12
POLICY_VALIDATION,BALANCED_STRICT_REGRET,REPAIR,0.0,144,0.2,40,1,0.0,0.0,0.0,1.0,1.0,0.0,0.9,0.0,0.0,0,0,40,40
POLICY_VALIDATION,BALANCED_STRICT_REGRET,REPAIR,0.0,144,0.2,40,3,0.0,0.0,0.0,1.0,1.0,0.0,0.9083333333333333,0.0,0.0,0,0,120,120
POLICY_VALIDATION,BALANCED_STRICT_REGRET,REPAIR,0.0,144,0.9,1,3,0.0,0.0,0.0,1.0,1.0,0.0,1.0,0.0,0.0,0,0,2,2
POLICY_VALIDATION,BALANCED_STRICT_REGRET,REPAIR,0.0,144,0.9,12,1,0.0,0.0,0.0,1.0,1.0,0.0,0.9722222222222222,0.0,0.0,0,0,36,36
POLICY_VALIDATION,BALANCED_STRICT_REGRET,REPAIR,0.0,144,0.9,40,1,0.0,0.0,0.0,1.0,1.0,0.0,1.0,0.0,0.0,0,0,40,40
POLICY_VALIDATION,BALANCED_STRICT_REGRET,REPAIR,0.0,144,0.9,40,5,0.0,0.0,0.0,1.0,1.0,0.0,1.0,0.0,0.0,0,0,40,40
POLICY_VALIDATION,BALANCED_STRICT_REGRET,REPAIR,0.035,18,0.6,1,5,0.0,0.0,0.0,1.0,1.0,0.0,0.6666666666666666,0.0,0.0,0,3,0,3
POLICY_VALIDATION,BALANCED_STRICT_REGRET,REPAIR,0.035,18,0.6,12,1,0.0,0.0,0.0,1.0,1.0,0.0,0.8333333333333334,0.0,0.0,0,6,6,12
POLICY_VALIDATION,BALANCED_STRICT_REGRET,REPAIR,0.035,18,0.6,12,3,0.0,0.0,0.0,1.0,1.0,0.0,1.0,0.0,0.0,0,6,6,12
POLICY_VALIDATION,BALANCED_STRICT_REGRET,REPAIR,0.035,18,0.6,40,1,0.0,0.0,0.0,1.0,1.0,0.0,0.925,0.0,0.0,0,40,40,80
POLICY_VALIDATION,BALANCED_STRICT_REGRET,REPAIR,0.035,18,0.9,1,1,0.0,0.0,0.0,1.0,1.0,0.0,1.0,0.0,0.0,0,1,0,1
POLICY_VALIDATION,BALANCED_STRICT_REGRET,REPAIR,0.035,18,0.9,1,3,0.0,0.0,0.0,1.0,1.0,0.0,0.0,0.0,0.0,0,1,0,1
POLICY_VALIDATION,BALANCED_STRICT_REGRET,REPAIR,0.035,18,0.9,12,1,0.0,0.0,0.0,1.0,1.0,0.0,0.9166666666666666,0.0,0.0,0,6,6,12
POLICY_VALIDATION,BALANCED_STRICT_REGRET,REPAIR,0.035,18,0.9,12,5,0.0,0.0,0.0,1.0,1.0,0.0,1.0,0.0,0.0,0,6,6,12
POLICY_VALIDATION,BALANCED_STRICT_REGRET,REPAIR,0.035,18,0.9,40,3,0.0,0.0,0.0,1.0,1.0,0.0,1.0,0.0,0.0,0,40,40,80
POLICY_VALIDATION,BALANCED_STRICT_REGRET,REPAIR,0.035,54,0.6,1,3,0.0,0.0,0.0,1.0,1.0,0.0,0.5,0.0,0.0,0,2,0,2
POLICY_VALIDATION,BALANCED_STRICT_REGRET,REPAIR,0.035,54,0.6,12,1,0.0,0.0,0.0,1.0,1.0,0.0,0.9166666666666666,0.0,0.0,0,18,18,36
POLICY_VALIDATION,BALANCED_STRICT_REGRET,REPAIR,0.035,54,0.6,40,5,0.0,0.0,0.0,1.0,1.0,0.0,0.85,0.0,0.0,0,20,20,40
POLICY_VALIDATION,BALANCED_STRICT_REGRET,REPAIR,0.035,54,0.9,1,5,0.0,0.0,0.0,1.0,1.0,0.0,1.0,0.0,0.0,0,3,0,3
POLICY_VALIDATION,BALANCED_STRICT_REGRET,REPAIR,0.035,54,0.9,12,3,0.0,0.0,0.0,1.0,1.0,0.0,0.6666666666666666,0.0,0.0,0,6,6,12
POLICY_VALIDATION,BALANCED_STRICT_REGRET,REPAIR,0.035,54,0.9,40,1,0.0,0.0,0.5,0.75,0.5,0.014882293442588252,0.9625,1.0,0.5,20,40,40,80
POLICY_VALIDATION,BALANCED_STRICT_REGRET,REPAIR,0.035,54,0.9,40,3,0.0,0.0,0.0,1.0,1.0,0.0,1.0,0.0,0.0,0,20,20,40
POLICY_VALIDATION,BALANCED_STRICT_REGRET,REPAIR,0.035,144,0.6,1,1,0.0,0.0,0.0,1.0,1.0,0.0,1.0,0.0,0.0,0,1,0,1
POLICY_VALIDATION,BALANCED_STRICT_REGRET,REPAIR,0.035,144,0.6,1,5,0.0,0.0,0.0,1.0,1.0,0.0,1.0,0.0,0.0,0,1,0,1
POLICY_VALIDATION,BALANCED_STRICT_REGRET,REPAIR,0.035,144,0.6,12,5,0.0,0.0,0.0,1.0,1.0,0.0,0.9166666666666666,0.0,0.0,0,6,6,12
POLICY_VALIDATION,BALANCED_STRICT_REGRET,REPAIR,0.035,144,0.6,40,1,0.0,0.0,0.0,1.0,1.0,0.0,1.0,0.0,0.0,0,20,20,40
POLICY_VALIDATION,BALANCED_STRICT_REGRET,REPAIR,0.035,144,0.6,40,3,0.0,0.0,0.3,0.85,0.7,0.011800589428805729,0.9333333333333333,1.0,0.3,18,60,60,120
POLICY_VALIDATION,BALANCED_STRICT_REGRET,REPAIR,0.035,144,0.9,1,3,0.0,0.0,0.0,1.0,1.0,0.0,1.0,0.0,0.0,0,1,0,1
POLICY_VALIDATION,BALANCED_STRICT_REGRET,REPAIR,0.035,144,0.9,1,5,0.0,0.0,0.5,0.5,0.5,0.0006867222383653004,1.0,1.0,0.5,1,2,0,2
POLICY_VALIDATION,BALANCED_STRICT_REGRET,REPAIR,0.035,144,0.9,12,1,0.0,0.0,0.3333333333333333,0.8333333333333334,0.6666666666666667,0.001258778435391823,0.9166666666666666,1.0,0.3333333333333333,6,18,18,36
POLICY_VALIDATION,BALANCED_STRICT_REGRET,REPAIR,0.035,144,0.9,40,1,0.0,0.0,0.0,1.0,1.0,0.0,1.0,0.0,0.0,0,20,20,40
POLICY_VALIDATION,BALANCED_STRICT_REGRET,REPAIR,0.075,18,0.2,1,3,0.0,0.0,0.0,1.0,1.0,0.0,1.0,0.0,0.0,0,1,0,1
POLICY_VALIDATION,BALANCED_STRICT_REGRET,REPAIR,0.075,18,0.2,12,1,0.0,0.0,0.0,1.0,1.0,0.0,0.875,0.0,0.0,0,12,12,24
POLICY_VALIDATION,BALANCED_STRICT_REGRET,REPAIR,0.075,18,0.2,12,5,0.0,0.0,0.0,1.0,1.0,0.0,0.9166666666666666,0.0,0.0,0,6,6,12
POLICY_VALIDATION,BALANCED_STRICT_REGRET,REPAIR,0.075,18,0.2,40,3,0.0,0.0,0.0,1.0,1.0,0.0,0.9875,0.0,0.0,0,40,40,80
POLICY_VALIDATION,BALANCED_STRICT_REGRET,REPAIR,0.075,18,0.6,1,5,0.0,0.0,0.0,1.0,1.0,0.0,1.0,0.0,0.0,0,3,0,3
POLICY_VALIDATION,BALANCED_STRICT_REGRET,REPAIR,0.075,18,0.6,12,3,0.0,0.0,0.0,1.0,1.0,0.0,0.875,0.0,0.0,0,12,12,24
POLICY_VALIDATION,BALANCED_STRICT_REGRET,REPAIR,0.075,18,0.6,40,1,0.0,0.0,0.0,1.0,1.0,0.0,0.9,0.0,0.0,0,40,40,80
POLICY_VALIDATION,BALANCED_STRICT_REGRET,REPAIR,0.075,54,0.2,1,5,0.0,0.0,0.5,0.5,0.5,0.012432141119947601,1.0,1.0,0.5,1,2,0,2
POLICY_VALIDATION,BALANCED_STRICT_REGRET,REPAIR,0.075,54,0.2,12,3,0.0,0.0,0.0,1.0,1.0,0.0,1.0,0.0,0.0,0,6,6,12
POLICY_VALIDATION,BALANCED_STRICT_REGRET,REPAIR,0.075,54,0.2,12,5,0.0,0.0,0.0,1.0,1.0,0.0,0.9166666666666666,0.0,0.0,0,6,6,12
POLICY_VALIDATION,BALANCED_STRICT_REGRET,REPAIR,0.075,54,0.2,40,1,0.0,0.0,0.0,1.0,1.0,0.0,0.95,0.0,0.0,0,20,20,40
POLICY_VALIDATION,BALANCED_STRICT_REGRET,REPAIR,0.075,54,0.2,40,3,0.0,0.0,0.0,1.0,1.0,0.0,0.825,0.0,0.0,0,40,40,80
POLICY_VALIDATION,BALANCED_STRICT_REGRET,REPAIR,0.075,54,0.6,1,3,0.0,0.0,0.5,0.5,0.5,0.03232075027227842,1.0,1.0,0.5,1,2,0,2
POLICY_VALIDATION,BALANCED_STRICT_REGRET,REPAIR,0.075,54,0.6,12,1,0.0,0.0,0.3333333333333333,0.8333333333333334,0.6666666666666667,0.015484892981821513,0.9166666666666666,1.0,0.3333333333333333,6,18,18,36
POLICY_VALIDATION,BALANCED_STRICT_REGRET,REPAIR,0.075,54,0.6,40,5,0.0,0.0,0.0,1.0,1.0,0.0,0.975,0.0,0.0,0,20,20,40
POLICY_VALIDATION,BALANCED_STRICT_REGRET,REPAIR,0.075,144,0.2,1,3,0.0,0.0,0.0,1.0,1.0,0.0,1.0,0.0,0.0,0,1,0,1
POLICY_VALIDATION,BALANCED_STRICT_REGRET,REPAIR,0.075,144,0.2,1,5,0.0,0.0,0.0,1.0,1.0,0.0,1.0,0.0,0.0,0,2,0,2
POLICY_VALIDATION,BALANCED_STRICT_REGRET,REPAIR,0.075,144,0.2,12,1,0.0,0.0,0.0,1.0,1.0,0.0,0.8333333333333334,0.0,0.0,0,12,12,24
POLICY_VALIDATION,BALANCED_STRICT_REGRET,REPAIR,0.075,144,0.2,12,3,0.0,0.0,0.0,1.0,1.0,0.0,0.75,0.0,0.0,0,6,6,12
POLICY_VALIDATION,BALANCED_STRICT_REGRET,REPAIR,0.075,144,0.2,40,1,0.0,0.0,0.0,1.0,1.0,0.0,0.95,0.0,0.0,0,20,20,40
POLICY_VALIDATION,BALANCED_STRICT_REGRET,REPAIR,0.075,144,0.6,1,1,0.0,0.0,1.0,0.0,0.0,0.0036067611097082425,1.0,1.0,1.0,1,1,0,1
POLICY_VALIDATION,BALANCED_STRICT_REGRET,REPAIR,0.075,144,0.6,12,5,0.0,0.0,0.5,0.75,0.5,0.0056602817703893344,1.0,1.0,0.5,6,12,12,24
POLICY_VALIDATION,BALANCED_STRICT_REGRET,REPAIR,0.075,144,0.6,40,3,0.0,0.0,0.725,0.6375,0.275,0.012054939797979777,0.7875,1.0,0.725,58,80,80,160
POLICY_VALIDATION,BALANCED_STRICT_REGRET,THRESHOLD_PASS,0.0,18,0.2,1,3,0.0,0.0,0.0,1.0,1.0,0.0,1.0,0.0,0.0,0,0,1,1
POLICY_VALIDATION,BALANCED_STRICT_REGRET,THRESHOLD_PASS,0.0,18,0.2,1,5,0.0,0.0,0.0,1.0,1.0,0.0,1.0,0.0,0.0,0,0,2,2
POLICY_VALIDATION,BALANCED_STRICT_REGRET,THRESHOLD_PASS,0.0,18,0.2,12,1,0.0,0.0,0.0,1.0,1.0,0.0,0.9166666666666666,0.0,0.0,0,0,12,12
POLICY_VALIDATION,BALANCED_STRICT_REGRET,THRESHOLD_PASS,0.0,18,0.2,12,3,0.0,0.0,0.0,1.0,1.0,0.0,0.9166666666666666,0.0,0.0,0,0,12,12
POLICY_VALIDATION,BALANCED_STRICT_REGRET,THRESHOLD_PASS,0.0,18,0.2,40,1,0.0,0.0,0.0,1.0,1.0,0.0,0.9375,0.0,0.0,0,0,80,80
POLICY_VALIDATION,BALANCED_STRICT_REGRET,THRESHOLD_PASS,0.0,18,0.9,1,1,0.0,0.0,0.0,1.0,1.0,0.0,1.0,0.0,0.0,0,0,1,1
POLICY_VALIDATION,BALANCED_STRICT_REGRET,THRESHOLD_PASS,0.0,18,0.9,12,1,0.0,0.0,0.0,1.0,1.0,0.0,1.0,0.0,0.0,0,0,12,12
POLICY_VALIDATION,BALANCED_STRICT_REGRET,THRESHOLD_PASS,0.0,18,0.9,12,5,0.0,0.0,0.0,1.0,1.0,0.0,1.0,0.0,0.0,0,0,12,12
POLICY_VALIDATION,BALANCED_STRICT_REGRET,THRESHOLD_PASS,0.0,18,0.9,40,3,0.0,0.0,0.0,1.0,1.0,0.0,1.0,0.0,0.0,0,0,120,120
POLICY_VALIDATION,BALANCED_STRICT_REGRET,THRESHOLD_PASS,0.0,54,0.2,1,3,0.0,0.0,0.0,1.0,1.0,0.0,1.0,0.0,0.0,0,0,1,1
POLICY_VALIDATION,BALANCED_STRICT_REGRET,THRESHOLD_PASS,0.0,54,0.2,12,1,0.0,0.0,0.0,1.0,1.0,0.0,0.8888888888888888,0.0,0.0,0,0,36,36
POLICY_VALIDATION,BALANCED_STRICT_REGRET,THRESHOLD_PASS,0.0,54,0.2,40,3,0.0125,0.036846393470080945,0.0,0.9875,1.0,0.03838671414498735,0.775,0.0,0.0,1,0,80,80
POLICY_VALIDATION,BALANCED_STRICT_REGRET,THRESHOLD_PASS,0.0,54,0.9,1,5,0.0,0.0,0.0,1.0,1.0,0.0,1.0,0.0,0.0,0,0,3,3
POLICY_VALIDATION,BALANCED_STRICT_REGRET,THRESHOLD_PASS,0.0,54,0.9,12,3,0.0,0.0,0.0,1.0,1.0,0.0,1.0,0.0,0.0,0,0,12,12
POLICY_VALIDATION,BALANCED_STRICT_REGRET,THRESHOLD_PASS,0.0,54,0.9,40,1,0.0,0.0,0.0,1.0,1.0,0.0,1.0,0.0,0.0,0,0,80,80
POLICY_VALIDATION,BALANCED_STRICT_REGRET,THRESHOLD_PASS,0.0,54,0.9,40,3,0.0,0.0,0.0,1.0,1.0,0.0,1.0,0.0,0.0,0,0,40,40
POLICY_VALIDATION,BALANCED_STRICT_REGRET,THRESHOLD_PASS,0.0,144,0.2,1,1,0.0,0.0,0.0,1.0,1.0,0.0,1.0,0.0,0.0,0,0,1,1
POLICY_VALIDATION,BALANCED_STRICT_REGRET,THRESHOLD_PASS,0.0,144,0.2,1,5,1.0,1.0,0.0,0.0,1.0,0.0360891421626411,0.0,0.0,0.0,1,0,1,1
POLICY_VALIDATION,BALANCED_STRICT_REGRET,THRESHOLD_PASS,0.0,144,0.2,12,5,0.0,0.0,0.0,1.0,1.0,0.0,0.9166666666666666,0.0,0.0,0,0,12,12
POLICY_VALIDATION,BALANCED_STRICT_REGRET,THRESHOLD_PASS,0.0,144,0.2,40,1,0.0,0.0,0.0,1.0,1.0,0.0,0.95,0.0,0.0,0,0,40,40
POLICY_VALIDATION,BALANCED_STRICT_REGRET,THRESHOLD_PASS,0.0,144,0.2,40,3,0.0,0.0,0.0,1.0,1.0,0.0,0.9333333333333333,0.0,0.0,0,0,120,120
POLICY_VALIDATION,BALANCED_STRICT_REGRET,THRESHOLD_PASS,0.0,144,0.9,1,3,0.0,0.0,0.0,1.0,1.0,0.0,1.0,0.0,0.0,0,0,2,2
POLICY_VALIDATION,BALANCED_STRICT_REGRET,THRESHOLD_PASS,0.0,144,0.9,12,1,0.0,0.0,0.0,1.0,1.0,0.0,1.0,0.0,0.0,0,0,36,36
POLICY_VALIDATION,BALANCED_STRICT_REGRET,THRESHOLD_PASS,0.0,144,0.9,40,1,0.0,0.0,0.0,1.0,1.0,0.0,1.0,0.0,0.0,0,0,40,40
POLICY_VALIDATION,BALANCED_STRICT_REGRET,THRESHOLD_PASS,0.0,144,0.9,40,5,0.0,0.0,0.0,1.0,1.0,0.0,1.0,0.0,0.0,0,0,40,40
POLICY_VALIDATION,BALANCED_STRICT_REGRET,THRESHOLD_PASS,0.035,18,0.6,1,5,0.0,0.0,0.0,1.0,1.0,0.0,1.0,0.0,0.0,0,3,0,3
POLICY_VALIDATION,BALANCED_STRICT_REGRET,THRESHOLD_PASS,0.035,18,0.6,12,1,0.0,0.0,0.0,1.0,1.0,0.0,0.8333333333333334,0.0,0.0,0,6,6,12
POLICY_VALIDATION,BALANCED_STRICT_REGRET,THRESHOLD_PASS,0.035,18,0.6,12,3,0.0,0.0,0.0,1.0,1.0,0.0,0.9166666666666666,0.0,0.0,0,6,6,12
POLICY_VALIDATION,BALANCED_STRICT_REGRET,THRESHOLD_PASS,0.035,18,0.6,40,1,0.0,0.0,0.0,1.0,1.0,0.0,0.6375,0.0,0.0,0,40,40,80
POLICY_VALIDATION,BALANCED_STRICT_REGRET,THRESHOLD_PASS,0.035,18,0.9,1,1,0.0,0.0,0.0,1.0,1.0,0.0,1.0,0.0,0.0,0,1,0,1
POLICY_VALIDATION,BALANCED_STRICT_REGRET,THRESHOLD_PASS,0.035,18,0.9,1,3,0.0,0.0,0.0,1.0,1.0,0.0,0.0,0.0,0.0,0,1,0,1
POLICY_VALIDATION,BALANCED_STRICT_REGRET,THRESHOLD_PASS,0.035,18,0.9,12,1,0.0,0.0,0.0,1.0,1.0,0.0,1.0,0.0,0.0,0,6,6,12
POLICY_VALIDATION,BALANCED_STRICT_REGRET,THRESHOLD_PASS,0.035,18,0.9,12,5,0.0,0.0,0.0,1.0,1.0,0.0,1.0,0.0,0.0,0,6,6,12
POLICY_VALIDATION,BALANCED_STRICT_REGRET,THRESHOLD_PASS,0.035,18,0.9,40,3,0.0,0.0,0.0,1.0,1.0,0.0,0.9625,0.0,0.0,0,40,40,80
POLICY_VALIDATION,BALANCED_STRICT_REGRET,THRESHOLD_PASS,0.035,54,0.6,1,3,0.0,0.0,0.0,1.0,1.0,0.0,0.5,0.0,0.0,0,2,0,2
POLICY_VALIDATION,BALANCED_STRICT_REGRET,THRESHOLD_PASS,0.035,54,0.6,12,1,0.0,0.0,0.0,1.0,1.0,0.0,0.8888888888888888,0.0,0.0,0,18,18,36
POLICY_VALIDATION,BALANCED_STRICT_REGRET,THRESHOLD_PASS,0.035,54,0.6,40,5,0.0,0.0,0.0,1.0,1.0,0.0,0.875,0.0,0.0,0,20,20,40
POLICY_VALIDATION,BALANCED_STRICT_REGRET,THRESHOLD_PASS,0.035,54,0.9,1,5,0.0,0.0,0.0,1.0,1.0,0.0,1.0,0.0,0.0,0,3,0,3
POLICY_VALIDATION,BALANCED_STRICT_REGRET,THRESHOLD_PASS,0.035,54,0.9,12,3,0.0,0.0,0.0,1.0,1.0,0.0,1.0,0.0,0.0,0,6,6,12
POLICY_VALIDATION,BALANCED_STRICT_REGRET,THRESHOLD_PASS,0.035,54,0.9,40,1,0.0,0.0,0.0,1.0,1.0,0.0,0.9,0.0,0.0,0,40,40,80
POLICY_VALIDATION,BALANCED_STRICT_REGRET,THRESHOLD_PASS,0.035,54,0.9,40,3,0.0,0.0,0.0,1.0,1.0,0.0,1.0,0.0,0.0,0,20,20,40
POLICY_VALIDATION,BALANCED_STRICT_REGRET,THRESHOLD_PASS,0.035,144,0.6,1,1,0.0,0.0,1.0,0.0,0.0,0.005979528107193079,1.0,1.0,1.0,1,1,0,1
POLICY_VALIDATION,BALANCED_STRICT_REGRET,THRESHOLD_PASS,0.035,144,0.6,1,5,0.0,0.0,0.0,1.0,1.0,0.0,1.0,0.0,0.0,0,1,0,1
POLICY_VALIDATION,BALANCED_STRICT_REGRET,THRESHOLD_PASS,0.035,144,0.6,12,5,0.0,0.0,1.0,0.5,0.0,0.0025722765779741096,1.0,1.0,1.0,6,6,6,12
POLICY_VALIDATION,BALANCED_STRICT_REGRET,THRESHOLD_PASS,0.035,144,0.6,40,1,0.0,0.0,0.0,1.0,1.0,0.0,0.95,0.0,0.0,0,20,20,40
POLICY_VALIDATION,BALANCED_STRICT_REGRET,THRESHOLD_PASS,0.035,144,0.6,40,3,0.0,0.0,0.2,0.9,0.8,0.001993919341609465,0.9166666666666666,1.0,0.2,12,60,60,120
POLICY_VALIDATION,BALANCED_STRICT_REGRET,THRESHOLD_PASS,0.035,144,0.9,1,3,0.0,0.0,0.0,1.0,1.0,0.0,1.0,0.0,0.0,0,1,0,1
POLICY_VALIDATION,BALANCED_STRICT_REGRET,THRESHOLD_PASS,0.035,144,0.9,1,5,0.0,0.0,0.5,0.5,0.5,0.009328790393736554,1.0,1.0,0.5,1,2,0,2
POLICY_VALIDATION,BALANCED_STRICT_REGRET,THRESHOLD_PASS,0.035,144,0.9,12,1,0.0,0.0,0.3333333333333333,0.8333333333333334,0.6666666666666667,0.003779316649711433,1.0,1.0,0.3333333333333333,6,18,18,36
POLICY_VALIDATION,BALANCED_STRICT_REGRET,THRESHOLD_PASS,0.035,144,0.9,40,1,0.0,0.0,0.0,1.0,1.0,0.0,0.6,0.0,0.0,0,20,20,40
POLICY_VALIDATION,BALANCED_STRICT_REGRET,THRESHOLD_PASS,0.075,18,0.2,1,3,0.0,0.0,0.0,1.0,1.0,0.0,0.0,0.0,0.0,0,1,0,1
POLICY_VALIDATION,BALANCED_STRICT_REGRET,THRESHOLD_PASS,0.075,18,0.2,12,1,0.0,0.0,0.0,1.0,1.0,0.0,0.75,0.0,0.0,0,12,12,24
POLICY_VALIDATION,BALANCED_STRICT_REGRET,THRESHOLD_PASS,0.075,18,0.2,12,5,0.0,0.0,0.0,1.0,1.0,0.0,0.9166666666666666,0.0,0.0,0,6,6,12
POLICY_VALIDATION,BALANCED_STRICT_REGRET,THRESHOLD_PASS,0.075,18,0.2,40,3,0.0,0.0,0.0,1.0,1.0,0.0,0.95,0.0,0.0,0,40,40,80
POLICY_VALIDATION,BALANCED_STRICT_REGRET,THRESHOLD_PASS,0.075,18,0.6,1,5,0.0,0.0,0.0,1.0,1.0,0.0,1.0,0.0,0.0,0,3,0,3
POLICY_VALIDATION,BALANCED_STRICT_REGRET,THRESHOLD_PASS,0.075,18,0.6,12,3,0.0,0.0,0.0,1.0,1.0,0.0,0.875,0.0,0.0,0,12,12,24
POLICY_VALIDATION,BALANCED_STRICT_REGRET,THRESHOLD_PASS,0.075,18,0.6,40,1,0.0,0.0,0.0,1.0,1.0,0.0,0.9875,0.0,0.0,0,40,40,80
POLICY_VALIDATION,BALANCED_STRICT_REGRET,THRESHOLD_PASS,0.075,54,0.2,1,5,0.0,0.0,0.5,0.5,0.5,0.021015149584903234,1.0,1.0,0.5,1,2,0,2
POLICY_VALIDATION,BALANCED_STRICT_REGRET,THRESHOLD_PASS,0.075,54,0.2,12,3,0.0,0.0,0.0,1.0,1.0,0.0,0.9166666666666666,0.0,0.0,0,6,6,12
POLICY_VALIDATION,BALANCED_STRICT_REGRET,THRESHOLD_PASS,0.075,54,0.2,12,5,0.0,0.0,0.0,1.0,1.0,0.0,1.0,0.0,0.0,0,6,6,12
POLICY_VALIDATION,BALANCED_STRICT_REGRET,THRESHOLD_PASS,0.075,54,0.2,40,1,0.0,0.0,0.0,1.0,1.0,0.0,0.875,0.0,0.0,0,20,20,40
POLICY_VALIDATION,BALANCED_STRICT_REGRET,THRESHOLD_PASS,0.075,54,0.2,40,3,0.0,0.0,0.475,0.7625,0.525,0.012920540599570707,0.95,1.0,0.475,19,40,40,80
POLICY_VALIDATION,BALANCED_STRICT_REGRET,THRESHOLD_PASS,0.075,54,0.6,1,3,0.0,0.0,0.5,0.5,0.5,0.006180591144102035,1.0,1.0,0.5,1,2,0,2
POLICY_VALIDATION,BALANCED_STRICT_REGRET,THRESHOLD_PASS,0.075,54,0.6,12,1,0.0,0.0,0.3333333333333333,0.8333333333333334,0.6666666666666667,0.008209783938304913,0.9722222222222222,1.0,0.3333333333333333,6,18,18,36
POLICY_VALIDATION,BALANCED_STRICT_REGRET,THRESHOLD_PASS,0.075,54,0.6,40,5,0.0,0.0,0.0,1.0,1.0,0.0,1.0,0.0,0.0,0,20,20,40
POLICY_VALIDATION,BALANCED_STRICT_REGRET,THRESHOLD_PASS,0.075,144,0.2,1,3,0.0,0.0,1.0,0.0,0.0,0.0034128830962323192,1.0,1.0,1.0,1,1,0,1
POLICY_VALIDATION,BALANCED_STRICT_REGRET,THRESHOLD_PASS,0.075,144,0.2,1,5,0.0,0.0,0.5,0.5,0.5,0.011379743524569177,1.0,1.0,0.5,1,2,0,2
POLICY_VALIDATION,BALANCED_STRICT_REGRET,THRESHOLD_PASS,0.075,144,0.2,12,1,0.0,0.0,0.0,1.0,1.0,0.0,0.9166666666666666,0.0,0.0,0,12,12,24
POLICY_VALIDATION,BALANCED_STRICT_REGRET,THRESHOLD_PASS,0.075,144,0.2,12,3,0.0,0.0,1.0,0.5,0.0,0.004986195955539001,1.0,1.0,1.0,6,6,6,12
POLICY_VALIDATION,BALANCED_STRICT_REGRET,THRESHOLD_PASS,0.075,144,0.2,40,1,0.0,0.0,0.0,1.0,1.0,0.0,0.875,0.0,0.0,0,20,20,40
POLICY_VALIDATION,BALANCED_STRICT_REGRET,THRESHOLD_PASS,0.075,144,0.6,1,1,0.0,0.0,1.0,0.0,0.0,0.004407834317268863,1.0,1.0,1.0,1,1,0,1
POLICY_VALIDATION,BALANCED_STRICT_REGRET,THRESHOLD_PASS,0.075,144,0.6,12,5,0.0,0.0,0.5,0.75,0.5,0.008211548579211686,1.0,1.0,0.5,6,12,12,24
POLICY_VALIDATION,BALANCED_STRICT_REGRET,THRESHOLD_PASS,0.075,144,0.6,40,3,0.0,0.0,0.7375,0.63125,0.26249999999999996,0.006314302792136093,0.95625,1.0,0.7375,59,80,80,160
POLICY_VALIDATION,BALANCED_STRICT_REGRET,TOP_K,0.0,18,0.6,1,3,0.0,0.0,0.0,1.0,1.0,0.0,1.0,0.0,0.0,0,0,1,1
POLICY_VALIDATION,BALANCED_STRICT_REGRET,TOP_K,0.0,18,0.6,12,1,0.0,0.0,0.0,1.0,1.0,0.0,1.0,0.0,0.0,0,0,24,24
POLICY_VALIDATION,BALANCED_STRICT_REGRET,TOP_K,0.0,18,0.6,12,3,0.0,0.0,0.0,1.0,1.0,0.0,1.0,0.0,0.0,0,0,12,12
POLICY_VALIDATION,BALANCED_STRICT_REGRET,TOP_K,0.0,18,0.6,40,5,0.0,0.0,0.0,1.0,1.0,0.0,0.8333333333333334,0.0,0.0,0,0,120,120
POLICY_VALIDATION,BALANCED_STRICT_REGRET,TOP_K,0.0,18,0.9,1,1,0.0,0.0,0.0,1.0,1.0,0.0,1.0,0.0,0.0,0,0,3,3
POLICY_VALIDATION,BALANCED_STRICT_REGRET,TOP_K,0.0,18,0.9,12,3,0.0,0.0,0.0,1.0,1.0,0.0,1.0,0.0,0.0,0,0,24,24
POLICY_VALIDATION,BALANCED_STRICT_REGRET,TOP_K,0.0,18,0.9,40,3,0.0,0.0,0.0,1.0,1.0,0.0,0.975,0.0,0.0,0,0,40,40
POLICY_VALIDATION,BALANCED_STRICT_REGRET,TOP_K,0.0,54,0.6,1,1,0.0,0.0,0.0,1.0,1.0,0.0,1.0,0.0,0.0,0,0,3,3
POLICY_VALIDATION,BALANCED_STRICT_REGRET,TOP_K,0.0,54,0.6,12,1,0.0,0.0,0.0,1.0,1.0,0.0,0.6666666666666666,0.0,0.0,0,0,12,12
POLICY_VALIDATION,BALANCED_STRICT_REGRET,TOP_K,0.0,54,0.6,12,5,0.0,0.0,0.0,1.0,1.0,0.0,1.0,0.0,0.0,0,0,12,12
POLICY_VALIDATION,BALANCED_STRICT_REGRET,TOP_K,0.0,54,0.6,40,3,0.0,0.0,0.0,1.0,1.0,0.0,0.9125,0.0,0.0,0,0,80,80
POLICY_VALIDATION,BALANCED_STRICT_REGRET,TOP_K,0.0,54,0.9,1,5,0.0,0.0,0.0,1.0,1.0,0.0,0.0,0.0,0.0,0,0,1,1
POLICY_VALIDATION,BALANCED_STRICT_REGRET,TOP_K,0.0,54,0.9,12,1,0.0,0.0,0.0,1.0,1.0,0.0,0.6666666666666666,0.0,0.0,0,0,12,12
POLICY_VALIDATION,BALANCED_STRICT_REGRET,TOP_K,0.0,54,0.9,12,3,0.0,0.0,0.0,1.0,1.0,0.0,0.9722222222222222,0.0,0.0,0,0,36,36
POLICY_VALIDATION,BALANCED_STRICT_REGRET,TOP_K,0.0,54,0.9,40,1,0.0,0.0,0.0,1.0,1.0,0.0,1.0,0.0,0.0,0,0,40,40
POLICY_VALIDATION,BALANCED_STRICT_REGRET,TOP_K,0.0,54,0.9,40,5,0.0,0.0,0.0,1.0,1.0,0.0,0.825,0.0,0.0,0,0,40,40
POLICY_VALIDATION,BALANCED_STRICT_REGRET,TOP_K,0.0,144,0.6,1,1,0.0,0.0,0.0,1.0,1.0,0.0,1.0,0.0,0.0,0,0,1,1
POLICY_VALIDATION,BALANCED_STRICT_REGRET,TOP_K,0.0,144,0.6,1,5,0.0,0.0,0.0,1.0,1.0,0.0,1.0,0.0,0.0,0,0,1,1
POLICY_VALIDATION,BALANCED_STRICT_REGRET,TOP_K,0.0,144,0.6,12,3,0.0,0.0,0.0,1.0,1.0,0.0,0.9722222222222222,0.0,0.0,0,0,36,36
POLICY_VALIDATION,BALANCED_STRICT_REGRET,TOP_K,0.0,144,0.6,40,1,0.0,0.0,0.0,1.0,1.0,0.0,0.925,0.0,0.0,0,0,40,40
POLICY_VALIDATION,BALANCED_STRICT_REGRET,TOP_K,0.0,144,0.9,1,1,0.0,0.0,0.0,1.0,1.0,0.0,1.0,0.0,0.0,0,0,1,1
POLICY_VALIDATION,BALANCED_STRICT_REGRET,TOP_K,0.0,144,0.9,1,3,0.0,0.0,0.0,1.0,1.0,0.0,1.0,0.0,0.0,0,0,1,1
POLICY_VALIDATION,BALANCED_STRICT_REGRET,TOP_K,0.0,144,0.9,12,1,0.0,0.0,0.0,1.0,1.0,0.0,0.875,0.0,0.0,0,0,24,24
POLICY_VALIDATION,BALANCED_STRICT_REGRET,TOP_K,0.0,144,0.9,40,3,0.0,0.0,0.0,1.0,1.0,0.0,0.25,0.0,0.0,0,0,40,40
POLICY_VALIDATION,BALANCED_STRICT_REGRET,TOP_K,0.0,144,0.9,40,5,0.0,0.0,0.0,1.0,1.0,0.0,0.975,0.0,0.0,0,0,80,80
POLICY_VALIDATION,BALANCED_STRICT_REGRET,TOP_K,0.035,18,0.2,1,1,0.0,0.0,0.0,1.0,1.0,0.0,1.0,0.0,0.0,0,3,0,3
POLICY_VALIDATION,BALANCED_STRICT_REGRET,TOP_K,0.035,18,0.2,12,5,0.0,0.0,0.0,1.0,1.0,0.0,1.0,0.0,0.0,0,6,6,12
POLICY_VALIDATION,BALANCED_STRICT_REGRET,TOP_K,0.035,18,0.2,40,3,0.0,0.0,0.0,1.0,1.0,0.0,0.9125,0.0,0.0,0,40,40,80
POLICY_VALIDATION,BALANCED_STRICT_REGRET,TOP_K,0.035,18,0.6,1,3,0.0,0.0,0.0,1.0,1.0,0.0,1.0,0.0,0.0,0,1,0,1
POLICY_VALIDATION,BALANCED_STRICT_REGRET,TOP_K,0.035,18,0.6,12,1,0.0,0.0,0.0,1.0,1.0,0.0,0.9583333333333334,0.0,0.0,0,12,12,24
POLICY_VALIDATION,BALANCED_STRICT_REGRET,TOP_K,0.035,18,0.6,12,3,0.0,0.0,0.0,1.0,1.0,0.0,0.9166666666666666,0.0,0.0,0,6,6,12
POLICY_VALIDATION,BALANCED_STRICT_REGRET,TOP_K,0.035,18,0.6,40,5,0.0,0.0,0.0,1.0,1.0,0.0,0.975,0.0,0.0,0,60,60,120
POLICY_VALIDATION,BALANCED_STRICT_REGRET,TOP_K,0.035,54,0.2,1,5,0.0,0.0,1.0,0.0,0.0,0.0008358891143206218,1.0,1.0,1.0,1,1,0,1
POLICY_VALIDATION,BALANCED_STRICT_REGRET,TOP_K,0.035,54,0.2,12,1,0.0,0.0,0.0,1.0,1.0,0.0,0.8333333333333334,0.0,0.0,0,6,6,12
POLICY_VALIDATION,BALANCED_STRICT_REGRET,TOP_K,0.035,54,0.2,12,3,0.0,0.0,0.05555555555555555,0.9722222222222222,0.9444444444444444,0.051146516645707546,0.8888888888888888,1.0,0.05555555555555555,1,18,18,36
POLICY_VALIDATION,BALANCED_STRICT_REGRET,TOP_K,0.035,54,0.2,40,1,0.0,0.0,0.55,0.725,0.44999999999999996,0.006323370620471571,0.975,1.0,0.55,11,20,20,40
POLICY_VALIDATION,BALANCED_STRICT_REGRET,TOP_K,0.035,54,0.2,40,5,0.0,0.0,0.0,1.0,1.0,0.0,0.925,0.0,0.0,0,20,20,40
POLICY_VALIDATION,BALANCED_STRICT_REGRET,TOP_K,0.035,54,0.6,1,1,0.0,0.0,0.0,1.0,1.0,0.0,1.0,0.0,0.0,0,3,0,3
POLICY_VALIDATION,BALANCED_STRICT_REGRET,TOP_K,0.035,54,0.6,12,1,0.0,0.0,0.0,1.0,1.0,0.0,0.9166666666666666,0.0,0.0,0,6,6,12
POLICY_VALIDATION,BALANCED_STRICT_REGRET,TOP_K,0.035,54,0.6,40,3,0.0,0.0,0.0,1.0,1.0,0.0,0.45,0.0,0.0,0,20,20,40
POLICY_VALIDATION,BALANCED_STRICT_REGRET,TOP_K,0.035,54,0.6,40,5,0.0,0.0,0.5,0.75,0.5,0.007210306386678372,0.9,1.0,0.5,20,40,40,80
POLICY_VALIDATION,BALANCED_STRICT_REGRET,TOP_K,0.035,144,0.2,1,1,0.0,0.0,0.0,1.0,1.0,0.0,1.0,0.0,0.0,0,1,0,1
POLICY_VALIDATION,BALANCED_STRICT_REGRET,TOP_K,0.035,144,0.2,1,3,0.0,0.0,0.0,1.0,1.0,0.0,0.0,0.0,0.0,0,1,0,1
POLICY_VALIDATION,BALANCED_STRICT_REGRET,TOP_K,0.035,144,0.2,12,1,0.0,0.0,0.4166666666666667,0.7916666666666666,0.5833333333333333,0.0030624173654018954,0.9583333333333334,1.0,0.4166666666666667,5,12,12,24
POLICY_VALIDATION,BALANCED_STRICT_REGRET,TOP_K,0.035,144,0.2,40,5,0.016666666666666666,0.049059967300068105,0.6666666666666666,0.6583333333333333,0.33333333333333337,0.0052959873096627315,0.9083333333333333,0.975609756097561,0.6666666666666666,41,60,60,120
POLICY_VALIDATION,BALANCED_STRICT_REGRET,TOP_K,0.035,144,0.6,1,1,0.0,0.0,1.0,0.0,0.0,0.03323424972002055,0.0,1.0,1.0,1,1,0,1
POLICY_VALIDATION,BALANCED_STRICT_REGRET,TOP_K,0.035,144,0.6,1,5,0.0,0.0,1.0,0.0,0.0,0.0014420106459954105,1.0,1.0,1.0,1,1,0,1
POLICY_VALIDATION,BALANCED_STRICT_REGRET,TOP_K,0.035,144,0.6,12,3,0.0,0.0,0.4166666666666667,0.7916666666666666,0.5833333333333333,0.022037500056607793,0.9583333333333334,1.0,0.4166666666666667,5,12,12,24
POLICY_VALIDATION,BALANCED_STRICT_REGRET,TOP_K,0.035,144,0.6,40,1,0.0,0.0,1.0,0.5,0.0,0.003308670536562949,0.95,1.0,1.0,20,20,20,40
POLICY_VALIDATION,BALANCED_STRICT_REGRET,TOP_K,0.035,144,0.6,40,3,0.0,0.0,1.0,0.5,0.0,0.0025265000406398475,0.975,1.0,1.0,20,20,20,40
POLICY_VALIDATION,BALANCED_STRICT_REGRET,TOP_K,0.075,18,0.2,1,1,0.0,0.0,0.0,1.0,1.0,0.0,1.0,0.0,0.0,0,3,0,3
POLICY_VALIDATION,BALANCED_STRICT_REGRET,TOP_K,0.075,18,0.2,12,5,0.0,0.0,0.0,1.0,1.0,0.0,0.75,0.0,0.0,0,6,6,12
POLICY_VALIDATION,BALANCED_STRICT_REGRET,TOP_K,0.075,18,0.2,40,3,0.0,0.0,0.0,1.0,1.0,0.0,0.8875,0.0,0.0,0,40,40,80
POLICY_VALIDATION,BALANCED_STRICT_REGRET,TOP_K,0.075,18,0.9,1,3,0.0,0.0,0.0,1.0,1.0,0.0,1.0,0.0,0.0,0,1,0,1
POLICY_VALIDATION,BALANCED_STRICT_REGRET,TOP_K,0.075,18,0.9,1,5,0.0,0.0,0.0,1.0,1.0,0.0,1.0,0.0,0.0,0,1,0,1
POLICY_VALIDATION,BALANCED_STRICT_REGRET,TOP_K,0.075,18,0.9,12,1,0.0,0.0,0.0,1.0,1.0,0.0,1.0,0.0,0.0,0,6,6,12
POLICY_VALIDATION,BALANCED_STRICT_REGRET,TOP_K,0.075,18,0.9,12,3,0.0,0.0,0.0,1.0,1.0,0.0,0.8333333333333334,0.0,0.0,0,12,12,24
POLICY_VALIDATION,BALANCED_STRICT_REGRET,TOP_K,0.075,18,0.9,40,5,0.0,0.0,0.0,1.0,1.0,0.0,0.625,0.0,0.0,0,40,40,80
POLICY_VALIDATION,BALANCED_STRICT_REGRET,TOP_K,0.075,54,0.2,1,5,0.0,0.0,0.5,0.5,0.5,0.015815173395931803,1.0,1.0,0.5,1,2,0,2
POLICY_VALIDATION,BALANCED_STRICT_REGRET,TOP_K,0.075,54,0.2,12,3,0.0,0.0,0.5833333333333334,0.7083333333333333,0.41666666666666663,0.014617644805640772,0.875,1.0,0.5833333333333334,14,24,24,48
POLICY_VALIDATION,BALANCED_STRICT_REGRET,TOP_K,0.075,54,0.2,40,1,0.0,0.0,1.0,0.5,0.0,0.015472316856860523,0.85,1.0,1.0,20,20,20,40
POLICY_VALIDATION,BALANCED_STRICT_REGRET,TOP_K,0.075,54,0.9,1,1,0.0,0.0,0.0,1.0,1.0,0.0,0.5,0.0,0.0,0,2,0,2
POLICY_VALIDATION,BALANCED_STRICT_REGRET,TOP_K,0.075,54,0.9,1,3,0.0,0.0,1.0,0.0,0.0,0.022098590748925104,1.0,1.0,1.0,1,1,0,1
POLICY_VALIDATION,BALANCED_STRICT_REGRET,TOP_K,0.075,54,0.9,12,1,0.0,0.0,0.0,1.0,1.0,0.0,1.0,0.0,0.0,0,6,6,12
POLICY_VALIDATION,BALANCED_STRICT_REGRET,TOP_K,0.075,54,0.9,40,3,0.0,0.0,1.0,0.5,0.0,0.00237304372198618,1.0,1.0,1.0,20,20,20,40
POLICY_VALIDATION,BALANCED_STRICT_REGRET,TOP_K,0.075,54,0.9,40,5,0.0,0.0,0.5,0.75,0.5,0.006106327830819265,1.0,1.0,0.5,20,40,40,80
POLICY_VALIDATION,BALANCED_STRICT_REGRET,TOP_K,0.075,144,0.2,1,3,0.0,0.0,0.0,1.0,1.0,0.0,1.0,0.0,0.0,0,2,0,2
POLICY_VALIDATION,BALANCED_STRICT_REGRET,TOP_K,0.075,144,0.2,12,1,0.0,0.0,0.5,0.75,0.5,0.0045545358615642585,0.9583333333333334,1.0,0.5,6,12,12,24
POLICY_VALIDATION,BALANCED_STRICT_REGRET,TOP_K,0.075,144,0.2,40,5,0.0,0.0,0.3333333333333333,0.8333333333333334,0.6666666666666667,0.004687114242882801,0.9,1.0,0.3333333333333333,20,60,60,120
POLICY_VALIDATION,BALANCED_STRICT_REGRET,TOP_K,0.075,144,0.9,1,1,0.0,0.0,0.5,0.5,0.5,0.019610615727292995,1.0,1.0,0.5,1,2,0,2
POLICY_VALIDATION,BALANCED_STRICT_REGRET,TOP_K,0.075,144,0.9,1,5,0.0,0.0,0.0,1.0,1.0,0.0,1.0,0.0,0.0,0,1,0,1
POLICY_VALIDATION,BALANCED_STRICT_REGRET,TOP_K,0.075,144,0.9,12,3,0.0,0.0,0.4166666666666667,0.7916666666666666,0.5833333333333333,0.023104228966005454,0.7916666666666666,1.0,0.4166666666666667,5,12,12,24
POLICY_VALIDATION,BALANCED_STRICT_REGRET,TOP_K,0.075,144,0.9,40,3,0.0,0.0,1.0,0.5,0.0,0.0013334601825753585,1.0,1.0,1.0,20,20,20,40
POLICY_VALIDATION,BALANCED_STRICT_REGRET,TRANSPORT,0.0,18,0.6,1,3,0.0,0.0,0.0,1.0,1.0,0.0,0.0,0.0,0.0,0,0,1,1
POLICY_VALIDATION,BALANCED_STRICT_REGRET,TRANSPORT,0.0,18,0.6,12,1,0.0,0.0,0.0,1.0,1.0,0.0,0.9166666666666666,0.0,0.0,0,0,24,24
POLICY_VALIDATION,BALANCED_STRICT_REGRET,TRANSPORT,0.0,18,0.6,12,3,0.0,0.0,0.0,1.0,1.0,0.0,1.0,0.0,0.0,0,0,12,12
POLICY_VALIDATION,BALANCED_STRICT_REGRET,TRANSPORT,0.0,18,0.6,40,5,0.0,0.0,0.0,1.0,1.0,0.0,0.6666666666666666,0.0,0.0,0,0,120,120
POLICY_VALIDATION,BALANCED_STRICT_REGRET,TRANSPORT,0.0,18,0.9,1,1,0.0,0.0,0.0,1.0,1.0,0.0,1.0,0.0,0.0,0,0,3,3
POLICY_VALIDATION,BALANCED_STRICT_REGRET,TRANSPORT,0.0,18,0.9,12,3,0.0,0.0,0.0,1.0,1.0,0.0,0.9583333333333334,0.0,0.0,0,0,24,24
POLICY_VALIDATION,BALANCED_STRICT_REGRET,TRANSPORT,0.0,18,0.9,40,3,0.0,0.0,0.0,1.0,1.0,0.0,0.2,0.0,0.0,0,0,40,40
POLICY_VALIDATION,BALANCED_STRICT_REGRET,TRANSPORT,0.0,54,0.6,1,1,0.0,0.0,0.0,1.0,1.0,0.0,1.0,0.0,0.0,0,0,3,3
POLICY_VALIDATION,BALANCED_STRICT_REGRET,TRANSPORT,0.0,54,0.6,12,1,0.0,0.0,0.0,1.0,1.0,0.0,0.8333333333333334,0.0,0.0,0,0,12,12
POLICY_VALIDATION,BALANCED_STRICT_REGRET,TRANSPORT,0.0,54,0.6,12,5,0.0,0.0,0.0,1.0,1.0,0.0,0.75,0.0,0.0,0,0,12,12
POLICY_VALIDATION,BALANCED_STRICT_REGRET,TRANSPORT,0.0,54,0.6,40,3,0.0,0.0,0.0,1.0,1.0,0.0,1.0,0.0,0.0,0,0,80,80
POLICY_VALIDATION,BALANCED_STRICT_REGRET,TRANSPORT,0.0,54,0.9,1,5,0.0,0.0,0.0,1.0,1.0,0.0,1.0,0.0,0.0,0,0,1,1
POLICY_VALIDATION,BALANCED_STRICT_REGRET,TRANSPORT,0.0,54,0.9,12,1,0.0,0.0,0.0,1.0,1.0,0.0,1.0,0.0,0.0,0,0,12,12
POLICY_VALIDATION,BALANCED_STRICT_REGRET,TRANSPORT,0.0,54,0.9,12,3,0.0,0.0,0.0,1.0,1.0,0.0,0.8611111111111112,0.0,0.0,0,0,36,36
POLICY_VALIDATION,BALANCED_STRICT_REGRET,TRANSPORT,0.0,54,0.9,40,1,0.0,0.0,0.0,1.0,1.0,0.0,1.0,0.0,0.0,0,0,40,40
POLICY_VALIDATION,BALANCED_STRICT_REGRET,TRANSPORT,0.0,54,0.9,40,5,0.0,0.0,0.0,1.0,1.0,0.0,1.0,0.0,0.0,0,0,40,40
POLICY_VALIDATION,BALANCED_STRICT_REGRET,TRANSPORT,0.0,144,0.6,1,1,0.0,0.0,0.0,1.0,1.0,0.0,1.0,0.0,0.0,0,0,1,1
POLICY_VALIDATION,BALANCED_STRICT_REGRET,TRANSPORT,0.0,144,0.6,1,5,0.0,0.0,0.0,1.0,1.0,0.0,1.0,0.0,0.0,0,0,1,1
POLICY_VALIDATION,BALANCED_STRICT_REGRET,TRANSPORT,0.0,144,0.6,12,3,0.0,0.0,0.0,1.0,1.0,0.0,0.9444444444444444,0.0,0.0,0,0,36,36
POLICY_VALIDATION,BALANCED_STRICT_REGRET,TRANSPORT,0.0,144,0.6,40,1,0.0,0.0,0.0,1.0,1.0,0.0,0.9,0.0,0.0,0,0,40,40
POLICY_VALIDATION,BALANCED_STRICT_REGRET,TRANSPORT,0.0,144,0.9,1,1,0.0,0.0,0.0,1.0,1.0,0.0,1.0,0.0,0.0,0,0,1,1
POLICY_VALIDATION,BALANCED_STRICT_REGRET,TRANSPORT,0.0,144,0.9,1,3,0.0,0.0,0.0,1.0,1.0,0.0,1.0,0.0,0.0,0,0,1,1
POLICY_VALIDATION,BALANCED_STRICT_REGRET,TRANSPORT,0.0,144,0.9,12,1,0.0,0.0,0.0,1.0,1.0,0.0,0.4583333333333333,0.0,0.0,0,0,24,24
POLICY_VALIDATION,BALANCED_STRICT_REGRET,TRANSPORT,0.0,144,0.9,40,3,0.0,0.0,0.0,1.0,1.0,0.0,1.0,0.0,0.0,0,0,40,40
POLICY_VALIDATION,BALANCED_STRICT_REGRET,TRANSPORT,0.0,144,0.9,40,5,0.0,0.0,0.0,1.0,1.0,0.0,0.95,0.0,0.0,0,0,80,80
POLICY_VALIDATION,BALANCED_STRICT_REGRET,TRANSPORT,0.035,18,0.2,1,1,0.0,0.0,0.0,1.0,1.0,0.0,1.0,0.0,0.0,0,2,1,3
POLICY_VALIDATION,BALANCED_STRICT_REGRET,TRANSPORT,0.035,18,0.2,12,5,0.0,0.0,0.0,1.0,1.0,0.0,0.8333333333333334,0.0,0.0,0,6,6,12
POLICY_VALIDATION,BALANCED_STRICT_REGRET,TRANSPORT,0.035,18,0.2,40,3,0.0,0.0,0.0,1.0,1.0,0.0,0.95,0.0,0.0,0,40,40,80
POLICY_VALIDATION,BALANCED_STRICT_REGRET,TRANSPORT,0.035,18,0.6,1,3,0.0,0.0,0.0,1.0,1.0,0.0,1.0,0.0,0.0,0,1,0,1
POLICY_VALIDATION,BALANCED_STRICT_REGRET,TRANSPORT,0.035,18,0.6,12,1,0.0,0.0,0.0,1.0,1.0,0.0,0.9166666666666666,0.0,0.0,0,12,12,24
POLICY_VALIDATION,BALANCED_STRICT_REGRET,TRANSPORT,0.035,18,0.6,12,3,0.0,0.0,0.0,1.0,1.0,0.0,0.8333333333333334,0.0,0.0,0,6,6,12
POLICY_VALIDATION,BALANCED_STRICT_REGRET,TRANSPORT,0.035,18,0.6,40,5,0.0,0.0,0.0,1.0,1.0,0.0,0.9666666666666667,0.0,0.0,0,60,60,120
POLICY_VALIDATION,BALANCED_STRICT_REGRET,TRANSPORT,0.035,54,0.2,1,5,0.0,0.0,1.0,0.0,0.0,0.0031367456483942444,1.0,1.0,1.0,1,1,0,1
POLICY_VALIDATION,BALANCED_STRICT_REGRET,TRANSPORT,0.035,54,0.2,12,1,0.0,0.0,0.0,1.0,1.0,0.0,1.0,0.0,0.0,0,0,12,12
POLICY_VALIDATION,BALANCED_STRICT_REGRET,TRANSPORT,0.035,54,0.2,12,3,0.0,0.0,0.1111111111111111,0.9444444444444444,0.8888888888888888,0.03574096555539602,0.9444444444444444,1.0,0.1111111111111111,2,18,18,36
POLICY_VALIDATION,BALANCED_STRICT_REGRET,TRANSPORT,0.035,54,0.2,40,1,0.0,0.0,0.0,1.0,1.0,0.0,0.975,0.0,0.0,0,0,40,40
POLICY_VALIDATION,BALANCED_STRICT_REGRET,TRANSPORT,0.035,54,0.2,40,5,0.0,0.0,0.0,1.0,1.0,0.0,0.95,0.0,0.0,0,20,20,40
POLICY_VALIDATION,BALANCED_STRICT_REGRET,TRANSPORT,0.035,54,0.6,1,1,0.0,0.0,0.0,1.0,1.0,0.0,0.6666666666666666,0.0,0.0,0,3,0,3
POLICY_VALIDATION,BALANCED_STRICT_REGRET,TRANSPORT,0.035,54,0.6,12,1,0.0,0.0,0.0,1.0,1.0,0.0,0.9166666666666666,0.0,0.0,0,6,6,12
POLICY_VALIDATION,BALANCED_STRICT_REGRET,TRANSPORT,0.035,54,0.6,40,3,0.0,0.0,0.0,1.0,1.0,0.0,0.75,0.0,0.0,0,20,20,40
POLICY_VALIDATION,BALANCED_STRICT_REGRET,TRANSPORT,0.035,54,0.6,40,5,0.0,0.0,0.325,0.8375,0.675,0.004228657653340058,0.9625,1.0,0.325,13,40,40,80
POLICY_VALIDATION,BALANCED_STRICT_REGRET,TRANSPORT,0.035,144,0.2,1,1,0.0,0.0,0.0,1.0,1.0,0.0,1.0,0.0,0.0,0,1,0,1
POLICY_VALIDATION,BALANCED_STRICT_REGRET,TRANSPORT,0.035,144,0.2,1,3,0.0,0.0,1.0,0.0,0.0,0.002112772208987604,1.0,1.0,1.0,1,1,0,1
POLICY_VALIDATION,BALANCED_STRICT_REGRET,TRANSPORT,0.035,144,0.2,12,1,0.0,0.0,0.0,1.0,1.0,0.0,1.0,0.0,0.0,0,6,18,24
POLICY_VALIDATION,BALANCED_STRICT_REGRET,TRANSPORT,0.035,144,0.2,40,5,0.0,0.0,0.6666666666666666,0.6666666666666667,0.33333333333333337,0.004086283746463753,0.9,1.0,0.6666666666666666,40,60,60,120
POLICY_VALIDATION,BALANCED_STRICT_REGRET,TRANSPORT,0.035,144,0.6,1,1,0.0,0.0,0.0,1.0,1.0,0.0,1.0,0.0,0.0,0,1,0,1
POLICY_VALIDATION,BALANCED_STRICT_REGRET,TRANSPORT,0.035,144,0.6,1,5,0.0,0.0,1.0,0.0,0.0,0.0008964655650744099,1.0,1.0,1.0,1,1,0,1
POLICY_VALIDATION,BALANCED_STRICT_REGRET,TRANSPORT,0.035,144,0.6,12,3,0.0,0.0,0.4166666666666667,0.7916666666666666,0.5833333333333333,0.0011228312736315707,1.0,1.0,0.4166666666666667,5,12,12,24
POLICY_VALIDATION,BALANCED_STRICT_REGRET,TRANSPORT,0.035,144,0.6,40,1,0.0,0.0,0.0,1.0,1.0,0.0,0.95,0.0,0.0,0,20,20,40
POLICY_VALIDATION,BALANCED_STRICT_REGRET,TRANSPORT,0.035,144,0.6,40,3,0.0,0.0,1.0,0.5,0.0,0.008619924718508492,0.9,1.0,1.0,20,20,20,40
POLICY_VALIDATION,BALANCED_STRICT_REGRET,TRANSPORT,0.075,18,0.2,1,1,0.0,0.0,0.0,1.0,1.0,0.0,0.6666666666666666,0.0,0.0,0,3,0,3
POLICY_VALIDATION,BALANCED_STRICT_REGRET,TRANSPORT,0.075,18,0.2,12,5,0.0,0.0,0.0,1.0,1.0,0.0,1.0,0.0,0.0,0,6,6,12
POLICY_VALIDATION,BALANCED_STRICT_REGRET,TRANSPORT,0.075,18,0.2,40,3,0.0,0.0,0.0,1.0,1.0,0.0,0.8875,0.0,0.0,0,40,40,80
POLICY_VALIDATION,BALANCED_STRICT_REGRET,TRANSPORT,0.075,18,0.9,1,3,0.0,0.0,0.0,1.0,1.0,0.0,1.0,0.0,0.0,0,1,0,1
POLICY_VALIDATION,BALANCED_STRICT_REGRET,TRANSPORT,0.075,18,0.9,1,5,0.0,0.0,0.0,1.0,1.0,0.0,1.0,0.0,0.0,0,1,0,1
POLICY_VALIDATION,BALANCED_STRICT_REGRET,TRANSPORT,0.075,18,0.9,12,1,0.0,0.0,0.0,1.0,1.0,0.0,1.0,0.0,0.0,0,6,6,12
POLICY_VALIDATION,BALANCED_STRICT_REGRET,TRANSPORT,0.075,18,0.9,12,3,0.0,0.0,0.0,1.0,1.0,0.0,0.9583333333333334,0.0,0.0,0,6,18,24
POLICY_VALIDATION,BALANCED_STRICT_REGRET,TRANSPORT,0.075,18,0.9,40,5,0.0,0.0,0.0,1.0,1.0,0.0,1.0,0.0,0.0,0,40,40,80
POLICY_VALIDATION,BALANCED_STRICT_REGRET,TRANSPORT,0.075,54,0.2,1,5,0.0,0.0,0.5,0.5,0.5,0.03279289919559912,0.5,1.0,0.5,1,2,0,2
POLICY_VALIDATION,BALANCED_STRICT_REGRET,TRANSPORT,0.075,54,0.2,12,3,0.0,0.0,0.75,0.625,0.25,0.01302257354798655,0.875,1.0,0.75,18,24,24,48
POLICY_VALIDATION,BALANCED_STRICT_REGRET,TRANSPORT,0.075,54,0.2,40,1,0.0,0.0,0.0,1.0,1.0,0.0,0.95,0.0,0.0,0,20,20,40
POLICY_VALIDATION,BALANCED_STRICT_REGRET,TRANSPORT,0.075,54,0.9,1,1,0.0,0.0,0.0,1.0,1.0,0.0,1.0,0.0,0.0,0,2,0,2
POLICY_VALIDATION,BALANCED_STRICT_REGRET,TRANSPORT,0.075,54,0.9,1,3,0.0,0.0,0.0,1.0,1.0,0.0,1.0,0.0,0.0,0,0,1,1
POLICY_VALIDATION,BALANCED_STRICT_REGRET,TRANSPORT,0.075,54,0.9,12,1,0.0,0.0,0.0,1.0,1.0,0.0,1.0,0.0,0.0,0,6,6,12
POLICY_VALIDATION,BALANCED_STRICT_REGRET,TRANSPORT,0.075,54,0.9,40,3,0.0,0.0,0.0,1.0,1.0,0.0,1.0,0.0,0.0,0,0,40,40
POLICY_VALIDATION,BALANCED_STRICT_REGRET,TRANSPORT,0.075,54,0.9,40,5,0.025,0.07338362326242218,0.5,0.7375,0.5,0.02487328781963298,0.575,0.9523809523809523,0.5,21,40,40,80
POLICY_VALIDATION,BALANCED_STRICT_REGRET,TRANSPORT,0.075,144,0.2,1,3,0.0,0.0,0.5,0.5,0.5,0.006565262051700493,1.0,1.0,0.5,1,2,0,2
POLICY_VALIDATION,BALANCED_STRICT_REGRET,TRANSPORT,0.075,144,0.2,12,1,0.0,0.0,0.0,1.0,1.0,0.0,0.9583333333333334,0.0,0.0,0,12,12,24
POLICY_VALIDATION,BALANCED_STRICT_REGRET,TRANSPORT,0.075,144,0.2,40,5,0.0,0.0,0.3333333333333333,0.8333333333333334,0.6666666666666667,0.003987399969956164,0.9583333333333334,1.0,0.3333333333333333,20,60,60,120
POLICY_VALIDATION,BALANCED_STRICT_REGRET,TRANSPORT,0.075,144,0.9,1,1,0.0,0.0,0.0,1.0,1.0,0.0,1.0,0.0,0.0,0,2,0,2
POLICY_VALIDATION,BALANCED_STRICT_REGRET,TRANSPORT,0.075,144,0.9,1,5,0.0,0.0,1.0,0.0,0.0,0.009481792086028368,1.0,1.0,1.0,1,1,0,1
POLICY_VALIDATION,BALANCED_STRICT_REGRET,TRANSPORT,0.075,144,0.9,12,3,0.0,0.0,1.0,0.75,0.0,0.018809893405469003,1.0,1.0,1.0,6,6,18,24
POLICY_VALIDATION,BALANCED_STRICT_REGRET,TRANSPORT,0.075,144,0.9,40,3,0.0,0.0,1.0,0.5,0.0,0.002190034870334392,1.0,1.0,1.0,20,20,20,40
POLICY_VALIDATION,HIGH_COVERAGE,ITEM_DIAGNOSTICS,0.0,18,0.2,1,1,0.0,0.0,0.0,1.0,1.0,0.0,0.0,0.0,0.0,0,0,1,1
POLICY_VALIDATION,HIGH_COVERAGE,ITEM_DIAGNOSTICS,0.0,18,0.2,1,5,0.0,0.0,0.0,1.0,1.0,0.0,1.0,0.0,0.0,0,0,1,1
POLICY_VALIDATION,HIGH_COVERAGE,ITEM_DIAGNOSTICS,0.0,18,0.2,12,3,0.0,0.0,0.0,1.0,1.0,0.0,0.875,0.0,0.0,0,0,24,24
POLICY_VALIDATION,HIGH_COVERAGE,ITEM_DIAGNOSTICS,0.0,18,0.2,40,1,0.0,0.0,0.0,1.0,1.0,0.0,0.8166666666666667,0.0,0.0,0,0,120,120
POLICY_VALIDATION,HIGH_COVERAGE,ITEM_DIAGNOSTICS,0.0,18,0.6,1,1,0.0,0.0,0.0,1.0,1.0,0.0,1.0,0.0,0.0,0,0,1,1
POLICY_VALIDATION,HIGH_COVERAGE,ITEM_DIAGNOSTICS,0.0,18,0.6,1,3,0.3333333333333333,0.8667777662061142,0.0,0.6666666666666667,1.0,0.09886866976784353,0.6666666666666666,0.0,0.0,1,0,3,3
POLICY_VALIDATION,HIGH_COVERAGE,ITEM_DIAGNOSTICS,0.0,18,0.6,12,1,0.0,0.0,0.0,1.0,1.0,0.0,0.9166666666666666,0.0,0.0,0,0,12,12
POLICY_VALIDATION,HIGH_COVERAGE,ITEM_DIAGNOSTICS,0.0,18,0.6,12,5,0.0,0.0,0.0,1.0,1.0,0.0,1.0,0.0,0.0,0,0,12,12
POLICY_VALIDATION,HIGH_COVERAGE,ITEM_DIAGNOSTICS,0.0,18,0.6,40,5,0.0,0.0,0.0,1.0,1.0,0.0,0.9,0.0,0.0,0,0,40,40
POLICY_VALIDATION,HIGH_COVERAGE,ITEM_DIAGNOSTICS,0.0,54,0.2,1,3,0.0,0.0,0.0,1.0,1.0,0.0,1.0,0.0,0.0,0,0,3,3
POLICY_VALIDATION,HIGH_COVERAGE,ITEM_DIAGNOSTICS,0.0,54,0.2,12,1,0.0,0.0,0.0,1.0,1.0,0.0,0.8333333333333334,0.0,0.0,0,0,12,12
POLICY_VALIDATION,HIGH_COVERAGE,ITEM_DIAGNOSTICS,0.0,54,0.2,40,1,0.0,0.0,0.0,1.0,1.0,0.0,0.825,0.0,0.0,0,0,40,40
POLICY_VALIDATION,HIGH_COVERAGE,ITEM_DIAGNOSTICS,0.0,54,0.2,40,5,0.025,0.07338362326242218,0.0,0.975,1.0,0.06255299526188639,0.9,0.0,0.0,1,0,40,40
POLICY_VALIDATION,HIGH_COVERAGE,ITEM_DIAGNOSTICS,0.0,54,0.6,1,1,0.0,0.0,0.0,1.0,1.0,0.0,0.5,0.0,0.0,0,0,2,2
POLICY_VALIDATION,HIGH_COVERAGE,ITEM_DIAGNOSTICS,0.0,54,0.6,12,3,0.0,0.0,0.0,1.0,1.0,0.0,0.0,0.0,0.0,0,0,12,12
POLICY_VALIDATION,HIGH_COVERAGE,ITEM_DIAGNOSTICS,0.0,54,0.6,12,5,0.0,0.0,0.0,1.0,1.0,0.0,0.9583333333333334,0.0,0.0,0,0,24,24
POLICY_VALIDATION,HIGH_COVERAGE,ITEM_DIAGNOSTICS,0.0,54,0.6,40,1,0.0,0.0,0.0,1.0,1.0,0.0,0.9,0.0,0.0,0,0,40,40
POLICY_VALIDATION,HIGH_COVERAGE,ITEM_DIAGNOSTICS,0.0,54,0.6,40,3,0.0,0.0,0.0,1.0,1.0,0.0,0.8,0.0,0.0,0,0,40,40
POLICY_VALIDATION,HIGH_COVERAGE,ITEM_DIAGNOSTICS,0.0,144,0.2,1,1,0.0,0.0,0.0,1.0,1.0,0.0,1.0,0.0,0.0,0,0,2,2
POLICY_VALIDATION,HIGH_COVERAGE,ITEM_DIAGNOSTICS,0.0,144,0.2,1,3,0.0,0.0,0.0,1.0,1.0,0.0,1.0,0.0,0.0,0,0,1,1
POLICY_VALIDATION,HIGH_COVERAGE,ITEM_DIAGNOSTICS,0.0,144,0.2,12,5,0.0,0.0,0.0,1.0,1.0,0.0,0.8611111111111112,0.0,0.0,0,0,36,36
POLICY_VALIDATION,HIGH_COVERAGE,ITEM_DIAGNOSTICS,0.0,144,0.2,40,3,0.0,0.0,0.0,1.0,1.0,0.0,0.9,0.0,0.0,0,0,40,40
POLICY_VALIDATION,HIGH_COVERAGE,ITEM_DIAGNOSTICS,0.0,144,0.6,1,3,0.0,0.0,0.0,1.0,1.0,0.0,1.0,0.0,0.0,0,0,2,2
POLICY_VALIDATION,HIGH_COVERAGE,ITEM_DIAGNOSTICS,0.0,144,0.6,12,3,0.0,0.0,0.0,1.0,1.0,0.0,1.0,0.0,0.0,0,0,12,12
POLICY_VALIDATION,HIGH_COVERAGE,ITEM_DIAGNOSTICS,0.0,144,0.6,40,1,0.0,0.0,0.0,1.0,1.0,0.0,0.7,0.0,0.0,0,0,120,120
POLICY_VALIDATION,HIGH_COVERAGE,ITEM_DIAGNOSTICS,0.035,18,0.2,1,1,0.0,0.0,1.0,0.0,0.0,0.010300053749961409,1.0,1.0,1.0,1,1,0,1
POLICY_VALIDATION,HIGH_COVERAGE,ITEM_DIAGNOSTICS,0.035,18,0.2,12,3,0.0,0.0,0.0,1.0,1.0,0.0,0.9166666666666666,0.0,0.0,0,6,6,12
POLICY_VALIDATION,HIGH_COVERAGE,ITEM_DIAGNOSTICS,0.035,18,0.2,12,5,0.0,0.0,0.08333333333333333,0.9583333333333334,0.9166666666666666,0.02647878510184662,0.7916666666666666,1.0,0.08333333333333333,1,12,12,24
POLICY_VALIDATION,HIGH_COVERAGE,ITEM_DIAGNOSTICS,0.035,18,0.2,40,1,0.0,0.0,0.06666666666666667,0.9666666666666667,0.9333333333333333,0.06720848737762328,0.8416666666666667,1.0,0.06666666666666667,4,60,60,120
POLICY_VALIDATION,HIGH_COVERAGE,ITEM_DIAGNOSTICS,0.035,18,0.9,1,1,0.0,0.0,0.0,1.0,1.0,0.0,1.0,0.0,0.0,0,1,0,1
POLICY_VALIDATION,HIGH_COVERAGE,ITEM_DIAGNOSTICS,0.035,18,0.9,1,3,0.0,0.0,0.6666666666666666,0.33333333333333337,0.33333333333333337,0.06330755433759636,0.0,1.0,0.6666666666666666,2,3,0,3
POLICY_VALIDATION,HIGH_COVERAGE,ITEM_DIAGNOSTICS,0.035,18,0.9,12,1,0.0,0.0,0.0,1.0,1.0,0.0,1.0,0.0,0.0,0,6,6,12
POLICY_VALIDATION,HIGH_COVERAGE,ITEM_DIAGNOSTICS,0.035,18,0.9,12,5,0.0,0.0,0.0,1.0,1.0,0.0,1.0,0.0,0.0,0,6,6,12
POLICY_VALIDATION,HIGH_COVERAGE,ITEM_DIAGNOSTICS,0.035,18,0.9,40,5,0.0,0.0,0.0,1.0,1.0,0.0,1.0,0.0,0.0,0,20,20,40
POLICY_VALIDATION,HIGH_COVERAGE,ITEM_DIAGNOSTICS,0.035,54,0.2,1,3,0.0,0.0,0.0,1.0,1.0,0.0,1.0,0.0,0.0,0,2,0,2
POLICY_VALIDATION,HIGH_COVERAGE,ITEM_DIAGNOSTICS,0.035,54,0.2,12,1,0.0,0.0,1.0,0.5,0.0,0.007931925396989909,1.0,1.0,1.0,6,6,6,12
POLICY_VALIDATION,HIGH_COVERAGE,ITEM_DIAGNOSTICS,0.035,54,0.2,12,3,0.0,0.0,0.8333333333333334,0.5833333333333333,0.16666666666666663,0.006321455540972129,0.8333333333333334,1.0,0.8333333333333334,5,6,6,12
POLICY_VALIDATION,HIGH_COVERAGE,ITEM_DIAGNOSTICS,0.035,54,0.2,40,1,0.0,0.0,0.0,1.0,1.0,0.0,0.8,0.0,0.0,0,20,20,40
POLICY_VALIDATION,HIGH_COVERAGE,ITEM_DIAGNOSTICS,0.035,54,0.2,40,5,0.0,0.0,0.5,0.75,0.5,0.019471197190469518,0.9,1.0,0.5,10,20,20,40
POLICY_VALIDATION,HIGH_COVERAGE,ITEM_DIAGNOSTICS,0.035,54,0.9,1,1,0.0,0.0,0.0,1.0,1.0,0.0,0.5,0.0,0.0,0,2,0,2
POLICY_VALIDATION,HIGH_COVERAGE,ITEM_DIAGNOSTICS,0.035,54,0.9,12,5,0.3333333333333333,0.5511111111111111,0.3333333333333333,0.6666666666666667,0.6666666666666667,0.027818028115791604,0.6666666666666666,0.5,0.3333333333333333,12,18,18,36
POLICY_VALIDATION,HIGH_COVERAGE,ITEM_DIAGNOSTICS,0.035,54,0.9,40,1,0.0,0.0,0.0,1.0,1.0,0.0,1.0,0.0,0.0,0,20,20,40
POLICY_VALIDATION,HIGH_COVERAGE,ITEM_DIAGNOSTICS,0.035,54,0.9,40,3,0.0,0.0,0.0,1.0,1.0,0.0,0.8,0.0,0.0,0,20,20,40
POLICY_VALIDATION,HIGH_COVERAGE,ITEM_DIAGNOSTICS,0.035,144,0.2,1,1,0.0,0.0,1.0,0.0,0.0,0.022552029376885597,0.5,1.0,1.0,2,2,0,2
POLICY_VALIDATION,HIGH_COVERAGE,ITEM_DIAGNOSTICS,0.035,144,0.2,1,3,0.0,0.0,0.0,1.0,1.0,0.0,1.0,0.0,0.0,0,1,0,1
POLICY_VALIDATION,HIGH_COVERAGE,ITEM_DIAGNOSTICS,0.035,144,0.2,12,5,0.0,0.0,0.2777777777777778,0.8611111111111112,0.7222222222222222,0.00809691473073961,0.6944444444444444,1.0,0.2777777777777778,5,18,18,36
POLICY_VALIDATION,HIGH_COVERAGE,ITEM_DIAGNOSTICS,0.035,144,0.2,40,3,0.0,0.0,0.0,1.0,1.0,0.0,0.9,0.0,0.0,0,20,20,40
POLICY_VALIDATION,HIGH_COVERAGE,ITEM_DIAGNOSTICS,0.035,144,0.9,1,5,0.0,0.0,0.0,1.0,1.0,0.0,0.0,0.0,0.0,0,1,0,1
POLICY_VALIDATION,HIGH_COVERAGE,ITEM_DIAGNOSTICS,0.035,144,0.9,12,3,0.0,0.0,0.0,1.0,1.0,0.0,1.0,0.0,0.0,0,12,12,24
POLICY_VALIDATION,HIGH_COVERAGE,ITEM_DIAGNOSTICS,0.035,144,0.9,40,1,0.1,0.17591047358566536,1.0,0.44999999999999996,0.0,0.016524010819272256,0.65,0.9090909090909091,1.0,66,60,60,120
POLICY_VALIDATION,HIGH_COVERAGE,ITEM_DIAGNOSTICS,0.075,18,0.6,1,1,0.0,0.0,1.0,0.0,0.0,0.020160655211881484,1.0,1.0,1.0,1,1,0,1
POLICY_VALIDATION,HIGH_COVERAGE,ITEM_DIAGNOSTICS,0.075,18,0.6,12,3,0.0,0.0,0.0,1.0,1.0,0.0,0.9166666666666666,0.0,0.0,0,6,6,12
POLICY_VALIDATION,HIGH_COVERAGE,ITEM_DIAGNOSTICS,0.075,18,0.6,12,5,0.0,0.0,0.0,1.0,1.0,0.0,0.9583333333333334,0.0,0.0,0,12,12,24
POLICY_VALIDATION,HIGH_COVERAGE,ITEM_DIAGNOSTICS,0.075,18,0.6,40,1,0.0,0.0,0.3,0.85,0.7,0.04376455705130095,0.9,1.0,0.3,12,40,40,80
POLICY_VALIDATION,HIGH_COVERAGE,ITEM_DIAGNOSTICS,0.075,18,0.6,40,3,0.0,0.0,1.0,0.5,0.0,0.012914298728952922,0.925,1.0,1.0,20,20,20,40
POLICY_VALIDATION,HIGH_COVERAGE,ITEM_DIAGNOSTICS,0.075,18,0.9,1,3,0.0,0.0,0.25,0.75,0.75,0.0022654767901923584,0.75,1.0,0.25,1,4,0,4
POLICY_VALIDATION,HIGH_COVERAGE,ITEM_DIAGNOSTICS,0.075,18,0.9,12,1,0.0,0.0,1.0,0.5,0.0,0.01161237335586106,1.0,1.0,1.0,6,6,6,12
POLICY_VALIDATION,HIGH_COVERAGE,ITEM_DIAGNOSTICS,0.075,18,0.9,40,5,0.05,0.11754183888524208,0.5,0.725,0.5,0.059968088217389505,0.8,0.9090909090909091,0.5,22,40,40,80
POLICY_VALIDATION,HIGH_COVERAGE,ITEM_DIAGNOSTICS,0.075,54,0.6,1,3,0.0,0.0,1.0,0.0,0.0,0.013977692497214422,1.0,1.0,1.0,2,2,0,2
POLICY_VALIDATION,HIGH_COVERAGE,ITEM_DIAGNOSTICS,0.075,54,0.6,12,3,0.0,0.0,1.0,0.5,0.0,0.003980362953870743,0.8333333333333334,1.0,1.0,6,6,6,12
POLICY_VALIDATION,HIGH_COVERAGE,ITEM_DIAGNOSTICS,0.075,54,0.6,40,1,0.0,0.0,0.0,1.0,1.0,0.0,0.8,0.0,0.0,0,40,40,80
POLICY_VALIDATION,HIGH_COVERAGE,ITEM_DIAGNOSTICS,0.075,54,0.6,40,5,0.0,0.0,0.0,1.0,1.0,0.0,0.9,0.0,0.0,0,20,20,40
POLICY_VALIDATION,HIGH_COVERAGE,ITEM_DIAGNOSTICS,0.075,54,0.9,1,1,0.0,0.0,1.0,0.0,0.0,0.007085430591944254,1.0,1.0,1.0,2,2,0,2
POLICY_VALIDATION,HIGH_COVERAGE,ITEM_DIAGNOSTICS,0.075,54,0.9,12,5,0.0,0.0,0.3333333333333333,0.8333333333333334,0.6666666666666667,0.012640497035934792,0.6944444444444444,1.0,0.3333333333333333,6,18,18,36
POLICY_VALIDATION,HIGH_COVERAGE,ITEM_DIAGNOSTICS,0.075,54,0.9,40,3,0.0,0.0,0.5,0.75,0.5,0.004428767091309677,1.0,1.0,0.5,20,40,40,80
POLICY_VALIDATION,HIGH_COVERAGE,ITEM_DIAGNOSTICS,0.075,144,0.6,1,1,0.0,0.0,0.0,1.0,1.0,0.0,0.0,0.0,0.0,0,1,0,1
POLICY_VALIDATION,HIGH_COVERAGE,ITEM_DIAGNOSTICS,0.075,144,0.6,1,3,0.0,0.0,0.0,1.0,1.0,0.0,1.0,0.0,0.0,0,2,0,2
POLICY_VALIDATION,HIGH_COVERAGE,ITEM_DIAGNOSTICS,0.075,144,0.6,12,5,0.0,0.0,0.5,0.75,0.5,0.019180805846413847,0.20833333333333334,1.0,0.5,6,12,12,24
POLICY_VALIDATION,HIGH_COVERAGE,ITEM_DIAGNOSTICS,0.075,144,0.6,40,3,0.0,0.0,0.0,1.0,1.0,0.0,0.9,0.0,0.0,0,20,20,40
POLICY_VALIDATION,HIGH_COVERAGE,ITEM_DIAGNOSTICS,0.075,144,0.6,40,5,0.05,0.14551858457912786,1.0,0.475,0.0,0.011170959354952822,0.525,0.9523809523809523,1.0,21,20,20,40
POLICY_VALIDATION,HIGH_COVERAGE,ITEM_DIAGNOSTICS,0.075,144,0.9,1,5,0.0,0.0,1.0,0.0,0.0,0.008038806932827089,1.0,1.0,1.0,1,1,0,1
POLICY_VALIDATION,HIGH_COVERAGE,ITEM_DIAGNOSTICS,0.075,144,0.9,12,3,0.0,0.0,0.5,0.75,0.5,0.012419726827043722,0.9166666666666666,1.0,0.5,6,12,12,24
POLICY_VALIDATION,HIGH_COVERAGE,ITEM_DIAGNOSTICS,0.075,144,0.9,40,1,0.0,0.0,0.6666666666666666,0.6666666666666667,0.33333333333333337,0.005032281531514598,0.75,1.0,0.6666666666666666,40,60,60,120
POLICY_VALIDATION,HIGH_COVERAGE,PRIMARY_PAIRWISE,0.0,18,0.2,1,1,0.0,0.0,0.0,1.0,1.0,0.0,1.0,0.0,0.0,0,0,1,1
POLICY_VALIDATION,HIGH_COVERAGE,PRIMARY_PAIRWISE,0.0,18,0.2,1,5,0.0,0.0,0.0,1.0,1.0,0.0,1.0,0.0,0.0,0,0,1,1
POLICY_VALIDATION,HIGH_COVERAGE,PRIMARY_PAIRWISE,0.0,18,0.2,12,3,0.0,0.0,0.0,1.0,1.0,0.0,0.75,0.0,0.0,0,0,24,24
POLICY_VALIDATION,HIGH_COVERAGE,PRIMARY_PAIRWISE,0.0,18,0.2,40,1,0.0,0.0,0.0,1.0,1.0,0.0,0.8833333333333333,0.0,0.0,0,0,120,120
POLICY_VALIDATION,HIGH_COVERAGE,PRIMARY_PAIRWISE,0.0,18,0.6,1,1,1.0,1.0,0.0,0.0,1.0,0.045850267873067646,0.0,0.0,0.0,1,0,1,1
POLICY_VALIDATION,HIGH_COVERAGE,PRIMARY_PAIRWISE,0.0,18,0.6,1,3,0.3333333333333333,0.8667777662061142,0.0,0.6666666666666667,1.0,0.08537374587059846,0.0,0.0,0.0,1,0,3,3
POLICY_VALIDATION,HIGH_COVERAGE,PRIMARY_PAIRWISE,0.0,18,0.6,12,1,0.0,0.0,0.0,1.0,1.0,0.0,0.9166666666666666,0.0,0.0,0,0,12,12
POLICY_VALIDATION,HIGH_COVERAGE,PRIMARY_PAIRWISE,0.0,18,0.6,12,5,0.0,0.0,0.0,1.0,1.0,0.0,1.0,0.0,0.0,0,0,12,12
POLICY_VALIDATION,HIGH_COVERAGE,PRIMARY_PAIRWISE,0.0,18,0.6,40,5,0.0,0.0,0.0,1.0,1.0,0.0,0.875,0.0,0.0,0,0,40,40
POLICY_VALIDATION,HIGH_COVERAGE,PRIMARY_PAIRWISE,0.0,54,0.2,1,3,0.3333333333333333,0.8667777662061142,0.0,0.6666666666666667,1.0,0.02551087544077752,0.3333333333333333,0.0,0.0,1,0,3,3
POLICY_VALIDATION,HIGH_COVERAGE,PRIMARY_PAIRWISE,0.0,54,0.2,12,1,0.0,0.0,0.0,1.0,1.0,0.0,1.0,0.0,0.0,0,0,12,12
POLICY_VALIDATION,HIGH_COVERAGE,PRIMARY_PAIRWISE,0.0,54,0.2,40,1,0.0,0.0,0.0,1.0,1.0,0.0,0.8,0.0,0.0,0,0,40,40
POLICY_VALIDATION,HIGH_COVERAGE,PRIMARY_PAIRWISE,0.0,54,0.2,40,5,0.0,0.0,0.0,1.0,1.0,0.0,0.75,0.0,0.0,0,0,40,40
POLICY_VALIDATION,HIGH_COVERAGE,PRIMARY_PAIRWISE,0.0,54,0.6,1,1,0.0,0.0,0.0,1.0,1.0,0.0,0.5,0.0,0.0,0,0,2,2
POLICY_VALIDATION,HIGH_COVERAGE,PRIMARY_PAIRWISE,0.0,54,0.6,12,3,0.0,0.0,0.0,1.0,1.0,0.0,0.4166666666666667,0.0,0.0,0,0,12,12
POLICY_VALIDATION,HIGH_COVERAGE,PRIMARY_PAIRWISE,0.0,54,0.6,12,5,0.041666666666666664,0.12161384251375915,0.0,0.9583333333333334,1.0,0.039765644896095645,0.8333333333333334,0.0,0.0,1,0,24,24
POLICY_VALIDATION,HIGH_COVERAGE,PRIMARY_PAIRWISE,0.0,54,0.6,40,1,0.0,0.0,0.0,1.0,1.0,0.0,0.95,0.0,0.0,0,0,40,40
POLICY_VALIDATION,HIGH_COVERAGE,PRIMARY_PAIRWISE,0.0,54,0.6,40,3,0.0,0.0,0.0,1.0,1.0,0.0,0.95,0.0,0.0,0,0,40,40
POLICY_VALIDATION,HIGH_COVERAGE,PRIMARY_PAIRWISE,0.0,144,0.2,1,1,0.0,0.0,0.0,1.0,1.0,0.0,0.5,0.0,0.0,0,0,2,2
POLICY_VALIDATION,HIGH_COVERAGE,PRIMARY_PAIRWISE,0.0,144,0.2,1,3,0.0,0.0,0.0,1.0,1.0,0.0,1.0,0.0,0.0,0,0,1,1
POLICY_VALIDATION,HIGH_COVERAGE,PRIMARY_PAIRWISE,0.0,144,0.2,12,5,0.0,0.0,0.0,1.0,1.0,0.0,0.8333333333333334,0.0,0.0,0,0,36,36
POLICY_VALIDATION,HIGH_COVERAGE,PRIMARY_PAIRWISE,0.0,144,0.2,40,3,0.0,0.0,0.0,1.0,1.0,0.0,0.85,0.0,0.0,0,0,40,40
POLICY_VALIDATION,HIGH_COVERAGE,PRIMARY_PAIRWISE,0.0,144,0.6,1,3,0.0,0.0,0.0,1.0,1.0,0.0,0.0,0.0,0.0,0,0,2,2
POLICY_VALIDATION,HIGH_COVERAGE,PRIMARY_PAIRWISE,0.0,144,0.6,12,3,0.0,0.0,0.0,1.0,1.0,0.0,0.4166666666666667,0.0,0.0,0,0,12,12
POLICY_VALIDATION,HIGH_COVERAGE,PRIMARY_PAIRWISE,0.0,144,0.6,40,1,0.0,0.0,0.0,1.0,1.0,0.0,0.8,0.0,0.0,0,0,120,120
POLICY_VALIDATION,HIGH_COVERAGE,PRIMARY_PAIRWISE,0.035,18,0.2,1,1,0.0,0.0,1.0,0.0,0.0,0.009244947250397324,1.0,1.0,1.0,1,1,0,1
POLICY_VALIDATION,HIGH_COVERAGE,PRIMARY_PAIRWISE,0.035,18,0.2,12,3,0.0,0.0,0.0,1.0,1.0,0.0,0.8333333333333334,0.0,0.0,0,6,6,12
POLICY_VALIDATION,HIGH_COVERAGE,PRIMARY_PAIRWISE,0.035,18,0.2,12,5,0.0,0.0,0.0,1.0,1.0,0.0,0.7083333333333334,0.0,0.0,0,12,12,24
POLICY_VALIDATION,HIGH_COVERAGE,PRIMARY_PAIRWISE,0.035,18,0.2,40,1,0.0,0.0,0.18333333333333332,0.9083333333333333,0.8166666666666667,0.02806739616447944,0.7916666666666666,1.0,0.18333333333333332,11,60,60,120
POLICY_VALIDATION,HIGH_COVERAGE,PRIMARY_PAIRWISE,0.035,18,0.9,1,1,0.0,0.0,0.0,1.0,1.0,0.0,1.0,0.0,0.0,0,1,0,1
POLICY_VALIDATION,HIGH_COVERAGE,PRIMARY_PAIRWISE,0.035,18,0.9,1,3,0.0,0.0,0.0,1.0,1.0,0.0,1.0,0.0,0.0,0,3,0,3
POLICY_VALIDATION,HIGH_COVERAGE,PRIMARY_PAIRWISE,0.035,18,0.9,12,1,0.0,0.0,1.0,0.5,0.0,0.01862629714248505,1.0,1.0,1.0,6,6,6,12
POLICY_VALIDATION,HIGH_COVERAGE,PRIMARY_PAIRWISE,0.035,18,0.9,12,5,0.0,0.0,0.0,1.0,1.0,0.0,0.9166666666666666,0.0,0.0,0,6,6,12
POLICY_VALIDATION,HIGH_COVERAGE,PRIMARY_PAIRWISE,0.035,18,0.9,40,5,0.0,0.0,0.0,1.0,1.0,0.0,0.9,0.0,0.0,0,20,20,40
POLICY_VALIDATION,HIGH_COVERAGE,PRIMARY_PAIRWISE,0.035,54,0.2,1,3,0.0,0.0,1.0,0.0,0.0,0.022921079431698122,1.0,1.0,1.0,2,2,0,2
POLICY_VALIDATION,HIGH_COVERAGE,PRIMARY_PAIRWISE,0.035,54,0.2,12,1,0.0,0.0,0.5,0.75,0.5,0.0020578888926557474,0.9166666666666666,1.0,0.5,3,6,6,12
POLICY_VALIDATION,HIGH_COVERAGE,PRIMARY_PAIRWISE,0.035,54,0.2,12,3,0.0,0.0,0.5,0.75,0.5,0.0060907225739618405,0.8333333333333334,1.0,0.5,3,6,6,12
POLICY_VALIDATION,HIGH_COVERAGE,PRIMARY_PAIRWISE,0.035,54,0.2,40,1,0.0,0.0,0.0,1.0,1.0,0.0,0.85,0.0,0.0,0,20,20,40
POLICY_VALIDATION,HIGH_COVERAGE,PRIMARY_PAIRWISE,0.035,54,0.2,40,5,0.05,0.14551858457912786,0.8,0.575,0.19999999999999996,0.017002878395584578,0.725,0.9411764705882353,0.8,17,20,20,40
POLICY_VALIDATION,HIGH_COVERAGE,PRIMARY_PAIRWISE,0.035,54,0.9,1,1,0.0,0.0,0.5,0.5,0.5,0.0054012451340603555,1.0,1.0,0.5,1,2,0,2
POLICY_VALIDATION,HIGH_COVERAGE,PRIMARY_PAIRWISE,0.035,54,0.9,12,5,0.0,0.0,0.3333333333333333,0.8333333333333334,0.6666666666666667,0.0067558836394841434,0.6388888888888888,1.0,0.3333333333333333,6,18,18,36
POLICY_VALIDATION,HIGH_COVERAGE,PRIMARY_PAIRWISE,0.035,54,0.9,40,1,0.0,0.0,0.0,1.0,1.0,0.0,0.5,0.0,0.0,0,20,20,40
POLICY_VALIDATION,HIGH_COVERAGE,PRIMARY_PAIRWISE,0.035,54,0.9,40,3,0.0,0.0,0.0,1.0,1.0,0.0,1.0,0.0,0.0,0,20,20,40
POLICY_VALIDATION,HIGH_COVERAGE,PRIMARY_PAIRWISE,0.035,144,0.2,1,1,0.0,0.0,1.0,0.0,0.0,0.0025298708918861657,1.0,1.0,1.0,2,2,0,2
POLICY_VALIDATION,HIGH_COVERAGE,PRIMARY_PAIRWISE,0.035,144,0.2,1,3,0.0,0.0,0.0,1.0,1.0,0.0,1.0,0.0,0.0,0,1,0,1
POLICY_VALIDATION,HIGH_COVERAGE,PRIMARY_PAIRWISE,0.035,144,0.2,12,5,0.0,0.0,0.5,0.75,0.5,0.012085024309852654,0.9166666666666666,1.0,0.5,9,18,18,36
POLICY_VALIDATION,HIGH_COVERAGE,PRIMARY_PAIRWISE,0.035,144,0.2,40,3,0.0,0.0,0.0,1.0,1.0,0.0,0.875,0.0,0.0,0,20,20,40
POLICY_VALIDATION,HIGH_COVERAGE,PRIMARY_PAIRWISE,0.035,144,0.9,1,5,0.0,0.0,0.0,1.0,1.0,0.0,1.0,0.0,0.0,0,1,0,1
POLICY_VALIDATION,HIGH_COVERAGE,PRIMARY_PAIRWISE,0.035,144,0.9,12,3,0.0,0.0,0.5,0.75,0.5,0.0026563496164179385,1.0,1.0,0.5,6,12,12,24
POLICY_VALIDATION,HIGH_COVERAGE,PRIMARY_PAIRWISE,0.035,144,0.9,40,1,0.0,0.0,1.0,0.5,0.0,0.007598661329990881,0.975,1.0,1.0,60,60,60,120
POLICY_VALIDATION,HIGH_COVERAGE,PRIMARY_PAIRWISE,0.075,18,0.6,1,1,0.0,0.0,1.0,0.0,0.0,0.003957464150325302,1.0,1.0,1.0,1,1,0,1
POLICY_VALIDATION,HIGH_COVERAGE,PRIMARY_PAIRWISE,0.075,18,0.6,12,3,0.0,0.0,0.6666666666666666,0.6666666666666667,0.33333333333333337,0.023196962960406624,0.5833333333333334,1.0,0.6666666666666666,4,6,6,12
POLICY_VALIDATION,HIGH_COVERAGE,PRIMARY_PAIRWISE,0.075,18,0.6,12,5,0.0,0.0,0.4166666666666667,0.7916666666666666,0.5833333333333333,0.01291472798640016,0.875,1.0,0.4166666666666667,5,12,12,24
POLICY_VALIDATION,HIGH_COVERAGE,PRIMARY_PAIRWISE,0.075,18,0.6,40,1,0.2,0.3239612842786005,0.5,0.65,0.5,0.08912713436880089,0.3875,0.7142857142857143,0.5,28,40,40,80
POLICY_VALIDATION,HIGH_COVERAGE,PRIMARY_PAIRWISE,0.075,18,0.6,40,3,0.0,0.0,0.75,0.625,0.25,0.016263301472315316,0.825,1.0,0.75,15,20,20,40
POLICY_VALIDATION,HIGH_COVERAGE,PRIMARY_PAIRWISE,0.075,18,0.9,1,3,0.0,0.0,0.25,0.75,0.75,0.030614198967982335,0.75,1.0,0.25,1,4,0,4
POLICY_VALIDATION,HIGH_COVERAGE,PRIMARY_PAIRWISE,0.075,18,0.9,12,1,0.0,0.0,1.0,0.5,0.0,0.034457818554366144,0.4166666666666667,1.0,1.0,6,6,6,12
POLICY_VALIDATION,HIGH_COVERAGE,PRIMARY_PAIRWISE,0.075,18,0.9,40,5,0.0,0.0,0.0,1.0,1.0,0.0,1.0,0.0,0.0,0,40,40,80
POLICY_VALIDATION,HIGH_COVERAGE,PRIMARY_PAIRWISE,0.075,54,0.6,1,3,0.0,0.0,0.5,0.5,0.5,0.008131772772816029,0.5,1.0,0.5,1,2,0,2
POLICY_VALIDATION,HIGH_COVERAGE,PRIMARY_PAIRWISE,0.075,54,0.6,12,3,0.0,0.0,1.0,0.5,0.0,0.010641430707514532,0.75,1.0,1.0,6,6,6,12
POLICY_VALIDATION,HIGH_COVERAGE,PRIMARY_PAIRWISE,0.075,54,0.6,40,1,0.0,0.0,0.5,0.75,0.5,0.013455798601555958,0.8875,1.0,0.5,20,40,40,80
POLICY_VALIDATION,HIGH_COVERAGE,PRIMARY_PAIRWISE,0.075,54,0.6,40,5,0.0,0.0,0.0,1.0,1.0,0.0,0.725,0.0,0.0,0,20,20,40
POLICY_VALIDATION,HIGH_COVERAGE,PRIMARY_PAIRWISE,0.075,54,0.9,1,1,0.0,0.0,1.0,0.0,0.0,0.010021288807244767,1.0,1.0,1.0,2,2,0,2
POLICY_VALIDATION,HIGH_COVERAGE,PRIMARY_PAIRWISE,0.075,54,0.9,12,5,0.0,0.0,0.3333333333333333,0.8333333333333334,0.6666666666666667,0.008496044774592867,0.6666666666666666,1.0,0.3333333333333333,6,18,18,36
POLICY_VALIDATION,HIGH_COVERAGE,PRIMARY_PAIRWISE,0.075,54,0.9,40,3,0.0,0.0,0.5,0.75,0.5,0.007510041152157832,0.975,1.0,0.5,20,40,40,80
POLICY_VALIDATION,HIGH_COVERAGE,PRIMARY_PAIRWISE,0.075,144,0.6,1,1,0.0,0.0,0.0,1.0,1.0,0.0,1.0,0.0,0.0,0,1,0,1
POLICY_VALIDATION,HIGH_COVERAGE,PRIMARY_PAIRWISE,0.075,144,0.6,1,3,0.0,0.0,0.5,0.5,0.5,0.0198012102719083,0.5,1.0,0.5,1,2,0,2
POLICY_VALIDATION,HIGH_COVERAGE,PRIMARY_PAIRWISE,0.075,144,0.6,12,5,0.0,0.0,0.5,0.75,0.5,0.019504416407083603,0.9166666666666666,1.0,0.5,6,12,12,24
POLICY_VALIDATION,HIGH_COVERAGE,PRIMARY_PAIRWISE,0.075,144,0.6,40,3,0.0,0.0,0.0,1.0,1.0,0.0,0.025,0.0,0.0,0,20,20,40
POLICY_VALIDATION,HIGH_COVERAGE,PRIMARY_PAIRWISE,0.075,144,0.6,40,5,0.05,0.14551858457912786,1.0,0.475,0.0,0.004463629596421234,0.925,0.9523809523809523,1.0,21,20,20,40
POLICY_VALIDATION,HIGH_COVERAGE,PRIMARY_PAIRWISE,0.075,144,0.9,1,5,0.0,0.0,1.0,0.0,0.0,0.00047771523762819845,1.0,1.0,1.0,1,1,0,1
POLICY_VALIDATION,HIGH_COVERAGE,PRIMARY_PAIRWISE,0.075,144,0.9,12,3,0.0,0.0,0.5,0.75,0.5,0.008133912448495456,1.0,1.0,0.5,6,12,12,24
POLICY_VALIDATION,HIGH_COVERAGE,PRIMARY_PAIRWISE,0.075,144,0.9,40,1,0.0,0.0,0.6666666666666666,0.6666666666666667,0.33333333333333337,0.0027457238013175777,0.9916666666666667,1.0,0.6666666666666666,40,60,60,120
POLICY_VALIDATION,HIGH_COVERAGE,REPAIR,0.0,18,0.2,1,3,0.0,0.0,0.0,1.0,1.0,0.0,1.0,0.0,0.0,0,0,1,1
POLICY_VALIDATION,HIGH_COVERAGE,REPAIR,0.0,18,0.2,1,5,0.0,0.0,0.0,1.0,1.0,0.0,1.0,0.0,0.0,0,0,2,2
POLICY_VALIDATION,HIGH_COVERAGE,REPAIR,0.0,18,0.2,12,1,0.0,0.0,0.0,1.0,1.0,0.0,0.75,0.0,0.0,0,0,12,12
POLICY_VALIDATION,HIGH_COVERAGE,REPAIR,0.0,18,0.2,12,3,0.08333333333333333,0.23971309426686854,0.0,0.9166666666666666,1.0,0.0639224148303949,0.9166666666666666,0.0,0.0,1,0,12,12
POLICY_VALIDATION,HIGH_COVERAGE,REPAIR,0.0,18,0.2,40,1,0.0,0.0,0.0,1.0,1.0,0.0,0.7875,0.0,0.0,0,0,80,80
POLICY_VALIDATION,HIGH_COVERAGE,REPAIR,0.0,18,0.9,1,1,0.0,0.0,0.0,1.0,1.0,0.0,1.0,0.0,0.0,0,0,1,1
POLICY_VALIDATION,HIGH_COVERAGE,REPAIR,0.0,18,0.9,12,1,0.0,0.0,0.0,1.0,1.0,0.0,1.0,0.0,0.0,0,0,12,12
POLICY_VALIDATION,HIGH_COVERAGE,REPAIR,0.0,18,0.9,12,5,0.0,0.0,0.0,1.0,1.0,0.0,0.9166666666666666,0.0,0.0,0,0,12,12
POLICY_VALIDATION,HIGH_COVERAGE,REPAIR,0.0,18,0.9,40,3,0.0,0.0,0.0,1.0,1.0,0.0,0.6583333333333333,0.0,0.0,0,0,120,120
POLICY_VALIDATION,HIGH_COVERAGE,REPAIR,0.0,54,0.2,1,3,0.0,0.0,0.0,1.0,1.0,0.0,1.0,0.0,0.0,0,0,1,1
POLICY_VALIDATION,HIGH_COVERAGE,REPAIR,0.0,54,0.2,12,1,0.027777777777777776,0.08146072395775578,0.0,0.9722222222222222,1.0,0.07074861655388015,0.8055555555555556,0.0,0.0,1,0,36,36
POLICY_VALIDATION,HIGH_COVERAGE,REPAIR,0.0,54,0.2,40,3,0.025,0.05921238810723391,0.0,0.975,1.0,0.05143290335631635,0.65,0.0,0.0,2,0,80,80
POLICY_VALIDATION,HIGH_COVERAGE,REPAIR,0.0,54,0.9,1,5,0.0,0.0,0.0,1.0,1.0,0.0,0.6666666666666666,0.0,0.0,0,0,3,3
POLICY_VALIDATION,HIGH_COVERAGE,REPAIR,0.0,54,0.9,12,3,0.0,0.0,0.0,1.0,1.0,0.0,1.0,0.0,0.0,0,0,12,12
POLICY_VALIDATION,HIGH_COVERAGE,REPAIR,0.0,54,0.9,40,1,0.0,0.0,0.0,1.0,1.0,0.0,0.9875,0.0,0.0,0,0,80,80
POLICY_VALIDATION,HIGH_COVERAGE,REPAIR,0.0,54,0.9,40,3,0.0,0.0,0.0,1.0,1.0,0.0,0.95,0.0,0.0,0,0,40,40
POLICY_VALIDATION,HIGH_COVERAGE,REPAIR,0.0,144,0.2,1,1,0.0,0.0,0.0,1.0,1.0,0.0,1.0,0.0,0.0,0,0,1,1
POLICY_VALIDATION,HIGH_COVERAGE,REPAIR,0.0,144,0.2,1,5,0.0,0.0,0.0,1.0,1.0,0.0,1.0,0.0,0.0,0,0,1,1
POLICY_VALIDATION,HIGH_COVERAGE,REPAIR,0.0,144,0.2,12,5,0.0,0.0,0.0,1.0,1.0,0.0,0.8333333333333334,0.0,0.0,0,0,12,12
POLICY_VALIDATION,HIGH_COVERAGE,REPAIR,0.0,144,0.2,40,1,0.0,0.0,0.0,1.0,1.0,0.0,0.85,0.0,0.0,0,0,40,40
POLICY_VALIDATION,HIGH_COVERAGE,REPAIR,0.0,144,0.2,40,3,0.0,0.0,0.0,1.0,1.0,0.0,0.85,0.0,0.0,0,0,120,120
POLICY_VALIDATION,HIGH_COVERAGE,REPAIR,0.0,144,0.9,1,3,0.0,0.0,0.0,1.0,1.0,0.0,1.0,0.0,0.0,0,0,2,2
POLICY_VALIDATION,HIGH_COVERAGE,REPAIR,0.0,144,0.9,12,1,0.0,0.0,0.0,1.0,1.0,0.0,0.7777777777777778,0.0,0.0,0,0,36,36
POLICY_VALIDATION,HIGH_COVERAGE,REPAIR,0.0,144,0.9,40,1,0.0,0.0,0.0,1.0,1.0,0.0,1.0,0.0,0.0,0,0,40,40
POLICY_VALIDATION,HIGH_COVERAGE,REPAIR,0.0,144,0.9,40,5,0.0,0.0,0.0,1.0,1.0,0.0,1.0,0.0,0.0,0,0,40,40
POLICY_VALIDATION,HIGH_COVERAGE,REPAIR,0.035,18,0.6,1,5,0.0,0.0,0.6666666666666666,0.33333333333333337,0.33333333333333337,0.012386991371165949,0.6666666666666666,1.0,0.6666666666666666,2,3,0,3
POLICY_VALIDATION,HIGH_COVERAGE,REPAIR,0.035,18,0.6,12,1,0.0,0.0,0.0,1.0,1.0,0.0,0.8333333333333334,0.0,0.0,0,6,6,12
POLICY_VALIDATION,HIGH_COVERAGE,REPAIR,0.035,18,0.6,12,3,0.0,0.0,0.0,1.0,1.0,0.0,1.0,0.0,0.0,0,6,6,12
POLICY_VALIDATION,HIGH_COVERAGE,REPAIR,0.035,18,0.6,40,1,0.0,0.0,0.0,1.0,1.0,0.0,0.8625,0.0,0.0,0,40,40,80
POLICY_VALIDATION,HIGH_COVERAGE,REPAIR,0.035,18,0.9,1,1,0.0,0.0,1.0,0.0,0.0,0.007855737231271656,1.0,1.0,1.0,1,1,0,1
POLICY_VALIDATION,HIGH_COVERAGE,REPAIR,0.035,18,0.9,1,3,0.0,0.0,0.0,1.0,1.0,0.0,0.0,0.0,0.0,0,1,0,1
POLICY_VALIDATION,HIGH_COVERAGE,REPAIR,0.035,18,0.9,12,1,0.0,0.0,0.0,1.0,1.0,0.0,0.9166666666666666,0.0,0.0,0,6,6,12
POLICY_VALIDATION,HIGH_COVERAGE,REPAIR,0.035,18,0.9,12,5,0.0,0.0,0.0,1.0,1.0,0.0,1.0,0.0,0.0,0,6,6,12
POLICY_VALIDATION,HIGH_COVERAGE,REPAIR,0.035,18,0.9,40,3,0.0,0.0,0.0,1.0,1.0,0.0,1.0,0.0,0.0,0,40,40,80
POLICY_VALIDATION,HIGH_COVERAGE,REPAIR,0.035,54,0.6,1,3,0.0,0.0,0.0,1.0,1.0,0.0,0.5,0.0,0.0,0,2,0,2
POLICY_VALIDATION,HIGH_COVERAGE,REPAIR,0.035,54,0.6,12,1,0.0,0.0,0.2777777777777778,0.8611111111111112,0.7222222222222222,0.01945195795505129,0.75,1.0,0.2777777777777778,5,18,18,36
POLICY_VALIDATION,HIGH_COVERAGE,REPAIR,0.035,54,0.6,40,5,0.0,0.0,0.0,1.0,1.0,0.0,0.75,0.0,0.0,0,20,20,40
POLICY_VALIDATION,HIGH_COVERAGE,REPAIR,0.035,54,0.9,1,5,0.0,0.0,0.6666666666666666,0.33333333333333337,0.33333333333333337,0.01588405658629481,1.0,1.0,0.6666666666666666,2,3,0,3
POLICY_VALIDATION,HIGH_COVERAGE,REPAIR,0.035,54,0.9,12,3,0.0,0.0,0.0,1.0,1.0,0.0,0.08333333333333333,0.0,0.0,0,6,6,12
POLICY_VALIDATION,HIGH_COVERAGE,REPAIR,0.035,54,0.9,40,1,0.0,0.0,0.5,0.75,0.5,0.014882293442588252,0.875,1.0,0.5,20,40,40,80
POLICY_VALIDATION,HIGH_COVERAGE,REPAIR,0.035,54,0.9,40,3,0.0,0.0,0.0,1.0,1.0,0.0,1.0,0.0,0.0,0,20,20,40
POLICY_VALIDATION,HIGH_COVERAGE,REPAIR,0.035,144,0.6,1,1,0.0,0.0,0.0,1.0,1.0,0.0,1.0,0.0,0.0,0,1,0,1
POLICY_VALIDATION,HIGH_COVERAGE,REPAIR,0.035,144,0.6,1,5,0.0,0.0,0.0,1.0,1.0,0.0,1.0,0.0,0.0,0,1,0,1
POLICY_VALIDATION,HIGH_COVERAGE,REPAIR,0.035,144,0.6,12,5,0.0,0.0,0.0,1.0,1.0,0.0,0.9166666666666666,0.0,0.0,0,6,6,12
POLICY_VALIDATION,HIGH_COVERAGE,REPAIR,0.035,144,0.6,40,1,0.0,0.0,1.0,0.5,0.0,0.004826069014816076,0.95,1.0,1.0,20,20,20,40
POLICY_VALIDATION,HIGH_COVERAGE,REPAIR,0.035,144,0.6,40,3,0.016666666666666666,0.049059967300068105,0.5833333333333334,0.7,0.41666666666666663,0.012737804957894979,0.85,0.9722222222222222,0.5833333333333334,36,60,60,120
POLICY_VALIDATION,HIGH_COVERAGE,REPAIR,0.035,144,0.9,1,3,0.0,0.0,0.0,1.0,1.0,0.0,1.0,0.0,0.0,0,1,0,1
POLICY_VALIDATION,HIGH_COVERAGE,REPAIR,0.035,144,0.9,1,5,0.0,0.0,0.5,0.5,0.5,0.0006867222383653004,1.0,1.0,0.5,1,2,0,2
POLICY_VALIDATION,HIGH_COVERAGE,REPAIR,0.035,144,0.9,12,1,0.0,0.0,0.3333333333333333,0.8333333333333334,0.6666666666666667,0.001258778435391823,0.75,1.0,0.3333333333333333,6,18,18,36
POLICY_VALIDATION,HIGH_COVERAGE,REPAIR,0.035,144,0.9,40,1,0.0,0.0,1.0,0.5,0.0,0.009251251746003704,0.7,1.0,1.0,20,20,20,40
POLICY_VALIDATION,HIGH_COVERAGE,REPAIR,0.075,18,0.2,1,3,0.0,0.0,1.0,0.0,0.0,0.01815125691858034,1.0,1.0,1.0,1,1,0,1
POLICY_VALIDATION,HIGH_COVERAGE,REPAIR,0.075,18,0.2,12,1,0.0,0.0,0.0,1.0,1.0,0.0,0.8333333333333334,0.0,0.0,0,12,12,24
POLICY_VALIDATION,HIGH_COVERAGE,REPAIR,0.075,18,0.2,12,5,0.0,0.0,0.0,1.0,1.0,0.0,0.75,0.0,0.0,0,6,6,12
POLICY_VALIDATION,HIGH_COVERAGE,REPAIR,0.075,18,0.2,40,3,0.0,0.0,0.375,0.8125,0.625,0.029663321976828298,0.8875,1.0,0.375,15,40,40,80
POLICY_VALIDATION,HIGH_COVERAGE,REPAIR,0.075,18,0.6,1,5,0.0,0.0,0.3333333333333333,0.6666666666666667,0.6666666666666667,0.01850353543810579,0.6666666666666666,1.0,0.3333333333333333,1,3,0,3
POLICY_VALIDATION,HIGH_COVERAGE,REPAIR,0.075,18,0.6,12,3,0.0,0.0,0.4166666666666667,0.7916666666666666,0.5833333333333333,0.011747897585072272,0.625,1.0,0.4166666666666667,5,12,12,24
POLICY_VALIDATION,HIGH_COVERAGE,REPAIR,0.075,18,0.6,40,1,0.025,0.07338362326242218,0.5,0.7375,0.5,0.014360412229155396,0.7875,0.9523809523809523,0.5,21,40,40,80
POLICY_VALIDATION,HIGH_COVERAGE,REPAIR,0.075,54,0.2,1,5,0.0,0.0,0.5,0.5,0.5,0.012432141119947601,1.0,1.0,0.5,1,2,0,2
POLICY_VALIDATION,HIGH_COVERAGE,REPAIR,0.075,54,0.2,12,3,0.0,0.0,0.0,1.0,1.0,0.0,0.9166666666666666,0.0,0.0,0,6,6,12
POLICY_VALIDATION,HIGH_COVERAGE,REPAIR,0.075,54,0.2,12,5,0.0,0.0,1.0,0.5,0.0,0.00976054392280648,0.8333333333333334,1.0,1.0,6,6,6,12
POLICY_VALIDATION,HIGH_COVERAGE,REPAIR,0.075,54,0.2,40,1,0.0,0.0,0.0,1.0,1.0,0.0,0.825,0.0,0.0,0,20,20,40
POLICY_VALIDATION,HIGH_COVERAGE,REPAIR,0.075,54,0.2,40,3,0.0,0.0,0.0,1.0,1.0,0.0,0.7125,0.0,0.0,0,40,40,80
POLICY_VALIDATION,HIGH_COVERAGE,REPAIR,0.075,54,0.6,1,3,0.0,0.0,0.5,0.5,0.5,0.03232075027227842,0.5,1.0,0.5,1,2,0,2
POLICY_VALIDATION,HIGH_COVERAGE,REPAIR,0.075,54,0.6,12,1,0.05555555555555555,0.16137653438793323,0.3333333333333333,0.8055555555555556,0.6666666666666667,0.0178222597933139,0.75,0.8571428571428571,0.3333333333333333,7,18,18,36
POLICY_VALIDATION,HIGH_COVERAGE,REPAIR,0.075,54,0.6,40,5,0.0,0.0,1.0,0.5,0.0,0.005477792697646266,0.975,1.0,1.0,20,20,20,40
POLICY_VALIDATION,HIGH_COVERAGE,REPAIR,0.075,144,0.2,1,3,0.0,0.0,0.0,1.0,1.0,0.0,1.0,0.0,0.0,0,1,0,1
POLICY_VALIDATION,HIGH_COVERAGE,REPAIR,0.075,144,0.2,1,5,0.0,0.0,0.0,1.0,1.0,0.0,0.5,0.0,0.0,0,2,0,2
POLICY_VALIDATION,HIGH_COVERAGE,REPAIR,0.075,144,0.2,12,1,0.0,0.0,0.5,0.75,0.5,0.01766035991849985,0.6666666666666666,1.0,0.5,6,12,12,24
POLICY_VALIDATION,HIGH_COVERAGE,REPAIR,0.075,144,0.2,12,3,0.16666666666666666,0.4648711701972571,1.0,0.41666666666666663,0.0,0.008820696720477104,0.6666666666666666,0.8571428571428571,1.0,7,6,6,12
POLICY_VALIDATION,HIGH_COVERAGE,REPAIR,0.075,144,0.2,40,1,0.05,0.14551858457912786,1.0,0.475,0.0,0.00542298967955684,0.85,0.9523809523809523,1.0,21,20,20,40
POLICY_VALIDATION,HIGH_COVERAGE,REPAIR,0.075,144,0.6,1,1,0.0,0.0,1.0,0.0,0.0,0.0036067611097082425,1.0,1.0,1.0,1,1,0,1
POLICY_VALIDATION,HIGH_COVERAGE,REPAIR,0.075,144,0.6,12,5,0.0,0.0,1.0,0.5,0.0,0.009461131449750885,1.0,1.0,1.0,12,12,12,24
POLICY_VALIDATION,HIGH_COVERAGE,REPAIR,0.075,144,0.6,40,3,0.0125,0.036846393470080945,0.7375,0.625,0.26249999999999996,0.012513703333003471,0.59375,0.9833333333333333,0.7375,60,80,80,160
POLICY_VALIDATION,HIGH_COVERAGE,THRESHOLD_PASS,0.0,18,0.2,1,3,0.0,0.0,0.0,1.0,1.0,0.0,0.0,0.0,0.0,0,0,1,1
POLICY_VALIDATION,HIGH_COVERAGE,THRESHOLD_PASS,0.0,18,0.2,1,5,0.0,0.0,0.0,1.0,1.0,0.0,1.0,0.0,0.0,0,0,2,2
POLICY_VALIDATION,HIGH_COVERAGE,THRESHOLD_PASS,0.0,18,0.2,12,1,0.0,0.0,0.0,1.0,1.0,0.0,0.75,0.0,0.0,0,0,12,12
POLICY_VALIDATION,HIGH_COVERAGE,THRESHOLD_PASS,0.0,18,0.2,12,3,0.0,0.0,0.0,1.0,1.0,0.0,0.9166666666666666,0.0,0.0,0,0,12,12
POLICY_VALIDATION,HIGH_COVERAGE,THRESHOLD_PASS,0.0,18,0.2,40,1,0.0,0.0,0.0,1.0,1.0,0.0,0.875,0.0,0.0,0,0,80,80
POLICY_VALIDATION,HIGH_COVERAGE,THRESHOLD_PASS,0.0,18,0.9,1,1,0.0,0.0,0.0,1.0,1.0,0.0,1.0,0.0,0.0,0,0,1,1
POLICY_VALIDATION,HIGH_COVERAGE,THRESHOLD_PASS,0.0,18,0.9,12,1,0.0,0.0,0.0,1.0,1.0,0.0,1.0,0.0,0.0,0,0,12,12
POLICY_VALIDATION,HIGH_COVERAGE,THRESHOLD_PASS,0.0,18,0.9,12,5,0.0,0.0,0.0,1.0,1.0,0.0,1.0,0.0,0.0,0,0,12,12
POLICY_VALIDATION,HIGH_COVERAGE,THRESHOLD_PASS,0.0,18,0.9,40,3,0.0,0.0,0.0,1.0,1.0,0.0,0.9833333333333333,0.0,0.0,0,0,120,120
POLICY_VALIDATION,HIGH_COVERAGE,THRESHOLD_PASS,0.0,54,0.2,1,3,0.0,0.0,0.0,1.0,1.0,0.0,1.0,0.0,0.0,0,0,1,1
POLICY_VALIDATION,HIGH_COVERAGE,THRESHOLD_PASS,0.0,54,0.2,12,1,0.027777777777777776,0.08146072395775578,0.0,0.9722222222222222,1.0,0.039299904206872294,0.8055555555555556,0.0,0.0,1,0,36,36
POLICY_VALIDATION,HIGH_COVERAGE,THRESHOLD_PASS,0.0,54,0.2,40,3,0.0125,0.036846393470080945,0.0,0.9875,1.0,0.03838671414498735,0.675,0.0,0.0,1,0,80,80
POLICY_VALIDATION,HIGH_COVERAGE,THRESHOLD_PASS,0.0,54,0.9,1,5,0.0,0.0,0.0,1.0,1.0,0.0,0.6666666666666666,0.0,0.0,0,0,3,3
POLICY_VALIDATION,HIGH_COVERAGE,THRESHOLD_PASS,0.0,54,0.9,12,3,0.0,0.0,0.0,1.0,1.0,0.0,1.0,0.0,0.0,0,0,12,12
POLICY_VALIDATION,HIGH_COVERAGE,THRESHOLD_PASS,0.0,54,0.9,40,1,0.0,0.0,0.0,1.0,1.0,0.0,1.0,0.0,0.0,0,0,80,80
POLICY_VALIDATION,HIGH_COVERAGE,THRESHOLD_PASS,0.0,54,0.9,40,3,0.0,0.0,0.0,1.0,1.0,0.0,1.0,0.0,0.0,0,0,40,40
POLICY_VALIDATION,HIGH_COVERAGE,THRESHOLD_PASS,0.0,144,0.2,1,1,0.0,0.0,0.0,1.0,1.0,0.0,1.0,0.0,0.0,0,0,1,1
POLICY_VALIDATION,HIGH_COVERAGE,THRESHOLD_PASS,0.0,144,0.2,1,5,1.0,1.0,0.0,0.0,1.0,0.0360891421626411,0.0,0.0,0.0,1,0,1,1
POLICY_VALIDATION,HIGH_COVERAGE,THRESHOLD_PASS,0.0,144,0.2,12,5,0.0,0.0,0.0,1.0,1.0,0.0,0.9166666666666666,0.0,0.0,0,0,12,12
POLICY_VALIDATION,HIGH_COVERAGE,THRESHOLD_PASS,0.0,144,0.2,40,1,0.0,0.0,0.0,1.0,1.0,0.0,0.9,0.0,0.0,0,0,40,40
POLICY_VALIDATION,HIGH_COVERAGE,THRESHOLD_PASS,0.0,144,0.2,40,3,0.0,0.0,0.0,1.0,1.0,0.0,0.8833333333333333,0.0,0.0,0,0,120,120
POLICY_VALIDATION,HIGH_COVERAGE,THRESHOLD_PASS,0.0,144,0.9,1,3,0.0,0.0,0.0,1.0,1.0,0.0,0.5,0.0,0.0,0,0,2,2
POLICY_VALIDATION,HIGH_COVERAGE,THRESHOLD_PASS,0.0,144,0.9,12,1,0.0,0.0,0.0,1.0,1.0,0.0,1.0,0.0,0.0,0,0,36,36
POLICY_VALIDATION,HIGH_COVERAGE,THRESHOLD_PASS,0.0,144,0.9,40,1,0.0,0.0,0.0,1.0,1.0,0.0,0.95,0.0,0.0,0,0,40,40
POLICY_VALIDATION,HIGH_COVERAGE,THRESHOLD_PASS,0.0,144,0.9,40,5,0.0,0.0,0.0,1.0,1.0,0.0,1.0,0.0,0.0,0,0,40,40
POLICY_VALIDATION,HIGH_COVERAGE,THRESHOLD_PASS,0.035,18,0.6,1,5,0.0,0.0,0.3333333333333333,0.6666666666666667,0.6666666666666667,0.009952440371444896,1.0,1.0,0.3333333333333333,1,3,0,3
POLICY_VALIDATION,HIGH_COVERAGE,THRESHOLD_PASS,0.035,18,0.6,12,1,0.0,0.0,0.0,1.0,1.0,0.0,0.6666666666666666,0.0,0.0,0,6,6,12
POLICY_VALIDATION,HIGH_COVERAGE,THRESHOLD_PASS,0.035,18,0.6,12,3,0.0,0.0,0.0,1.0,1.0,0.0,0.6666666666666666,0.0,0.0,0,6,6,12
POLICY_VALIDATION,HIGH_COVERAGE,THRESHOLD_PASS,0.035,18,0.6,40,1,0.0,0.0,0.05,0.975,0.95,0.03918930780344258,0.525,1.0,0.05,2,40,40,80
POLICY_VALIDATION,HIGH_COVERAGE,THRESHOLD_PASS,0.035,18,0.9,1,1,0.0,0.0,1.0,0.0,0.0,0.038589795856781225,0.0,1.0,1.0,1,1,0,1
POLICY_VALIDATION,HIGH_COVERAGE,THRESHOLD_PASS,0.035,18,0.9,1,3,0.0,0.0,0.0,1.0,1.0,0.0,0.0,0.0,0.0,0,1,0,1
POLICY_VALIDATION,HIGH_COVERAGE,THRESHOLD_PASS,0.035,18,0.9,12,1,0.0,0.0,0.0,1.0,1.0,0.0,1.0,0.0,0.0,0,6,6,12
POLICY_VALIDATION,HIGH_COVERAGE,THRESHOLD_PASS,0.035,18,0.9,12,5,0.0,0.0,0.0,1.0,1.0,0.0,1.0,0.0,0.0,0,6,6,12
POLICY_VALIDATION,HIGH_COVERAGE,THRESHOLD_PASS,0.035,18,0.9,40,3,0.0,0.0,0.0,1.0,1.0,0.0,0.7875,0.0,0.0,0,40,40,80
POLICY_VALIDATION,HIGH_COVERAGE,THRESHOLD_PASS,0.035,54,0.6,1,3,0.0,0.0,0.5,0.5,0.5,0.0010802861709066844,0.5,1.0,0.5,1,2,0,2
POLICY_VALIDATION,HIGH_COVERAGE,THRESHOLD_PASS,0.035,54,0.6,12,1,0.1111111111111111,0.25629629629629624,0.5,0.6944444444444444,0.5,0.016488941973181345,0.8055555555555556,0.8181818181818182,0.5,11,18,18,36
POLICY_VALIDATION,HIGH_COVERAGE,THRESHOLD_PASS,0.035,54,0.6,40,5,0.0,0.0,0.0,1.0,1.0,0.0,0.75,0.0,0.0,0,20,20,40
POLICY_VALIDATION,HIGH_COVERAGE,THRESHOLD_PASS,0.035,54,0.9,1,5,0.0,0.0,0.3333333333333333,0.6666666666666667,0.6666666666666667,0.00972144303321407,1.0,1.0,0.3333333333333333,1,3,0,3
POLICY_VALIDATION,HIGH_COVERAGE,THRESHOLD_PASS,0.035,54,0.9,12,3,0.0,0.0,0.0,1.0,1.0,0.0,1.0,0.0,0.0,0,6,6,12
POLICY_VALIDATION,HIGH_COVERAGE,THRESHOLD_PASS,0.035,54,0.9,40,1,0.0,0.0,0.0,1.0,1.0,0.0,0.3375,0.0,0.0,0,40,40,80
POLICY_VALIDATION,HIGH_COVERAGE,THRESHOLD_PASS,0.035,54,0.9,40,3,0.0,0.0,0.0,1.0,1.0,0.0,1.0,0.0,0.0,0,20,20,40
POLICY_VALIDATION,HIGH_COVERAGE,THRESHOLD_PASS,0.035,144,0.6,1,1,0.0,0.0,1.0,0.0,0.0,0.005979528107193079,1.0,1.0,1.0,1,1,0,1
POLICY_VALIDATION,HIGH_COVERAGE,THRESHOLD_PASS,0.035,144,0.6,1,5,0.0,0.0,0.0,1.0,1.0,0.0,1.0,0.0,0.0,0,1,0,1
POLICY_VALIDATION,HIGH_COVERAGE,THRESHOLD_PASS,0.035,144,0.6,12,5,0.0,0.0,1.0,0.5,0.0,0.0025722765779741096,1.0,1.0,1.0,6,6,6,12
POLICY_VALIDATION,HIGH_COVERAGE,THRESHOLD_PASS,0.035,144,0.6,40,1,0.0,0.0,1.0,0.5,0.0,0.0061140100814518076,0.8,1.0,1.0,20,20,20,40
POLICY_VALIDATION,HIGH_COVERAGE,THRESHOLD_PASS,0.035,144,0.6,40,3,0.03333333333333333,0.07875449009404872,0.5333333333333333,0.7166666666666667,0.4666666666666667,0.01252712916817847,0.8,0.9411764705882353,0.5333333333333333,34,60,60,120
POLICY_VALIDATION,HIGH_COVERAGE,THRESHOLD_PASS,0.035,144,0.9,1,3,0.0,0.0,0.0,1.0,1.0,0.0,1.0,0.0,0.0,0,1,0,1
POLICY_VALIDATION,HIGH_COVERAGE,THRESHOLD_PASS,0.035,144,0.9,1,5,0.0,0.0,0.5,0.5,0.5,0.009328790393736554,1.0,1.0,0.5,1,2,0,2
POLICY_VALIDATION,HIGH_COVERAGE,THRESHOLD_PASS,0.035,144,0.9,12,1,0.0,0.0,0.6666666666666666,0.6666666666666667,0.33333333333333337,0.008838497806828225,0.9722222222222222,1.0,0.6666666666666666,12,18,18,36
POLICY_VALIDATION,HIGH_COVERAGE,THRESHOLD_PASS,0.035,144,0.9,40,1,0.1,0.23148079707698765,1.0,0.44999999999999996,0.0,0.01377010268375397,0.15,0.9090909090909091,1.0,22,20,20,40
POLICY_VALIDATION,HIGH_COVERAGE,THRESHOLD_PASS,0.075,18,0.2,1,3,0.0,0.0,1.0,0.0,0.0,0.03373374713971655,0.0,1.0,1.0,1,1,0,1
POLICY_VALIDATION,HIGH_COVERAGE,THRESHOLD_PASS,0.075,18,0.2,12,1,0.0,0.0,0.16666666666666666,0.9166666666666666,0.8333333333333334,0.07102174530853911,0.625,1.0,0.16666666666666666,2,12,12,24
POLICY_VALIDATION,HIGH_COVERAGE,THRESHOLD_PASS,0.075,18,0.2,12,5,0.0,0.0,0.0,1.0,1.0,0.0,0.8333333333333334,0.0,0.0,0,6,6,12
POLICY_VALIDATION,HIGH_COVERAGE,THRESHOLD_PASS,0.075,18,0.2,40,3,0.0,0.0,0.425,0.7875,0.575,0.038154450007904274,0.9125,1.0,0.425,17,40,40,80
POLICY_VALIDATION,HIGH_COVERAGE,THRESHOLD_PASS,0.075,18,0.6,1,5,0.0,0.0,0.3333333333333333,0.6666666666666667,0.6666666666666667,0.015342652319549913,0.6666666666666666,1.0,0.3333333333333333,1,3,0,3
POLICY_VALIDATION,HIGH_COVERAGE,THRESHOLD_PASS,0.075,18,0.6,12,3,0.0,0.0,0.4166666666666667,0.7916666666666666,0.5833333333333333,0.013761830763183113,0.6666666666666666,1.0,0.4166666666666667,5,12,12,24
POLICY_VALIDATION,HIGH_COVERAGE,THRESHOLD_PASS,0.075,18,0.6,40,1,0.0,0.0,1.0,0.5,0.0,0.01692885931923154,0.9625,1.0,1.0,40,40,40,80
POLICY_VALIDATION,HIGH_COVERAGE,THRESHOLD_PASS,0.075,54,0.2,1,5,0.0,0.0,0.5,0.5,0.5,0.021015149584903234,1.0,1.0,0.5,1,2,0,2
POLICY_VALIDATION,HIGH_COVERAGE,THRESHOLD_PASS,0.075,54,0.2,12,3,0.0,0.0,0.0,1.0,1.0,0.0,0.9166666666666666,0.0,0.0,0,6,6,12
POLICY_VALIDATION,HIGH_COVERAGE,THRESHOLD_PASS,0.075,54,0.2,12,5,0.0,0.0,1.0,0.5,0.0,0.009818599730897846,0.8333333333333334,1.0,1.0,6,6,6,12
POLICY_VALIDATION,HIGH_COVERAGE,THRESHOLD_PASS,0.075,54,0.2,40,1,0.0,0.0,0.0,1.0,1.0,0.0,0.85,0.0,0.0,0,20,20,40
POLICY_VALIDATION,HIGH_COVERAGE,THRESHOLD_PASS,0.075,54,0.2,40,3,0.025,0.07338362326242218,0.5,0.7375,0.5,0.015289395334291623,0.875,0.9523809523809523,0.5,21,40,40,80
POLICY_VALIDATION,HIGH_COVERAGE,THRESHOLD_PASS,0.075,54,0.6,1,3,0.0,0.0,0.5,0.5,0.5,0.006180591144102035,1.0,1.0,0.5,1,2,0,2
POLICY_VALIDATION,HIGH_COVERAGE,THRESHOLD_PASS,0.075,54,0.6,12,1,0.0,0.0,0.3333333333333333,0.8333333333333334,0.6666666666666667,0.008209783938304913,0.8888888888888888,1.0,0.3333333333333333,6,18,18,36
POLICY_VALIDATION,HIGH_COVERAGE,THRESHOLD_PASS,0.075,54,0.6,40,5,0.0,0.0,1.0,0.5,0.0,0.005975608446560952,0.975,1.0,1.0,20,20,20,40
POLICY_VALIDATION,HIGH_COVERAGE,THRESHOLD_PASS,0.075,144,0.2,1,3,0.0,0.0,1.0,0.0,0.0,0.0034128830962323192,1.0,1.0,1.0,1,1,0,1
POLICY_VALIDATION,HIGH_COVERAGE,THRESHOLD_PASS,0.075,144,0.2,1,5,0.0,0.0,0.5,0.5,0.5,0.011379743524569177,0.5,1.0,0.5,1,2,0,2
POLICY_VALIDATION,HIGH_COVERAGE,THRESHOLD_PASS,0.075,144,0.2,12,1,0.08333333333333333,0.23971309426686854,0.5,0.7083333333333333,0.5,0.010282550798703008,0.75,0.8571428571428571,0.5,7,12,12,24
POLICY_VALIDATION,HIGH_COVERAGE,THRESHOLD_PASS,0.075,144,0.2,12,3,0.0,0.0,1.0,0.5,0.0,0.004986195955539001,0.9166666666666666,1.0,1.0,6,6,6,12
POLICY_VALIDATION,HIGH_COVERAGE,THRESHOLD_PASS,0.075,144,0.2,40,1,0.0,0.0,1.0,0.5,0.0,0.008241516442960933,0.775,1.0,1.0,20,20,20,40
POLICY_VALIDATION,HIGH_COVERAGE,THRESHOLD_PASS,0.075,144,0.6,1,1,0.0,0.0,1.0,0.0,0.0,0.004407834317268863,1.0,1.0,1.0,1,1,0,1
POLICY_VALIDATION,HIGH_COVERAGE,THRESHOLD_PASS,0.075,144,0.6,12,5,0.0,0.0,1.0,0.5,0.0,0.009193624969187462,0.8333333333333334,1.0,1.0,12,12,12,24
POLICY_VALIDATION,HIGH_COVERAGE,THRESHOLD_PASS,0.075,144,0.6,40,3,0.0125,0.036846393470080945,0.75,0.61875,0.25,0.0071186674776674876,0.93125,0.9836065573770492,0.75,61,80,80,160
POLICY_VALIDATION,HIGH_COVERAGE,TOP_K,0.0,18,0.6,1,3,0.0,0.0,0.0,1.0,1.0,0.0,1.0,0.0,0.0,0,0,1,1
POLICY_VALIDATION,HIGH_COVERAGE,TOP_K,0.0,18,0.6,12,1,0.0,0.0,0.0,1.0,1.0,0.0,1.0,0.0,0.0,0,0,24,24
POLICY_VALIDATION,HIGH_COVERAGE,TOP_K,0.0,18,0.6,12,3,0.0,0.0,0.0,1.0,1.0,0.0,0.9166666666666666,0.0,0.0,0,0,12,12
POLICY_VALIDATION,HIGH_COVERAGE,TOP_K,0.0,18,0.6,40,5,0.0,0.0,0.0,1.0,1.0,0.0,0.7083333333333334,0.0,0.0,0,0,120,120
POLICY_VALIDATION,HIGH_COVERAGE,TOP_K,0.0,18,0.9,1,1,0.0,0.0,0.0,1.0,1.0,0.0,1.0,0.0,0.0,0,0,3,3
POLICY_VALIDATION,HIGH_COVERAGE,TOP_K,0.0,18,0.9,12,3,0.0,0.0,0.0,1.0,1.0,0.0,0.9583333333333334,0.0,0.0,0,0,24,24
POLICY_VALIDATION,HIGH_COVERAGE,TOP_K,0.0,18,0.9,40,3,0.0,0.0,0.0,1.0,1.0,0.0,0.675,0.0,0.0,0,0,40,40
POLICY_VALIDATION,HIGH_COVERAGE,TOP_K,0.0,54,0.6,1,1,0.0,0.0,0.0,1.0,1.0,0.0,1.0,0.0,0.0,0,0,3,3
POLICY_VALIDATION,HIGH_COVERAGE,TOP_K,0.0,54,0.6,12,1,0.0,0.0,0.0,1.0,1.0,0.0,0.08333333333333333,0.0,0.0,0,0,12,12
POLICY_VALIDATION,HIGH_COVERAGE,TOP_K,0.0,54,0.6,12,5,0.0,0.0,0.0,1.0,1.0,0.0,1.0,0.0,0.0,0,0,12,12
POLICY_VALIDATION,HIGH_COVERAGE,TOP_K,0.0,54,0.6,40,3,0.0,0.0,0.0,1.0,1.0,0.0,0.85,0.0,0.0,0,0,80,80
POLICY_VALIDATION,HIGH_COVERAGE,TOP_K,0.0,54,0.9,1,5,1.0,1.0,0.0,0.0,1.0,0.02360882712256986,0.0,0.0,0.0,1,0,1,1
POLICY_VALIDATION,HIGH_COVERAGE,TOP_K,0.0,54,0.9,12,1,0.0,0.0,0.0,1.0,1.0,0.0,0.25,0.0,0.0,0,0,12,12
POLICY_VALIDATION,HIGH_COVERAGE,TOP_K,0.0,54,0.9,12,3,0.0,0.0,0.0,1.0,1.0,0.0,0.8055555555555556,0.0,0.0,0,0,36,36
POLICY_VALIDATION,HIGH_COVERAGE,TOP_K,0.0,54,0.9,40,1,0.0,0.0,0.0,1.0,1.0,0.0,1.0,0.0,0.0,0,0,40,40
POLICY_VALIDATION,HIGH_COVERAGE,TOP_K,0.0,54,0.9,40,5,0.0,0.0,0.0,1.0,1.0,0.0,0.425,0.0,0.0,0,0,40,40
POLICY_VALIDATION,HIGH_COVERAGE,TOP_K,0.0,144,0.6,1,1,0.0,0.0,0.0,1.0,1.0,0.0,1.0,0.0,0.0,0,0,1,1
POLICY_VALIDATION,HIGH_COVERAGE,TOP_K,0.0,144,0.6,1,5,0.0,0.0,0.0,1.0,1.0,0.0,1.0,0.0,0.0,0,0,1,1
POLICY_VALIDATION,HIGH_COVERAGE,TOP_K,0.0,144,0.6,12,3,0.0,0.0,0.0,1.0,1.0,0.0,0.9444444444444444,0.0,0.0,0,0,36,36
POLICY_VALIDATION,HIGH_COVERAGE,TOP_K,0.0,144,0.6,40,1,0.0,0.0,0.0,1.0,1.0,0.0,0.825,0.0,0.0,0,0,40,40
POLICY_VALIDATION,HIGH_COVERAGE,TOP_K,0.0,144,0.9,1,1,0.0,0.0,0.0,1.0,1.0,0.0,1.0,0.0,0.0,0,0,1,1
POLICY_VALIDATION,HIGH_COVERAGE,TOP_K,0.0,144,0.9,1,3,0.0,0.0,0.0,1.0,1.0,0.0,1.0,0.0,0.0,0,0,1,1
POLICY_VALIDATION,HIGH_COVERAGE,TOP_K,0.0,144,0.9,12,1,0.0,0.0,0.0,1.0,1.0,0.0,0.4166666666666667,0.0,0.0,0,0,24,24
POLICY_VALIDATION,HIGH_COVERAGE,TOP_K,0.0,144,0.9,40,3,0.0,0.0,0.0,1.0,1.0,0.0,0.05,0.0,0.0,0,0,40,40
POLICY_VALIDATION,HIGH_COVERAGE,TOP_K,0.0,144,0.9,40,5,0.0,0.0,0.0,1.0,1.0,0.0,0.8875,0.0,0.0,0,0,80,80
POLICY_VALIDATION,HIGH_COVERAGE,TOP_K,0.035,18,0.2,1,1,0.0,0.0,0.0,1.0,1.0,0.0,1.0,0.0,0.0,0,3,0,3
POLICY_VALIDATION,HIGH_COVERAGE,TOP_K,0.035,18,0.2,12,5,0.0,0.0,0.0,1.0,1.0,0.0,1.0,0.0,0.0,0,6,6,12
POLICY_VALIDATION,HIGH_COVERAGE,TOP_K,0.035,18,0.2,40,3,0.0,0.0,0.0,1.0,1.0,0.0,0.85,0.0,0.0,0,40,40,80
POLICY_VALIDATION,HIGH_COVERAGE,TOP_K,0.035,18,0.6,1,3,0.0,0.0,0.0,1.0,1.0,0.0,1.0,0.0,0.0,0,1,0,1
POLICY_VALIDATION,HIGH_COVERAGE,TOP_K,0.035,18,0.6,12,1,0.0,0.0,0.4166666666666667,0.7916666666666666,0.5833333333333333,0.01941170776288858,0.875,1.0,0.4166666666666667,5,12,12,24
POLICY_VALIDATION,HIGH_COVERAGE,TOP_K,0.035,18,0.6,12,3,0.0,0.0,0.0,1.0,1.0,0.0,0.8333333333333334,0.0,0.0,0,6,6,12
POLICY_VALIDATION,HIGH_COVERAGE,TOP_K,0.035,18,0.6,40,5,0.0,0.0,0.0,1.0,1.0,0.0,0.9416666666666667,0.0,0.0,0,60,60,120
POLICY_VALIDATION,HIGH_COVERAGE,TOP_K,0.035,54,0.2,1,5,0.0,0.0,1.0,0.0,0.0,0.0008358891143206218,1.0,1.0,1.0,1,1,0,1
POLICY_VALIDATION,HIGH_COVERAGE,TOP_K,0.035,54,0.2,12,1,0.16666666666666666,0.4648711701972571,0.8333333333333334,0.5,0.16666666666666663,0.009128849251140577,0.75,0.8333333333333334,0.8333333333333334,6,6,6,12
POLICY_VALIDATION,HIGH_COVERAGE,TOP_K,0.035,54,0.2,12,3,0.0,0.0,0.16666666666666666,0.9166666666666666,0.8333333333333334,0.022961459366928588,0.8055555555555556,1.0,0.16666666666666666,3,18,18,36
POLICY_VALIDATION,HIGH_COVERAGE,TOP_K,0.035,54,0.2,40,1,0.0,0.0,0.65,0.675,0.35,0.006234828688298382,0.85,1.0,0.65,13,20,20,40
POLICY_VALIDATION,HIGH_COVERAGE,TOP_K,0.035,54,0.2,40,5,0.0,0.0,0.0,1.0,1.0,0.0,0.8,0.0,0.0,0,20,20,40
POLICY_VALIDATION,HIGH_COVERAGE,TOP_K,0.035,54,0.6,1,1,0.0,0.0,0.3333333333333333,0.6666666666666667,0.6666666666666667,0.04249551762270659,0.3333333333333333,1.0,0.3333333333333333,1,3,0,3
POLICY_VALIDATION,HIGH_COVERAGE,TOP_K,0.035,54,0.6,12,1,0.0,0.0,1.0,0.5,0.0,0.007847639840542384,0.9166666666666666,1.0,1.0,6,6,6,12
POLICY_VALIDATION,HIGH_COVERAGE,TOP_K,0.035,54,0.6,40,3,0.0,0.0,0.0,1.0,1.0,0.0,0.15,0.0,0.0,0,20,20,40
POLICY_VALIDATION,HIGH_COVERAGE,TOP_K,0.035,54,0.6,40,5,0.0,0.0,0.5,0.75,0.5,0.007210306386678372,0.775,1.0,0.5,20,40,40,80
POLICY_VALIDATION,HIGH_COVERAGE,TOP_K,0.035,144,0.2,1,1,0.0,0.0,0.0,1.0,1.0,0.0,1.0,0.0,0.0,0,1,0,1
POLICY_VALIDATION,HIGH_COVERAGE,TOP_K,0.035,144,0.2,1,3,0.0,0.0,0.0,1.0,1.0,0.0,0.0,0.0,0.0,0,1,0,1
POLICY_VALIDATION,HIGH_COVERAGE,TOP_K,0.035,144,0.2,12,1,0.0,0.0,0.5,0.75,0.5,0.005635893449288048,0.9166666666666666,1.0,0.5,6,12,12,24
POLICY_VALIDATION,HIGH_COVERAGE,TOP_K,0.035,144,0.2,40,5,0.06666666666666667,0.12978466316118065,0.6666666666666666,0.6333333333333333,0.33333333333333337,0.006049903456296316,0.8166666666666667,0.9090909090909091,0.6666666666666666,44,60,60,120
POLICY_VALIDATION,HIGH_COVERAGE,TOP_K,0.035,144,0.6,1,1,0.0,0.0,1.0,0.0,0.0,0.03323424972002055,0.0,1.0,1.0,1,1,0,1
POLICY_VALIDATION,HIGH_COVERAGE,TOP_K,0.035,144,0.6,1,5,0.0,0.0,1.0,0.0,0.0,0.0014420106459954105,1.0,1.0,1.0,1,1,0,1
POLICY_VALIDATION,HIGH_COVERAGE,TOP_K,0.035,144,0.6,12,3,0.0,0.0,1.0,0.5,0.0,0.014641973572620601,0.625,1.0,1.0,12,12,12,24
POLICY_VALIDATION,HIGH_COVERAGE,TOP_K,0.035,144,0.6,40,1,0.0,0.0,1.0,0.5,0.0,0.003308670536562949,0.925,1.0,1.0,20,20,20,40
POLICY_VALIDATION,HIGH_COVERAGE,TOP_K,0.035,144,0.6,40,3,0.0,0.0,1.0,0.5,0.0,0.0025265000406398475,0.95,1.0,1.0,20,20,20,40
POLICY_VALIDATION,HIGH_COVERAGE,TOP_K,0.075,18,0.2,1,1,0.0,0.0,0.6666666666666666,0.33333333333333337,0.33333333333333337,0.011386308125146363,1.0,1.0,0.6666666666666666,2,3,0,3
POLICY_VALIDATION,HIGH_COVERAGE,TOP_K,0.075,18,0.2,12,5,0.16666666666666666,0.4648711701972571,1.0,0.41666666666666663,0.0,0.02138416431298164,0.75,0.8571428571428571,1.0,7,6,6,12
POLICY_VALIDATION,HIGH_COVERAGE,TOP_K,0.075,18,0.2,40,3,0.025,0.07338362326242218,0.1,0.9375,0.9,0.04838611976269215,0.75,0.8,0.1,5,40,40,80
POLICY_VALIDATION,HIGH_COVERAGE,TOP_K,0.075,18,0.9,1,3,0.0,0.0,0.0,1.0,1.0,0.0,1.0,0.0,0.0,0,1,0,1
POLICY_VALIDATION,HIGH_COVERAGE,TOP_K,0.075,18,0.9,1,5,0.0,0.0,1.0,0.0,0.0,0.015535724462482636,1.0,1.0,1.0,1,1,0,1
POLICY_VALIDATION,HIGH_COVERAGE,TOP_K,0.075,18,0.9,12,1,0.0,0.0,0.0,1.0,1.0,0.0,1.0,0.0,0.0,0,6,6,12
POLICY_VALIDATION,HIGH_COVERAGE,TOP_K,0.075,18,0.9,12,3,0.0,0.0,0.0,1.0,1.0,0.0,0.5416666666666666,0.0,0.0,0,12,12,24
POLICY_VALIDATION,HIGH_COVERAGE,TOP_K,0.075,18,0.9,40,5,0.0,0.0,0.0,1.0,1.0,0.0,0.5125,0.0,0.0,0,40,40,80
POLICY_VALIDATION,HIGH_COVERAGE,TOP_K,0.075,54,0.2,1,5,0.0,0.0,1.0,0.0,0.0,0.021338078744616303,1.0,1.0,1.0,2,2,0,2
POLICY_VALIDATION,HIGH_COVERAGE,TOP_K,0.075,54,0.2,12,3,0.0,0.0,0.625,0.6875,0.375,0.015905573601966053,0.7083333333333334,1.0,0.625,15,24,24,48
POLICY_VALIDATION,HIGH_COVERAGE,TOP_K,0.075,54,0.2,40,1,0.05,0.14551858457912786,1.0,0.475,0.0,0.016086422869823154,0.8,0.9523809523809523,1.0,21,20,20,40
POLICY_VALIDATION,HIGH_COVERAGE,TOP_K,0.075,54,0.9,1,1,0.0,0.0,0.5,0.5,0.5,0.014329607186395414,0.5,1.0,0.5,1,2,0,2
POLICY_VALIDATION,HIGH_COVERAGE,TOP_K,0.075,54,0.9,1,3,0.0,0.0,1.0,0.0,0.0,0.022098590748925104,0.0,1.0,1.0,1,1,0,1
POLICY_VALIDATION,HIGH_COVERAGE,TOP_K,0.075,54,0.9,12,1,0.0,0.0,1.0,0.5,0.0,0.0034298278116821207,1.0,1.0,1.0,6,6,6,12
POLICY_VALIDATION,HIGH_COVERAGE,TOP_K,0.075,54,0.9,40,3,0.0,0.0,1.0,0.5,0.0,0.00237304372198618,1.0,1.0,1.0,20,20,20,40
POLICY_VALIDATION,HIGH_COVERAGE,TOP_K,0.075,54,0.9,40,5,0.0,0.0,0.5,0.75,0.5,0.006106327830819265,1.0,1.0,0.5,20,40,40,80
POLICY_VALIDATION,HIGH_COVERAGE,TOP_K,0.075,144,0.2,1,3,0.0,0.0,0.5,0.5,0.5,0.0029282670754979534,1.0,1.0,0.5,1,2,0,2
POLICY_VALIDATION,HIGH_COVERAGE,TOP_K,0.075,144,0.2,12,1,0.0,0.0,1.0,0.5,0.0,0.00536668645816811,0.9166666666666666,1.0,1.0,12,12,12,24
POLICY_VALIDATION,HIGH_COVERAGE,TOP_K,0.075,144,0.2,40,5,0.0,0.0,0.3333333333333333,0.8333333333333334,0.6666666666666667,0.004687114242882801,0.7833333333333333,1.0,0.3333333333333333,20,60,60,120
POLICY_VALIDATION,HIGH_COVERAGE,TOP_K,0.075,144,0.9,1,1,0.0,0.0,0.5,0.5,0.5,0.019610615727292995,0.5,1.0,0.5,1,2,0,2
POLICY_VALIDATION,HIGH_COVERAGE,TOP_K,0.075,144,0.9,1,5,0.0,0.0,0.0,1.0,1.0,0.0,1.0,0.0,0.0,0,1,0,1
POLICY_VALIDATION,HIGH_COVERAGE,TOP_K,0.075,144,0.9,12,3,0.0,0.0,0.9166666666666666,0.5416666666666667,0.08333333333333337,0.022803031736668086,0.375,1.0,0.9166666666666666,11,12,12,24
POLICY_VALIDATION,HIGH_COVERAGE,TOP_K,0.075,144,0.9,40,3,0.0,0.0,1.0,0.5,0.0,0.0013334601825753585,1.0,1.0,1.0,20,20,20,40
POLICY_VALIDATION,HIGH_COVERAGE,TRANSPORT,0.0,18,0.6,1,3,0.0,0.0,0.0,1.0,1.0,0.0,0.0,0.0,0.0,0,0,1,1
POLICY_VALIDATION,HIGH_COVERAGE,TRANSPORT,0.0,18,0.6,12,1,0.0,0.0,0.0,1.0,1.0,0.0,0.7916666666666666,0.0,0.0,0,0,24,24
POLICY_VALIDATION,HIGH_COVERAGE,TRANSPORT,0.0,18,0.6,12,3,0.0,0.0,0.0,1.0,1.0,0.0,0.8333333333333334,0.0,0.0,0,0,12,12
POLICY_VALIDATION,HIGH_COVERAGE,TRANSPORT,0.0,18,0.6,40,5,0.0,0.0,0.0,1.0,1.0,0.0,0.45,0.0,0.0,0,0,120,120
POLICY_VALIDATION,HIGH_COVERAGE,TRANSPORT,0.0,18,0.9,1,1,0.0,0.0,0.0,1.0,1.0,0.0,0.6666666666666666,0.0,0.0,0,0,3,3
POLICY_VALIDATION,HIGH_COVERAGE,TRANSPORT,0.0,18,0.9,12,3,0.0,0.0,0.0,1.0,1.0,0.0,0.7083333333333334,0.0,0.0,0,0,24,24
POLICY_VALIDATION,HIGH_COVERAGE,TRANSPORT,0.0,18,0.9,40,3,0.0,0.0,0.0,1.0,1.0,0.0,0.025,0.0,0.0,0,0,40,40
POLICY_VALIDATION,HIGH_COVERAGE,TRANSPORT,0.0,54,0.6,1,1,0.0,0.0,0.0,1.0,1.0,0.0,0.3333333333333333,0.0,0.0,0,0,3,3
POLICY_VALIDATION,HIGH_COVERAGE,TRANSPORT,0.0,54,0.6,12,1,0.0,0.0,0.0,1.0,1.0,0.0,0.8333333333333334,0.0,0.0,0,0,12,12
POLICY_VALIDATION,HIGH_COVERAGE,TRANSPORT,0.0,54,0.6,12,5,0.0,0.0,0.0,1.0,1.0,0.0,0.5833333333333334,0.0,0.0,0,0,12,12
POLICY_VALIDATION,HIGH_COVERAGE,TRANSPORT,0.0,54,0.6,40,3,0.0,0.0,0.0,1.0,1.0,0.0,1.0,0.0,0.0,0,0,80,80
POLICY_VALIDATION,HIGH_COVERAGE,TRANSPORT,0.0,54,0.9,1,5,0.0,0.0,0.0,1.0,1.0,0.0,1.0,0.0,0.0,0,0,1,1
POLICY_VALIDATION,HIGH_COVERAGE,TRANSPORT,0.0,54,0.9,12,1,0.0,0.0,0.0,1.0,1.0,0.0,1.0,0.0,0.0,0,0,12,12
POLICY_VALIDATION,HIGH_COVERAGE,TRANSPORT,0.0,54,0.9,12,3,0.0,0.0,0.0,1.0,1.0,0.0,0.6111111111111112,0.0,0.0,0,0,36,36
POLICY_VALIDATION,HIGH_COVERAGE,TRANSPORT,0.0,54,0.9,40,1,0.0,0.0,0.0,1.0,1.0,0.0,1.0,0.0,0.0,0,0,40,40
POLICY_VALIDATION,HIGH_COVERAGE,TRANSPORT,0.0,54,0.9,40,5,0.0,0.0,0.0,1.0,1.0,0.0,0.925,0.0,0.0,0,0,40,40
POLICY_VALIDATION,HIGH_COVERAGE,TRANSPORT,0.0,144,0.6,1,1,0.0,0.0,0.0,1.0,1.0,0.0,0.0,0.0,0.0,0,0,1,1
POLICY_VALIDATION,HIGH_COVERAGE,TRANSPORT,0.0,144,0.6,1,5,0.0,0.0,0.0,1.0,1.0,0.0,0.0,0.0,0.0,0,0,1,1
POLICY_VALIDATION,HIGH_COVERAGE,TRANSPORT,0.0,144,0.6,12,3,0.0,0.0,0.0,1.0,1.0,0.0,0.8333333333333334,0.0,0.0,0,0,36,36
POLICY_VALIDATION,HIGH_COVERAGE,TRANSPORT,0.0,144,0.6,40,1,0.0,0.0,0.0,1.0,1.0,0.0,0.8,0.0,0.0,0,0,40,40
POLICY_VALIDATION,HIGH_COVERAGE,TRANSPORT,0.0,144,0.9,1,1,0.0,0.0,0.0,1.0,1.0,0.0,1.0,0.0,0.0,0,0,1,1
POLICY_VALIDATION,HIGH_COVERAGE,TRANSPORT,0.0,144,0.9,1,3,0.0,0.0,0.0,1.0,1.0,0.0,1.0,0.0,0.0,0,0,1,1
POLICY_VALIDATION,HIGH_COVERAGE,TRANSPORT,0.0,144,0.9,12,1,0.0,0.0,0.0,1.0,1.0,0.0,0.4583333333333333,0.0,0.0,0,0,24,24
POLICY_VALIDATION,HIGH_COVERAGE,TRANSPORT,0.0,144,0.9,40,3,0.0,0.0,0.0,1.0,1.0,0.0,1.0,0.0,0.0,0,0,40,40
POLICY_VALIDATION,HIGH_COVERAGE,TRANSPORT,0.0,144,0.9,40,5,0.0,0.0,0.0,1.0,1.0,0.0,0.7875,0.0,0.0,0,0,80,80
POLICY_VALIDATION,HIGH_COVERAGE,TRANSPORT,0.035,18,0.2,1,1,0.0,0.0,0.0,1.0,1.0,0.0,0.6666666666666666,0.0,0.0,0,2,1,3
POLICY_VALIDATION,HIGH_COVERAGE,TRANSPORT,0.035,18,0.2,12,5,0.0,0.0,0.6666666666666666,0.6666666666666667,0.33333333333333337,0.016827014350278065,0.75,1.0,0.6666666666666666,4,6,6,12
POLICY_VALIDATION,HIGH_COVERAGE,TRANSPORT,0.035,18,0.2,40,3,0.0,0.0,0.0,1.0,1.0,0.0,0.825,0.0,0.0,0,40,40,80
POLICY_VALIDATION,HIGH_COVERAGE,TRANSPORT,0.035,18,0.6,1,3,0.0,0.0,0.0,1.0,1.0,0.0,0.0,0.0,0.0,0,1,0,1
POLICY_VALIDATION,HIGH_COVERAGE,TRANSPORT,0.035,18,0.6,12,1,0.0,0.0,0.0,1.0,1.0,0.0,0.7083333333333334,0.0,0.0,0,12,12,24
POLICY_VALIDATION,HIGH_COVERAGE,TRANSPORT,0.035,18,0.6,12,3,0.0,0.0,0.0,1.0,1.0,0.0,0.6666666666666666,0.0,0.0,0,6,6,12
POLICY_VALIDATION,HIGH_COVERAGE,TRANSPORT,0.035,18,0.6,40,5,0.0,0.0,0.08333333333333333,0.9583333333333334,0.9166666666666666,0.03624088604388674,0.875,1.0,0.08333333333333333,5,60,60,120
POLICY_VALIDATION,HIGH_COVERAGE,TRANSPORT,0.035,54,0.2,1,5,0.0,0.0,1.0,0.0,0.0,0.0031367456483942444,1.0,1.0,1.0,1,1,0,1
POLICY_VALIDATION,HIGH_COVERAGE,TRANSPORT,0.035,54,0.2,12,1,0.0,0.0,0.0,1.0,1.0,0.0,0.9166666666666666,0.0,0.0,0,0,12,12
POLICY_VALIDATION,HIGH_COVERAGE,TRANSPORT,0.035,54,0.2,12,3,0.0,0.0,0.1111111111111111,0.9444444444444444,0.8888888888888888,0.03574096555539602,0.8888888888888888,1.0,0.1111111111111111,2,18,18,36
POLICY_VALIDATION,HIGH_COVERAGE,TRANSPORT,0.035,54,0.2,40,1,0.0,0.0,0.0,1.0,1.0,0.0,0.8,0.0,0.0,0,0,40,40
POLICY_VALIDATION,HIGH_COVERAGE,TRANSPORT,0.035,54,0.2,40,5,0.0,0.0,0.05,0.975,0.95,0.04668300723375335,0.925,1.0,0.05,1,20,20,40
POLICY_VALIDATION,HIGH_COVERAGE,TRANSPORT,0.035,54,0.6,1,1,0.0,0.0,0.0,1.0,1.0,0.0,0.6666666666666666,0.0,0.0,0,3,0,3
POLICY_VALIDATION,HIGH_COVERAGE,TRANSPORT,0.035,54,0.6,12,1,0.0,0.0,0.0,1.0,1.0,0.0,0.6666666666666666,0.0,0.0,0,6,6,12
POLICY_VALIDATION,HIGH_COVERAGE,TRANSPORT,0.035,54,0.6,40,3,0.0,0.0,0.0,1.0,1.0,0.0,0.5,0.0,0.0,0,20,20,40
POLICY_VALIDATION,HIGH_COVERAGE,TRANSPORT,0.035,54,0.6,40,5,0.0,0.0,0.425,0.7875,0.575,0.004484019832728764,0.9625,1.0,0.425,17,40,40,80
POLICY_VALIDATION,HIGH_COVERAGE,TRANSPORT,0.035,144,0.2,1,1,0.0,0.0,0.0,1.0,1.0,0.0,1.0,0.0,0.0,0,1,0,1
POLICY_VALIDATION,HIGH_COVERAGE,TRANSPORT,0.035,144,0.2,1,3,0.0,0.0,1.0,0.0,0.0,0.002112772208987604,1.0,1.0,1.0,1,1,0,1
POLICY_VALIDATION,HIGH_COVERAGE,TRANSPORT,0.035,144,0.2,12,1,0.0,0.0,0.0,1.0,1.0,0.0,0.9583333333333334,0.0,0.0,0,6,18,24
POLICY_VALIDATION,HIGH_COVERAGE,TRANSPORT,0.035,144,0.2,40,5,0.016666666666666666,0.049059967300068105,0.6666666666666666,0.6583333333333333,0.33333333333333337,0.004522899688839163,0.8166666666666667,0.975609756097561,0.6666666666666666,41,60,60,120
POLICY_VALIDATION,HIGH_COVERAGE,TRANSPORT,0.035,144,0.6,1,1,0.0,0.0,0.0,1.0,1.0,0.0,0.0,0.0,0.0,0,1,0,1
POLICY_VALIDATION,HIGH_COVERAGE,TRANSPORT,0.035,144,0.6,1,5,0.0,0.0,1.0,0.0,0.0,0.0008964655650744099,1.0,1.0,1.0,1,1,0,1
POLICY_VALIDATION,HIGH_COVERAGE,TRANSPORT,0.035,144,0.6,12,3,0.0,0.0,0.5,0.75,0.5,0.002463179133793418,0.9583333333333334,1.0,0.5,6,12,12,24
POLICY_VALIDATION,HIGH_COVERAGE,TRANSPORT,0.035,144,0.6,40,1,0.0,0.0,0.0,1.0,1.0,0.0,0.925,0.0,0.0,0,20,20,40
POLICY_VALIDATION,HIGH_COVERAGE,TRANSPORT,0.035,144,0.6,40,3,0.0,0.0,1.0,0.5,0.0,0.008619924718508492,0.6,1.0,1.0,20,20,20,40
POLICY_VALIDATION,HIGH_COVERAGE,TRANSPORT,0.075,18,0.2,1,1,0.0,0.0,0.0,1.0,1.0,0.0,0.6666666666666666,0.0,0.0,0,3,0,3
POLICY_VALIDATION,HIGH_COVERAGE,TRANSPORT,0.075,18,0.2,12,5,0.0,0.0,1.0,0.5,0.0,0.009021873076284728,0.9166666666666666,1.0,1.0,6,6,6,12
POLICY_VALIDATION,HIGH_COVERAGE,TRANSPORT,0.075,18,0.2,40,3,0.05,0.11754183888524208,0.5,0.725,0.5,0.03835366386292167,0.7,0.9090909090909091,0.5,22,40,40,80
POLICY_VALIDATION,HIGH_COVERAGE,TRANSPORT,0.075,18,0.9,1,3,0.0,0.0,0.0,1.0,1.0,0.0,1.0,0.0,0.0,0,1,0,1
POLICY_VALIDATION,HIGH_COVERAGE,TRANSPORT,0.075,18,0.9,1,5,0.0,0.0,1.0,0.0,0.0,0.02894371419389659,1.0,1.0,1.0,1,1,0,1
POLICY_VALIDATION,HIGH_COVERAGE,TRANSPORT,0.075,18,0.9,12,1,0.0,0.0,0.0,1.0,1.0,0.0,1.0,0.0,0.0,0,6,6,12
POLICY_VALIDATION,HIGH_COVERAGE,TRANSPORT,0.075,18,0.9,12,3,0.0,0.0,0.0,1.0,1.0,0.0,0.9166666666666666,0.0,0.0,0,6,18,24
POLICY_VALIDATION,HIGH_COVERAGE,TRANSPORT,0.075,18,0.9,40,5,0.0,0.0,0.0,1.0,1.0,0.0,0.9875,0.0,0.0,0,40,40,80
POLICY_VALIDATION,HIGH_COVERAGE,TRANSPORT,0.075,54,0.2,1,5,0.0,0.0,1.0,0.0,0.0,0.017784597674149305,0.5,1.0,1.0,2,2,0,2
POLICY_VALIDATION,HIGH_COVERAGE,TRANSPORT,0.075,54,0.2,12,3,0.0,0.0,0.75,0.625,0.25,0.01302257354798655,0.75,1.0,0.75,18,24,24,48
POLICY_VALIDATION,HIGH_COVERAGE,TRANSPORT,0.075,54,0.2,40,1,0.0,0.0,0.0,1.0,1.0,0.0,0.9,0.0,0.0,0,20,20,40
POLICY_VALIDATION,HIGH_COVERAGE,TRANSPORT,0.075,54,0.9,1,1,0.0,0.0,0.0,1.0,1.0,0.0,1.0,0.0,0.0,0,2,0,2
POLICY_VALIDATION,HIGH_COVERAGE,TRANSPORT,0.075,54,0.9,1,3,0.0,0.0,0.0,1.0,1.0,0.0,1.0,0.0,0.0,0,0,1,1
POLICY_VALIDATION,HIGH_COVERAGE,TRANSPORT,0.075,54,0.9,12,1,0.0,0.0,0.0,1.0,1.0,0.0,0.8333333333333334,0.0,0.0,0,6,6,12
POLICY_VALIDATION,HIGH_COVERAGE,TRANSPORT,0.075,54,0.9,40,3,0.0,0.0,0.0,1.0,1.0,0.0,1.0,0.0,0.0,0,0,40,40
POLICY_VALIDATION,HIGH_COVERAGE,TRANSPORT,0.075,54,0.9,40,5,0.35,0.49781441066418386,0.5,0.575,0.5,0.025920494943676802,0.3125,0.5882352941176471,0.5,34,40,40,80
POLICY_VALIDATION,HIGH_COVERAGE,TRANSPORT,0.075,144,0.2,1,3,0.0,0.0,0.5,0.5,0.5,0.006565262051700493,1.0,1.0,0.5,1,2,0,2
POLICY_VALIDATION,HIGH_COVERAGE,TRANSPORT,0.075,144,0.2,12,1,0.0,0.0,0.0,1.0,1.0,0.0,0.9166666666666666,0.0,0.0,0,12,12,24
POLICY_VALIDATION,HIGH_COVERAGE,TRANSPORT,0.075,144,0.2,40,5,0.0,0.0,0.3333333333333333,0.8333333333333334,0.6666666666666667,0.003987399969956164,0.8833333333333333,1.0,0.3333333333333333,20,60,60,120
POLICY_VALIDATION,HIGH_COVERAGE,TRANSPORT,0.075,144,0.9,1,1,0.0,0.0,0.0,1.0,1.0,0.0,0.5,0.0,0.0,0,2,0,2
POLICY_VALIDATION,HIGH_COVERAGE,TRANSPORT,0.075,144,0.9,1,5,0.0,0.0,1.0,0.0,0.0,0.009481792086028368,1.0,1.0,1.0,1,1,0,1
POLICY_VALIDATION,HIGH_COVERAGE,TRANSPORT,0.075,144,0.9,12,3,0.0,0.0,1.0,0.75,0.0,0.018809893405469003,0.9166666666666666,1.0,1.0,6,6,18,24
POLICY_VALIDATION,HIGH_COVERAGE,TRANSPORT,0.075,144,0.9,40,3,0.0,0.0,1.0,0.5,0.0,0.002190034870334392,1.0,1.0,1.0,20,20,20,40
POLICY_VALIDATION,HIGH_PRECISION,ITEM_DIAGNOSTICS,0.0,18,0.2,1,1,0.0,0.0,0.0,1.0,1.0,0.0,1.0,0.0,0.0,0,0,1,1
POLICY_VALIDATION,HIGH_PRECISION,ITEM_DIAGNOSTICS,0.0,18,0.2,1,5,0.0,0.0,0.0,1.0,1.0,0.0,1.0,0.0,0.0,0,0,1,1
POLICY_VALIDATION,HIGH_PRECISION,ITEM_DIAGNOSTICS,0.0,18,0.2,12,3,0.0,0.0,0.0,1.0,1.0,0.0,0.9583333333333334,0.0,0.0,0,0,24,24
POLICY_VALIDATION,HIGH_PRECISION,ITEM_DIAGNOSTICS,0.0,18,0.2,40,1,0.0,0.0,0.0,1.0,1.0,0.0,0.9416666666666667,0.0,0.0,0,0,120,120
POLICY_VALIDATION,HIGH_PRECISION,ITEM_DIAGNOSTICS,0.0,18,0.6,1,1,0.0,0.0,0.0,1.0,1.0,0.0,1.0,0.0,0.0,0,0,1,1
POLICY_VALIDATION,HIGH_PRECISION,ITEM_DIAGNOSTICS,0.0,18,0.6,1,3,0.0,0.0,0.0,1.0,1.0,0.0,1.0,0.0,0.0,0,0,3,3
POLICY_VALIDATION,HIGH_PRECISION,ITEM_DIAGNOSTICS,0.0,18,0.6,12,1,0.0,0.0,0.0,1.0,1.0,0.0,1.0,0.0,0.0,0,0,12,12
POLICY_VALIDATION,HIGH_PRECISION,ITEM_DIAGNOSTICS,0.0,18,0.6,12,5,0.0,0.0,0.0,1.0,1.0,0.0,1.0,0.0,0.0,0,0,12,12
POLICY_VALIDATION,HIGH_PRECISION,ITEM_DIAGNOSTICS,0.0,18,0.6,40,5,0.0,0.0,0.0,1.0,1.0,0.0,1.0,0.0,0.0,0,0,40,40
POLICY_VALIDATION,HIGH_PRECISION,ITEM_DIAGNOSTICS,0.0,54,0.2,1,3,0.0,0.0,0.0,1.0,1.0,0.0,1.0,0.0,0.0,0,0,3,3
POLICY_VALIDATION,HIGH_PRECISION,ITEM_DIAGNOSTICS,0.0,54,0.2,12,1,0.0,0.0,0.0,1.0,1.0,0.0,1.0,0.0,0.0,0,0,12,12
POLICY_VALIDATION,HIGH_PRECISION,ITEM_DIAGNOSTICS,0.0,54,0.2,40,1,0.0,0.0,0.0,1.0,1.0,0.0,0.95,0.0,0.0,0,0,40,40
POLICY_VALIDATION,HIGH_PRECISION,ITEM_DIAGNOSTICS,0.0,54,0.2,40,5,0.025,0.07338362326242218,0.0,0.975,1.0,0.06255299526188639,0.95,0.0,0.0,1,0,40,40
POLICY_VALIDATION,HIGH_PRECISION,ITEM_DIAGNOSTICS,0.0,54,0.6,1,1,0.0,0.0,0.0,1.0,1.0,0.0,0.5,0.0,0.0,0,0,2,2
POLICY_VALIDATION,HIGH_PRECISION,ITEM_DIAGNOSTICS,0.0,54,0.6,12,3,0.0,0.0,0.0,1.0,1.0,0.0,0.3333333333333333,0.0,0.0,0,0,12,12
POLICY_VALIDATION,HIGH_PRECISION,ITEM_DIAGNOSTICS,0.0,54,0.6,12,5,0.0,0.0,0.0,1.0,1.0,0.0,0.9583333333333334,0.0,0.0,0,0,24,24
POLICY_VALIDATION,HIGH_PRECISION,ITEM_DIAGNOSTICS,0.0,54,0.6,40,1,0.0,0.0,0.0,1.0,1.0,0.0,0.975,0.0,0.0,0,0,40,40
POLICY_VALIDATION,HIGH_PRECISION,ITEM_DIAGNOSTICS,0.0,54,0.6,40,3,0.0,0.0,0.0,1.0,1.0,0.0,0.925,0.0,0.0,0,0,40,40
POLICY_VALIDATION,HIGH_PRECISION,ITEM_DIAGNOSTICS,0.0,144,0.2,1,1,0.0,0.0,0.0,1.0,1.0,0.0,1.0,0.0,0.0,0,0,2,2
POLICY_VALIDATION,HIGH_PRECISION,ITEM_DIAGNOSTICS,0.0,144,0.2,1,3,0.0,0.0,0.0,1.0,1.0,0.0,1.0,0.0,0.0,0,0,1,1
POLICY_VALIDATION,HIGH_PRECISION,ITEM_DIAGNOSTICS,0.0,144,0.2,12,5,0.0,0.0,0.0,1.0,1.0,0.0,0.9444444444444444,0.0,0.0,0,0,36,36
POLICY_VALIDATION,HIGH_PRECISION,ITEM_DIAGNOSTICS,0.0,144,0.2,40,3,0.0,0.0,0.0,1.0,1.0,0.0,0.95,0.0,0.0,0,0,40,40
POLICY_VALIDATION,HIGH_PRECISION,ITEM_DIAGNOSTICS,0.0,144,0.6,1,3,0.0,0.0,0.0,1.0,1.0,0.0,1.0,0.0,0.0,0,0,2,2
POLICY_VALIDATION,HIGH_PRECISION,ITEM_DIAGNOSTICS,0.0,144,0.6,12,3,0.0,0.0,0.0,1.0,1.0,0.0,1.0,0.0,0.0,0,0,12,12
POLICY_VALIDATION,HIGH_PRECISION,ITEM_DIAGNOSTICS,0.0,144,0.6,40,1,0.0,0.0,0.0,1.0,1.0,0.0,0.8833333333333333,0.0,0.0,0,0,120,120
POLICY_VALIDATION,HIGH_PRECISION,ITEM_DIAGNOSTICS,0.035,18,0.2,1,1,0.0,0.0,0.0,1.0,1.0,0.0,1.0,0.0,0.0,0,1,0,1
POLICY_VALIDATION,HIGH_PRECISION,ITEM_DIAGNOSTICS,0.035,18,0.2,12,3,0.0,0.0,0.0,1.0,1.0,0.0,1.0,0.0,0.0,0,6,6,12
POLICY_VALIDATION,HIGH_PRECISION,ITEM_DIAGNOSTICS,0.035,18,0.2,12,5,0.0,0.0,0.0,1.0,1.0,0.0,0.9583333333333334,0.0,0.0,0,12,12,24
POLICY_VALIDATION,HIGH_PRECISION,ITEM_DIAGNOSTICS,0.035,18,0.2,40,1,0.0,0.0,0.0,1.0,1.0,0.0,0.9666666666666667,0.0,0.0,0,60,60,120
POLICY_VALIDATION,HIGH_PRECISION,ITEM_DIAGNOSTICS,0.035,18,0.9,1,1,0.0,0.0,0.0,1.0,1.0,0.0,1.0,0.0,0.0,0,1,0,1
POLICY_VALIDATION,HIGH_PRECISION,ITEM_DIAGNOSTICS,0.035,18,0.9,1,3,0.0,0.0,0.0,1.0,1.0,0.0,1.0,0.0,0.0,0,3,0,3
POLICY_VALIDATION,HIGH_PRECISION,ITEM_DIAGNOSTICS,0.035,18,0.9,12,1,0.0,0.0,0.0,1.0,1.0,0.0,1.0,0.0,0.0,0,6,6,12
POLICY_VALIDATION,HIGH_PRECISION,ITEM_DIAGNOSTICS,0.035,18,0.9,12,5,0.0,0.0,0.0,1.0,1.0,0.0,1.0,0.0,0.0,0,6,6,12
POLICY_VALIDATION,HIGH_PRECISION,ITEM_DIAGNOSTICS,0.035,18,0.9,40,5,0.0,0.0,0.0,1.0,1.0,0.0,1.0,0.0,0.0,0,20,20,40
POLICY_VALIDATION,HIGH_PRECISION,ITEM_DIAGNOSTICS,0.035,54,0.2,1,3,0.0,0.0,0.0,1.0,1.0,0.0,1.0,0.0,0.0,0,2,0,2
POLICY_VALIDATION,HIGH_PRECISION,ITEM_DIAGNOSTICS,0.035,54,0.2,12,1,0.0,0.0,0.0,1.0,1.0,0.0,1.0,0.0,0.0,0,6,6,12
POLICY_VALIDATION,HIGH_PRECISION,ITEM_DIAGNOSTICS,0.035,54,0.2,12,3,0.0,0.0,0.3333333333333333,0.8333333333333334,0.6666666666666667,0.009330675176102782,1.0,1.0,0.3333333333333333,2,6,6,12
POLICY_VALIDATION,HIGH_PRECISION,ITEM_DIAGNOSTICS,0.035,54,0.2,40,1,0.0,0.0,0.0,1.0,1.0,0.0,0.975,0.0,0.0,0,20,20,40
POLICY_VALIDATION,HIGH_PRECISION,ITEM_DIAGNOSTICS,0.035,54,0.2,40,5,0.0,0.0,0.2,0.9,0.8,0.03359264973485107,0.95,1.0,0.2,4,20,20,40
POLICY_VALIDATION,HIGH_PRECISION,ITEM_DIAGNOSTICS,0.035,54,0.9,1,1,0.0,0.0,0.0,1.0,1.0,0.0,0.5,0.0,0.0,0,2,0,2
POLICY_VALIDATION,HIGH_PRECISION,ITEM_DIAGNOSTICS,0.035,54,0.9,12,5,0.0,0.0,0.3333333333333333,0.8333333333333334,0.6666666666666667,0.02671338021001986,0.8055555555555556,1.0,0.3333333333333333,6,18,18,36
POLICY_VALIDATION,HIGH_PRECISION,ITEM_DIAGNOSTICS,0.035,54,0.9,40,1,0.0,0.0,0.0,1.0,1.0,0.0,1.0,0.0,0.0,0,20,20,40
POLICY_VALIDATION,HIGH_PRECISION,ITEM_DIAGNOSTICS,0.035,54,0.9,40,3,0.0,0.0,0.0,1.0,1.0,0.0,0.975,0.0,0.0,0,20,20,40
POLICY_VALIDATION,HIGH_PRECISION,ITEM_DIAGNOSTICS,0.035,144,0.2,1,1,0.0,0.0,0.5,0.5,0.5,0.005266065139535557,0.5,1.0,0.5,1,2,0,2
POLICY_VALIDATION,HIGH_PRECISION,ITEM_DIAGNOSTICS,0.035,144,0.2,1,3,0.0,0.0,0.0,1.0,1.0,0.0,1.0,0.0,0.0,0,1,0,1
POLICY_VALIDATION,HIGH_PRECISION,ITEM_DIAGNOSTICS,0.035,144,0.2,12,5,0.0,0.0,0.0,1.0,1.0,0.0,0.7777777777777778,0.0,0.0,0,18,18,36
POLICY_VALIDATION,HIGH_PRECISION,ITEM_DIAGNOSTICS,0.035,144,0.2,40,3,0.0,0.0,0.0,1.0,1.0,0.0,0.975,0.0,0.0,0,20,20,40
POLICY_VALIDATION,HIGH_PRECISION,ITEM_DIAGNOSTICS,0.035,144,0.9,1,5,0.0,0.0,0.0,1.0,1.0,0.0,0.0,0.0,0.0,0,1,0,1
POLICY_VALIDATION,HIGH_PRECISION,ITEM_DIAGNOSTICS,0.035,144,0.9,12,3,0.0,0.0,0.0,1.0,1.0,0.0,1.0,0.0,0.0,0,12,12,24
POLICY_VALIDATION,HIGH_PRECISION,ITEM_DIAGNOSTICS,0.035,144,0.9,40,1,0.0,0.0,0.3333333333333333,0.8333333333333334,0.6666666666666667,0.029213698174629026,0.9666666666666667,1.0,0.3333333333333333,20,60,60,120
POLICY_VALIDATION,HIGH_PRECISION,ITEM_DIAGNOSTICS,0.075,18,0.6,1,1,0.0,0.0,0.0,1.0,1.0,0.0,1.0,0.0,0.0,0,1,0,1
POLICY_VALIDATION,HIGH_PRECISION,ITEM_DIAGNOSTICS,0.075,18,0.6,12,3,0.0,0.0,0.0,1.0,1.0,0.0,1.0,0.0,0.0,0,6,6,12
POLICY_VALIDATION,HIGH_PRECISION,ITEM_DIAGNOSTICS,0.075,18,0.6,12,5,0.0,0.0,0.0,1.0,1.0,0.0,1.0,0.0,0.0,0,12,12,24
POLICY_VALIDATION,HIGH_PRECISION,ITEM_DIAGNOSTICS,0.075,18,0.6,40,1,0.0,0.0,0.0,1.0,1.0,0.0,0.9875,0.0,0.0,0,40,40,80
POLICY_VALIDATION,HIGH_PRECISION,ITEM_DIAGNOSTICS,0.075,18,0.6,40,3,0.0,0.0,0.0,1.0,1.0,0.0,0.975,0.0,0.0,0,20,20,40
POLICY_VALIDATION,HIGH_PRECISION,ITEM_DIAGNOSTICS,0.075,18,0.9,1,3,0.0,0.0,0.0,1.0,1.0,0.0,1.0,0.0,0.0,0,4,0,4
POLICY_VALIDATION,HIGH_PRECISION,ITEM_DIAGNOSTICS,0.075,18,0.9,12,1,0.0,0.0,0.0,1.0,1.0,0.0,1.0,0.0,0.0,0,6,6,12
POLICY_VALIDATION,HIGH_PRECISION,ITEM_DIAGNOSTICS,0.075,18,0.9,40,5,0.0,0.0,0.0,1.0,1.0,0.0,0.975,0.0,0.0,0,40,40,80
POLICY_VALIDATION,HIGH_PRECISION,ITEM_DIAGNOSTICS,0.075,54,0.6,1,3,0.0,0.0,0.5,0.5,0.5,0.019999218933870105,1.0,1.0,0.5,1,2,0,2
POLICY_VALIDATION,HIGH_PRECISION,ITEM_DIAGNOSTICS,0.075,54,0.6,12,3,0.0,0.0,1.0,0.5,0.0,0.003980362953870743,1.0,1.0,1.0,6,6,6,12
POLICY_VALIDATION,HIGH_PRECISION,ITEM_DIAGNOSTICS,0.075,54,0.6,40,1,0.0,0.0,0.0,1.0,1.0,0.0,0.9625,0.0,0.0,0,40,40,80
POLICY_VALIDATION,HIGH_PRECISION,ITEM_DIAGNOSTICS,0.075,54,0.6,40,5,0.0,0.0,0.0,1.0,1.0,0.0,0.975,0.0,0.0,0,20,20,40
POLICY_VALIDATION,HIGH_PRECISION,ITEM_DIAGNOSTICS,0.075,54,0.9,1,1,0.0,0.0,0.5,0.5,0.5,0.006640436787043583,1.0,1.0,0.5,1,2,0,2
POLICY_VALIDATION,HIGH_PRECISION,ITEM_DIAGNOSTICS,0.075,54,0.9,12,5,0.0,0.0,0.0,1.0,1.0,0.0,0.9444444444444444,0.0,0.0,0,18,18,36
POLICY_VALIDATION,HIGH_PRECISION,ITEM_DIAGNOSTICS,0.075,54,0.9,40,3,0.0,0.0,0.0,1.0,1.0,0.0,1.0,0.0,0.0,0,40,40,80
POLICY_VALIDATION,HIGH_PRECISION,ITEM_DIAGNOSTICS,0.075,144,0.6,1,1,0.0,0.0,0.0,1.0,1.0,0.0,1.0,0.0,0.0,0,1,0,1
POLICY_VALIDATION,HIGH_PRECISION,ITEM_DIAGNOSTICS,0.075,144,0.6,1,3,0.0,0.0,0.0,1.0,1.0,0.0,1.0,0.0,0.0,0,2,0,2
POLICY_VALIDATION,HIGH_PRECISION,ITEM_DIAGNOSTICS,0.075,144,0.6,12,5,0.0,0.0,0.0,1.0,1.0,0.0,0.625,0.0,0.0,0,12,12,24
POLICY_VALIDATION,HIGH_PRECISION,ITEM_DIAGNOSTICS,0.075,144,0.6,40,3,0.0,0.0,0.0,1.0,1.0,0.0,0.95,0.0,0.0,0,20,20,40
POLICY_VALIDATION,HIGH_PRECISION,ITEM_DIAGNOSTICS,0.075,144,0.6,40,5,0.0,0.0,0.0,1.0,1.0,0.0,0.925,0.0,0.0,0,20,20,40
POLICY_VALIDATION,HIGH_PRECISION,ITEM_DIAGNOSTICS,0.075,144,0.9,1,5,0.0,0.0,0.0,1.0,1.0,0.0,1.0,0.0,0.0,0,1,0,1
POLICY_VALIDATION,HIGH_PRECISION,ITEM_DIAGNOSTICS,0.075,144,0.9,12,3,0.0,0.0,0.5,0.75,0.5,0.012419726827043722,1.0,1.0,0.5,6,12,12,24
POLICY_VALIDATION,HIGH_PRECISION,ITEM_DIAGNOSTICS,0.075,144,0.9,40,1,0.0,0.0,0.3333333333333333,0.8333333333333334,0.6666666666666667,0.005849153021431164,1.0,1.0,0.3333333333333333,20,60,60,120
POLICY_VALIDATION,HIGH_PRECISION,PRIMARY_PAIRWISE,0.0,18,0.2,1,1,0.0,0.0,0.0,1.0,1.0,0.0,1.0,0.0,0.0,0,0,1,1
POLICY_VALIDATION,HIGH_PRECISION,PRIMARY_PAIRWISE,0.0,18,0.2,1,5,0.0,0.0,0.0,1.0,1.0,0.0,1.0,0.0,0.0,0,0,1,1
POLICY_VALIDATION,HIGH_PRECISION,PRIMARY_PAIRWISE,0.0,18,0.2,12,3,0.0,0.0,0.0,1.0,1.0,0.0,1.0,0.0,0.0,0,0,24,24
POLICY_VALIDATION,HIGH_PRECISION,PRIMARY_PAIRWISE,0.0,18,0.2,40,1,0.0,0.0,0.0,1.0,1.0,0.0,0.9666666666666667,0.0,0.0,0,0,120,120
POLICY_VALIDATION,HIGH_PRECISION,PRIMARY_PAIRWISE,0.0,18,0.6,1,1,0.0,0.0,0.0,1.0,1.0,0.0,0.0,0.0,0.0,0,0,1,1
POLICY_VALIDATION,HIGH_PRECISION,PRIMARY_PAIRWISE,0.0,18,0.6,1,3,0.0,0.0,0.0,1.0,1.0,0.0,0.6666666666666666,0.0,0.0,0,0,3,3
POLICY_VALIDATION,HIGH_PRECISION,PRIMARY_PAIRWISE,0.0,18,0.6,12,1,0.0,0.0,0.0,1.0,1.0,0.0,1.0,0.0,0.0,0,0,12,12
POLICY_VALIDATION,HIGH_PRECISION,PRIMARY_PAIRWISE,0.0,18,0.6,12,5,0.0,0.0,0.0,1.0,1.0,0.0,1.0,0.0,0.0,0,0,12,12
POLICY_VALIDATION,HIGH_PRECISION,PRIMARY_PAIRWISE,0.0,18,0.6,40,5,0.0,0.0,0.0,1.0,1.0,0.0,0.95,0.0,0.0,0,0,40,40
POLICY_VALIDATION,HIGH_PRECISION,PRIMARY_PAIRWISE,0.0,54,0.2,1,3,0.0,0.0,0.0,1.0,1.0,0.0,0.3333333333333333,0.0,0.0,0,0,3,3
POLICY_VALIDATION,HIGH_PRECISION,PRIMARY_PAIRWISE,0.0,54,0.2,12,1,0.0,0.0,0.0,1.0,1.0,0.0,1.0,0.0,0.0,0,0,12,12
POLICY_VALIDATION,HIGH_PRECISION,PRIMARY_PAIRWISE,0.0,54,0.2,40,1,0.0,0.0,0.0,1.0,1.0,0.0,0.925,0.0,0.0,0,0,40,40
POLICY_VALIDATION,HIGH_PRECISION,PRIMARY_PAIRWISE,0.0,54,0.2,40,5,0.0,0.0,0.0,1.0,1.0,0.0,0.95,0.0,0.0,0,0,40,40
POLICY_VALIDATION,HIGH_PRECISION,PRIMARY_PAIRWISE,0.0,54,0.6,1,1,0.0,0.0,0.0,1.0,1.0,0.0,1.0,0.0,0.0,0,0,2,2
POLICY_VALIDATION,HIGH_PRECISION,PRIMARY_PAIRWISE,0.0,54,0.6,12,3,0.0,0.0,0.0,1.0,1.0,0.0,0.75,0.0,0.0,0,0,12,12
POLICY_VALIDATION,HIGH_PRECISION,PRIMARY_PAIRWISE,0.0,54,0.6,12,5,0.0,0.0,0.0,1.0,1.0,0.0,0.9166666666666666,0.0,0.0,0,0,24,24
POLICY_VALIDATION,HIGH_PRECISION,PRIMARY_PAIRWISE,0.0,54,0.6,40,1,0.0,0.0,0.0,1.0,1.0,0.0,1.0,0.0,0.0,0,0,40,40
POLICY_VALIDATION,HIGH_PRECISION,PRIMARY_PAIRWISE,0.0,54,0.6,40,3,0.0,0.0,0.0,1.0,1.0,0.0,1.0,0.0,0.0,0,0,40,40
POLICY_VALIDATION,HIGH_PRECISION,PRIMARY_PAIRWISE,0.0,144,0.2,1,1,0.0,0.0,0.0,1.0,1.0,0.0,1.0,0.0,0.0,0,0,2,2
POLICY_VALIDATION,HIGH_PRECISION,PRIMARY_PAIRWISE,0.0,144,0.2,1,3,0.0,0.0,0.0,1.0,1.0,0.0,1.0,0.0,0.0,0,0,1,1
POLICY_VALIDATION,HIGH_PRECISION,PRIMARY_PAIRWISE,0.0,144,0.2,12,5,0.0,0.0,0.0,1.0,1.0,0.0,0.8888888888888888,0.0,0.0,0,0,36,36
POLICY_VALIDATION,HIGH_PRECISION,PRIMARY_PAIRWISE,0.0,144,0.2,40,3,0.0,0.0,0.0,1.0,1.0,0.0,0.925,0.0,0.0,0,0,40,40
POLICY_VALIDATION,HIGH_PRECISION,PRIMARY_PAIRWISE,0.0,144,0.6,1,3,0.0,0.0,0.0,1.0,1.0,0.0,1.0,0.0,0.0,0,0,2,2
POLICY_VALIDATION,HIGH_PRECISION,PRIMARY_PAIRWISE,0.0,144,0.6,12,3,0.0,0.0,0.0,1.0,1.0,0.0,0.8333333333333334,0.0,0.0,0,0,12,12
POLICY_VALIDATION,HIGH_PRECISION,PRIMARY_PAIRWISE,0.0,144,0.6,40,1,0.0,0.0,0.0,1.0,1.0,0.0,0.9583333333333334,0.0,0.0,0,0,120,120
POLICY_VALIDATION,HIGH_PRECISION,PRIMARY_PAIRWISE,0.035,18,0.2,1,1,0.0,0.0,0.0,1.0,1.0,0.0,1.0,0.0,0.0,0,1,0,1
POLICY_VALIDATION,HIGH_PRECISION,PRIMARY_PAIRWISE,0.035,18,0.2,12,3,0.0,0.0,0.0,1.0,1.0,0.0,1.0,0.0,0.0,0,6,6,12
POLICY_VALIDATION,HIGH_PRECISION,PRIMARY_PAIRWISE,0.035,18,0.2,12,5,0.0,0.0,0.0,1.0,1.0,0.0,0.9583333333333334,0.0,0.0,0,12,12,24
POLICY_VALIDATION,HIGH_PRECISION,PRIMARY_PAIRWISE,0.035,18,0.2,40,1,0.0,0.0,0.0,1.0,1.0,0.0,0.975,0.0,0.0,0,60,60,120
POLICY_VALIDATION,HIGH_PRECISION,PRIMARY_PAIRWISE,0.035,18,0.9,1,1,0.0,0.0,0.0,1.0,1.0,0.0,1.0,0.0,0.0,0,1,0,1
POLICY_VALIDATION,HIGH_PRECISION,PRIMARY_PAIRWISE,0.035,18,0.9,1,3,0.0,0.0,0.0,1.0,1.0,0.0,1.0,0.0,0.0,0,3,0,3
POLICY_VALIDATION,HIGH_PRECISION,PRIMARY_PAIRWISE,0.035,18,0.9,12,1,0.0,0.0,0.0,1.0,1.0,0.0,1.0,0.0,0.0,0,6,6,12
POLICY_VALIDATION,HIGH_PRECISION,PRIMARY_PAIRWISE,0.035,18,0.9,12,5,0.0,0.0,0.0,1.0,1.0,0.0,1.0,0.0,0.0,0,6,6,12
POLICY_VALIDATION,HIGH_PRECISION,PRIMARY_PAIRWISE,0.035,18,0.9,40,5,0.0,0.0,0.0,1.0,1.0,0.0,1.0,0.0,0.0,0,20,20,40
POLICY_VALIDATION,HIGH_PRECISION,PRIMARY_PAIRWISE,0.035,54,0.2,1,3,0.0,0.0,0.0,1.0,1.0,0.0,1.0,0.0,0.0,0,2,0,2
POLICY_VALIDATION,HIGH_PRECISION,PRIMARY_PAIRWISE,0.035,54,0.2,12,1,0.0,0.0,0.0,1.0,1.0,0.0,1.0,0.0,0.0,0,6,6,12
POLICY_VALIDATION,HIGH_PRECISION,PRIMARY_PAIRWISE,0.035,54,0.2,12,3,0.0,0.0,0.16666666666666666,0.9166666666666666,0.8333333333333334,0.0025026262566268526,1.0,1.0,0.16666666666666666,1,6,6,12
POLICY_VALIDATION,HIGH_PRECISION,PRIMARY_PAIRWISE,0.035,54,0.2,40,1,0.0,0.0,0.0,1.0,1.0,0.0,0.925,0.0,0.0,0,20,20,40
POLICY_VALIDATION,HIGH_PRECISION,PRIMARY_PAIRWISE,0.035,54,0.2,40,5,0.0,0.0,0.3,0.85,0.7,0.026404981319223735,0.95,1.0,0.3,6,20,20,40
POLICY_VALIDATION,HIGH_PRECISION,PRIMARY_PAIRWISE,0.035,54,0.9,1,1,0.0,0.0,0.0,1.0,1.0,0.0,1.0,0.0,0.0,0,2,0,2
POLICY_VALIDATION,HIGH_PRECISION,PRIMARY_PAIRWISE,0.035,54,0.9,12,5,0.0,0.0,0.0,1.0,1.0,0.0,0.8611111111111112,0.0,0.0,0,18,18,36
POLICY_VALIDATION,HIGH_PRECISION,PRIMARY_PAIRWISE,0.035,54,0.9,40,1,0.0,0.0,0.0,1.0,1.0,0.0,1.0,0.0,0.0,0,20,20,40
POLICY_VALIDATION,HIGH_PRECISION,PRIMARY_PAIRWISE,0.035,54,0.9,40,3,0.0,0.0,0.0,1.0,1.0,0.0,1.0,0.0,0.0,0,20,20,40
POLICY_VALIDATION,HIGH_PRECISION,PRIMARY_PAIRWISE,0.035,144,0.2,1,1,0.0,0.0,0.5,0.5,0.5,0.004144141708545018,1.0,1.0,0.5,1,2,0,2
POLICY_VALIDATION,HIGH_PRECISION,PRIMARY_PAIRWISE,0.035,144,0.2,1,3,0.0,0.0,0.0,1.0,1.0,0.0,1.0,0.0,0.0,0,1,0,1
POLICY_VALIDATION,HIGH_PRECISION,PRIMARY_PAIRWISE,0.035,144,0.2,12,5,0.0,0.0,0.0,1.0,1.0,0.0,0.9722222222222222,0.0,0.0,0,18,18,36
POLICY_VALIDATION,HIGH_PRECISION,PRIMARY_PAIRWISE,0.035,144,0.2,40,3,0.0,0.0,0.0,1.0,1.0,0.0,1.0,0.0,0.0,0,20,20,40
POLICY_VALIDATION,HIGH_PRECISION,PRIMARY_PAIRWISE,0.035,144,0.9,1,5,0.0,0.0,0.0,1.0,1.0,0.0,1.0,0.0,0.0,0,1,0,1
POLICY_VALIDATION,HIGH_PRECISION,PRIMARY_PAIRWISE,0.035,144,0.9,12,3,0.0,0.0,0.0,1.0,1.0,0.0,1.0,0.0,0.0,0,12,12,24
POLICY_VALIDATION,HIGH_PRECISION,PRIMARY_PAIRWISE,0.035,144,0.9,40,1,0.0,0.0,0.06666666666666667,0.9666666666666667,0.9333333333333333,0.031510402481989296,0.9833333333333333,1.0,0.06666666666666667,4,60,60,120
POLICY_VALIDATION,HIGH_PRECISION,PRIMARY_PAIRWISE,0.075,18,0.6,1,1,0.0,0.0,0.0,1.0,1.0,0.0,1.0,0.0,0.0,0,1,0,1
POLICY_VALIDATION,HIGH_PRECISION,PRIMARY_PAIRWISE,0.075,18,0.6,12,3,0.0,0.0,0.0,1.0,1.0,0.0,0.9166666666666666,0.0,0.0,0,6,6,12
POLICY_VALIDATION,HIGH_PRECISION,PRIMARY_PAIRWISE,0.075,18,0.6,12,5,0.0,0.0,0.0,1.0,1.0,0.0,0.9583333333333334,0.0,0.0,0,12,12,24
POLICY_VALIDATION,HIGH_PRECISION,PRIMARY_PAIRWISE,0.075,18,0.6,40,1,0.0,0.0,0.0,1.0,1.0,0.0,0.8125,0.0,0.0,0,40,40,80
POLICY_VALIDATION,HIGH_PRECISION,PRIMARY_PAIRWISE,0.075,18,0.6,40,3,0.0,0.0,0.0,1.0,1.0,0.0,0.975,0.0,0.0,0,20,20,40
POLICY_VALIDATION,HIGH_PRECISION,PRIMARY_PAIRWISE,0.075,18,0.9,1,3,0.0,0.0,0.0,1.0,1.0,0.0,1.0,0.0,0.0,0,4,0,4
POLICY_VALIDATION,HIGH_PRECISION,PRIMARY_PAIRWISE,0.075,18,0.9,12,1,0.0,0.0,0.0,1.0,1.0,0.0,1.0,0.0,0.0,0,6,6,12
POLICY_VALIDATION,HIGH_PRECISION,PRIMARY_PAIRWISE,0.075,18,0.9,40,5,0.0,0.0,0.0,1.0,1.0,0.0,1.0,0.0,0.0,0,40,40,80
POLICY_VALIDATION,HIGH_PRECISION,PRIMARY_PAIRWISE,0.075,54,0.6,1,3,0.0,0.0,0.5,0.5,0.5,0.008131772772816029,0.5,1.0,0.5,1,2,0,2
POLICY_VALIDATION,HIGH_PRECISION,PRIMARY_PAIRWISE,0.075,54,0.6,12,3,0.0,0.0,1.0,0.5,0.0,0.010641430707514532,1.0,1.0,1.0,6,6,6,12
POLICY_VALIDATION,HIGH_PRECISION,PRIMARY_PAIRWISE,0.075,54,0.6,40,1,0.0,0.0,0.0,1.0,1.0,0.0,0.9875,0.0,0.0,0,40,40,80
POLICY_VALIDATION,HIGH_PRECISION,PRIMARY_PAIRWISE,0.075,54,0.6,40,5,0.0,0.0,0.0,1.0,1.0,0.0,0.925,0.0,0.0,0,20,20,40
POLICY_VALIDATION,HIGH_PRECISION,PRIMARY_PAIRWISE,0.075,54,0.9,1,1,0.0,0.0,0.5,0.5,0.5,0.0034537003082208556,1.0,1.0,0.5,1,2,0,2
POLICY_VALIDATION,HIGH_PRECISION,PRIMARY_PAIRWISE,0.075,54,0.9,12,5,0.0,0.0,0.0,1.0,1.0,0.0,0.6944444444444444,0.0,0.0,0,18,18,36
POLICY_VALIDATION,HIGH_PRECISION,PRIMARY_PAIRWISE,0.075,54,0.9,40,3,0.0,0.0,0.0,1.0,1.0,0.0,0.9875,0.0,0.0,0,40,40,80
POLICY_VALIDATION,HIGH_PRECISION,PRIMARY_PAIRWISE,0.075,144,0.6,1,1,0.0,0.0,0.0,1.0,1.0,0.0,1.0,0.0,0.0,0,1,0,1
POLICY_VALIDATION,HIGH_PRECISION,PRIMARY_PAIRWISE,0.075,144,0.6,1,3,0.0,0.0,0.0,1.0,1.0,0.0,1.0,0.0,0.0,0,2,0,2
POLICY_VALIDATION,HIGH_PRECISION,PRIMARY_PAIRWISE,0.075,144,0.6,12,5,0.0,0.0,0.0,1.0,1.0,0.0,1.0,0.0,0.0,0,12,12,24
POLICY_VALIDATION,HIGH_PRECISION,PRIMARY_PAIRWISE,0.075,144,0.6,40,3,0.0,0.0,0.0,1.0,1.0,0.0,0.6,0.0,0.0,0,20,20,40
POLICY_VALIDATION,HIGH_PRECISION,PRIMARY_PAIRWISE,0.075,144,0.6,40,5,0.0,0.0,0.0,1.0,1.0,0.0,0.975,0.0,0.0,0,20,20,40
POLICY_VALIDATION,HIGH_PRECISION,PRIMARY_PAIRWISE,0.075,144,0.9,1,5,0.0,0.0,0.0,1.0,1.0,0.0,1.0,0.0,0.0,0,1,0,1
POLICY_VALIDATION,HIGH_PRECISION,PRIMARY_PAIRWISE,0.075,144,0.9,12,3,0.0,0.0,0.5,0.75,0.5,0.008133912448495456,1.0,1.0,0.5,6,12,12,24
POLICY_VALIDATION,HIGH_PRECISION,PRIMARY_PAIRWISE,0.075,144,0.9,40,1,0.0,0.0,0.3333333333333333,0.8333333333333334,0.6666666666666667,0.0035412499806483596,1.0,1.0,0.3333333333333333,20,60,60,120
POLICY_VALIDATION,HIGH_PRECISION,REPAIR,0.0,18,0.2,1,3,0.0,0.0,0.0,1.0,1.0,0.0,1.0,0.0,0.0,0,0,1,1
POLICY_VALIDATION,HIGH_PRECISION,REPAIR,0.0,18,0.2,1,5,0.0,0.0,0.0,1.0,1.0,0.0,1.0,0.0,0.0,0,0,2,2
POLICY_VALIDATION,HIGH_PRECISION,REPAIR,0.0,18,0.2,12,1,0.0,0.0,0.0,1.0,1.0,0.0,0.9166666666666666,0.0,0.0,0,0,12,12
POLICY_VALIDATION,HIGH_PRECISION,REPAIR,0.0,18,0.2,12,3,0.0,0.0,0.0,1.0,1.0,0.0,0.9166666666666666,0.0,0.0,0,0,12,12
POLICY_VALIDATION,HIGH_PRECISION,REPAIR,0.0,18,0.2,40,1,0.0,0.0,0.0,1.0,1.0,0.0,0.9625,0.0,0.0,0,0,80,80
POLICY_VALIDATION,HIGH_PRECISION,REPAIR,0.0,18,0.9,1,1,0.0,0.0,0.0,1.0,1.0,0.0,1.0,0.0,0.0,0,0,1,1
POLICY_VALIDATION,HIGH_PRECISION,REPAIR,0.0,18,0.9,12,1,0.0,0.0,0.0,1.0,1.0,0.0,1.0,0.0,0.0,0,0,12,12
POLICY_VALIDATION,HIGH_PRECISION,REPAIR,0.0,18,0.9,12,5,0.0,0.0,0.0,1.0,1.0,0.0,0.9166666666666666,0.0,0.0,0,0,12,12
POLICY_VALIDATION,HIGH_PRECISION,REPAIR,0.0,18,0.9,40,3,0.0,0.0,0.0,1.0,1.0,0.0,0.8166666666666667,0.0,0.0,0,0,120,120
POLICY_VALIDATION,HIGH_PRECISION,REPAIR,0.0,54,0.2,1,3,0.0,0.0,0.0,1.0,1.0,0.0,1.0,0.0,0.0,0,0,1,1
POLICY_VALIDATION,HIGH_PRECISION,REPAIR,0.0,54,0.2,12,1,0.0,0.0,0.0,1.0,1.0,0.0,0.9722222222222222,0.0,0.0,0,0,36,36
POLICY_VALIDATION,HIGH_PRECISION,REPAIR,0.0,54,0.2,40,3,0.0125,0.036846393470080945,0.0,0.9875,1.0,0.04638794712789929,0.925,0.0,0.0,1,0,80,80
POLICY_VALIDATION,HIGH_PRECISION,REPAIR,0.0,54,0.9,1,5,0.0,0.0,0.0,1.0,1.0,0.0,0.6666666666666666,0.0,0.0,0,0,3,3
POLICY_VALIDATION,HIGH_PRECISION,REPAIR,0.0,54,0.9,12,3,0.0,0.0,0.0,1.0,1.0,0.0,1.0,0.0,0.0,0,0,12,12
POLICY_VALIDATION,HIGH_PRECISION,REPAIR,0.0,54,0.9,40,1,0.0,0.0,0.0,1.0,1.0,0.0,1.0,0.0,0.0,0,0,80,80
POLICY_VALIDATION,HIGH_PRECISION,REPAIR,0.0,54,0.9,40,3,0.0,0.0,0.0,1.0,1.0,0.0,1.0,0.0,0.0,0,0,40,40
POLICY_VALIDATION,HIGH_PRECISION,REPAIR,0.0,144,0.2,1,1,0.0,0.0,0.0,1.0,1.0,0.0,1.0,0.0,0.0,0,0,1,1
POLICY_VALIDATION,HIGH_PRECISION,REPAIR,0.0,144,0.2,1,5,0.0,0.0,0.0,1.0,1.0,0.0,1.0,0.0,0.0,0,0,1,1
POLICY_VALIDATION,HIGH_PRECISION,REPAIR,0.0,144,0.2,12,5,0.0,0.0,0.0,1.0,1.0,0.0,1.0,0.0,0.0,0,0,12,12
POLICY_VALIDATION,HIGH_PRECISION,REPAIR,0.0,144,0.2,40,1,0.0,0.0,0.0,1.0,1.0,0.0,0.925,0.0,0.0,0,0,40,40
POLICY_VALIDATION,HIGH_PRECISION,REPAIR,0.0,144,0.2,40,3,0.0,0.0,0.0,1.0,1.0,0.0,0.9416666666666667,0.0,0.0,0,0,120,120
POLICY_VALIDATION,HIGH_PRECISION,REPAIR,0.0,144,0.9,1,3,0.0,0.0,0.0,1.0,1.0,0.0,1.0,0.0,0.0,0,0,2,2
POLICY_VALIDATION,HIGH_PRECISION,REPAIR,0.0,144,0.9,12,1,0.0,0.0,0.0,1.0,1.0,0.0,0.9722222222222222,0.0,0.0,0,0,36,36
POLICY_VALIDATION,HIGH_PRECISION,REPAIR,0.0,144,0.9,40,1,0.0,0.0,0.0,1.0,1.0,0.0,1.0,0.0,0.0,0,0,40,40
POLICY_VALIDATION,HIGH_PRECISION,REPAIR,0.0,144,0.9,40,5,0.0,0.0,0.0,1.0,1.0,0.0,1.0,0.0,0.0,0,0,40,40
POLICY_VALIDATION,HIGH_PRECISION,REPAIR,0.035,18,0.6,1,5,0.0,0.0,0.0,1.0,1.0,0.0,0.6666666666666666,0.0,0.0,0,3,0,3
POLICY_VALIDATION,HIGH_PRECISION,REPAIR,0.035,18,0.6,12,1,0.0,0.0,0.0,1.0,1.0,0.0,0.9166666666666666,0.0,0.0,0,6,6,12
POLICY_VALIDATION,HIGH_PRECISION,REPAIR,0.035,18,0.6,12,3,0.0,0.0,0.0,1.0,1.0,0.0,1.0,0.0,0.0,0,6,6,12
POLICY_VALIDATION,HIGH_PRECISION,REPAIR,0.035,18,0.6,40,1,0.0,0.0,0.0,1.0,1.0,0.0,0.975,0.0,0.0,0,40,40,80
POLICY_VALIDATION,HIGH_PRECISION,REPAIR,0.035,18,0.9,1,1,0.0,0.0,0.0,1.0,1.0,0.0,1.0,0.0,0.0,0,1,0,1
POLICY_VALIDATION,HIGH_PRECISION,REPAIR,0.035,18,0.9,1,3,0.0,0.0,0.0,1.0,1.0,0.0,0.0,0.0,0.0,0,1,0,1
POLICY_VALIDATION,HIGH_PRECISION,REPAIR,0.035,18,0.9,12,1,0.0,0.0,0.0,1.0,1.0,0.0,1.0,0.0,0.0,0,6,6,12
POLICY_VALIDATION,HIGH_PRECISION,REPAIR,0.035,18,0.9,12,5,0.0,0.0,0.0,1.0,1.0,0.0,1.0,0.0,0.0,0,6,6,12
POLICY_VALIDATION,HIGH_PRECISION,REPAIR,0.035,18,0.9,40,3,0.0,0.0,0.0,1.0,1.0,0.0,1.0,0.0,0.0,0,40,40,80
POLICY_VALIDATION,HIGH_PRECISION,REPAIR,0.035,54,0.6,1,3,0.0,0.0,0.0,1.0,1.0,0.0,1.0,0.0,0.0,0,2,0,2
POLICY_VALIDATION,HIGH_PRECISION,REPAIR,0.035,54,0.6,12,1,0.0,0.0,0.0,1.0,1.0,0.0,1.0,0.0,0.0,0,18,18,36
POLICY_VALIDATION,HIGH_PRECISION,REPAIR,0.035,54,0.6,40,5,0.0,0.0,0.0,1.0,1.0,0.0,0.9,0.0,0.0,0,20,20,40
POLICY_VALIDATION,HIGH_PRECISION,REPAIR,0.035,54,0.9,1,5,0.0,0.0,0.0,1.0,1.0,0.0,1.0,0.0,0.0,0,3,0,3
POLICY_VALIDATION,HIGH_PRECISION,REPAIR,0.035,54,0.9,12,3,0.0,0.0,0.0,1.0,1.0,0.0,0.8333333333333334,0.0,0.0,0,6,6,12
POLICY_VALIDATION,HIGH_PRECISION,REPAIR,0.035,54,0.9,40,1,0.0,0.0,0.475,0.7625,0.525,0.0156612156415693,0.975,1.0,0.475,19,40,40,80
POLICY_VALIDATION,HIGH_PRECISION,REPAIR,0.035,54,0.9,40,3,0.0,0.0,0.0,1.0,1.0,0.0,1.0,0.0,0.0,0,20,20,40
POLICY_VALIDATION,HIGH_PRECISION,REPAIR,0.035,144,0.6,1,1,0.0,0.0,0.0,1.0,1.0,0.0,1.0,0.0,0.0,0,1,0,1
POLICY_VALIDATION,HIGH_PRECISION,REPAIR,0.035,144,0.6,1,5,0.0,0.0,0.0,1.0,1.0,0.0,1.0,0.0,0.0,0,1,0,1
POLICY_VALIDATION,HIGH_PRECISION,REPAIR,0.035,144,0.6,12,5,0.0,0.0,0.0,1.0,1.0,0.0,0.9166666666666666,0.0,0.0,0,6,6,12
POLICY_VALIDATION,HIGH_PRECISION,REPAIR,0.035,144,0.6,40,1,0.0,0.0,0.0,1.0,1.0,0.0,1.0,0.0,0.0,0,20,20,40
POLICY_VALIDATION,HIGH_PRECISION,REPAIR,0.035,144,0.6,40,3,0.0,0.0,0.21666666666666667,0.8916666666666666,0.7833333333333333,0.015454313869173317,0.9666666666666667,1.0,0.21666666666666667,13,60,60,120
POLICY_VALIDATION,HIGH_PRECISION,REPAIR,0.035,144,0.9,1,3,0.0,0.0,0.0,1.0,1.0,0.0,1.0,0.0,0.0,0,1,0,1
POLICY_VALIDATION,HIGH_PRECISION,REPAIR,0.035,144,0.9,1,5,0.0,0.0,0.0,1.0,1.0,0.0,1.0,0.0,0.0,0,2,0,2
POLICY_VALIDATION,HIGH_PRECISION,REPAIR,0.035,144,0.9,12,1,0.0,0.0,0.3333333333333333,0.8333333333333334,0.6666666666666667,0.001258778435391823,1.0,1.0,0.3333333333333333,6,18,18,36
POLICY_VALIDATION,HIGH_PRECISION,REPAIR,0.035,144,0.9,40,1,0.0,0.0,0.0,1.0,1.0,0.0,1.0,0.0,0.0,0,20,20,40
POLICY_VALIDATION,HIGH_PRECISION,REPAIR,0.075,18,0.2,1,3,0.0,0.0,0.0,1.0,1.0,0.0,1.0,0.0,0.0,0,1,0,1
POLICY_VALIDATION,HIGH_PRECISION,REPAIR,0.075,18,0.2,12,1,0.0,0.0,0.0,1.0,1.0,0.0,0.9166666666666666,0.0,0.0,0,12,12,24
POLICY_VALIDATION,HIGH_PRECISION,REPAIR,0.075,18,0.2,12,5,0.0,0.0,0.0,1.0,1.0,0.0,0.9166666666666666,0.0,0.0,0,6,6,12
POLICY_VALIDATION,HIGH_PRECISION,REPAIR,0.075,18,0.2,40,3,0.0,0.0,0.0,1.0,1.0,0.0,0.9875,0.0,0.0,0,40,40,80
POLICY_VALIDATION,HIGH_PRECISION,REPAIR,0.075,18,0.6,1,5,0.0,0.0,0.0,1.0,1.0,0.0,1.0,0.0,0.0,0,3,0,3
POLICY_VALIDATION,HIGH_PRECISION,REPAIR,0.075,18,0.6,12,3,0.0,0.0,0.0,1.0,1.0,0.0,1.0,0.0,0.0,0,12,12,24
POLICY_VALIDATION,HIGH_PRECISION,REPAIR,0.075,18,0.6,40,1,0.0,0.0,0.0,1.0,1.0,0.0,0.95,0.0,0.0,0,40,40,80
POLICY_VALIDATION,HIGH_PRECISION,REPAIR,0.075,54,0.2,1,5,0.0,0.0,0.0,1.0,1.0,0.0,1.0,0.0,0.0,0,2,0,2
POLICY_VALIDATION,HIGH_PRECISION,REPAIR,0.075,54,0.2,12,3,0.0,0.0,0.0,1.0,1.0,0.0,1.0,0.0,0.0,0,6,6,12
POLICY_VALIDATION,HIGH_PRECISION,REPAIR,0.075,54,0.2,12,5,0.0,0.0,0.0,1.0,1.0,0.0,1.0,0.0,0.0,0,6,6,12
POLICY_VALIDATION,HIGH_PRECISION,REPAIR,0.075,54,0.2,40,1,0.0,0.0,0.0,1.0,1.0,0.0,1.0,0.0,0.0,0,20,20,40
POLICY_VALIDATION,HIGH_PRECISION,REPAIR,0.075,54,0.2,40,3,0.0,0.0,0.0,1.0,1.0,0.0,0.9,0.0,0.0,0,40,40,80
POLICY_VALIDATION,HIGH_PRECISION,REPAIR,0.075,54,0.6,1,3,0.0,0.0,0.5,0.5,0.5,0.03232075027227842,1.0,1.0,0.5,1,2,0,2
POLICY_VALIDATION,HIGH_PRECISION,REPAIR,0.075,54,0.6,12,1,0.0,0.0,0.0,1.0,1.0,0.0,0.9444444444444444,0.0,0.0,0,18,18,36
POLICY_VALIDATION,HIGH_PRECISION,REPAIR,0.075,54,0.6,40,5,0.0,0.0,0.0,1.0,1.0,0.0,1.0,0.0,0.0,0,20,20,40
POLICY_VALIDATION,HIGH_PRECISION,REPAIR,0.075,144,0.2,1,3,0.0,0.0,0.0,1.0,1.0,0.0,1.0,0.0,0.0,0,1,0,1
POLICY_VALIDATION,HIGH_PRECISION,REPAIR,0.075,144,0.2,1,5,0.0,0.0,0.0,1.0,1.0,0.0,1.0,0.0,0.0,0,2,0,2
POLICY_VALIDATION,HIGH_PRECISION,REPAIR,0.075,144,0.2,12,1,0.0,0.0,0.0,1.0,1.0,0.0,0.9583333333333334,0.0,0.0,0,12,12,24
POLICY_VALIDATION,HIGH_PRECISION,REPAIR,0.075,144,0.2,12,3,0.0,0.0,0.0,1.0,1.0,0.0,0.8333333333333334,0.0,0.0,0,6,6,12
POLICY_VALIDATION,HIGH_PRECISION,REPAIR,0.075,144,0.2,40,1,0.0,0.0,0.0,1.0,1.0,0.0,0.975,0.0,0.0,0,20,20,40
POLICY_VALIDATION,HIGH_PRECISION,REPAIR,0.075,144,0.6,1,1,0.0,0.0,0.0,1.0,1.0,0.0,1.0,0.0,0.0,0,1,0,1
POLICY_VALIDATION,HIGH_PRECISION,REPAIR,0.075,144,0.6,12,5,0.0,0.0,0.5,0.75,0.5,0.0056602817703893344,1.0,1.0,0.5,6,12,12,24
POLICY_VALIDATION,HIGH_PRECISION,REPAIR,0.075,144,0.6,40,3,0.0,0.0,0.25,0.875,0.75,0.00981443526653264,0.9,1.0,0.25,20,80,80,160
POLICY_VALIDATION,HIGH_PRECISION,THRESHOLD_PASS,0.0,18,0.2,1,3,0.0,0.0,0.0,1.0,1.0,0.0,1.0,0.0,0.0,0,0,1,1
POLICY_VALIDATION,HIGH_PRECISION,THRESHOLD_PASS,0.0,18,0.2,1,5,0.0,0.0,0.0,1.0,1.0,0.0,1.0,0.0,0.0,0,0,2,2
POLICY_VALIDATION,HIGH_PRECISION,THRESHOLD_PASS,0.0,18,0.2,12,1,0.0,0.0,0.0,1.0,1.0,0.0,1.0,0.0,0.0,0,0,12,12
POLICY_VALIDATION,HIGH_PRECISION,THRESHOLD_PASS,0.0,18,0.2,12,3,0.0,0.0,0.0,1.0,1.0,0.0,1.0,0.0,0.0,0,0,12,12
POLICY_VALIDATION,HIGH_PRECISION,THRESHOLD_PASS,0.0,18,0.2,40,1,0.0,0.0,0.0,1.0,1.0,0.0,0.9625,0.0,0.0,0,0,80,80
POLICY_VALIDATION,HIGH_PRECISION,THRESHOLD_PASS,0.0,18,0.9,1,1,0.0,0.0,0.0,1.0,1.0,0.0,1.0,0.0,0.0,0,0,1,1
POLICY_VALIDATION,HIGH_PRECISION,THRESHOLD_PASS,0.0,18,0.9,12,1,0.0,0.0,0.0,1.0,1.0,0.0,1.0,0.0,0.0,0,0,12,12
POLICY_VALIDATION,HIGH_PRECISION,THRESHOLD_PASS,0.0,18,0.9,12,5,0.0,0.0,0.0,1.0,1.0,0.0,1.0,0.0,0.0,0,0,12,12
POLICY_VALIDATION,HIGH_PRECISION,THRESHOLD_PASS,0.0,18,0.9,40,3,0.0,0.0,0.0,1.0,1.0,0.0,1.0,0.0,0.0,0,0,120,120
POLICY_VALIDATION,HIGH_PRECISION,THRESHOLD_PASS,0.0,54,0.2,1,3,0.0,0.0,0.0,1.0,1.0,0.0,1.0,0.0,0.0,0,0,1,1
POLICY_VALIDATION,HIGH_PRECISION,THRESHOLD_PASS,0.0,54,0.2,12,1,0.0,0.0,0.0,1.0,1.0,0.0,0.9444444444444444,0.0,0.0,0,0,36,36
POLICY_VALIDATION,HIGH_PRECISION,THRESHOLD_PASS,0.0,54,0.2,40,3,0.0,0.0,0.0,1.0,1.0,0.0,0.825,0.0,0.0,0,0,80,80
POLICY_VALIDATION,HIGH_PRECISION,THRESHOLD_PASS,0.0,54,0.9,1,5,0.0,0.0,0.0,1.0,1.0,0.0,1.0,0.0,0.0,0,0,3,3
POLICY_VALIDATION,HIGH_PRECISION,THRESHOLD_PASS,0.0,54,0.9,12,3,0.0,0.0,0.0,1.0,1.0,0.0,1.0,0.0,0.0,0,0,12,12
POLICY_VALIDATION,HIGH_PRECISION,THRESHOLD_PASS,0.0,54,0.9,40,1,0.0,0.0,0.0,1.0,1.0,0.0,1.0,0.0,0.0,0,0,80,80
POLICY_VALIDATION,HIGH_PRECISION,THRESHOLD_PASS,0.0,54,0.9,40,3,0.0,0.0,0.0,1.0,1.0,0.0,1.0,0.0,0.0,0,0,40,40
POLICY_VALIDATION,HIGH_PRECISION,THRESHOLD_PASS,0.0,144,0.2,1,1,0.0,0.0,0.0,1.0,1.0,0.0,1.0,0.0,0.0,0,0,1,1
POLICY_VALIDATION,HIGH_PRECISION,THRESHOLD_PASS,0.0,144,0.2,1,5,0.0,0.0,0.0,1.0,1.0,0.0,0.0,0.0,0.0,0,0,1,1
POLICY_VALIDATION,HIGH_PRECISION,THRESHOLD_PASS,0.0,144,0.2,12,5,0.0,0.0,0.0,1.0,1.0,0.0,0.9166666666666666,0.0,0.0,0,0,12,12
POLICY_VALIDATION,HIGH_PRECISION,THRESHOLD_PASS,0.0,144,0.2,40,1,0.0,0.0,0.0,1.0,1.0,0.0,1.0,0.0,0.0,0,0,40,40
POLICY_VALIDATION,HIGH_PRECISION,THRESHOLD_PASS,0.0,144,0.2,40,3,0.0,0.0,0.0,1.0,1.0,0.0,0.9583333333333334,0.0,0.0,0,0,120,120
POLICY_VALIDATION,HIGH_PRECISION,THRESHOLD_PASS,0.0,144,0.9,1,3,0.0,0.0,0.0,1.0,1.0,0.0,1.0,0.0,0.0,0,0,2,2
POLICY_VALIDATION,HIGH_PRECISION,THRESHOLD_PASS,0.0,144,0.9,12,1,0.0,0.0,0.0,1.0,1.0,0.0,1.0,0.0,0.0,0,0,36,36
POLICY_VALIDATION,HIGH_PRECISION,THRESHOLD_PASS,0.0,144,0.9,40,1,0.0,0.0,0.0,1.0,1.0,0.0,1.0,0.0,0.0,0,0,40,40
POLICY_VALIDATION,HIGH_PRECISION,THRESHOLD_PASS,0.0,144,0.9,40,5,0.0,0.0,0.0,1.0,1.0,0.0,1.0,0.0,0.0,0,0,40,40
POLICY_VALIDATION,HIGH_PRECISION,THRESHOLD_PASS,0.035,18,0.6,1,5,0.0,0.0,0.0,1.0,1.0,0.0,1.0,0.0,0.0,0,3,0,3
POLICY_VALIDATION,HIGH_PRECISION,THRESHOLD_PASS,0.035,18,0.6,12,1,0.0,0.0,0.0,1.0,1.0,0.0,0.8333333333333334,0.0,0.0,0,6,6,12
POLICY_VALIDATION,HIGH_PRECISION,THRESHOLD_PASS,0.035,18,0.6,12,3,0.0,0.0,0.0,1.0,1.0,0.0,1.0,0.0,0.0,0,6,6,12
POLICY_VALIDATION,HIGH_PRECISION,THRESHOLD_PASS,0.035,18,0.6,40,1,0.0,0.0,0.0,1.0,1.0,0.0,0.7125,0.0,0.0,0,40,40,80
POLICY_VALIDATION,HIGH_PRECISION,THRESHOLD_PASS,0.035,18,0.9,1,1,0.0,0.0,0.0,1.0,1.0,0.0,1.0,0.0,0.0,0,1,0,1
POLICY_VALIDATION,HIGH_PRECISION,THRESHOLD_PASS,0.035,18,0.9,1,3,0.0,0.0,0.0,1.0,1.0,0.0,1.0,0.0,0.0,0,1,0,1
POLICY_VALIDATION,HIGH_PRECISION,THRESHOLD_PASS,0.035,18,0.9,12,1,0.0,0.0,0.0,1.0,1.0,0.0,1.0,0.0,0.0,0,6,6,12
POLICY_VALIDATION,HIGH_PRECISION,THRESHOLD_PASS,0.035,18,0.9,12,5,0.0,0.0,0.0,1.0,1.0,0.0,1.0,0.0,0.0,0,6,6,12
POLICY_VALIDATION,HIGH_PRECISION,THRESHOLD_PASS,0.035,18,0.9,40,3,0.0,0.0,0.0,1.0,1.0,0.0,0.9875,0.0,0.0,0,40,40,80
POLICY_VALIDATION,HIGH_PRECISION,THRESHOLD_PASS,0.035,54,0.6,1,3,0.0,0.0,0.0,1.0,1.0,0.0,0.5,0.0,0.0,0,2,0,2
POLICY_VALIDATION,HIGH_PRECISION,THRESHOLD_PASS,0.035,54,0.6,12,1,0.0,0.0,0.0,1.0,1.0,0.0,0.9444444444444444,0.0,0.0,0,18,18,36
POLICY_VALIDATION,HIGH_PRECISION,THRESHOLD_PASS,0.035,54,0.6,40,5,0.0,0.0,0.0,1.0,1.0,0.0,0.95,0.0,0.0,0,20,20,40
POLICY_VALIDATION,HIGH_PRECISION,THRESHOLD_PASS,0.035,54,0.9,1,5,0.0,0.0,0.0,1.0,1.0,0.0,1.0,0.0,0.0,0,3,0,3
POLICY_VALIDATION,HIGH_PRECISION,THRESHOLD_PASS,0.035,54,0.9,12,3,0.0,0.0,0.0,1.0,1.0,0.0,1.0,0.0,0.0,0,6,6,12
POLICY_VALIDATION,HIGH_PRECISION,THRESHOLD_PASS,0.035,54,0.9,40,1,0.0,0.0,0.0,1.0,1.0,0.0,0.975,0.0,0.0,0,40,40,80
POLICY_VALIDATION,HIGH_PRECISION,THRESHOLD_PASS,0.035,54,0.9,40,3,0.0,0.0,0.0,1.0,1.0,0.0,1.0,0.0,0.0,0,20,20,40
POLICY_VALIDATION,HIGH_PRECISION,THRESHOLD_PASS,0.035,144,0.6,1,1,0.0,0.0,0.0,1.0,1.0,0.0,1.0,0.0,0.0,0,1,0,1
POLICY_VALIDATION,HIGH_PRECISION,THRESHOLD_PASS,0.035,144,0.6,1,5,0.0,0.0,0.0,1.0,1.0,0.0,1.0,0.0,0.0,0,1,0,1
POLICY_VALIDATION,HIGH_PRECISION,THRESHOLD_PASS,0.035,144,0.6,12,5,0.0,0.0,0.0,1.0,1.0,0.0,1.0,0.0,0.0,0,6,6,12
POLICY_VALIDATION,HIGH_PRECISION,THRESHOLD_PASS,0.035,144,0.6,40,1,0.0,0.0,0.0,1.0,1.0,0.0,1.0,0.0,0.0,0,20,20,40
POLICY_VALIDATION,HIGH_PRECISION,THRESHOLD_PASS,0.035,144,0.6,40,3,0.0,0.0,0.0,1.0,1.0,0.0,0.9583333333333334,0.0,0.0,0,60,60,120
POLICY_VALIDATION,HIGH_PRECISION,THRESHOLD_PASS,0.035,144,0.9,1,3,0.0,0.0,0.0,1.0,1.0,0.0,1.0,0.0,0.0,0,1,0,1
POLICY_VALIDATION,HIGH_PRECISION,THRESHOLD_PASS,0.035,144,0.9,1,5,0.0,0.0,0.0,1.0,1.0,0.0,1.0,0.0,0.0,0,2,0,2
POLICY_VALIDATION,HIGH_PRECISION,THRESHOLD_PASS,0.035,144,0.9,12,1,0.0,0.0,0.2222222222222222,0.8888888888888888,0.7777777777777778,0.0029643875277849422,1.0,1.0,0.2222222222222222,4,18,18,36
POLICY_VALIDATION,HIGH_PRECISION,THRESHOLD_PASS,0.035,144,0.9,40,1,0.0,0.0,0.0,1.0,1.0,0.0,0.9,0.0,0.0,0,20,20,40
POLICY_VALIDATION,HIGH_PRECISION,THRESHOLD_PASS,0.075,18,0.2,1,3,0.0,0.0,0.0,1.0,1.0,0.0,1.0,0.0,0.0,0,1,0,1
POLICY_VALIDATION,HIGH_PRECISION,THRESHOLD_PASS,0.075,18,0.2,12,1,0.0,0.0,0.0,1.0,1.0,0.0,0.875,0.0,0.0,0,12,12,24
POLICY_VALIDATION,HIGH_PRECISION,THRESHOLD_PASS,0.075,18,0.2,12,5,0.0,0.0,0.0,1.0,1.0,0.0,0.9166666666666666,0.0,0.0,0,6,6,12
POLICY_VALIDATION,HIGH_PRECISION,THRESHOLD_PASS,0.075,18,0.2,40,3,0.0,0.0,0.0,1.0,1.0,0.0,0.975,0.0,0.0,0,40,40,80
POLICY_VALIDATION,HIGH_PRECISION,THRESHOLD_PASS,0.075,18,0.6,1,5,0.0,0.0,0.0,1.0,1.0,0.0,1.0,0.0,0.0,0,3,0,3
POLICY_VALIDATION,HIGH_PRECISION,THRESHOLD_PASS,0.075,18,0.6,12,3,0.0,0.0,0.0,1.0,1.0,0.0,0.9583333333333334,0.0,0.0,0,12,12,24
POLICY_VALIDATION,HIGH_PRECISION,THRESHOLD_PASS,0.075,18,0.6,40,1,0.0,0.0,0.0,1.0,1.0,0.0,1.0,0.0,0.0,0,40,40,80
POLICY_VALIDATION,HIGH_PRECISION,THRESHOLD_PASS,0.075,54,0.2,1,5,0.0,0.0,0.0,1.0,1.0,0.0,1.0,0.0,0.0,0,2,0,2
POLICY_VALIDATION,HIGH_PRECISION,THRESHOLD_PASS,0.075,54,0.2,12,3,0.0,0.0,0.0,1.0,1.0,0.0,0.9166666666666666,0.0,0.0,0,6,6,12
POLICY_VALIDATION,HIGH_PRECISION,THRESHOLD_PASS,0.075,54,0.2,12,5,0.0,0.0,0.0,1.0,1.0,0.0,1.0,0.0,0.0,0,6,6,12
POLICY_VALIDATION,HIGH_PRECISION,THRESHOLD_PASS,0.075,54,0.2,40,1,0.0,0.0,0.0,1.0,1.0,0.0,0.9,0.0,0.0,0,20,20,40
POLICY_VALIDATION,HIGH_PRECISION,THRESHOLD_PASS,0.075,54,0.2,40,3,0.0,0.0,0.0,1.0,1.0,0.0,0.9625,0.0,0.0,0,40,40,80
POLICY_VALIDATION,HIGH_PRECISION,THRESHOLD_PASS,0.075,54,0.6,1,3,0.0,0.0,0.5,0.5,0.5,0.006180591144102035,1.0,1.0,0.5,1,2,0,2
POLICY_VALIDATION,HIGH_PRECISION,THRESHOLD_PASS,0.075,54,0.6,12,1,0.0,0.0,0.0,1.0,1.0,0.0,0.9722222222222222,0.0,0.0,0,18,18,36
POLICY_VALIDATION,HIGH_PRECISION,THRESHOLD_PASS,0.075,54,0.6,40,5,0.0,0.0,0.0,1.0,1.0,0.0,1.0,0.0,0.0,0,20,20,40
POLICY_VALIDATION,HIGH_PRECISION,THRESHOLD_PASS,0.075,144,0.2,1,3,0.0,0.0,0.0,1.0,1.0,0.0,1.0,0.0,0.0,0,1,0,1
POLICY_VALIDATION,HIGH_PRECISION,THRESHOLD_PASS,0.075,144,0.2,1,5,0.0,0.0,0.0,1.0,1.0,0.0,1.0,0.0,0.0,0,2,0,2
POLICY_VALIDATION,HIGH_PRECISION,THRESHOLD_PASS,0.075,144,0.2,12,1,0.0,0.0,0.0,1.0,1.0,0.0,1.0,0.0,0.0,0,12,12,24
POLICY_VALIDATION,HIGH_PRECISION,THRESHOLD_PASS,0.075,144,0.2,12,3,0.0,0.0,1.0,0.5,0.0,0.004986195955539001,1.0,1.0,1.0,6,6,6,12
POLICY_VALIDATION,HIGH_PRECISION,THRESHOLD_PASS,0.075,144,0.2,40,1,0.0,0.0,0.0,1.0,1.0,0.0,0.925,0.0,0.0,0,20,20,40
POLICY_VALIDATION,HIGH_PRECISION,THRESHOLD_PASS,0.075,144,0.6,1,1,0.0,0.0,0.0,1.0,1.0,0.0,1.0,0.0,0.0,0,1,0,1
POLICY_VALIDATION,HIGH_PRECISION,THRESHOLD_PASS,0.075,144,0.6,12,5,0.0,0.0,0.5,0.75,0.5,0.008211548579211686,1.0,1.0,0.5,6,12,12,24
POLICY_VALIDATION,HIGH_PRECISION,THRESHOLD_PASS,0.075,144,0.6,40,3,0.0,0.0,0.25,0.875,0.75,0.008203340929218214,0.975,1.0,0.25,20,80,80,160
POLICY_VALIDATION,HIGH_PRECISION,TOP_K,0.0,18,0.6,1,3,0.0,0.0,0.0,1.0,1.0,0.0,1.0,0.0,0.0,0,0,1,1
POLICY_VALIDATION,HIGH_PRECISION,TOP_K,0.0,18,0.6,12,1,0.0,0.0,0.0,1.0,1.0,0.0,1.0,0.0,0.0,0,0,24,24
POLICY_VALIDATION,HIGH_PRECISION,TOP_K,0.0,18,0.6,12,3,0.0,0.0,0.0,1.0,1.0,0.0,1.0,0.0,0.0,0,0,12,12
POLICY_VALIDATION,HIGH_PRECISION,TOP_K,0.0,18,0.6,40,5,0.0,0.0,0.0,1.0,1.0,0.0,0.925,0.0,0.0,0,0,120,120
POLICY_VALIDATION,HIGH_PRECISION,TOP_K,0.0,18,0.9,1,1,0.0,0.0,0.0,1.0,1.0,0.0,1.0,0.0,0.0,0,0,3,3
POLICY_VALIDATION,HIGH_PRECISION,TOP_K,0.0,18,0.9,12,3,0.0,0.0,0.0,1.0,1.0,0.0,1.0,0.0,0.0,0,0,24,24
POLICY_VALIDATION,HIGH_PRECISION,TOP_K,0.0,18,0.9,40,3,0.0,0.0,0.0,1.0,1.0,0.0,0.975,0.0,0.0,0,0,40,40
POLICY_VALIDATION,HIGH_PRECISION,TOP_K,0.0,54,0.6,1,1,0.0,0.0,0.0,1.0,1.0,0.0,1.0,0.0,0.0,0,0,3,3
POLICY_VALIDATION,HIGH_PRECISION,TOP_K,0.0,54,0.6,12,1,0.0,0.0,0.0,1.0,1.0,0.0,0.8333333333333334,0.0,0.0,0,0,12,12
POLICY_VALIDATION,HIGH_PRECISION,TOP_K,0.0,54,0.6,12,5,0.0,0.0,0.0,1.0,1.0,0.0,1.0,0.0,0.0,0,0,12,12
POLICY_VALIDATION,HIGH_PRECISION,TOP_K,0.0,54,0.6,40,3,0.0,0.0,0.0,1.0,1.0,0.0,0.95,0.0,0.0,0,0,80,80
POLICY_VALIDATION,HIGH_PRECISION,TOP_K,0.0,54,0.9,1,5,0.0,0.0,0.0,1.0,1.0,0.0,1.0,0.0,0.0,0,0,1,1
POLICY_VALIDATION,HIGH_PRECISION,TOP_K,0.0,54,0.9,12,1,0.0,0.0,0.0,1.0,1.0,0.0,1.0,0.0,0.0,0,0,12,12
POLICY_VALIDATION,HIGH_PRECISION,TOP_K,0.0,54,0.9,12,3,0.0,0.0,0.0,1.0,1.0,0.0,0.9722222222222222,0.0,0.0,0,0,36,36
POLICY_VALIDATION,HIGH_PRECISION,TOP_K,0.0,54,0.9,40,1,0.0,0.0,0.0,1.0,1.0,0.0,1.0,0.0,0.0,0,0,40,40
POLICY_VALIDATION,HIGH_PRECISION,TOP_K,0.0,54,0.9,40,5,0.0,0.0,0.0,1.0,1.0,0.0,0.95,0.0,0.0,0,0,40,40
POLICY_VALIDATION,HIGH_PRECISION,TOP_K,0.0,144,0.6,1,1,0.0,0.0,0.0,1.0,1.0,0.0,1.0,0.0,0.0,0,0,1,1
POLICY_VALIDATION,HIGH_PRECISION,TOP_K,0.0,144,0.6,1,5,0.0,0.0,0.0,1.0,1.0,0.0,1.0,0.0,0.0,0,0,1,1
POLICY_VALIDATION,HIGH_PRECISION,TOP_K,0.0,144,0.6,12,3,0.0,0.0,0.0,1.0,1.0,0.0,0.9722222222222222,0.0,0.0,0,0,36,36
POLICY_VALIDATION,HIGH_PRECISION,TOP_K,0.0,144,0.6,40,1,0.0,0.0,0.0,1.0,1.0,0.0,0.975,0.0,0.0,0,0,40,40
POLICY_VALIDATION,HIGH_PRECISION,TOP_K,0.0,144,0.9,1,1,0.0,0.0,0.0,1.0,1.0,0.0,1.0,0.0,0.0,0,0,1,1
POLICY_VALIDATION,HIGH_PRECISION,TOP_K,0.0,144,0.9,1,3,0.0,0.0,0.0,1.0,1.0,0.0,1.0,0.0,0.0,0,0,1,1
POLICY_VALIDATION,HIGH_PRECISION,TOP_K,0.0,144,0.9,12,1,0.0,0.0,0.0,1.0,1.0,0.0,1.0,0.0,0.0,0,0,24,24
POLICY_VALIDATION,HIGH_PRECISION,TOP_K,0.0,144,0.9,40,3,0.0,0.0,0.0,1.0,1.0,0.0,0.75,0.0,0.0,0,0,40,40
POLICY_VALIDATION,HIGH_PRECISION,TOP_K,0.0,144,0.9,40,5,0.0,0.0,0.0,1.0,1.0,0.0,1.0,0.0,0.0,0,0,80,80
POLICY_VALIDATION,HIGH_PRECISION,TOP_K,0.035,18,0.2,1,1,0.0,0.0,0.0,1.0,1.0,0.0,1.0,0.0,0.0,0,3,0,3
POLICY_VALIDATION,HIGH_PRECISION,TOP_K,0.035,18,0.2,12,5,0.0,0.0,0.0,1.0,1.0,0.0,1.0,0.0,0.0,0,6,6,12
POLICY_VALIDATION,HIGH_PRECISION,TOP_K,0.035,18,0.2,40,3,0.0,0.0,0.0,1.0,1.0,0.0,0.95,0.0,0.0,0,40,40,80
POLICY_VALIDATION,HIGH_PRECISION,TOP_K,0.035,18,0.6,1,3,0.0,0.0,0.0,1.0,1.0,0.0,1.0,0.0,0.0,0,1,0,1
POLICY_VALIDATION,HIGH_PRECISION,TOP_K,0.035,18,0.6,12,1,0.0,0.0,0.0,1.0,1.0,0.0,1.0,0.0,0.0,0,12,12,24
POLICY_VALIDATION,HIGH_PRECISION,TOP_K,0.035,18,0.6,12,3,0.0,0.0,0.0,1.0,1.0,0.0,0.9166666666666666,0.0,0.0,0,6,6,12
POLICY_VALIDATION,HIGH_PRECISION,TOP_K,0.035,18,0.6,40,5,0.0,0.0,0.0,1.0,1.0,0.0,0.9916666666666667,0.0,0.0,0,60,60,120
POLICY_VALIDATION,HIGH_PRECISION,TOP_K,0.035,54,0.2,1,5,0.0,0.0,0.0,1.0,1.0,0.0,1.0,0.0,0.0,0,1,0,1
POLICY_VALIDATION,HIGH_PRECISION,TOP_K,0.035,54,0.2,12,1,0.0,0.0,0.0,1.0,1.0,0.0,0.9166666666666666,0.0,0.0,0,6,6,12
POLICY_VALIDATION,HIGH_PRECISION,TOP_K,0.035,54,0.2,12,3,0.0,0.0,0.05555555555555555,0.9722222222222222,0.9444444444444444,0.051146516645707546,0.9444444444444444,1.0,0.05555555555555555,1,18,18,36
POLICY_VALIDATION,HIGH_PRECISION,TOP_K,0.035,54,0.2,40,1,0.0,0.0,0.0,1.0,1.0,0.0,1.0,0.0,0.0,0,20,20,40
POLICY_VALIDATION,HIGH_PRECISION,TOP_K,0.035,54,0.2,40,5,0.0,0.0,0.0,1.0,1.0,0.0,0.975,0.0,0.0,0,20,20,40
POLICY_VALIDATION,HIGH_PRECISION,TOP_K,0.035,54,0.6,1,1,0.0,0.0,0.0,1.0,1.0,0.0,1.0,0.0,0.0,0,3,0,3
POLICY_VALIDATION,HIGH_PRECISION,TOP_K,0.035,54,0.6,12,1,0.0,0.0,0.0,1.0,1.0,0.0,1.0,0.0,0.0,0,6,6,12
POLICY_VALIDATION,HIGH_PRECISION,TOP_K,0.035,54,0.6,40,3,0.0,0.0,0.0,1.0,1.0,0.0,0.625,0.0,0.0,0,20,20,40
POLICY_VALIDATION,HIGH_PRECISION,TOP_K,0.035,54,0.6,40,5,0.0,0.0,0.0,1.0,1.0,0.0,0.95,0.0,0.0,0,40,40,80
POLICY_VALIDATION,HIGH_PRECISION,TOP_K,0.035,144,0.2,1,1,0.0,0.0,0.0,1.0,1.0,0.0,1.0,0.0,0.0,0,1,0,1
POLICY_VALIDATION,HIGH_PRECISION,TOP_K,0.035,144,0.2,1,3,0.0,0.0,0.0,1.0,1.0,0.0,0.0,0.0,0.0,0,1,0,1
POLICY_VALIDATION,HIGH_PRECISION,TOP_K,0.035,144,0.2,12,1,0.0,0.0,0.0,1.0,1.0,0.0,0.9583333333333334,0.0,0.0,0,12,12,24
POLICY_VALIDATION,HIGH_PRECISION,TOP_K,0.035,144,0.2,40,5,0.0,0.0,0.3333333333333333,0.8333333333333334,0.6666666666666667,0.004097192577653503,0.95,1.0,0.3333333333333333,20,60,60,120
POLICY_VALIDATION,HIGH_PRECISION,TOP_K,0.035,144,0.6,1,1,0.0,0.0,0.0,1.0,1.0,0.0,1.0,0.0,0.0,0,1,0,1
POLICY_VALIDATION,HIGH_PRECISION,TOP_K,0.035,144,0.6,1,5,0.0,0.0,0.0,1.0,1.0,0.0,1.0,0.0,0.0,0,1,0,1
POLICY_VALIDATION,HIGH_PRECISION,TOP_K,0.035,144,0.6,12,3,0.0,0.0,0.3333333333333333,0.8333333333333334,0.6666666666666667,0.024422942656660673,1.0,1.0,0.3333333333333333,4,12,12,24
POLICY_VALIDATION,HIGH_PRECISION,TOP_K,0.035,144,0.6,40,1,0.0,0.0,0.0,1.0,1.0,0.0,0.975,0.0,0.0,0,20,20,40
POLICY_VALIDATION,HIGH_PRECISION,TOP_K,0.035,144,0.6,40,3,0.0,0.0,1.0,0.5,0.0,0.0025265000406398475,0.975,1.0,1.0,20,20,20,40
POLICY_VALIDATION,HIGH_PRECISION,TOP_K,0.075,18,0.2,1,1,0.0,0.0,0.0,1.0,1.0,0.0,1.0,0.0,0.0,0,3,0,3
POLICY_VALIDATION,HIGH_PRECISION,TOP_K,0.075,18,0.2,12,5,0.0,0.0,0.0,1.0,1.0,0.0,0.9166666666666666,0.0,0.0,0,6,6,12
POLICY_VALIDATION,HIGH_PRECISION,TOP_K,0.075,18,0.2,40,3,0.0,0.0,0.0,1.0,1.0,0.0,0.925,0.0,0.0,0,40,40,80
POLICY_VALIDATION,HIGH_PRECISION,TOP_K,0.075,18,0.9,1,3,0.0,0.0,0.0,1.0,1.0,0.0,1.0,0.0,0.0,0,1,0,1
POLICY_VALIDATION,HIGH_PRECISION,TOP_K,0.075,18,0.9,1,5,0.0,0.0,0.0,1.0,1.0,0.0,1.0,0.0,0.0,0,1,0,1
POLICY_VALIDATION,HIGH_PRECISION,TOP_K,0.075,18,0.9,12,1,0.0,0.0,0.0,1.0,1.0,0.0,1.0,0.0,0.0,0,6,6,12
POLICY_VALIDATION,HIGH_PRECISION,TOP_K,0.075,18,0.9,12,3,0.0,0.0,0.0,1.0,1.0,0.0,1.0,0.0,0.0,0,12,12,24
POLICY_VALIDATION,HIGH_PRECISION,TOP_K,0.075,18,0.9,40,5,0.0,0.0,0.0,1.0,1.0,0.0,0.8375,0.0,0.0,0,40,40,80
POLICY_VALIDATION,HIGH_PRECISION,TOP_K,0.075,54,0.2,1,5,0.0,0.0,0.5,0.5,0.5,0.015815173395931803,1.0,1.0,0.5,1,2,0,2
POLICY_VALIDATION,HIGH_PRECISION,TOP_K,0.075,54,0.2,12,3,0.0,0.0,0.125,0.9375,0.875,0.010430359268475894,0.8958333333333334,1.0,0.125,3,24,24,48
POLICY_VALIDATION,HIGH_PRECISION,TOP_K,0.075,54,0.2,40,1,0.0,0.0,0.0,1.0,1.0,0.0,0.875,0.0,0.0,0,20,20,40
POLICY_VALIDATION,HIGH_PRECISION,TOP_K,0.075,54,0.9,1,1,0.0,0.0,0.0,1.0,1.0,0.0,1.0,0.0,0.0,0,2,0,2
POLICY_VALIDATION,HIGH_PRECISION,TOP_K,0.075,54,0.9,1,3,0.0,0.0,1.0,0.0,0.0,0.022098590748925104,1.0,1.0,1.0,1,1,0,1
POLICY_VALIDATION,HIGH_PRECISION,TOP_K,0.075,54,0.9,12,1,0.0,0.0,0.0,1.0,1.0,0.0,1.0,0.0,0.0,0,6,6,12
POLICY_VALIDATION,HIGH_PRECISION,TOP_K,0.075,54,0.9,40,3,0.0,0.0,0.0,1.0,1.0,0.0,1.0,0.0,0.0,0,20,20,40
POLICY_VALIDATION,HIGH_PRECISION,TOP_K,0.075,54,0.9,40,5,0.0,0.0,0.0,1.0,1.0,0.0,1.0,0.0,0.0,0,40,40,80
POLICY_VALIDATION,HIGH_PRECISION,TOP_K,0.075,144,0.2,1,3,0.0,0.0,0.0,1.0,1.0,0.0,1.0,0.0,0.0,0,2,0,2
POLICY_VALIDATION,HIGH_PRECISION,TOP_K,0.075,144,0.2,12,1,0.0,0.0,0.5,0.75,0.5,0.0045545358615642585,0.9583333333333334,1.0,0.5,6,12,12,24
POLICY_VALIDATION,HIGH_PRECISION,TOP_K,0.075,144,0.2,40,5,0.0,0.0,0.0,1.0,1.0,0.0,0.975,0.0,0.0,0,60,60,120
POLICY_VALIDATION,HIGH_PRECISION,TOP_K,0.075,144,0.9,1,1,0.0,0.0,0.0,1.0,1.0,0.0,1.0,0.0,0.0,0,2,0,2
POLICY_VALIDATION,HIGH_PRECISION,TOP_K,0.075,144,0.9,1,5,0.0,0.0,0.0,1.0,1.0,0.0,1.0,0.0,0.0,0,1,0,1
POLICY_VALIDATION,HIGH_PRECISION,TOP_K,0.075,144,0.9,12,3,0.0,0.0,0.08333333333333333,0.9583333333333334,0.9166666666666666,0.015552707121375652,0.875,1.0,0.08333333333333333,1,12,12,24
POLICY_VALIDATION,HIGH_PRECISION,TOP_K,0.075,144,0.9,40,3,0.0,0.0,1.0,0.5,0.0,0.0013334601825753585,1.0,1.0,1.0,20,20,20,40
POLICY_VALIDATION,HIGH_PRECISION,TRANSPORT,0.0,18,0.6,1,3,0.0,0.0,0.0,1.0,1.0,0.0,0.0,0.0,0.0,0,0,1,1
POLICY_VALIDATION,HIGH_PRECISION,TRANSPORT,0.0,18,0.6,12,1,0.0,0.0,0.0,1.0,1.0,0.0,1.0,0.0,0.0,0,0,24,24
POLICY_VALIDATION,HIGH_PRECISION,TRANSPORT,0.0,18,0.6,12,3,0.0,0.0,0.0,1.0,1.0,0.0,1.0,0.0,0.0,0,0,12,12
POLICY_VALIDATION,HIGH_PRECISION,TRANSPORT,0.0,18,0.6,40,5,0.0,0.0,0.0,1.0,1.0,0.0,0.7833333333333333,0.0,0.0,0,0,120,120
POLICY_VALIDATION,HIGH_PRECISION,TRANSPORT,0.0,18,0.9,1,1,0.0,0.0,0.0,1.0,1.0,0.0,1.0,0.0,0.0,0,0,3,3
POLICY_VALIDATION,HIGH_PRECISION,TRANSPORT,0.0,18,0.9,12,3,0.0,0.0,0.0,1.0,1.0,0.0,1.0,0.0,0.0,0,0,24,24
POLICY_VALIDATION,HIGH_PRECISION,TRANSPORT,0.0,18,0.9,40,3,0.0,0.0,0.0,1.0,1.0,0.0,0.65,0.0,0.0,0,0,40,40
POLICY_VALIDATION,HIGH_PRECISION,TRANSPORT,0.0,54,0.6,1,1,0.0,0.0,0.0,1.0,1.0,0.0,1.0,0.0,0.0,0,0,3,3
POLICY_VALIDATION,HIGH_PRECISION,TRANSPORT,0.0,54,0.6,12,1,0.0,0.0,0.0,1.0,1.0,0.0,1.0,0.0,0.0,0,0,12,12
POLICY_VALIDATION,HIGH_PRECISION,TRANSPORT,0.0,54,0.6,12,5,0.0,0.0,0.0,1.0,1.0,0.0,1.0,0.0,0.0,0,0,12,12
POLICY_VALIDATION,HIGH_PRECISION,TRANSPORT,0.0,54,0.6,40,3,0.0,0.0,0.0,1.0,1.0,0.0,1.0,0.0,0.0,0,0,80,80
POLICY_VALIDATION,HIGH_PRECISION,TRANSPORT,0.0,54,0.9,1,5,0.0,0.0,0.0,1.0,1.0,0.0,1.0,0.0,0.0,0,0,1,1
POLICY_VALIDATION,HIGH_PRECISION,TRANSPORT,0.0,54,0.9,12,1,0.0,0.0,0.0,1.0,1.0,0.0,1.0,0.0,0.0,0,0,12,12
POLICY_VALIDATION,HIGH_PRECISION,TRANSPORT,0.0,54,0.9,12,3,0.0,0.0,0.0,1.0,1.0,0.0,0.9444444444444444,0.0,0.0,0,0,36,36
POLICY_VALIDATION,HIGH_PRECISION,TRANSPORT,0.0,54,0.9,40,1,0.0,0.0,0.0,1.0,1.0,0.0,1.0,0.0,0.0,0,0,40,40
POLICY_VALIDATION,HIGH_PRECISION,TRANSPORT,0.0,54,0.9,40,5,0.0,0.0,0.0,1.0,1.0,0.0,1.0,0.0,0.0,0,0,40,40
POLICY_VALIDATION,HIGH_PRECISION,TRANSPORT,0.0,144,0.6,1,1,0.0,0.0,0.0,1.0,1.0,0.0,1.0,0.0,0.0,0,0,1,1
POLICY_VALIDATION,HIGH_PRECISION,TRANSPORT,0.0,144,0.6,1,5,0.0,0.0,0.0,1.0,1.0,0.0,1.0,0.0,0.0,0,0,1,1
POLICY_VALIDATION,HIGH_PRECISION,TRANSPORT,0.0,144,0.6,12,3,0.0,0.0,0.0,1.0,1.0,0.0,0.9444444444444444,0.0,0.0,0,0,36,36
POLICY_VALIDATION,HIGH_PRECISION,TRANSPORT,0.0,144,0.6,40,1,0.0,0.0,0.0,1.0,1.0,0.0,0.95,0.0,0.0,0,0,40,40
POLICY_VALIDATION,HIGH_PRECISION,TRANSPORT,0.0,144,0.9,1,1,0.0,0.0,0.0,1.0,1.0,0.0,1.0,0.0,0.0,0,0,1,1
POLICY_VALIDATION,HIGH_PRECISION,TRANSPORT,0.0,144,0.9,1,3,0.0,0.0,0.0,1.0,1.0,0.0,1.0,0.0,0.0,0,0,1,1
POLICY_VALIDATION,HIGH_PRECISION,TRANSPORT,0.0,144,0.9,12,1,0.0,0.0,0.0,1.0,1.0,0.0,0.7083333333333334,0.0,0.0,0,0,24,24
POLICY_VALIDATION,HIGH_PRECISION,TRANSPORT,0.0,144,0.9,40,3,0.0,0.0,0.0,1.0,1.0,0.0,1.0,0.0,0.0,0,0,40,40
POLICY_VALIDATION,HIGH_PRECISION,TRANSPORT,0.0,144,0.9,40,5,0.0,0.0,0.0,1.0,1.0,0.0,0.975,0.0,0.0,0,0,80,80
POLICY_VALIDATION,HIGH_PRECISION,TRANSPORT,0.035,18,0.2,1,1,0.0,0.0,0.0,1.0,1.0,0.0,1.0,0.0,0.0,0,2,1,3
POLICY_VALIDATION,HIGH_PRECISION,TRANSPORT,0.035,18,0.2,12,5,0.0,0.0,0.0,1.0,1.0,0.0,0.8333333333333334,0.0,0.0,0,6,6,12
POLICY_VALIDATION,HIGH_PRECISION,TRANSPORT,0.035,18,0.2,40,3,0.0,0.0,0.0,1.0,1.0,0.0,0.95,0.0,0.0,0,40,40,80
POLICY_VALIDATION,HIGH_PRECISION,TRANSPORT,0.035,18,0.6,1,3,0.0,0.0,0.0,1.0,1.0,0.0,1.0,0.0,0.0,0,1,0,1
POLICY_VALIDATION,HIGH_PRECISION,TRANSPORT,0.035,18,0.6,12,1,0.0,0.0,0.0,1.0,1.0,0.0,1.0,0.0,0.0,0,12,12,24
POLICY_VALIDATION,HIGH_PRECISION,TRANSPORT,0.035,18,0.6,12,3,0.0,0.0,0.0,1.0,1.0,0.0,0.8333333333333334,0.0,0.0,0,6,6,12
POLICY_VALIDATION,HIGH_PRECISION,TRANSPORT,0.035,18,0.6,40,5,0.0,0.0,0.0,1.0,1.0,0.0,0.9916666666666667,0.0,0.0,0,60,60,120
POLICY_VALIDATION,HIGH_PRECISION,TRANSPORT,0.035,54,0.2,1,5,0.0,0.0,0.0,1.0,1.0,0.0,1.0,0.0,0.0,0,1,0,1
POLICY_VALIDATION,HIGH_PRECISION,TRANSPORT,0.035,54,0.2,12,1,0.0,0.0,0.0,1.0,1.0,0.0,1.0,0.0,0.0,0,0,12,12
POLICY_VALIDATION,HIGH_PRECISION,TRANSPORT,0.035,54,0.2,12,3,0.0,0.0,0.05555555555555555,0.9722222222222222,0.9444444444444444,0.024849868819147553,1.0,1.0,0.05555555555555555,1,18,18,36
POLICY_VALIDATION,HIGH_PRECISION,TRANSPORT,0.035,54,0.2,40,1,0.0,0.0,0.0,1.0,1.0,0.0,1.0,0.0,0.0,0,0,40,40
POLICY_VALIDATION,HIGH_PRECISION,TRANSPORT,0.035,54,0.2,40,5,0.0,0.0,0.0,1.0,1.0,0.0,0.975,0.0,0.0,0,20,20,40
POLICY_VALIDATION,HIGH_PRECISION,TRANSPORT,0.035,54,0.6,1,1,0.0,0.0,0.0,1.0,1.0,0.0,0.6666666666666666,0.0,0.0,0,3,0,3
POLICY_VALIDATION,HIGH_PRECISION,TRANSPORT,0.035,54,0.6,12,1,0.0,0.0,0.0,1.0,1.0,0.0,0.9166666666666666,0.0,0.0,0,6,6,12
POLICY_VALIDATION,HIGH_PRECISION,TRANSPORT,0.035,54,0.6,40,3,0.0,0.0,0.0,1.0,1.0,0.0,0.925,0.0,0.0,0,20,20,40
POLICY_VALIDATION,HIGH_PRECISION,TRANSPORT,0.035,54,0.6,40,5,0.0,0.0,0.1,0.95,0.9,0.00915063172242677,0.9875,1.0,0.1,4,40,40,80
POLICY_VALIDATION,HIGH_PRECISION,TRANSPORT,0.035,144,0.2,1,1,0.0,0.0,0.0,1.0,1.0,0.0,1.0,0.0,0.0,0,1,0,1
POLICY_VALIDATION,HIGH_PRECISION,TRANSPORT,0.035,144,0.2,1,3,0.0,0.0,1.0,0.0,0.0,0.002112772208987604,1.0,1.0,1.0,1,1,0,1
POLICY_VALIDATION,HIGH_PRECISION,TRANSPORT,0.035,144,0.2,12,1,0.0,0.0,0.0,1.0,1.0,0.0,1.0,0.0,0.0,0,6,18,24
POLICY_VALIDATION,HIGH_PRECISION,TRANSPORT,0.035,144,0.2,40,5,0.0,0.0,0.3333333333333333,0.8333333333333334,0.6666666666666667,0.005429198072180971,0.95,1.0,0.3333333333333333,20,60,60,120
POLICY_VALIDATION,HIGH_PRECISION,TRANSPORT,0.035,144,0.6,1,1,0.0,0.0,0.0,1.0,1.0,0.0,1.0,0.0,0.0,0,1,0,1
POLICY_VALIDATION,HIGH_PRECISION,TRANSPORT,0.035,144,0.6,1,5,0.0,0.0,0.0,1.0,1.0,0.0,1.0,0.0,0.0,0,1,0,1
POLICY_VALIDATION,HIGH_PRECISION,TRANSPORT,0.035,144,0.6,12,3,0.0,0.0,0.0,1.0,1.0,0.0,1.0,0.0,0.0,0,12,12,24
POLICY_VALIDATION,HIGH_PRECISION,TRANSPORT,0.035,144,0.6,40,1,0.0,0.0,0.0,1.0,1.0,0.0,0.975,0.0,0.0,0,20,20,40
POLICY_VALIDATION,HIGH_PRECISION,TRANSPORT,0.035,144,0.6,40,3,0.0,0.0,1.0,0.5,0.0,0.008619924718508492,0.975,1.0,1.0,20,20,20,40
POLICY_VALIDATION,HIGH_PRECISION,TRANSPORT,0.075,18,0.2,1,1,0.0,0.0,0.0,1.0,1.0,0.0,0.6666666666666666,0.0,0.0,0,3,0,3
POLICY_VALIDATION,HIGH_PRECISION,TRANSPORT,0.075,18,0.2,12,5,0.0,0.0,0.0,1.0,1.0,0.0,1.0,0.0,0.0,0,6,6,12
POLICY_VALIDATION,HIGH_PRECISION,TRANSPORT,0.075,18,0.2,40,3,0.0,0.0,0.0,1.0,1.0,0.0,0.95,0.0,0.0,0,40,40,80
POLICY_VALIDATION,HIGH_PRECISION,TRANSPORT,0.075,18,0.9,1,3,0.0,0.0,0.0,1.0,1.0,0.0,1.0,0.0,0.0,0,1,0,1
POLICY_VALIDATION,HIGH_PRECISION,TRANSPORT,0.075,18,0.9,1,5,0.0,0.0,0.0,1.0,1.0,0.0,1.0,0.0,0.0,0,1,0,1
POLICY_VALIDATION,HIGH_PRECISION,TRANSPORT,0.075,18,0.9,12,1,0.0,0.0,0.0,1.0,1.0,0.0,1.0,0.0,0.0,0,6,6,12
POLICY_VALIDATION,HIGH_PRECISION,TRANSPORT,0.075,18,0.9,12,3,0.0,0.0,0.0,1.0,1.0,0.0,1.0,0.0,0.0,0,6,18,24
POLICY_VALIDATION,HIGH_PRECISION,TRANSPORT,0.075,18,0.9,40,5,0.0,0.0,0.0,1.0,1.0,0.0,1.0,0.0,0.0,0,40,40,80
POLICY_VALIDATION,HIGH_PRECISION,TRANSPORT,0.075,54,0.2,1,5,0.0,0.0,0.5,0.5,0.5,0.03279289919559912,1.0,1.0,0.5,1,2,0,2
POLICY_VALIDATION,HIGH_PRECISION,TRANSPORT,0.075,54,0.2,12,3,0.0,0.0,0.5,0.75,0.5,0.010512006970697756,0.9166666666666666,1.0,0.5,12,24,24,48
POLICY_VALIDATION,HIGH_PRECISION,TRANSPORT,0.075,54,0.2,40,1,0.0,0.0,0.0,1.0,1.0,0.0,0.95,0.0,0.0,0,20,20,40
POLICY_VALIDATION,HIGH_PRECISION,TRANSPORT,0.075,54,0.9,1,1,0.0,0.0,0.0,1.0,1.0,0.0,1.0,0.0,0.0,0,2,0,2
POLICY_VALIDATION,HIGH_PRECISION,TRANSPORT,0.075,54,0.9,1,3,0.0,0.0,0.0,1.0,1.0,0.0,1.0,0.0,0.0,0,0,1,1
POLICY_VALIDATION,HIGH_PRECISION,TRANSPORT,0.075,54,0.9,12,1,0.0,0.0,0.0,1.0,1.0,0.0,1.0,0.0,0.0,0,6,6,12
POLICY_VALIDATION,HIGH_PRECISION,TRANSPORT,0.075,54,0.9,40,3,0.0,0.0,0.0,1.0,1.0,0.0,1.0,0.0,0.0,0,0,40,40
POLICY_VALIDATION,HIGH_PRECISION,TRANSPORT,0.075,54,0.9,40,5,0.0,0.0,0.5,0.75,0.5,0.02406713384428382,0.7875,1.0,0.5,20,40,40,80
POLICY_VALIDATION,HIGH_PRECISION,TRANSPORT,0.075,144,0.2,1,3,0.0,0.0,0.5,0.5,0.5,0.006565262051700493,1.0,1.0,0.5,1,2,0,2
POLICY_VALIDATION,HIGH_PRECISION,TRANSPORT,0.075,144,0.2,12,1,0.0,0.0,0.0,1.0,1.0,0.0,0.9583333333333334,0.0,0.0,0,12,12,24
POLICY_VALIDATION,HIGH_PRECISION,TRANSPORT,0.075,144,0.2,40,5,0.0,0.0,0.0,1.0,1.0,0.0,0.975,0.0,0.0,0,60,60,120
POLICY_VALIDATION,HIGH_PRECISION,TRANSPORT,0.075,144,0.9,1,1,0.0,0.0,0.0,1.0,1.0,0.0,1.0,0.0,0.0,0,2,0,2
POLICY_VALIDATION,HIGH_PRECISION,TRANSPORT,0.075,144,0.9,1,5,0.0,0.0,1.0,0.0,0.0,0.009481792086028368,1.0,1.0,1.0,1,1,0,1
POLICY_VALIDATION,HIGH_PRECISION,TRANSPORT,0.075,144,0.9,12,3,0.0,0.0,0.5,0.875,0.5,0.01436499340027536,1.0,1.0,0.5,3,6,18,24
POLICY_VALIDATION,HIGH_PRECISION,TRANSPORT,0.075,144,0.9,40,3,0.0,0.0,1.0,0.5,0.0,0.002190034870334392,1.0,1.0,1.0,20,20,20,40
