scenario_id,claim_family,truth_state,effect_size,raw_n,effective_n,cluster_count,family_count,models_per_family,family_correlation,family_imbalance,ability_spread,benchmark_count,measurement_noise,multiplicity,materiality,split,seed,generator_version,bootstrap_stability,external_validated,held_out,direction_consistent,transport_reversal,adversarial_case
POLICY_DEVELOPMENT-PRIMARY_PAIRWISE-820000,PRIMARY_PAIRWISE,NULL,0.0,500,12,2,2,1,0.05,0.0,0.03,1,0.08,1,0.01,POLICY_DEVELOPMENT,820000,gaussian_mixture_v1.1,0.6,False,False,False,False,HIGH_RAW_LOW_EFFECTIVE_N
POLICY_DEVELOPMENT-PRIMARY_PAIRWISE-820001,PRIMARY_PAIRWISE,SUPPORTED,0.025,10000,12,2,2,1,0.05,0.0,0.03,1,0.08,1,0.01,POLICY_DEVELOPMENT,820001,gaussian_mixture_v1.2,0.65,True,True,True,False,SMALL_EFFECT_HUGE_RAW_N
POLICY_DEVELOPMENT-PRIMARY_PAIRWISE-820002,PRIMARY_PAIRWISE,SUPPORTED,0.06,1000000,12,2,2,1,0.45,0.0,0.03,1,0.08,1,0.01,POLICY_DEVELOPMENT,820002,gaussian_mixture_v1.3,0.7,True,True,True,False,LARGE_EFFECT_SMALL_PANEL
POLICY_DEVELOPMENT-PRIMARY_PAIRWISE-820003,PRIMARY_PAIRWISE,NULL,0.0,500,36,2,2,1,0.45,0.0,0.03,1,0.08,1,0.01,POLICY_DEVELOPMENT,820003,gaussian_mixture_v1.1,0.75,True,True,True,False,EXTREME_FAMILY_IMBALANCE
POLICY_DEVELOPMENT-PRIMARY_PAIRWISE-820004,PRIMARY_PAIRWISE,SUPPORTED,0.025,10000,36,2,2,1,0.85,0.0,0.03,1,0.08,1,0.01,POLICY_DEVELOPMENT,820004,gaussian_mixture_v1.2,0.8,False,True,True,False,ONE_DOMINANT_FAMILY
POLICY_DEVELOPMENT-PRIMARY_PAIRWISE-820005,PRIMARY_PAIRWISE,SUPPORTED,0.06,1000000,36,2,4,1,0.85,0.0,0.03,1,0.08,1,0.01,POLICY_DEVELOPMENT,820005,gaussian_mixture_v1.3,0.85,True,False,True,False,TRANSPORT_REVERSAL
POLICY_DEVELOPMENT-PRIMARY_PAIRWISE-820006,PRIMARY_PAIRWISE,NULL,0.0,500,96,2,4,1,0.05,0.0,0.03,1,0.08,1,0.01,POLICY_DEVELOPMENT,820006,gaussian_mixture_v1.1,0.9,True,True,False,False,BENCHMARK_SPECIFIC_REVERSAL
POLICY_DEVELOPMENT-PRIMARY_PAIRWISE-820007,PRIMARY_PAIRWISE,SUPPORTED,0.025,10000,96,8,4,1,0.05,0.0,0.03,1,0.08,1,0.01,POLICY_DEVELOPMENT,820007,gaussian_mixture_v1.2,0.95,True,True,True,False,VERY_HIGH_MULTIPLICITY
POLICY_DEVELOPMENT-PRIMARY_PAIRWISE-820008,PRIMARY_PAIRWISE,SUPPORTED,0.06,1000000,96,8,4,1,0.45,0.0,0.03,1,0.08,1,0.01,POLICY_DEVELOPMENT,820008,gaussian_mixture_v1.3,0.6,False,True,True,False,NEARLY_TIED_TOP_K
POLICY_DEVELOPMENT-PRIMARY_PAIRWISE-820009,PRIMARY_PAIRWISE,NULL,0.0,500,12,8,4,1,0.45,0.0,0.03,1,0.08,1,0.01,POLICY_DEVELOPMENT,820009,gaussian_mixture_v1.1,0.65,True,True,True,False,HIGH_RAW_LOW_EFFECTIVE_N
POLICY_DEVELOPMENT-PRIMARY_PAIRWISE-820010,PRIMARY_PAIRWISE,SUPPORTED,0.025,10000,12,8,6,1,0.85,0.0,0.03,1,0.08,1,0.01,POLICY_DEVELOPMENT,820010,gaussian_mixture_v1.2,0.7,True,False,True,False,SMALL_EFFECT_HUGE_RAW_N
POLICY_DEVELOPMENT-PRIMARY_PAIRWISE-820011,PRIMARY_PAIRWISE,SUPPORTED,0.06,1000000,12,8,6,1,0.85,0.0,0.03,3,0.08,1,0.01,POLICY_DEVELOPMENT,820011,gaussian_mixture_v1.3,0.75,True,True,True,False,LARGE_EFFECT_SMALL_PANEL
POLICY_DEVELOPMENT-PRIMARY_PAIRWISE-820012,PRIMARY_PAIRWISE,NULL,0.0,500,36,8,6,1,0.05,0.0,0.03,3,0.08,1,0.01,POLICY_DEVELOPMENT,820012,gaussian_mixture_v1.1,0.8,False,True,False,False,EXTREME_FAMILY_IMBALANCE
POLICY_DEVELOPMENT-PRIMARY_PAIRWISE-820013,PRIMARY_PAIRWISE,SUPPORTED,0.025,10000,36,8,6,1,0.05,0.0,0.03,3,0.08,12,0.01,POLICY_DEVELOPMENT,820013,gaussian_mixture_v1.2,0.85,True,True,True,False,ONE_DOMINANT_FAMILY
POLICY_DEVELOPMENT-PRIMARY_PAIRWISE-820014,PRIMARY_PAIRWISE,SUPPORTED,0.06,1000000,36,24,6,1,0.45,0.0,0.03,3,0.08,12,0.01,POLICY_DEVELOPMENT,820014,gaussian_mixture_v1.3,0.9,True,True,True,False,TRANSPORT_REVERSAL
POLICY_DEVELOPMENT-PRIMARY_PAIRWISE-820015,PRIMARY_PAIRWISE,NULL,0.0,500,96,24,10,1,0.45,0.0,0.03,3,0.08,12,0.01,POLICY_DEVELOPMENT,820015,gaussian_mixture_v1.1,0.95,True,False,True,False,BENCHMARK_SPECIFIC_REVERSAL
POLICY_DEVELOPMENT-PRIMARY_PAIRWISE-820016,PRIMARY_PAIRWISE,SUPPORTED,0.025,10000,96,24,10,1,0.85,0.0,0.03,3,0.08,12,0.01,POLICY_DEVELOPMENT,820016,gaussian_mixture_v1.2,0.6,False,True,True,False,VERY_HIGH_MULTIPLICITY
POLICY_DEVELOPMENT-PRIMARY_PAIRWISE-820017,PRIMARY_PAIRWISE,SUPPORTED,0.06,1000000,96,24,10,3,0.85,0.0,0.03,3,0.08,12,0.01,POLICY_DEVELOPMENT,820017,gaussian_mixture_v1.3,0.65,True,True,True,False,NEARLY_TIED_TOP_K
POLICY_DEVELOPMENT-PRIMARY_PAIRWISE-820018,PRIMARY_PAIRWISE,NULL,0.0,500,12,24,10,3,0.05,0.0,0.03,3,0.08,12,0.01,POLICY_DEVELOPMENT,820018,gaussian_mixture_v1.1,0.7,True,True,False,False,HIGH_RAW_LOW_EFFECTIVE_N
POLICY_DEVELOPMENT-PRIMARY_PAIRWISE-820019,PRIMARY_PAIRWISE,SUPPORTED,0.025,10000,12,24,10,3,0.05,0.5,0.03,3,0.08,12,0.01,POLICY_DEVELOPMENT,820019,gaussian_mixture_v1.2,0.75,True,True,True,False,SMALL_EFFECT_HUGE_RAW_N
POLICY_DEVELOPMENT-PRIMARY_PAIRWISE-820020,PRIMARY_PAIRWISE,SUPPORTED,0.06,1000000,12,24,2,3,0.45,0.5,0.03,3,0.08,12,0.01,POLICY_DEVELOPMENT,820020,gaussian_mixture_v1.3,0.8,False,False,True,False,LARGE_EFFECT_SMALL_PANEL
POLICY_DEVELOPMENT-PRIMARY_PAIRWISE-820021,PRIMARY_PAIRWISE,NULL,0.0,500,36,60,2,3,0.45,0.5,0.03,3,0.08,12,0.01,POLICY_DEVELOPMENT,820021,gaussian_mixture_v1.1,0.85,True,True,True,False,EXTREME_FAMILY_IMBALANCE
POLICY_DEVELOPMENT-PRIMARY_PAIRWISE-820022,PRIMARY_PAIRWISE,SUPPORTED,0.025,10000,36,60,2,3,0.85,0.5,0.03,5,0.08,12,0.01,POLICY_DEVELOPMENT,820022,gaussian_mixture_v1.2,0.9,True,True,True,False,ONE_DOMINANT_FAMILY
POLICY_DEVELOPMENT-PRIMARY_PAIRWISE-820023,PRIMARY_PAIRWISE,SUPPORTED,0.06,1000000,36,60,2,3,0.85,0.5,0.1,5,0.08,12,0.01,POLICY_DEVELOPMENT,820023,gaussian_mixture_v1.3,0.95,True,True,True,False,TRANSPORT_REVERSAL
POLICY_DEVELOPMENT-PRIMARY_PAIRWISE-820024,PRIMARY_PAIRWISE,NULL,0.0,500,96,60,2,3,0.05,0.5,0.1,5,0.08,12,0.01,POLICY_DEVELOPMENT,820024,gaussian_mixture_v1.1,0.6,False,True,False,False,BENCHMARK_SPECIFIC_REVERSAL
POLICY_DEVELOPMENT-PRIMARY_PAIRWISE-820025,PRIMARY_PAIRWISE,SUPPORTED,0.025,10000,96,60,4,3,0.05,0.5,0.1,5,0.08,12,0.01,POLICY_DEVELOPMENT,820025,gaussian_mixture_v1.2,0.65,True,False,True,False,VERY_HIGH_MULTIPLICITY
POLICY_DEVELOPMENT-PRIMARY_PAIRWISE-820026,PRIMARY_PAIRWISE,SUPPORTED,0.06,1000000,96,60,4,3,0.45,0.5,0.1,5,0.08,40,0.01,POLICY_DEVELOPMENT,820026,gaussian_mixture_v1.3,0.7,True,True,True,False,NEARLY_TIED_TOP_K
POLICY_DEVELOPMENT-PRIMARY_PAIRWISE-820027,PRIMARY_PAIRWISE,NULL,0.0,500,12,60,4,3,0.45,0.5,0.1,5,0.08,40,0.01,POLICY_DEVELOPMENT,820027,gaussian_mixture_v1.1,0.75,True,True,True,False,HIGH_RAW_LOW_EFFECTIVE_N
POLICY_DEVELOPMENT-PRIMARY_PAIRWISE-820028,PRIMARY_PAIRWISE,SUPPORTED,0.025,10000,12,2,4,3,0.85,0.5,0.1,5,0.08,40,0.01,POLICY_DEVELOPMENT,820028,gaussian_mixture_v1.2,0.8,False,True,True,False,SMALL_EFFECT_HUGE_RAW_N
POLICY_DEVELOPMENT-PRIMARY_PAIRWISE-820029,PRIMARY_PAIRWISE,SUPPORTED,0.06,1000000,12,2,4,3,0.85,0.5,0.1,5,0.12,40,0.01,POLICY_DEVELOPMENT,820029,gaussian_mixture_v1.3,0.85,True,True,True,False,LARGE_EFFECT_SMALL_PANEL
POLICY_DEVELOPMENT-PRIMARY_PAIRWISE-820030,PRIMARY_PAIRWISE,NULL,0.0,500,36,2,6,3,0.05,0.5,0.1,5,0.12,40,0.01,POLICY_DEVELOPMENT,820030,gaussian_mixture_v1.1,0.9,True,False,False,False,EXTREME_FAMILY_IMBALANCE
POLICY_DEVELOPMENT-PRIMARY_PAIRWISE-820031,PRIMARY_PAIRWISE,SUPPORTED,0.025,10000,36,2,6,3,0.05,0.5,0.1,5,0.12,40,0.01,POLICY_DEVELOPMENT,820031,gaussian_mixture_v1.2,0.95,True,True,True,False,ONE_DOMINANT_FAMILY
POLICY_DEVELOPMENT-PRIMARY_PAIRWISE-820032,PRIMARY_PAIRWISE,SUPPORTED,0.06,1000000,36,2,6,3,0.45,0.5,0.1,5,0.12,40,0.01,POLICY_DEVELOPMENT,820032,gaussian_mixture_v1.3,0.6,False,True,True,False,TRANSPORT_REVERSAL
POLICY_DEVELOPMENT-PRIMARY_PAIRWISE-820033,PRIMARY_PAIRWISE,NULL,0.0,500,96,2,6,3,0.45,0.5,0.1,1,0.12,40,0.01,POLICY_DEVELOPMENT,820033,gaussian_mixture_v1.1,0.65,True,True,True,False,BENCHMARK_SPECIFIC_REVERSAL
POLICY_DEVELOPMENT-PRIMARY_PAIRWISE-820034,PRIMARY_PAIRWISE,SUPPORTED,0.025,10000,96,2,6,8,0.85,0.5,0.1,1,0.12,40,0.01,POLICY_DEVELOPMENT,820034,gaussian_mixture_v1.2,0.7,True,True,True,False,VERY_HIGH_MULTIPLICITY
POLICY_DEVELOPMENT-PRIMARY_PAIRWISE-820035,PRIMARY_PAIRWISE,SUPPORTED,0.06,1000000,96,8,10,8,0.85,0.5,0.1,1,0.12,40,0.01,POLICY_DEVELOPMENT,820035,gaussian_mixture_v1.3,0.75,True,False,True,False,NEARLY_TIED_TOP_K
POLICY_DEVELOPMENT-PRIMARY_PAIRWISE-820036,PRIMARY_PAIRWISE,NULL,0.0,500,12,8,10,8,0.05,0.5,0.1,1,0.12,40,0.01,POLICY_DEVELOPMENT,820036,gaussian_mixture_v1.1,0.8,False,True,False,False,HIGH_RAW_LOW_EFFECTIVE_N
POLICY_DEVELOPMENT-PRIMARY_PAIRWISE-820037,PRIMARY_PAIRWISE,SUPPORTED,0.025,10000,12,8,10,8,0.05,0.5,0.1,1,0.12,40,0.01,POLICY_DEVELOPMENT,820037,gaussian_mixture_v1.2,0.85,True,True,True,False,SMALL_EFFECT_HUGE_RAW_N
POLICY_DEVELOPMENT-PRIMARY_PAIRWISE-820038,PRIMARY_PAIRWISE,SUPPORTED,0.06,1000000,12,8,10,8,0.45,0.9,0.1,1,0.12,40,0.01,POLICY_DEVELOPMENT,820038,gaussian_mixture_v1.3,0.9,True,True,True,False,LARGE_EFFECT_SMALL_PANEL
POLICY_DEVELOPMENT-PRIMARY_PAIRWISE-820039,PRIMARY_PAIRWISE,NULL,0.0,500,36,8,10,8,0.45,0.9,0.1,1,0.12,1,0.01,POLICY_DEVELOPMENT,820039,gaussian_mixture_v1.1,0.95,True,True,True,False,EXTREME_FAMILY_IMBALANCE
POLICY_DEVELOPMENT-PRIMARY_PAIRWISE-820040,PRIMARY_PAIRWISE,SUPPORTED,0.025,10000,36,8,2,8,0.85,0.9,0.1,1,0.12,1,0.01,POLICY_DEVELOPMENT,820040,gaussian_mixture_v1.2,0.6,False,False,True,False,ONE_DOMINANT_FAMILY
POLICY_DEVELOPMENT-PRIMARY_PAIRWISE-820041,PRIMARY_PAIRWISE,SUPPORTED,0.06,1000000,36,8,2,8,0.85,0.9,0.1,1,0.12,1,0.01,POLICY_DEVELOPMENT,820041,gaussian_mixture_v1.3,0.65,True,True,True,False,TRANSPORT_REVERSAL
POLICY_DEVELOPMENT-PRIMARY_PAIRWISE-820042,PRIMARY_PAIRWISE,NULL,0.0,500,96,24,2,8,0.05,0.9,0.1,1,0.12,1,0.01,POLICY_DEVELOPMENT,820042,gaussian_mixture_v1.1,0.7,True,True,False,False,BENCHMARK_SPECIFIC_REVERSAL
POLICY_DEVELOPMENT-PRIMARY_PAIRWISE-820043,PRIMARY_PAIRWISE,SUPPORTED,0.025,10000,96,24,2,8,0.05,0.9,0.1,1,0.12,1,0.01,POLICY_DEVELOPMENT,820043,gaussian_mixture_v1.2,0.75,True,True,True,False,VERY_HIGH_MULTIPLICITY
POLICY_DEVELOPMENT-PRIMARY_PAIRWISE-820044,PRIMARY_PAIRWISE,SUPPORTED,0.06,1000000,96,24,2,8,0.45,0.9,0.1,3,0.12,1,0.01,POLICY_DEVELOPMENT,820044,gaussian_mixture_v1.3,0.8,False,True,True,False,NEARLY_TIED_TOP_K
POLICY_DEVELOPMENT-PRIMARY_PAIRWISE-820045,PRIMARY_PAIRWISE,NULL,0.0,500,12,24,4,8,0.45,0.9,0.1,3,0.12,1,0.01,POLICY_DEVELOPMENT,820045,gaussian_mixture_v1.1,0.85,True,False,True,False,HIGH_RAW_LOW_EFFECTIVE_N
POLICY_DEVELOPMENT-PRIMARY_PAIRWISE-820046,PRIMARY_PAIRWISE,SUPPORTED,0.025,10000,12,24,4,8,0.85,0.9,0.25,3,0.12,1,0.01,POLICY_DEVELOPMENT,820046,gaussian_mixture_v1.2,0.9,True,True,True,False,SMALL_EFFECT_HUGE_RAW_N
POLICY_DEVELOPMENT-PRIMARY_PAIRWISE-820047,PRIMARY_PAIRWISE,SUPPORTED,0.06,1000000,12,24,4,8,0.85,0.9,0.25,3,0.12,1,0.01,POLICY_DEVELOPMENT,820047,gaussian_mixture_v1.3,0.95,True,True,True,False,LARGE_EFFECT_SMALL_PANEL
POLICY_DEVELOPMENT-PRIMARY_PAIRWISE-820048,PRIMARY_PAIRWISE,NULL,0.0,500,36,24,4,8,0.05,0.9,0.25,3,0.12,1,0.01,POLICY_DEVELOPMENT,820048,gaussian_mixture_v1.1,0.6,False,True,False,False,EXTREME_FAMILY_IMBALANCE
POLICY_DEVELOPMENT-PRIMARY_PAIRWISE-820049,PRIMARY_PAIRWISE,SUPPORTED,0.025,10000,36,60,4,8,0.05,0.9,0.25,3,0.12,1,0.01,POLICY_DEVELOPMENT,820049,gaussian_mixture_v1.2,0.65,True,True,True,False,ONE_DOMINANT_FAMILY
POLICY_DEVELOPMENT-PRIMARY_PAIRWISE-820050,PRIMARY_PAIRWISE,SUPPORTED,0.06,1000000,36,60,6,8,0.45,0.9,0.25,3,0.12,1,0.01,POLICY_DEVELOPMENT,820050,gaussian_mixture_v1.3,0.7,True,False,True,False,TRANSPORT_REVERSAL
POLICY_DEVELOPMENT-PRIMARY_PAIRWISE-820051,PRIMARY_PAIRWISE,NULL,0.0,500,96,60,6,1,0.45,0.9,0.25,3,0.12,1,0.01,POLICY_DEVELOPMENT,820051,gaussian_mixture_v1.1,0.75,True,True,True,False,BENCHMARK_SPECIFIC_REVERSAL
POLICY_DEVELOPMENT-PRIMARY_PAIRWISE-820052,PRIMARY_PAIRWISE,SUPPORTED,0.025,10000,96,60,6,1,0.85,0.9,0.25,3,0.12,12,0.01,POLICY_DEVELOPMENT,820052,gaussian_mixture_v1.2,0.8,False,True,True,False,VERY_HIGH_MULTIPLICITY
POLICY_DEVELOPMENT-PRIMARY_PAIRWISE-820053,PRIMARY_PAIRWISE,SUPPORTED,0.06,1000000,96,60,6,1,0.85,0.9,0.25,3,0.12,12,0.01,POLICY_DEVELOPMENT,820053,gaussian_mixture_v1.3,0.85,True,True,True,False,NEARLY_TIED_TOP_K
POLICY_DEVELOPMENT-PRIMARY_PAIRWISE-820054,PRIMARY_PAIRWISE,NULL,0.0,500,12,60,6,1,0.05,0.9,0.25,3,0.12,12,0.01,POLICY_DEVELOPMENT,820054,gaussian_mixture_v1.1,0.9,True,True,False,False,HIGH_RAW_LOW_EFFECTIVE_N
POLICY_DEVELOPMENT-PRIMARY_PAIRWISE-820055,PRIMARY_PAIRWISE,SUPPORTED,0.025,10000,12,60,10,1,0.05,0.9,0.25,5,0.12,12,0.01,POLICY_DEVELOPMENT,820055,gaussian_mixture_v1.2,0.95,True,False,True,False,SMALL_EFFECT_HUGE_RAW_N
POLICY_DEVELOPMENT-PRIMARY_PAIRWISE-820056,PRIMARY_PAIRWISE,SUPPORTED,0.06,1000000,12,2,10,1,0.45,0.9,0.25,5,0.12,12,0.01,POLICY_DEVELOPMENT,820056,gaussian_mixture_v1.3,0.6,False,True,True,False,LARGE_EFFECT_SMALL_PANEL
POLICY_DEVELOPMENT-PRIMARY_PAIRWISE-820057,PRIMARY_PAIRWISE,NULL,0.0,500,36,2,10,1,0.45,0.0,0.25,5,0.12,12,0.01,POLICY_DEVELOPMENT,820057,gaussian_mixture_v1.1,0.65,True,True,True,False,EXTREME_FAMILY_IMBALANCE
POLICY_DEVELOPMENT-PRIMARY_PAIRWISE-820058,PRIMARY_PAIRWISE,SUPPORTED,0.025,10000,36,2,10,1,0.85,0.0,0.25,5,0.18,12,0.01,POLICY_DEVELOPMENT,820058,gaussian_mixture_v1.2,0.7,True,True,True,False,ONE_DOMINANT_FAMILY
POLICY_DEVELOPMENT-PRIMARY_PAIRWISE-820059,PRIMARY_PAIRWISE,SUPPORTED,0.06,1000000,36,2,10,1,0.85,0.0,0.25,5,0.18,12,0.01,POLICY_DEVELOPMENT,820059,gaussian_mixture_v1.3,0.75,True,True,True,False,TRANSPORT_REVERSAL
POLICY_DEVELOPMENT-PRIMARY_PAIRWISE-820060,PRIMARY_PAIRWISE,NULL,0.0,500,96,2,2,1,0.05,0.0,0.25,5,0.18,12,0.01,POLICY_DEVELOPMENT,820060,gaussian_mixture_v1.1,0.8,False,False,False,False,BENCHMARK_SPECIFIC_REVERSAL
POLICY_DEVELOPMENT-PRIMARY_PAIRWISE-820061,PRIMARY_PAIRWISE,SUPPORTED,0.025,10000,96,2,2,1,0.05,0.0,0.25,5,0.18,12,0.01,POLICY_DEVELOPMENT,820061,gaussian_mixture_v1.2,0.85,True,True,True,False,VERY_HIGH_MULTIPLICITY
POLICY_DEVELOPMENT-PRIMARY_PAIRWISE-820062,PRIMARY_PAIRWISE,SUPPORTED,0.06,1000000,96,2,2,1,0.45,0.0,0.25,5,0.18,12,0.01,POLICY_DEVELOPMENT,820062,gaussian_mixture_v1.3,0.9,True,True,True,False,NEARLY_TIED_TOP_K
POLICY_DEVELOPMENT-PRIMARY_PAIRWISE-820063,PRIMARY_PAIRWISE,NULL,0.0,500,12,8,2,1,0.45,0.0,0.25,5,0.18,12,0.01,POLICY_DEVELOPMENT,820063,gaussian_mixture_v1.1,0.95,True,True,True,False,HIGH_RAW_LOW_EFFECTIVE_N
POLICY_DEVELOPMENT-PRIMARY_PAIRWISE-820064,PRIMARY_PAIRWISE,SUPPORTED,0.025,10000,12,8,2,1,0.85,0.0,0.25,5,0.18,12,0.01,POLICY_DEVELOPMENT,820064,gaussian_mixture_v1.2,0.6,False,True,True,False,SMALL_EFFECT_HUGE_RAW_N
POLICY_DEVELOPMENT-PRIMARY_PAIRWISE-820065,PRIMARY_PAIRWISE,SUPPORTED,0.06,1000000,12,8,4,1,0.85,0.0,0.25,5,0.18,40,0.01,POLICY_DEVELOPMENT,820065,gaussian_mixture_v1.3,0.65,True,False,True,False,LARGE_EFFECT_SMALL_PANEL
POLICY_DEVELOPMENT-PRIMARY_PAIRWISE-820066,PRIMARY_PAIRWISE,NULL,0.0,500,36,8,4,1,0.05,0.0,0.25,1,0.18,40,0.01,POLICY_DEVELOPMENT,820066,gaussian_mixture_v1.1,0.7,True,True,False,False,EXTREME_FAMILY_IMBALANCE
POLICY_DEVELOPMENT-PRIMARY_PAIRWISE-820067,PRIMARY_PAIRWISE,SUPPORTED,0.025,10000,36,8,4,1,0.05,0.0,0.25,1,0.18,40,0.01,POLICY_DEVELOPMENT,820067,gaussian_mixture_v1.2,0.75,True,True,True,False,ONE_DOMINANT_FAMILY
POLICY_DEVELOPMENT-PRIMARY_PAIRWISE-820068,PRIMARY_PAIRWISE,SUPPORTED,0.06,1000000,36,8,4,3,0.45,0.0,0.25,1,0.18,40,0.01,POLICY_DEVELOPMENT,820068,gaussian_mixture_v1.3,0.8,False,True,True,False,TRANSPORT_REVERSAL
POLICY_DEVELOPMENT-PRIMARY_PAIRWISE-820069,PRIMARY_PAIRWISE,NULL,0.0,500,96,8,4,3,0.45,0.0,0.03,1,0.18,40,0.01,POLICY_DEVELOPMENT,820069,gaussian_mixture_v1.1,0.85,True,True,True,False,BENCHMARK_SPECIFIC_REVERSAL
POLICY_DEVELOPMENT-PRIMARY_PAIRWISE-820070,PRIMARY_PAIRWISE,SUPPORTED,0.025,10000,96,24,6,3,0.85,0.0,0.03,1,0.18,40,0.01,POLICY_DEVELOPMENT,820070,gaussian_mixture_v1.2,0.9,True,False,True,False,VERY_HIGH_MULTIPLICITY
POLICY_DEVELOPMENT-PRIMARY_PAIRWISE-820071,PRIMARY_PAIRWISE,SUPPORTED,0.06,1000000,96,24,6,3,0.85,0.0,0.03,1,0.18,40,0.01,POLICY_DEVELOPMENT,820071,gaussian_mixture_v1.3,0.95,True,True,True,False,NEARLY_TIED_TOP_K
POLICY_DEVELOPMENT-PRIMARY_PAIRWISE-820072,PRIMARY_PAIRWISE,NULL,0.0,500,12,24,6,3,0.05,0.0,0.03,1,0.18,40,0.01,POLICY_DEVELOPMENT,820072,gaussian_mixture_v1.1,0.6,False,True,False,False,HIGH_RAW_LOW_EFFECTIVE_N
POLICY_DEVELOPMENT-PRIMARY_PAIRWISE-820073,PRIMARY_PAIRWISE,SUPPORTED,0.025,10000,12,24,6,3,0.05,0.0,0.03,1,0.18,40,0.01,POLICY_DEVELOPMENT,820073,gaussian_mixture_v1.2,0.65,True,True,True,False,SMALL_EFFECT_HUGE_RAW_N
POLICY_DEVELOPMENT-PRIMARY_PAIRWISE-820074,PRIMARY_PAIRWISE,SUPPORTED,0.06,1000000,12,24,6,3,0.45,0.0,0.03,1,0.18,40,0.01,POLICY_DEVELOPMENT,820074,gaussian_mixture_v1.3,0.7,True,True,True,False,LARGE_EFFECT_SMALL_PANEL
POLICY_DEVELOPMENT-PRIMARY_PAIRWISE-820075,PRIMARY_PAIRWISE,NULL,0.0,500,36,24,10,3,0.45,0.0,0.03,1,0.18,40,0.01,POLICY_DEVELOPMENT,820075,gaussian_mixture_v1.1,0.75,True,False,True,False,EXTREME_FAMILY_IMBALANCE
POLICY_DEVELOPMENT-PRIMARY_PAIRWISE-820076,PRIMARY_PAIRWISE,SUPPORTED,0.025,10000,36,24,10,3,0.85,0.5,0.03,1,0.18,40,0.01,POLICY_DEVELOPMENT,820076,gaussian_mixture_v1.2,0.8,False,True,True,False,ONE_DOMINANT_FAMILY
POLICY_DEVELOPMENT-PRIMARY_PAIRWISE-820077,PRIMARY_PAIRWISE,SUPPORTED,0.06,1000000,36,60,10,3,0.85,0.5,0.03,3,0.18,40,0.01,POLICY_DEVELOPMENT,820077,gaussian_mixture_v1.3,0.85,True,True,True,False,TRANSPORT_REVERSAL
POLICY_DEVELOPMENT-PRIMARY_PAIRWISE-820078,PRIMARY_PAIRWISE,NULL,0.0,500,96,60,10,3,0.05,0.5,0.03,3,0.18,1,0.01,POLICY_DEVELOPMENT,820078,gaussian_mixture_v1.1,0.9,True,True,False,False,BENCHMARK_SPECIFIC_REVERSAL
POLICY_DEVELOPMENT-PRIMARY_PAIRWISE-820079,PRIMARY_PAIRWISE,SUPPORTED,0.025,10000,96,60,10,3,0.05,0.5,0.03,3,0.18,1,0.01,POLICY_DEVELOPMENT,820079,gaussian_mixture_v1.2,0.95,True,True,True,False,VERY_HIGH_MULTIPLICITY
POLICY_DEVELOPMENT-PRIMARY_PAIRWISE-820080,PRIMARY_PAIRWISE,SUPPORTED,0.06,1000000,96,60,2,3,0.45,0.5,0.03,3,0.18,1,0.01,POLICY_DEVELOPMENT,820080,gaussian_mixture_v1.3,0.6,False,False,True,False,NEARLY_TIED_TOP_K
POLICY_DEVELOPMENT-PRIMARY_PAIRWISE-820081,PRIMARY_PAIRWISE,NULL,0.0,500,12,60,2,3,0.45,0.5,0.03,3,0.18,1,0.01,POLICY_DEVELOPMENT,820081,gaussian_mixture_v1.1,0.65,True,True,True,False,HIGH_RAW_LOW_EFFECTIVE_N
POLICY_DEVELOPMENT-PRIMARY_PAIRWISE-820082,PRIMARY_PAIRWISE,SUPPORTED,0.025,10000,12,60,2,3,0.85,0.5,0.03,3,0.18,1,0.01,POLICY_DEVELOPMENT,820082,gaussian_mixture_v1.2,0.7,True,True,True,False,SMALL_EFFECT_HUGE_RAW_N
POLICY_DEVELOPMENT-PRIMARY_PAIRWISE-820083,PRIMARY_PAIRWISE,SUPPORTED,0.06,1000000,12,60,2,3,0.85,0.5,0.03,3,0.18,1,0.01,POLICY_DEVELOPMENT,820083,gaussian_mixture_v1.3,0.75,True,True,True,False,LARGE_EFFECT_SMALL_PANEL
POLICY_DEVELOPMENT-PRIMARY_PAIRWISE-820084,PRIMARY_PAIRWISE,NULL,0.0,500,36,2,2,3,0.05,0.5,0.03,3,0.18,1,0.01,POLICY_DEVELOPMENT,820084,gaussian_mixture_v1.1,0.8,False,True,False,False,EXTREME_FAMILY_IMBALANCE
POLICY_DEVELOPMENT-PRIMARY_PAIRWISE-820085,PRIMARY_PAIRWISE,SUPPORTED,0.025,10000,36,2,4,8,0.05,0.5,0.03,3,0.18,1,0.01,POLICY_DEVELOPMENT,820085,gaussian_mixture_v1.2,0.85,True,False,True,False,ONE_DOMINANT_FAMILY
POLICY_DEVELOPMENT-PRIMARY_PAIRWISE-820086,PRIMARY_PAIRWISE,SUPPORTED,0.06,1000000,36,2,4,8,0.45,0.5,0.03,3,0.18,1,0.01,POLICY_DEVELOPMENT,820086,gaussian_mixture_v1.3,0.9,True,True,True,False,TRANSPORT_REVERSAL
POLICY_DEVELOPMENT-PRIMARY_PAIRWISE-820087,PRIMARY_PAIRWISE,NULL,0.0,500,96,2,4,8,0.45,0.5,0.03,3,0.08,1,0.01,POLICY_DEVELOPMENT,820087,gaussian_mixture_v1.1,0.95,True,True,True,False,BENCHMARK_SPECIFIC_REVERSAL
POLICY_DEVELOPMENT-PRIMARY_PAIRWISE-820088,PRIMARY_PAIRWISE,SUPPORTED,0.025,10000,96,2,4,8,0.85,0.5,0.03,5,0.08,1,0.01,POLICY_DEVELOPMENT,820088,gaussian_mixture_v1.2,0.6,False,True,True,False,VERY_HIGH_MULTIPLICITY
POLICY_DEVELOPMENT-PRIMARY_PAIRWISE-820089,PRIMARY_PAIRWISE,SUPPORTED,0.06,1000000,96,2,4,8,0.85,0.5,0.03,5,0.08,1,0.01,POLICY_DEVELOPMENT,820089,gaussian_mixture_v1.3,0.65,True,True,True,False,NEARLY_TIED_TOP_K
POLICY_DEVELOPMENT-PRIMARY_PAIRWISE-820090,PRIMARY_PAIRWISE,NULL,0.0,500,12,2,6,8,0.05,0.5,0.03,5,0.08,1,0.01,POLICY_DEVELOPMENT,820090,gaussian_mixture_v1.1,0.7,True,False,False,False,HIGH_RAW_LOW_EFFECTIVE_N
POLICY_DEVELOPMENT-PRIMARY_PAIRWISE-820091,PRIMARY_PAIRWISE,SUPPORTED,0.025,10000,12,8,6,8,0.05,0.5,0.03,5,0.08,12,0.01,POLICY_DEVELOPMENT,820091,gaussian_mixture_v1.2,0.75,True,True,True,False,SMALL_EFFECT_HUGE_RAW_N
POLICY_DEVELOPMENT-PRIMARY_PAIRWISE-820092,PRIMARY_PAIRWISE,SUPPORTED,0.06,1000000,12,8,6,8,0.45,0.5,0.1,5,0.08,12,0.01,POLICY_DEVELOPMENT,820092,gaussian_mixture_v1.3,0.8,False,True,True,False,LARGE_EFFECT_SMALL_PANEL
POLICY_DEVELOPMENT-PRIMARY_PAIRWISE-820093,PRIMARY_PAIRWISE,NULL,0.0,500,36,8,6,8,0.45,0.5,0.1,5,0.08,12,0.01,POLICY_DEVELOPMENT,820093,gaussian_mixture_v1.1,0.85,True,True,True,False,EXTREME_FAMILY_IMBALANCE
POLICY_DEVELOPMENT-PRIMARY_PAIRWISE-820094,PRIMARY_PAIRWISE,SUPPORTED,0.025,10000,36,8,6,8,0.85,0.5,0.1,5,0.08,12,0.01,POLICY_DEVELOPMENT,820094,gaussian_mixture_v1.2,0.9,True,True,True,False,ONE_DOMINANT_FAMILY
POLICY_DEVELOPMENT-PRIMARY_PAIRWISE-820095,PRIMARY_PAIRWISE,SUPPORTED,0.06,1000000,36,8,10,8,0.85,0.9,0.1,5,0.08,12,0.01,POLICY_DEVELOPMENT,820095,gaussian_mixture_v1.3,0.95,True,False,True,False,TRANSPORT_REVERSAL
POLICY_DEVELOPMENT-PRIMARY_PAIRWISE-820096,PRIMARY_PAIRWISE,NULL,0.0,500,96,8,10,8,0.05,0.9,0.1,5,0.08,12,0.01,POLICY_DEVELOPMENT,820096,gaussian_mixture_v1.1,0.6,False,True,False,False,BENCHMARK_SPECIFIC_REVERSAL
POLICY_DEVELOPMENT-PRIMARY_PAIRWISE-820097,PRIMARY_PAIRWISE,SUPPORTED,0.025,10000,96,8,10,8,0.05,0.9,0.1,5,0.08,12,0.01,POLICY_DEVELOPMENT,820097,gaussian_mixture_v1.2,0.65,True,True,True,False,VERY_HIGH_MULTIPLICITY
POLICY_DEVELOPMENT-PRIMARY_PAIRWISE-820098,PRIMARY_PAIRWISE,SUPPORTED,0.06,1000000,96,24,10,8,0.45,0.9,0.1,5,0.08,12,0.01,POLICY_DEVELOPMENT,820098,gaussian_mixture_v1.3,0.7,True,True,True,False,NEARLY_TIED_TOP_K
POLICY_DEVELOPMENT-PRIMARY_PAIRWISE-820099,PRIMARY_PAIRWISE,NULL,0.0,500,12,24,10,8,0.45,0.9,0.1,1,0.08,12,0.01,POLICY_DEVELOPMENT,820099,gaussian_mixture_v1.1,0.75,True,True,True,False,HIGH_RAW_LOW_EFFECTIVE_N
POLICY_DEVELOPMENT-PRIMARY_PAIRWISE-820100,PRIMARY_PAIRWISE,SUPPORTED,0.025,10000,12,24,2,8,0.85,0.9,0.1,1,0.08,12,0.01,POLICY_DEVELOPMENT,820100,gaussian_mixture_v1.2,0.8,False,False,True,False,SMALL_EFFECT_HUGE_RAW_N
POLICY_DEVELOPMENT-PRIMARY_PAIRWISE-820101,PRIMARY_PAIRWISE,SUPPORTED,0.06,1000000,12,24,2,8,0.85,0.9,0.1,1,0.08,12,0.01,POLICY_DEVELOPMENT,820101,gaussian_mixture_v1.3,0.85,True,True,True,False,LARGE_EFFECT_SMALL_PANEL
POLICY_DEVELOPMENT-PRIMARY_PAIRWISE-820102,PRIMARY_PAIRWISE,NULL,0.0,500,36,24,2,1,0.05,0.9,0.1,1,0.08,12,0.01,POLICY_DEVELOPMENT,820102,gaussian_mixture_v1.1,0.9,True,True,False,False,EXTREME_FAMILY_IMBALANCE
POLICY_DEVELOPMENT-PRIMARY_PAIRWISE-820103,PRIMARY_PAIRWISE,SUPPORTED,0.025,10000,36,24,2,1,0.05,0.9,0.1,1,0.08,12,0.01,POLICY_DEVELOPMENT,820103,gaussian_mixture_v1.2,0.95,True,True,True,False,ONE_DOMINANT_FAMILY
POLICY_DEVELOPMENT-PRIMARY_PAIRWISE-820104,PRIMARY_PAIRWISE,SUPPORTED,0.06,1000000,36,24,2,1,0.45,0.9,0.1,1,0.08,40,0.01,POLICY_DEVELOPMENT,820104,gaussian_mixture_v1.3,0.6,False,True,True,False,TRANSPORT_REVERSAL
POLICY_DEVELOPMENT-PRIMARY_PAIRWISE-820105,PRIMARY_PAIRWISE,NULL,0.0,500,96,60,4,1,0.45,0.9,0.1,1,0.08,40,0.01,POLICY_DEVELOPMENT,820105,gaussian_mixture_v1.1,0.65,True,False,True,False,BENCHMARK_SPECIFIC_REVERSAL
POLICY_DEVELOPMENT-PRIMARY_PAIRWISE-820106,PRIMARY_PAIRWISE,SUPPORTED,0.025,10000,96,60,4,1,0.85,0.9,0.1,1,0.08,40,0.01,POLICY_DEVELOPMENT,820106,gaussian_mixture_v1.2,0.7,True,True,True,False,VERY_HIGH_MULTIPLICITY
POLICY_DEVELOPMENT-PRIMARY_PAIRWISE-820107,PRIMARY_PAIRWISE,SUPPORTED,0.06,1000000,96,60,4,1,0.85,0.9,0.1,1,0.08,40,0.01,POLICY_DEVELOPMENT,820107,gaussian_mixture_v1.3,0.75,True,True,True,False,NEARLY_TIED_TOP_K
POLICY_DEVELOPMENT-PRIMARY_PAIRWISE-820108,PRIMARY_PAIRWISE,NULL,0.0,500,12,60,4,1,0.05,0.9,0.1,1,0.08,40,0.01,POLICY_DEVELOPMENT,820108,gaussian_mixture_v1.1,0.8,False,True,False,False,HIGH_RAW_LOW_EFFECTIVE_N
POLICY_DEVELOPMENT-PRIMARY_PAIRWISE-820109,PRIMARY_PAIRWISE,SUPPORTED,0.025,10000,12,60,4,1,0.05,0.9,0.1,1,0.08,40,0.01,POLICY_DEVELOPMENT,820109,gaussian_mixture_v1.2,0.85,True,True,True,False,SMALL_EFFECT_HUGE_RAW_N
POLICY_DEVELOPMENT-PRIMARY_PAIRWISE-820110,PRIMARY_PAIRWISE,SUPPORTED,0.06,1000000,12,60,6,1,0.45,0.9,0.1,3,0.08,40,0.01,POLICY_DEVELOPMENT,820110,gaussian_mixture_v1.3,0.9,True,False,True,False,LARGE_EFFECT_SMALL_PANEL
POLICY_DEVELOPMENT-PRIMARY_PAIRWISE-820111,PRIMARY_PAIRWISE,NULL,0.0,500,36,60,6,1,0.45,0.9,0.1,3,0.08,40,0.01,POLICY_DEVELOPMENT,820111,gaussian_mixture_v1.1,0.95,True,True,True,False,EXTREME_FAMILY_IMBALANCE
POLICY_DEVELOPMENT-PRIMARY_PAIRWISE-820112,PRIMARY_PAIRWISE,SUPPORTED,0.025,10000,36,2,6,1,0.85,0.9,0.1,3,0.08,40,0.01,POLICY_DEVELOPMENT,820112,gaussian_mixture_v1.2,0.6,False,True,True,False,ONE_DOMINANT_FAMILY
POLICY_DEVELOPMENT-PRIMARY_PAIRWISE-820113,PRIMARY_PAIRWISE,SUPPORTED,0.06,1000000,36,2,6,1,0.85,0.9,0.1,3,0.08,40,0.01,POLICY_DEVELOPMENT,820113,gaussian_mixture_v1.3,0.65,True,True,True,False,TRANSPORT_REVERSAL
POLICY_DEVELOPMENT-PRIMARY_PAIRWISE-820114,PRIMARY_PAIRWISE,NULL,0.0,500,96,2,6,1,0.05,0.0,0.1,3,0.08,40,0.01,POLICY_DEVELOPMENT,820114,gaussian_mixture_v1.1,0.7,True,True,False,False,BENCHMARK_SPECIFIC_REVERSAL
POLICY_DEVELOPMENT-PRIMARY_PAIRWISE-820115,PRIMARY_PAIRWISE,SUPPORTED,0.025,10000,96,2,10,1,0.05,0.0,0.25,3,0.08,40,0.01,POLICY_DEVELOPMENT,820115,gaussian_mixture_v1.2,0.75,True,False,True,False,VERY_HIGH_MULTIPLICITY
POLICY_DEVELOPMENT-PRIMARY_PAIRWISE-820116,PRIMARY_PAIRWISE,SUPPORTED,0.06,1000000,96,2,10,1,0.45,0.0,0.25,3,0.12,40,0.01,POLICY_DEVELOPMENT,820116,gaussian_mixture_v1.3,0.8,False,True,True,False,NEARLY_TIED_TOP_K
POLICY_DEVELOPMENT-PRIMARY_PAIRWISE-820117,PRIMARY_PAIRWISE,NULL,0.0,500,12,2,10,1,0.45,0.0,0.25,3,0.12,1,0.01,POLICY_DEVELOPMENT,820117,gaussian_mixture_v1.1,0.85,True,True,True,False,HIGH_RAW_LOW_EFFECTIVE_N
POLICY_DEVELOPMENT-PRIMARY_PAIRWISE-820118,PRIMARY_PAIRWISE,SUPPORTED,0.025,10000,12,2,10,1,0.85,0.0,0.25,3,0.12,1,0.01,POLICY_DEVELOPMENT,820118,gaussian_mixture_v1.2,0.9,True,True,True,False,SMALL_EFFECT_HUGE_RAW_N
POLICY_DEVELOPMENT-PRIMARY_PAIRWISE-820119,PRIMARY_PAIRWISE,SUPPORTED,0.06,1000000,12,8,10,3,0.85,0.0,0.25,3,0.12,1,0.01,POLICY_DEVELOPMENT,820119,gaussian_mixture_v1.3,0.95,True,True,True,False,LARGE_EFFECT_SMALL_PANEL
POLICY_DEVELOPMENT-TOP_K-820120,TOP_K,NULL,0.0,10000,36,8,2,1,0.45,0.0,0.03,1,0.08,12,0.01,POLICY_DEVELOPMENT,820120,gaussian_mixture_v1.1,0.6,False,False,False,False,HIGH_RAW_LOW_EFFECTIVE_N
POLICY_DEVELOPMENT-TOP_K-820121,TOP_K,SUPPORTED,0.025,1000000,36,8,2,1,0.45,0.0,0.03,1,0.08,12,0.01,POLICY_DEVELOPMENT,820121,gaussian_mixture_v1.2,0.65,True,True,True,False,SMALL_EFFECT_HUGE_RAW_N
POLICY_DEVELOPMENT-TOP_K-820122,TOP_K,SUPPORTED,0.06,500,36,8,2,1,0.85,0.0,0.03,1,0.08,12,0.01,POLICY_DEVELOPMENT,820122,gaussian_mixture_v1.3,0.7,True,True,True,False,LARGE_EFFECT_SMALL_PANEL
POLICY_DEVELOPMENT-TOP_K-820123,TOP_K,NULL,0.0,10000,96,8,2,1,0.85,0.0,0.03,1,0.08,12,0.01,POLICY_DEVELOPMENT,820123,gaussian_mixture_v1.1,0.75,True,True,True,False,EXTREME_FAMILY_IMBALANCE
POLICY_DEVELOPMENT-TOP_K-820124,TOP_K,SUPPORTED,0.025,1000000,96,8,2,1,0.05,0.0,0.03,1,0.08,12,0.01,POLICY_DEVELOPMENT,820124,gaussian_mixture_v1.2,0.8,False,True,True,False,ONE_DOMINANT_FAMILY
POLICY_DEVELOPMENT-TOP_K-820125,TOP_K,SUPPORTED,0.06,500,96,8,4,1,0.05,0.0,0.03,1,0.08,12,0.01,POLICY_DEVELOPMENT,820125,gaussian_mixture_v1.3,0.85,True,False,True,False,TRANSPORT_REVERSAL
POLICY_DEVELOPMENT-TOP_K-820126,TOP_K,NULL,0.0,10000,12,8,4,1,0.45,0.0,0.03,1,0.08,12,0.01,POLICY_DEVELOPMENT,820126,gaussian_mixture_v1.1,0.9,True,True,False,False,BENCHMARK_SPECIFIC_REVERSAL
POLICY_DEVELOPMENT-TOP_K-820127,TOP_K,SUPPORTED,0.025,1000000,12,24,4,1,0.45,0.0,0.03,1,0.08,12,0.01,POLICY_DEVELOPMENT,820127,gaussian_mixture_v1.2,0.95,True,True,True,False,VERY_HIGH_MULTIPLICITY
POLICY_DEVELOPMENT-TOP_K-820128,TOP_K,SUPPORTED,0.06,500,12,24,4,1,0.85,0.0,0.03,1,0.08,12,0.01,POLICY_DEVELOPMENT,820128,gaussian_mixture_v1.3,0.6,False,True,True,False,NEARLY_TIED_TOP_K
POLICY_DEVELOPMENT-TOP_K-820129,TOP_K,NULL,0.0,10000,36,24,4,1,0.85,0.0,0.03,1,0.08,12,0.01,POLICY_DEVELOPMENT,820129,gaussian_mixture_v1.1,0.65,True,True,True,False,HIGH_RAW_LOW_EFFECTIVE_N
POLICY_DEVELOPMENT-TOP_K-820130,TOP_K,SUPPORTED,0.025,1000000,36,24,6,1,0.05,0.0,0.03,1,0.08,12,0.01,POLICY_DEVELOPMENT,820130,gaussian_mixture_v1.2,0.7,True,False,True,False,SMALL_EFFECT_HUGE_RAW_N
POLICY_DEVELOPMENT-TOP_K-820131,TOP_K,SUPPORTED,0.06,500,36,24,6,1,0.05,0.0,0.03,3,0.08,12,0.01,POLICY_DEVELOPMENT,820131,gaussian_mixture_v1.3,0.75,True,True,True,False,LARGE_EFFECT_SMALL_PANEL
POLICY_DEVELOPMENT-TOP_K-820132,TOP_K,NULL,0.0,10000,96,24,6,1,0.45,0.0,0.03,3,0.08,12,0.01,POLICY_DEVELOPMENT,820132,gaussian_mixture_v1.1,0.8,False,True,False,False,EXTREME_FAMILY_IMBALANCE
POLICY_DEVELOPMENT-TOP_K-820133,TOP_K,SUPPORTED,0.025,1000000,96,24,6,1,0.45,0.0,0.03,3,0.08,40,0.01,POLICY_DEVELOPMENT,820133,gaussian_mixture_v1.2,0.85,True,True,True,False,ONE_DOMINANT_FAMILY
POLICY_DEVELOPMENT-TOP_K-820134,TOP_K,SUPPORTED,0.06,500,96,60,6,1,0.85,0.0,0.03,3,0.08,40,0.01,POLICY_DEVELOPMENT,820134,gaussian_mixture_v1.3,0.9,True,True,True,False,TRANSPORT_REVERSAL
POLICY_DEVELOPMENT-TOP_K-820135,TOP_K,NULL,0.0,10000,12,60,10,1,0.85,0.0,0.03,3,0.08,40,0.01,POLICY_DEVELOPMENT,820135,gaussian_mixture_v1.1,0.95,True,False,True,False,BENCHMARK_SPECIFIC_REVERSAL
POLICY_DEVELOPMENT-TOP_K-820136,TOP_K,SUPPORTED,0.025,1000000,12,60,10,1,0.05,0.0,0.03,3,0.08,40,0.01,POLICY_DEVELOPMENT,820136,gaussian_mixture_v1.2,0.6,False,True,True,False,VERY_HIGH_MULTIPLICITY
POLICY_DEVELOPMENT-TOP_K-820137,TOP_K,SUPPORTED,0.06,500,12,60,10,3,0.05,0.0,0.03,3,0.08,40,0.01,POLICY_DEVELOPMENT,820137,gaussian_mixture_v1.3,0.65,True,True,True,False,NEARLY_TIED_TOP_K
POLICY_DEVELOPMENT-TOP_K-820138,TOP_K,NULL,0.0,10000,36,60,10,3,0.45,0.0,0.03,3,0.08,40,0.01,POLICY_DEVELOPMENT,820138,gaussian_mixture_v1.1,0.7,True,True,False,False,HIGH_RAW_LOW_EFFECTIVE_N
POLICY_DEVELOPMENT-TOP_K-820139,TOP_K,SUPPORTED,0.025,1000000,36,60,10,3,0.45,0.5,0.03,3,0.08,40,0.01,POLICY_DEVELOPMENT,820139,gaussian_mixture_v1.2,0.75,True,True,True,False,SMALL_EFFECT_HUGE_RAW_N
POLICY_DEVELOPMENT-TOP_K-820140,TOP_K,SUPPORTED,0.06,500,36,60,2,3,0.85,0.5,0.03,3,0.08,40,0.01,POLICY_DEVELOPMENT,820140,gaussian_mixture_v1.3,0.8,False,False,True,False,LARGE_EFFECT_SMALL_PANEL
POLICY_DEVELOPMENT-TOP_K-820141,TOP_K,NULL,0.0,10000,96,2,2,3,0.85,0.5,0.03,3,0.08,40,0.01,POLICY_DEVELOPMENT,820141,gaussian_mixture_v1.1,0.85,True,True,True,False,EXTREME_FAMILY_IMBALANCE
POLICY_DEVELOPMENT-TOP_K-820142,TOP_K,SUPPORTED,0.025,1000000,96,2,2,3,0.05,0.5,0.03,5,0.08,40,0.01,POLICY_DEVELOPMENT,820142,gaussian_mixture_v1.2,0.9,True,True,True,False,ONE_DOMINANT_FAMILY
POLICY_DEVELOPMENT-TOP_K-820143,TOP_K,SUPPORTED,0.06,500,96,2,2,3,0.05,0.5,0.1,5,0.08,40,0.01,POLICY_DEVELOPMENT,820143,gaussian_mixture_v1.3,0.95,True,True,True,False,TRANSPORT_REVERSAL
POLICY_DEVELOPMENT-TOP_K-820144,TOP_K,NULL,0.0,10000,12,2,2,3,0.45,0.5,0.1,5,0.08,40,0.01,POLICY_DEVELOPMENT,820144,gaussian_mixture_v1.1,0.6,False,True,False,False,BENCHMARK_SPECIFIC_REVERSAL
POLICY_DEVELOPMENT-TOP_K-820145,TOP_K,SUPPORTED,0.025,1000000,12,2,4,3,0.45,0.5,0.1,5,0.08,40,0.01,POLICY_DEVELOPMENT,820145,gaussian_mixture_v1.2,0.65,True,False,True,False,VERY_HIGH_MULTIPLICITY
POLICY_DEVELOPMENT-TOP_K-820146,TOP_K,SUPPORTED,0.06,500,12,2,4,3,0.85,0.5,0.1,5,0.08,1,0.01,POLICY_DEVELOPMENT,820146,gaussian_mixture_v1.3,0.7,True,True,True,False,NEARLY_TIED_TOP_K
POLICY_DEVELOPMENT-TOP_K-820147,TOP_K,NULL,0.0,10000,36,2,4,3,0.85,0.5,0.1,5,0.08,1,0.01,POLICY_DEVELOPMENT,820147,gaussian_mixture_v1.1,0.75,True,True,True,False,HIGH_RAW_LOW_EFFECTIVE_N
POLICY_DEVELOPMENT-TOP_K-820148,TOP_K,SUPPORTED,0.025,1000000,36,8,4,3,0.05,0.5,0.1,5,0.08,1,0.01,POLICY_DEVELOPMENT,820148,gaussian_mixture_v1.2,0.8,False,True,True,False,SMALL_EFFECT_HUGE_RAW_N
POLICY_DEVELOPMENT-TOP_K-820149,TOP_K,SUPPORTED,0.06,500,36,8,4,3,0.05,0.5,0.1,5,0.12,1,0.01,POLICY_DEVELOPMENT,820149,gaussian_mixture_v1.3,0.85,True,True,True,False,LARGE_EFFECT_SMALL_PANEL
POLICY_DEVELOPMENT-TOP_K-820150,TOP_K,NULL,0.0,10000,96,8,6,3,0.45,0.5,0.1,5,0.12,1,0.01,POLICY_DEVELOPMENT,820150,gaussian_mixture_v1.1,0.9,True,False,False,False,EXTREME_FAMILY_IMBALANCE
POLICY_DEVELOPMENT-TOP_K-820151,TOP_K,SUPPORTED,0.025,1000000,96,8,6,3,0.45,0.5,0.1,5,0.12,1,0.01,POLICY_DEVELOPMENT,820151,gaussian_mixture_v1.2,0.95,True,True,True,False,ONE_DOMINANT_FAMILY
POLICY_DEVELOPMENT-TOP_K-820152,TOP_K,SUPPORTED,0.06,500,96,8,6,3,0.85,0.5,0.1,5,0.12,1,0.01,POLICY_DEVELOPMENT,820152,gaussian_mixture_v1.3,0.6,False,True,True,False,TRANSPORT_REVERSAL
POLICY_DEVELOPMENT-TOP_K-820153,TOP_K,NULL,0.0,10000,12,8,6,3,0.85,0.5,0.1,1,0.12,1,0.01,POLICY_DEVELOPMENT,820153,gaussian_mixture_v1.1,0.65,True,True,True,False,BENCHMARK_SPECIFIC_REVERSAL
POLICY_DEVELOPMENT-TOP_K-820154,TOP_K,SUPPORTED,0.025,1000000,12,8,6,8,0.05,0.5,0.1,1,0.12,1,0.01,POLICY_DEVELOPMENT,820154,gaussian_mixture_v1.2,0.7,True,True,True,False,VERY_HIGH_MULTIPLICITY
POLICY_DEVELOPMENT-TOP_K-820155,TOP_K,SUPPORTED,0.06,500,12,24,10,8,0.05,0.5,0.1,1,0.12,1,0.01,POLICY_DEVELOPMENT,820155,gaussian_mixture_v1.3,0.75,True,False,True,False,NEARLY_TIED_TOP_K
POLICY_DEVELOPMENT-TOP_K-820156,TOP_K,NULL,0.0,10000,36,24,10,8,0.45,0.5,0.1,1,0.12,1,0.01,POLICY_DEVELOPMENT,820156,gaussian_mixture_v1.1,0.8,False,True,False,False,HIGH_RAW_LOW_EFFECTIVE_N
POLICY_DEVELOPMENT-TOP_K-820157,TOP_K,SUPPORTED,0.025,1000000,36,24,10,8,0.45,0.5,0.1,1,0.12,1,0.01,POLICY_DEVELOPMENT,820157,gaussian_mixture_v1.2,0.85,True,True,True,False,SMALL_EFFECT_HUGE_RAW_N
POLICY_DEVELOPMENT-TOP_K-820158,TOP_K,SUPPORTED,0.06,500,36,24,10,8,0.85,0.9,0.1,1,0.12,1,0.01,POLICY_DEVELOPMENT,820158,gaussian_mixture_v1.3,0.9,True,True,True,False,LARGE_EFFECT_SMALL_PANEL
POLICY_DEVELOPMENT-TOP_K-820159,TOP_K,NULL,0.0,10000,96,24,10,8,0.85,0.9,0.1,1,0.12,12,0.01,POLICY_DEVELOPMENT,820159,gaussian_mixture_v1.1,0.95,True,True,True,False,EXTREME_FAMILY_IMBALANCE
POLICY_DEVELOPMENT-TOP_K-820160,TOP_K,SUPPORTED,0.025,1000000,96,24,2,8,0.05,0.9,0.1,1,0.12,12,0.01,POLICY_DEVELOPMENT,820160,gaussian_mixture_v1.2,0.6,False,False,True,False,ONE_DOMINANT_FAMILY
POLICY_DEVELOPMENT-TOP_K-820161,TOP_K,SUPPORTED,0.06,500,96,24,2,8,0.05,0.9,0.1,1,0.12,12,0.01,POLICY_DEVELOPMENT,820161,gaussian_mixture_v1.3,0.65,True,True,True,False,TRANSPORT_REVERSAL
POLICY_DEVELOPMENT-TOP_K-820162,TOP_K,NULL,0.0,10000,12,60,2,8,0.45,0.9,0.1,1,0.12,12,0.01,POLICY_DEVELOPMENT,820162,gaussian_mixture_v1.1,0.7,True,True,False,False,BENCHMARK_SPECIFIC_REVERSAL
POLICY_DEVELOPMENT-TOP_K-820163,TOP_K,SUPPORTED,0.025,1000000,12,60,2,8,0.45,0.9,0.1,1,0.12,12,0.01,POLICY_DEVELOPMENT,820163,gaussian_mixture_v1.2,0.75,True,True,True,False,VERY_HIGH_MULTIPLICITY
POLICY_DEVELOPMENT-TOP_K-820164,TOP_K,SUPPORTED,0.06,500,12,60,2,8,0.85,0.9,0.1,3,0.12,12,0.01,POLICY_DEVELOPMENT,820164,gaussian_mixture_v1.3,0.8,False,True,True,False,NEARLY_TIED_TOP_K
POLICY_DEVELOPMENT-TOP_K-820165,TOP_K,NULL,0.0,10000,36,60,4,8,0.85,0.9,0.1,3,0.12,12,0.01,POLICY_DEVELOPMENT,820165,gaussian_mixture_v1.1,0.85,True,False,True,False,HIGH_RAW_LOW_EFFECTIVE_N
POLICY_DEVELOPMENT-TOP_K-820166,TOP_K,SUPPORTED,0.025,1000000,36,60,4,8,0.05,0.9,0.25,3,0.12,12,0.01,POLICY_DEVELOPMENT,820166,gaussian_mixture_v1.2,0.9,True,True,True,False,SMALL_EFFECT_HUGE_RAW_N
POLICY_DEVELOPMENT-TOP_K-820167,TOP_K,SUPPORTED,0.06,500,36,60,4,8,0.05,0.9,0.25,3,0.12,12,0.01,POLICY_DEVELOPMENT,820167,gaussian_mixture_v1.3,0.95,True,True,True,False,LARGE_EFFECT_SMALL_PANEL
POLICY_DEVELOPMENT-TOP_K-820168,TOP_K,NULL,0.0,10000,96,60,4,8,0.45,0.9,0.25,3,0.12,12,0.01,POLICY_DEVELOPMENT,820168,gaussian_mixture_v1.1,0.6,False,True,False,False,EXTREME_FAMILY_IMBALANCE
POLICY_DEVELOPMENT-TOP_K-820169,TOP_K,SUPPORTED,0.025,1000000,96,2,4,8,0.45,0.9,0.25,3,0.12,12,0.01,POLICY_DEVELOPMENT,820169,gaussian_mixture_v1.2,0.65,True,True,True,False,ONE_DOMINANT_FAMILY
POLICY_DEVELOPMENT-TOP_K-820170,TOP_K,SUPPORTED,0.06,500,96,2,6,8,0.85,0.9,0.25,3,0.12,12,0.01,POLICY_DEVELOPMENT,820170,gaussian_mixture_v1.3,0.7,True,False,True,False,TRANSPORT_REVERSAL
POLICY_DEVELOPMENT-TOP_K-820171,TOP_K,NULL,0.0,10000,12,2,6,1,0.85,0.9,0.25,3,0.12,12,0.01,POLICY_DEVELOPMENT,820171,gaussian_mixture_v1.1,0.75,True,True,True,False,BENCHMARK_SPECIFIC_REVERSAL
POLICY_DEVELOPMENT-TOP_K-820172,TOP_K,SUPPORTED,0.025,1000000,12,2,6,1,0.05,0.9,0.25,3,0.12,40,0.01,POLICY_DEVELOPMENT,820172,gaussian_mixture_v1.2,0.8,False,True,True,False,VERY_HIGH_MULTIPLICITY
POLICY_DEVELOPMENT-TOP_K-820173,TOP_K,SUPPORTED,0.06,500,12,2,6,1,0.05,0.9,0.25,3,0.12,40,0.01,POLICY_DEVELOPMENT,820173,gaussian_mixture_v1.3,0.85,True,True,True,False,NEARLY_TIED_TOP_K
POLICY_DEVELOPMENT-TOP_K-820174,TOP_K,NULL,0.0,10000,36,2,6,1,0.45,0.9,0.25,3,0.12,40,0.01,POLICY_DEVELOPMENT,820174,gaussian_mixture_v1.1,0.9,True,True,False,False,HIGH_RAW_LOW_EFFECTIVE_N
POLICY_DEVELOPMENT-TOP_K-820175,TOP_K,SUPPORTED,0.025,1000000,36,2,10,1,0.45,0.9,0.25,5,0.12,40,0.01,POLICY_DEVELOPMENT,820175,gaussian_mixture_v1.2,0.95,True,False,True,False,SMALL_EFFECT_HUGE_RAW_N
POLICY_DEVELOPMENT-TOP_K-820176,TOP_K,SUPPORTED,0.06,500,36,8,10,1,0.85,0.9,0.25,5,0.12,40,0.01,POLICY_DEVELOPMENT,820176,gaussian_mixture_v1.3,0.6,False,True,True,False,LARGE_EFFECT_SMALL_PANEL
POLICY_DEVELOPMENT-TOP_K-820177,TOP_K,NULL,0.0,10000,96,8,10,1,0.85,0.0,0.25,5,0.12,40,0.01,POLICY_DEVELOPMENT,820177,gaussian_mixture_v1.1,0.65,True,True,True,False,EXTREME_FAMILY_IMBALANCE
POLICY_DEVELOPMENT-TOP_K-820178,TOP_K,SUPPORTED,0.025,1000000,96,8,10,1,0.05,0.0,0.25,5,0.18,40,0.01,POLICY_DEVELOPMENT,820178,gaussian_mixture_v1.2,0.7,True,True,True,False,ONE_DOMINANT_FAMILY
POLICY_DEVELOPMENT-TOP_K-820179,TOP_K,SUPPORTED,0.06,500,96,8,10,1,0.05,0.0,0.25,5,0.18,40,0.01,POLICY_DEVELOPMENT,820179,gaussian_mixture_v1.3,0.75,True,True,True,False,TRANSPORT_REVERSAL
POLICY_DEVELOPMENT-TOP_K-820180,TOP_K,NULL,0.0,10000,12,8,2,1,0.45,0.0,0.25,5,0.18,40,0.01,POLICY_DEVELOPMENT,820180,gaussian_mixture_v1.1,0.8,False,False,False,False,BENCHMARK_SPECIFIC_REVERSAL
POLICY_DEVELOPMENT-TOP_K-820181,TOP_K,SUPPORTED,0.025,1000000,12,8,2,1,0.45,0.0,0.25,5,0.18,40,0.01,POLICY_DEVELOPMENT,820181,gaussian_mixture_v1.2,0.85,True,True,True,False,VERY_HIGH_MULTIPLICITY
POLICY_DEVELOPMENT-TOP_K-820182,TOP_K,SUPPORTED,0.06,500,12,8,2,1,0.85,0.0,0.25,5,0.18,40,0.01,POLICY_DEVELOPMENT,820182,gaussian_mixture_v1.3,0.9,True,True,True,False,NEARLY_TIED_TOP_K
POLICY_DEVELOPMENT-TOP_K-820183,TOP_K,NULL,0.0,10000,36,24,2,1,0.85,0.0,0.25,5,0.18,40,0.01,POLICY_DEVELOPMENT,820183,gaussian_mixture_v1.1,0.95,True,True,True,False,HIGH_RAW_LOW_EFFECTIVE_N
POLICY_DEVELOPMENT-TOP_K-820184,TOP_K,SUPPORTED,0.025,1000000,36,24,2,1,0.05,0.0,0.25,5,0.18,40,0.01,POLICY_DEVELOPMENT,820184,gaussian_mixture_v1.2,0.6,False,True,True,False,SMALL_EFFECT_HUGE_RAW_N
POLICY_DEVELOPMENT-TOP_K-820185,TOP_K,SUPPORTED,0.06,500,36,24,4,1,0.05,0.0,0.25,5,0.18,1,0.01,POLICY_DEVELOPMENT,820185,gaussian_mixture_v1.3,0.65,True,False,True,False,LARGE_EFFECT_SMALL_PANEL
POLICY_DEVELOPMENT-TOP_K-820186,TOP_K,NULL,0.0,10000,96,24,4,1,0.45,0.0,0.25,1,0.18,1,0.01,POLICY_DEVELOPMENT,820186,gaussian_mixture_v1.1,0.7,True,True,False,False,EXTREME_FAMILY_IMBALANCE
POLICY_DEVELOPMENT-TOP_K-820187,TOP_K,SUPPORTED,0.025,1000000,96,24,4,1,0.45,0.0,0.25,1,0.18,1,0.01,POLICY_DEVELOPMENT,820187,gaussian_mixture_v1.2,0.75,True,True,True,False,ONE_DOMINANT_FAMILY
POLICY_DEVELOPMENT-TOP_K-820188,TOP_K,SUPPORTED,0.06,500,96,24,4,3,0.85,0.0,0.25,1,0.18,1,0.01,POLICY_DEVELOPMENT,820188,gaussian_mixture_v1.3,0.8,False,True,True,False,TRANSPORT_REVERSAL
POLICY_DEVELOPMENT-TOP_K-820189,TOP_K,NULL,0.0,10000,12,24,4,3,0.85,0.0,0.03,1,0.18,1,0.01,POLICY_DEVELOPMENT,820189,gaussian_mixture_v1.1,0.85,True,True,True,False,BENCHMARK_SPECIFIC_REVERSAL
POLICY_DEVELOPMENT-TOP_K-820190,TOP_K,SUPPORTED,0.025,1000000,12,60,6,3,0.05,0.0,0.03,1,0.18,1,0.01,POLICY_DEVELOPMENT,820190,gaussian_mixture_v1.2,0.9,True,False,True,False,VERY_HIGH_MULTIPLICITY
POLICY_DEVELOPMENT-TOP_K-820191,TOP_K,SUPPORTED,0.06,500,12,60,6,3,0.05,0.0,0.03,1,0.18,1,0.01,POLICY_DEVELOPMENT,820191,gaussian_mixture_v1.3,0.95,True,True,True,False,NEARLY_TIED_TOP_K
POLICY_DEVELOPMENT-TOP_K-820192,TOP_K,NULL,0.0,10000,36,60,6,3,0.45,0.0,0.03,1,0.18,1,0.01,POLICY_DEVELOPMENT,820192,gaussian_mixture_v1.1,0.6,False,True,False,False,HIGH_RAW_LOW_EFFECTIVE_N
POLICY_DEVELOPMENT-TOP_K-820193,TOP_K,SUPPORTED,0.025,1000000,36,60,6,3,0.45,0.0,0.03,1,0.18,1,0.01,POLICY_DEVELOPMENT,820193,gaussian_mixture_v1.2,0.65,True,True,True,False,SMALL_EFFECT_HUGE_RAW_N
POLICY_DEVELOPMENT-TOP_K-820194,TOP_K,SUPPORTED,0.06,500,36,60,6,3,0.85,0.0,0.03,1,0.18,1,0.01,POLICY_DEVELOPMENT,820194,gaussian_mixture_v1.3,0.7,True,True,True,False,LARGE_EFFECT_SMALL_PANEL
POLICY_DEVELOPMENT-TOP_K-820195,TOP_K,NULL,0.0,10000,96,60,10,3,0.85,0.0,0.03,1,0.18,1,0.01,POLICY_DEVELOPMENT,820195,gaussian_mixture_v1.1,0.75,True,False,True,False,EXTREME_FAMILY_IMBALANCE
POLICY_DEVELOPMENT-TOP_K-820196,TOP_K,SUPPORTED,0.025,1000000,96,60,10,3,0.05,0.5,0.03,1,0.18,1,0.01,POLICY_DEVELOPMENT,820196,gaussian_mixture_v1.2,0.8,False,True,True,False,ONE_DOMINANT_FAMILY
POLICY_DEVELOPMENT-TOP_K-820197,TOP_K,SUPPORTED,0.06,500,96,2,10,3,0.05,0.5,0.03,3,0.18,1,0.01,POLICY_DEVELOPMENT,820197,gaussian_mixture_v1.3,0.85,True,True,True,False,TRANSPORT_REVERSAL
POLICY_DEVELOPMENT-TOP_K-820198,TOP_K,NULL,0.0,10000,12,2,10,3,0.45,0.5,0.03,3,0.18,12,0.01,POLICY_DEVELOPMENT,820198,gaussian_mixture_v1.1,0.9,True,True,False,False,BENCHMARK_SPECIFIC_REVERSAL
POLICY_DEVELOPMENT-TOP_K-820199,TOP_K,SUPPORTED,0.025,1000000,12,2,10,3,0.45,0.5,0.03,3,0.18,12,0.01,POLICY_DEVELOPMENT,820199,gaussian_mixture_v1.2,0.95,True,True,True,False,VERY_HIGH_MULTIPLICITY
POLICY_DEVELOPMENT-TOP_K-820200,TOP_K,SUPPORTED,0.06,500,12,2,2,3,0.85,0.5,0.03,3,0.18,12,0.01,POLICY_DEVELOPMENT,820200,gaussian_mixture_v1.3,0.6,False,False,True,False,NEARLY_TIED_TOP_K
POLICY_DEVELOPMENT-TOP_K-820201,TOP_K,NULL,0.0,10000,36,2,2,3,0.85,0.5,0.03,3,0.18,12,0.01,POLICY_DEVELOPMENT,820201,gaussian_mixture_v1.1,0.65,True,True,True,False,HIGH_RAW_LOW_EFFECTIVE_N
POLICY_DEVELOPMENT-TOP_K-820202,TOP_K,SUPPORTED,0.025,1000000,36,2,2,3,0.05,0.5,0.03,3,0.18,12,0.01,POLICY_DEVELOPMENT,820202,gaussian_mixture_v1.2,0.7,True,True,True,False,SMALL_EFFECT_HUGE_RAW_N
POLICY_DEVELOPMENT-TOP_K-820203,TOP_K,SUPPORTED,0.06,500,36,2,2,3,0.05,0.5,0.03,3,0.18,12,0.01,POLICY_DEVELOPMENT,820203,gaussian_mixture_v1.3,0.75,True,True,True,False,LARGE_EFFECT_SMALL_PANEL
POLICY_DEVELOPMENT-TOP_K-820204,TOP_K,NULL,0.0,10000,96,8,2,3,0.45,0.5,0.03,3,0.18,12,0.01,POLICY_DEVELOPMENT,820204,gaussian_mixture_v1.1,0.8,False,True,False,False,EXTREME_FAMILY_IMBALANCE
POLICY_DEVELOPMENT-TOP_K-820205,TOP_K,SUPPORTED,0.025,1000000,96,8,4,8,0.45,0.5,0.03,3,0.18,12,0.01,POLICY_DEVELOPMENT,820205,gaussian_mixture_v1.2,0.85,True,False,True,False,ONE_DOMINANT_FAMILY
POLICY_DEVELOPMENT-TOP_K-820206,TOP_K,SUPPORTED,0.06,500,96,8,4,8,0.85,0.5,0.03,3,0.18,12,0.01,POLICY_DEVELOPMENT,820206,gaussian_mixture_v1.3,0.9,True,True,True,False,TRANSPORT_REVERSAL
POLICY_DEVELOPMENT-TOP_K-820207,TOP_K,NULL,0.0,10000,12,8,4,8,0.85,0.5,0.03,3,0.08,12,0.01,POLICY_DEVELOPMENT,820207,gaussian_mixture_v1.1,0.95,True,True,True,False,BENCHMARK_SPECIFIC_REVERSAL
POLICY_DEVELOPMENT-TOP_K-820208,TOP_K,SUPPORTED,0.025,1000000,12,8,4,8,0.05,0.5,0.03,5,0.08,12,0.01,POLICY_DEVELOPMENT,820208,gaussian_mixture_v1.2,0.6,False,True,True,False,VERY_HIGH_MULTIPLICITY
POLICY_DEVELOPMENT-TOP_K-820209,TOP_K,SUPPORTED,0.06,500,12,8,4,8,0.05,0.5,0.03,5,0.08,12,0.01,POLICY_DEVELOPMENT,820209,gaussian_mixture_v1.3,0.65,True,True,True,False,NEARLY_TIED_TOP_K
POLICY_DEVELOPMENT-TOP_K-820210,TOP_K,NULL,0.0,10000,36,8,6,8,0.45,0.5,0.03,5,0.08,12,0.01,POLICY_DEVELOPMENT,820210,gaussian_mixture_v1.1,0.7,True,False,False,False,HIGH_RAW_LOW_EFFECTIVE_N
POLICY_DEVELOPMENT-TOP_K-820211,TOP_K,SUPPORTED,0.025,1000000,36,24,6,8,0.45,0.5,0.03,5,0.08,40,0.01,POLICY_DEVELOPMENT,820211,gaussian_mixture_v1.2,0.75,True,True,True,False,SMALL_EFFECT_HUGE_RAW_N
POLICY_DEVELOPMENT-TOP_K-820212,TOP_K,SUPPORTED,0.06,500,36,24,6,8,0.85,0.5,0.1,5,0.08,40,0.01,POLICY_DEVELOPMENT,820212,gaussian_mixture_v1.3,0.8,False,True,True,False,LARGE_EFFECT_SMALL_PANEL
POLICY_DEVELOPMENT-TOP_K-820213,TOP_K,NULL,0.0,10000,96,24,6,8,0.85,0.5,0.1,5,0.08,40,0.01,POLICY_DEVELOPMENT,820213,gaussian_mixture_v1.1,0.85,True,True,True,False,EXTREME_FAMILY_IMBALANCE
POLICY_DEVELOPMENT-TOP_K-820214,TOP_K,SUPPORTED,0.025,1000000,96,24,6,8,0.05,0.5,0.1,5,0.08,40,0.01,POLICY_DEVELOPMENT,820214,gaussian_mixture_v1.2,0.9,True,True,True,False,ONE_DOMINANT_FAMILY
POLICY_DEVELOPMENT-TOP_K-820215,TOP_K,SUPPORTED,0.06,500,96,24,10,8,0.05,0.9,0.1,5,0.08,40,0.01,POLICY_DEVELOPMENT,820215,gaussian_mixture_v1.3,0.95,True,False,True,False,TRANSPORT_REVERSAL
POLICY_DEVELOPMENT-TOP_K-820216,TOP_K,NULL,0.0,10000,12,24,10,8,0.45,0.9,0.1,5,0.08,40,0.01,POLICY_DEVELOPMENT,820216,gaussian_mixture_v1.1,0.6,False,True,False,False,BENCHMARK_SPECIFIC_REVERSAL
POLICY_DEVELOPMENT-TOP_K-820217,TOP_K,SUPPORTED,0.025,1000000,12,24,10,8,0.45,0.9,0.1,5,0.08,40,0.01,POLICY_DEVELOPMENT,820217,gaussian_mixture_v1.2,0.65,True,True,True,False,VERY_HIGH_MULTIPLICITY
POLICY_DEVELOPMENT-TOP_K-820218,TOP_K,SUPPORTED,0.06,500,12,60,10,8,0.85,0.9,0.1,5,0.08,40,0.01,POLICY_DEVELOPMENT,820218,gaussian_mixture_v1.3,0.7,True,True,True,False,NEARLY_TIED_TOP_K
POLICY_DEVELOPMENT-TOP_K-820219,TOP_K,NULL,0.0,10000,36,60,10,8,0.85,0.9,0.1,1,0.08,40,0.01,POLICY_DEVELOPMENT,820219,gaussian_mixture_v1.1,0.75,True,True,True,False,HIGH_RAW_LOW_EFFECTIVE_N
POLICY_DEVELOPMENT-TOP_K-820220,TOP_K,SUPPORTED,0.025,1000000,36,60,2,8,0.05,0.9,0.1,1,0.08,40,0.01,POLICY_DEVELOPMENT,820220,gaussian_mixture_v1.2,0.8,False,False,True,False,SMALL_EFFECT_HUGE_RAW_N
POLICY_DEVELOPMENT-TOP_K-820221,TOP_K,SUPPORTED,0.06,500,36,60,2,8,0.05,0.9,0.1,1,0.08,40,0.01,POLICY_DEVELOPMENT,820221,gaussian_mixture_v1.3,0.85,True,True,True,False,LARGE_EFFECT_SMALL_PANEL
POLICY_DEVELOPMENT-TOP_K-820222,TOP_K,NULL,0.0,10000,96,60,2,1,0.45,0.9,0.1,1,0.08,40,0.01,POLICY_DEVELOPMENT,820222,gaussian_mixture_v1.1,0.9,True,True,False,False,EXTREME_FAMILY_IMBALANCE
POLICY_DEVELOPMENT-TOP_K-820223,TOP_K,SUPPORTED,0.025,1000000,96,60,2,1,0.45,0.9,0.1,1,0.08,40,0.01,POLICY_DEVELOPMENT,820223,gaussian_mixture_v1.2,0.95,True,True,True,False,ONE_DOMINANT_FAMILY
POLICY_DEVELOPMENT-TOP_K-820224,TOP_K,SUPPORTED,0.06,500,96,60,2,1,0.85,0.9,0.1,1,0.08,1,0.01,POLICY_DEVELOPMENT,820224,gaussian_mixture_v1.3,0.6,False,True,True,False,TRANSPORT_REVERSAL
POLICY_DEVELOPMENT-TOP_K-820225,TOP_K,NULL,0.0,10000,12,2,4,1,0.85,0.9,0.1,1,0.08,1,0.01,POLICY_DEVELOPMENT,820225,gaussian_mixture_v1.1,0.65,True,False,True,False,BENCHMARK_SPECIFIC_REVERSAL
POLICY_DEVELOPMENT-TOP_K-820226,TOP_K,SUPPORTED,0.025,1000000,12,2,4,1,0.05,0.9,0.1,1,0.08,1,0.01,POLICY_DEVELOPMENT,820226,gaussian_mixture_v1.2,0.7,True,True,True,False,VERY_HIGH_MULTIPLICITY
POLICY_DEVELOPMENT-TOP_K-820227,TOP_K,SUPPORTED,0.06,500,12,2,4,1,0.05,0.9,0.1,1,0.08,1,0.01,POLICY_DEVELOPMENT,820227,gaussian_mixture_v1.3,0.75,True,True,True,False,NEARLY_TIED_TOP_K
POLICY_DEVELOPMENT-TOP_K-820228,TOP_K,NULL,0.0,10000,36,2,4,1,0.45,0.9,0.1,1,0.08,1,0.01,POLICY_DEVELOPMENT,820228,gaussian_mixture_v1.1,0.8,False,True,False,False,HIGH_RAW_LOW_EFFECTIVE_N
POLICY_DEVELOPMENT-TOP_K-820229,TOP_K,SUPPORTED,0.025,1000000,36,2,4,1,0.45,0.9,0.1,1,0.08,1,0.01,POLICY_DEVELOPMENT,820229,gaussian_mixture_v1.2,0.85,True,True,True,False,SMALL_EFFECT_HUGE_RAW_N
POLICY_DEVELOPMENT-TOP_K-820230,TOP_K,SUPPORTED,0.06,500,36,2,6,1,0.85,0.9,0.1,3,0.08,1,0.01,POLICY_DEVELOPMENT,820230,gaussian_mixture_v1.3,0.9,True,False,True,False,LARGE_EFFECT_SMALL_PANEL
POLICY_DEVELOPMENT-TOP_K-820231,TOP_K,NULL,0.0,10000,96,2,6,1,0.85,0.9,0.1,3,0.08,1,0.01,POLICY_DEVELOPMENT,820231,gaussian_mixture_v1.1,0.95,True,True,True,False,EXTREME_FAMILY_IMBALANCE
POLICY_DEVELOPMENT-TOP_K-820232,TOP_K,SUPPORTED,0.025,1000000,96,8,6,1,0.05,0.9,0.1,3,0.08,1,0.01,POLICY_DEVELOPMENT,820232,gaussian_mixture_v1.2,0.6,False,True,True,False,ONE_DOMINANT_FAMILY
POLICY_DEVELOPMENT-TOP_K-820233,TOP_K,SUPPORTED,0.06,500,96,8,6,1,0.05,0.9,0.1,3,0.08,1,0.01,POLICY_DEVELOPMENT,820233,gaussian_mixture_v1.3,0.65,True,True,True,False,TRANSPORT_REVERSAL
POLICY_DEVELOPMENT-TOP_K-820234,TOP_K,NULL,0.0,10000,12,8,6,1,0.45,0.0,0.1,3,0.08,1,0.01,POLICY_DEVELOPMENT,820234,gaussian_mixture_v1.1,0.7,True,True,False,False,BENCHMARK_SPECIFIC_REVERSAL
POLICY_DEVELOPMENT-TOP_K-820235,TOP_K,SUPPORTED,0.025,1000000,12,8,10,1,0.45,0.0,0.25,3,0.08,1,0.01,POLICY_DEVELOPMENT,820235,gaussian_mixture_v1.2,0.75,True,False,True,False,VERY_HIGH_MULTIPLICITY
POLICY_DEVELOPMENT-TOP_K-820236,TOP_K,SUPPORTED,0.06,500,12,8,10,1,0.85,0.0,0.25,3,0.12,1,0.01,POLICY_DEVELOPMENT,820236,gaussian_mixture_v1.3,0.8,False,True,True,False,NEARLY_TIED_TOP_K
POLICY_DEVELOPMENT-TOP_K-820237,TOP_K,NULL,0.0,10000,36,8,10,1,0.85,0.0,0.25,3,0.12,12,0.01,POLICY_DEVELOPMENT,820237,gaussian_mixture_v1.1,0.85,True,True,True,False,HIGH_RAW_LOW_EFFECTIVE_N
POLICY_DEVELOPMENT-TOP_K-820238,TOP_K,SUPPORTED,0.025,1000000,36,8,10,1,0.05,0.0,0.25,3,0.12,12,0.01,POLICY_DEVELOPMENT,820238,gaussian_mixture_v1.2,0.9,True,True,True,False,SMALL_EFFECT_HUGE_RAW_N
POLICY_DEVELOPMENT-TOP_K-820239,TOP_K,SUPPORTED,0.06,500,36,24,10,3,0.05,0.0,0.25,3,0.12,12,0.01,POLICY_DEVELOPMENT,820239,gaussian_mixture_v1.3,0.95,True,True,True,False,LARGE_EFFECT_SMALL_PANEL
POLICY_DEVELOPMENT-THRESHOLD_PASS-820240,THRESHOLD_PASS,NULL,0.0,1000000,96,24,2,1,0.85,0.0,0.03,1,0.08,40,0.01,POLICY_DEVELOPMENT,820240,gaussian_mixture_v1.1,0.6,False,False,False,False,HIGH_RAW_LOW_EFFECTIVE_N
POLICY_DEVELOPMENT-THRESHOLD_PASS-820241,THRESHOLD_PASS,SUPPORTED,0.025,500,96,24,2,1,0.85,0.0,0.03,1,0.08,40,0.01,POLICY_DEVELOPMENT,820241,gaussian_mixture_v1.2,0.65,True,True,True,False,SMALL_EFFECT_HUGE_RAW_N
POLICY_DEVELOPMENT-THRESHOLD_PASS-820242,THRESHOLD_PASS,SUPPORTED,0.06,10000,96,24,2,1,0.05,0.0,0.03,1,0.08,40,0.01,POLICY_DEVELOPMENT,820242,gaussian_mixture_v1.3,0.7,True,True,True,False,LARGE_EFFECT_SMALL_PANEL
POLICY_DEVELOPMENT-THRESHOLD_PASS-820243,THRESHOLD_PASS,NULL,0.0,1000000,12,24,2,1,0.05,0.0,0.03,1,0.08,40,0.01,POLICY_DEVELOPMENT,820243,gaussian_mixture_v1.1,0.75,True,True,True,False,EXTREME_FAMILY_IMBALANCE
POLICY_DEVELOPMENT-THRESHOLD_PASS-820244,THRESHOLD_PASS,SUPPORTED,0.025,500,12,24,2,1,0.45,0.0,0.03,1,0.08,40,0.01,POLICY_DEVELOPMENT,820244,gaussian_mixture_v1.2,0.8,False,True,True,False,ONE_DOMINANT_FAMILY
POLICY_DEVELOPMENT-THRESHOLD_PASS-820245,THRESHOLD_PASS,SUPPORTED,0.06,10000,12,24,4,1,0.45,0.0,0.03,1,0.08,40,0.01,POLICY_DEVELOPMENT,820245,gaussian_mixture_v1.3,0.85,True,False,True,False,TRANSPORT_REVERSAL
POLICY_DEVELOPMENT-THRESHOLD_PASS-820246,THRESHOLD_PASS,NULL,0.0,1000000,36,24,4,1,0.85,0.0,0.03,1,0.08,40,0.01,POLICY_DEVELOPMENT,820246,gaussian_mixture_v1.1,0.9,True,True,False,False,BENCHMARK_SPECIFIC_REVERSAL
POLICY_DEVELOPMENT-THRESHOLD_PASS-820247,THRESHOLD_PASS,SUPPORTED,0.025,500,36,60,4,1,0.85,0.0,0.03,1,0.08,40,0.01,POLICY_DEVELOPMENT,820247,gaussian_mixture_v1.2,0.95,True,True,True,False,VERY_HIGH_MULTIPLICITY
POLICY_DEVELOPMENT-THRESHOLD_PASS-820248,THRESHOLD_PASS,SUPPORTED,0.06,10000,36,60,4,1,0.05,0.0,0.03,1,0.08,40,0.01,POLICY_DEVELOPMENT,820248,gaussian_mixture_v1.3,0.6,False,True,True,False,NEARLY_TIED_TOP_K
POLICY_DEVELOPMENT-THRESHOLD_PASS-820249,THRESHOLD_PASS,NULL,0.0,1000000,96,60,4,1,0.05,0.0,0.03,1,0.08,40,0.01,POLICY_DEVELOPMENT,820249,gaussian_mixture_v1.1,0.65,True,True,True,False,HIGH_RAW_LOW_EFFECTIVE_N
POLICY_DEVELOPMENT-THRESHOLD_PASS-820250,THRESHOLD_PASS,SUPPORTED,0.025,500,96,60,6,1,0.45,0.0,0.03,1,0.08,40,0.01,POLICY_DEVELOPMENT,820250,gaussian_mixture_v1.2,0.7,True,False,True,False,SMALL_EFFECT_HUGE_RAW_N
POLICY_DEVELOPMENT-THRESHOLD_PASS-820251,THRESHOLD_PASS,SUPPORTED,0.06,10000,96,60,6,1,0.45,0.0,0.03,3,0.08,40,0.01,POLICY_DEVELOPMENT,820251,gaussian_mixture_v1.3,0.75,True,True,True,False,LARGE_EFFECT_SMALL_PANEL
POLICY_DEVELOPMENT-THRESHOLD_PASS-820252,THRESHOLD_PASS,NULL,0.0,1000000,12,60,6,1,0.85,0.0,0.03,3,0.08,40,0.01,POLICY_DEVELOPMENT,820252,gaussian_mixture_v1.1,0.8,False,True,False,False,EXTREME_FAMILY_IMBALANCE
POLICY_DEVELOPMENT-THRESHOLD_PASS-820253,THRESHOLD_PASS,SUPPORTED,0.025,500,12,60,6,1,0.85,0.0,0.03,3,0.08,1,0.01,POLICY_DEVELOPMENT,820253,gaussian_mixture_v1.2,0.85,True,True,True,False,ONE_DOMINANT_FAMILY
POLICY_DEVELOPMENT-THRESHOLD_PASS-820254,THRESHOLD_PASS,SUPPORTED,0.06,10000,12,2,6,1,0.05,0.0,0.03,3,0.08,1,0.01,POLICY_DEVELOPMENT,820254,gaussian_mixture_v1.3,0.9,True,True,True,False,TRANSPORT_REVERSAL
POLICY_DEVELOPMENT-THRESHOLD_PASS-820255,THRESHOLD_PASS,NULL,0.0,1000000,36,2,10,1,0.05,0.0,0.03,3,0.08,1,0.01,POLICY_DEVELOPMENT,820255,gaussian_mixture_v1.1,0.95,True,False,True,False,BENCHMARK_SPECIFIC_REVERSAL
POLICY_DEVELOPMENT-THRESHOLD_PASS-820256,THRESHOLD_PASS,SUPPORTED,0.025,500,36,2,10,1,0.45,0.0,0.03,3,0.08,1,0.01,POLICY_DEVELOPMENT,820256,gaussian_mixture_v1.2,0.6,False,True,True,False,VERY_HIGH_MULTIPLICITY
POLICY_DEVELOPMENT-THRESHOLD_PASS-820257,THRESHOLD_PASS,SUPPORTED,0.06,10000,36,2,10,3,0.45,0.0,0.03,3,0.08,1,0.01,POLICY_DEVELOPMENT,820257,gaussian_mixture_v1.3,0.65,True,True,True,False,NEARLY_TIED_TOP_K
POLICY_DEVELOPMENT-THRESHOLD_PASS-820258,THRESHOLD_PASS,NULL,0.0,1000000,96,2,10,3,0.85,0.0,0.03,3,0.08,1,0.01,POLICY_DEVELOPMENT,820258,gaussian_mixture_v1.1,0.7,True,True,False,False,HIGH_RAW_LOW_EFFECTIVE_N
POLICY_DEVELOPMENT-THRESHOLD_PASS-820259,THRESHOLD_PASS,SUPPORTED,0.025,500,96,2,10,3,0.85,0.5,0.03,3,0.08,1,0.01,POLICY_DEVELOPMENT,820259,gaussian_mixture_v1.2,0.75,True,True,True,False,SMALL_EFFECT_HUGE_RAW_N
POLICY_DEVELOPMENT-THRESHOLD_PASS-820260,THRESHOLD_PASS,SUPPORTED,0.06,10000,96,2,2,3,0.05,0.5,0.03,3,0.08,1,0.01,POLICY_DEVELOPMENT,820260,gaussian_mixture_v1.3,0.8,False,False,True,False,LARGE_EFFECT_SMALL_PANEL
POLICY_DEVELOPMENT-THRESHOLD_PASS-820261,THRESHOLD_PASS,NULL,0.0,1000000,12,8,2,3,0.05,0.5,0.03,3,0.08,1,0.01,POLICY_DEVELOPMENT,820261,gaussian_mixture_v1.1,0.85,True,True,True,False,EXTREME_FAMILY_IMBALANCE
POLICY_DEVELOPMENT-THRESHOLD_PASS-820262,THRESHOLD_PASS,SUPPORTED,0.025,500,12,8,2,3,0.45,0.5,0.03,5,0.08,1,0.01,POLICY_DEVELOPMENT,820262,gaussian_mixture_v1.2,0.9,True,True,True,False,ONE_DOMINANT_FAMILY
POLICY_DEVELOPMENT-THRESHOLD_PASS-820263,THRESHOLD_PASS,SUPPORTED,0.06,10000,12,8,2,3,0.45,0.5,0.1,5,0.08,1,0.01,POLICY_DEVELOPMENT,820263,gaussian_mixture_v1.3,0.95,True,True,True,False,TRANSPORT_REVERSAL
POLICY_DEVELOPMENT-THRESHOLD_PASS-820264,THRESHOLD_PASS,NULL,0.0,1000000,36,8,2,3,0.85,0.5,0.1,5,0.08,1,0.01,POLICY_DEVELOPMENT,820264,gaussian_mixture_v1.1,0.6,False,True,False,False,BENCHMARK_SPECIFIC_REVERSAL
POLICY_DEVELOPMENT-THRESHOLD_PASS-820265,THRESHOLD_PASS,SUPPORTED,0.025,500,36,8,4,3,0.85,0.5,0.1,5,0.08,1,0.01,POLICY_DEVELOPMENT,820265,gaussian_mixture_v1.2,0.65,True,False,True,False,VERY_HIGH_MULTIPLICITY
POLICY_DEVELOPMENT-THRESHOLD_PASS-820266,THRESHOLD_PASS,SUPPORTED,0.06,10000,36,8,4,3,0.05,0.5,0.1,5,0.08,12,0.01,POLICY_DEVELOPMENT,820266,gaussian_mixture_v1.3,0.7,True,True,True,False,NEARLY_TIED_TOP_K
POLICY_DEVELOPMENT-THRESHOLD_PASS-820267,THRESHOLD_PASS,NULL,0.0,1000000,96,8,4,3,0.05,0.5,0.1,5,0.08,12,0.01,POLICY_DEVELOPMENT,820267,gaussian_mixture_v1.1,0.75,True,True,True,False,HIGH_RAW_LOW_EFFECTIVE_N
POLICY_DEVELOPMENT-THRESHOLD_PASS-820268,THRESHOLD_PASS,SUPPORTED,0.025,500,96,24,4,3,0.45,0.5,0.1,5,0.08,12,0.01,POLICY_DEVELOPMENT,820268,gaussian_mixture_v1.2,0.8,False,True,True,False,SMALL_EFFECT_HUGE_RAW_N
POLICY_DEVELOPMENT-THRESHOLD_PASS-820269,THRESHOLD_PASS,SUPPORTED,0.06,10000,96,24,4,3,0.45,0.5,0.1,5,0.12,12,0.01,POLICY_DEVELOPMENT,820269,gaussian_mixture_v1.3,0.85,True,True,True,False,LARGE_EFFECT_SMALL_PANEL
POLICY_DEVELOPMENT-THRESHOLD_PASS-820270,THRESHOLD_PASS,NULL,0.0,1000000,12,24,6,3,0.85,0.5,0.1,5,0.12,12,0.01,POLICY_DEVELOPMENT,820270,gaussian_mixture_v1.1,0.9,True,False,False,False,EXTREME_FAMILY_IMBALANCE
POLICY_DEVELOPMENT-THRESHOLD_PASS-820271,THRESHOLD_PASS,SUPPORTED,0.025,500,12,24,6,3,0.85,0.5,0.1,5,0.12,12,0.01,POLICY_DEVELOPMENT,820271,gaussian_mixture_v1.2,0.95,True,True,True,False,ONE_DOMINANT_FAMILY
POLICY_DEVELOPMENT-THRESHOLD_PASS-820272,THRESHOLD_PASS,SUPPORTED,0.06,10000,12,24,6,3,0.05,0.5,0.1,5,0.12,12,0.01,POLICY_DEVELOPMENT,820272,gaussian_mixture_v1.3,0.6,False,True,True,False,TRANSPORT_REVERSAL
POLICY_DEVELOPMENT-THRESHOLD_PASS-820273,THRESHOLD_PASS,NULL,0.0,1000000,36,24,6,3,0.05,0.5,0.1,1,0.12,12,0.01,POLICY_DEVELOPMENT,820273,gaussian_mixture_v1.1,0.65,True,True,True,False,BENCHMARK_SPECIFIC_REVERSAL
POLICY_DEVELOPMENT-THRESHOLD_PASS-820274,THRESHOLD_PASS,SUPPORTED,0.025,500,36,24,6,8,0.45,0.5,0.1,1,0.12,12,0.01,POLICY_DEVELOPMENT,820274,gaussian_mixture_v1.2,0.7,True,True,True,False,VERY_HIGH_MULTIPLICITY
POLICY_DEVELOPMENT-THRESHOLD_PASS-820275,THRESHOLD_PASS,SUPPORTED,0.06,10000,36,60,10,8,0.45,0.5,0.1,1,0.12,12,0.01,POLICY_DEVELOPMENT,820275,gaussian_mixture_v1.3,0.75,True,False,True,False,NEARLY_TIED_TOP_K
POLICY_DEVELOPMENT-THRESHOLD_PASS-820276,THRESHOLD_PASS,NULL,0.0,1000000,96,60,10,8,0.85,0.5,0.1,1,0.12,12,0.01,POLICY_DEVELOPMENT,820276,gaussian_mixture_v1.1,0.8,False,True,False,False,HIGH_RAW_LOW_EFFECTIVE_N
POLICY_DEVELOPMENT-THRESHOLD_PASS-820277,THRESHOLD_PASS,SUPPORTED,0.025,500,96,60,10,8,0.85,0.5,0.1,1,0.12,12,0.01,POLICY_DEVELOPMENT,820277,gaussian_mixture_v1.2,0.85,True,True,True,False,SMALL_EFFECT_HUGE_RAW_N
POLICY_DEVELOPMENT-THRESHOLD_PASS-820278,THRESHOLD_PASS,SUPPORTED,0.06,10000,96,60,10,8,0.05,0.9,0.1,1,0.12,12,0.01,POLICY_DEVELOPMENT,820278,gaussian_mixture_v1.3,0.9,True,True,True,False,LARGE_EFFECT_SMALL_PANEL
POLICY_DEVELOPMENT-THRESHOLD_PASS-820279,THRESHOLD_PASS,NULL,0.0,1000000,12,60,10,8,0.05,0.9,0.1,1,0.12,40,0.01,POLICY_DEVELOPMENT,820279,gaussian_mixture_v1.1,0.95,True,True,True,False,EXTREME_FAMILY_IMBALANCE
POLICY_DEVELOPMENT-THRESHOLD_PASS-820280,THRESHOLD_PASS,SUPPORTED,0.025,500,12,60,2,8,0.45,0.9,0.1,1,0.12,40,0.01,POLICY_DEVELOPMENT,820280,gaussian_mixture_v1.2,0.6,False,False,True,False,ONE_DOMINANT_FAMILY
POLICY_DEVELOPMENT-THRESHOLD_PASS-820281,THRESHOLD_PASS,SUPPORTED,0.06,10000,12,60,2,8,0.45,0.9,0.1,1,0.12,40,0.01,POLICY_DEVELOPMENT,820281,gaussian_mixture_v1.3,0.65,True,True,True,False,TRANSPORT_REVERSAL
POLICY_DEVELOPMENT-THRESHOLD_PASS-820282,THRESHOLD_PASS,NULL,0.0,1000000,36,2,2,8,0.85,0.9,0.1,1,0.12,40,0.01,POLICY_DEVELOPMENT,820282,gaussian_mixture_v1.1,0.7,True,True,False,False,BENCHMARK_SPECIFIC_REVERSAL
POLICY_DEVELOPMENT-THRESHOLD_PASS-820283,THRESHOLD_PASS,SUPPORTED,0.025,500,36,2,2,8,0.85,0.9,0.1,1,0.12,40,0.01,POLICY_DEVELOPMENT,820283,gaussian_mixture_v1.2,0.75,True,True,True,False,VERY_HIGH_MULTIPLICITY
POLICY_DEVELOPMENT-THRESHOLD_PASS-820284,THRESHOLD_PASS,SUPPORTED,0.06,10000,36,2,2,8,0.05,0.9,0.1,3,0.12,40,0.01,POLICY_DEVELOPMENT,820284,gaussian_mixture_v1.3,0.8,False,True,True,False,NEARLY_TIED_TOP_K
POLICY_DEVELOPMENT-THRESHOLD_PASS-820285,THRESHOLD_PASS,NULL,0.0,1000000,96,2,4,8,0.05,0.9,0.1,3,0.12,40,0.01,POLICY_DEVELOPMENT,820285,gaussian_mixture_v1.1,0.85,True,False,True,False,HIGH_RAW_LOW_EFFECTIVE_N
POLICY_DEVELOPMENT-THRESHOLD_PASS-820286,THRESHOLD_PASS,SUPPORTED,0.025,500,96,2,4,8,0.45,0.9,0.25,3,0.12,40,0.01,POLICY_DEVELOPMENT,820286,gaussian_mixture_v1.2,0.9,True,True,True,False,SMALL_EFFECT_HUGE_RAW_N
POLICY_DEVELOPMENT-THRESHOLD_PASS-820287,THRESHOLD_PASS,SUPPORTED,0.06,10000,96,2,4,8,0.45,0.9,0.25,3,0.12,40,0.01,POLICY_DEVELOPMENT,820287,gaussian_mixture_v1.3,0.95,True,True,True,False,LARGE_EFFECT_SMALL_PANEL
POLICY_DEVELOPMENT-THRESHOLD_PASS-820288,THRESHOLD_PASS,NULL,0.0,1000000,12,2,4,8,0.85,0.9,0.25,3,0.12,40,0.01,POLICY_DEVELOPMENT,820288,gaussian_mixture_v1.1,0.6,False,True,False,False,EXTREME_FAMILY_IMBALANCE
POLICY_DEVELOPMENT-THRESHOLD_PASS-820289,THRESHOLD_PASS,SUPPORTED,0.025,500,12,8,4,8,0.85,0.9,0.25,3,0.12,40,0.01,POLICY_DEVELOPMENT,820289,gaussian_mixture_v1.2,0.65,True,True,True,False,ONE_DOMINANT_FAMILY
POLICY_DEVELOPMENT-THRESHOLD_PASS-820290,THRESHOLD_PASS,SUPPORTED,0.06,10000,12,8,6,8,0.05,0.9,0.25,3,0.12,40,0.01,POLICY_DEVELOPMENT,820290,gaussian_mixture_v1.3,0.7,True,False,True,False,TRANSPORT_REVERSAL
POLICY_DEVELOPMENT-THRESHOLD_PASS-820291,THRESHOLD_PASS,NULL,0.0,1000000,36,8,6,1,0.05,0.9,0.25,3,0.12,40,0.01,POLICY_DEVELOPMENT,820291,gaussian_mixture_v1.1,0.75,True,True,True,False,BENCHMARK_SPECIFIC_REVERSAL
POLICY_DEVELOPMENT-THRESHOLD_PASS-820292,THRESHOLD_PASS,SUPPORTED,0.025,500,36,8,6,1,0.45,0.9,0.25,3,0.12,1,0.01,POLICY_DEVELOPMENT,820292,gaussian_mixture_v1.2,0.8,False,True,True,False,VERY_HIGH_MULTIPLICITY
POLICY_DEVELOPMENT-THRESHOLD_PASS-820293,THRESHOLD_PASS,SUPPORTED,0.06,10000,36,8,6,1,0.45,0.9,0.25,3,0.12,1,0.01,POLICY_DEVELOPMENT,820293,gaussian_mixture_v1.3,0.85,True,True,True,False,NEARLY_TIED_TOP_K
POLICY_DEVELOPMENT-THRESHOLD_PASS-820294,THRESHOLD_PASS,NULL,0.0,1000000,96,8,6,1,0.85,0.9,0.25,3,0.12,1,0.01,POLICY_DEVELOPMENT,820294,gaussian_mixture_v1.1,0.9,True,True,False,False,HIGH_RAW_LOW_EFFECTIVE_N
POLICY_DEVELOPMENT-THRESHOLD_PASS-820295,THRESHOLD_PASS,SUPPORTED,0.025,500,96,8,10,1,0.85,0.9,0.25,5,0.12,1,0.01,POLICY_DEVELOPMENT,820295,gaussian_mixture_v1.2,0.95,True,False,True,False,SMALL_EFFECT_HUGE_RAW_N
POLICY_DEVELOPMENT-THRESHOLD_PASS-820296,THRESHOLD_PASS,SUPPORTED,0.06,10000,96,24,10,1,0.05,0.9,0.25,5,0.12,1,0.01,POLICY_DEVELOPMENT,820296,gaussian_mixture_v1.3,0.6,False,True,True,False,LARGE_EFFECT_SMALL_PANEL
POLICY_DEVELOPMENT-THRESHOLD_PASS-820297,THRESHOLD_PASS,NULL,0.0,1000000,12,24,10,1,0.05,0.0,0.25,5,0.12,1,0.01,POLICY_DEVELOPMENT,820297,gaussian_mixture_v1.1,0.65,True,True,True,False,EXTREME_FAMILY_IMBALANCE
POLICY_DEVELOPMENT-THRESHOLD_PASS-820298,THRESHOLD_PASS,SUPPORTED,0.025,500,12,24,10,1,0.45,0.0,0.25,5,0.18,1,0.01,POLICY_DEVELOPMENT,820298,gaussian_mixture_v1.2,0.7,True,True,True,False,ONE_DOMINANT_FAMILY
POLICY_DEVELOPMENT-THRESHOLD_PASS-820299,THRESHOLD_PASS,SUPPORTED,0.06,10000,12,24,10,1,0.45,0.0,0.25,5,0.18,1,0.01,POLICY_DEVELOPMENT,820299,gaussian_mixture_v1.3,0.75,True,True,True,False,TRANSPORT_REVERSAL
POLICY_DEVELOPMENT-THRESHOLD_PASS-820300,THRESHOLD_PASS,NULL,0.0,1000000,36,24,2,1,0.85,0.0,0.25,5,0.18,1,0.01,POLICY_DEVELOPMENT,820300,gaussian_mixture_v1.1,0.8,False,False,False,False,BENCHMARK_SPECIFIC_REVERSAL
POLICY_DEVELOPMENT-THRESHOLD_PASS-820301,THRESHOLD_PASS,SUPPORTED,0.025,500,36,24,2,1,0.85,0.0,0.25,5,0.18,1,0.01,POLICY_DEVELOPMENT,820301,gaussian_mixture_v1.2,0.85,True,True,True,False,VERY_HIGH_MULTIPLICITY
POLICY_DEVELOPMENT-THRESHOLD_PASS-820302,THRESHOLD_PASS,SUPPORTED,0.06,10000,36,24,2,1,0.05,0.0,0.25,5,0.18,1,0.01,POLICY_DEVELOPMENT,820302,gaussian_mixture_v1.3,0.9,True,True,True,False,NEARLY_TIED_TOP_K
POLICY_DEVELOPMENT-THRESHOLD_PASS-820303,THRESHOLD_PASS,NULL,0.0,1000000,96,60,2,1,0.05,0.0,0.25,5,0.18,1,0.01,POLICY_DEVELOPMENT,820303,gaussian_mixture_v1.1,0.95,True,True,True,False,HIGH_RAW_LOW_EFFECTIVE_N
POLICY_DEVELOPMENT-THRESHOLD_PASS-820304,THRESHOLD_PASS,SUPPORTED,0.025,500,96,60,2,1,0.45,0.0,0.25,5,0.18,1,0.01,POLICY_DEVELOPMENT,820304,gaussian_mixture_v1.2,0.6,False,True,True,False,SMALL_EFFECT_HUGE_RAW_N
POLICY_DEVELOPMENT-THRESHOLD_PASS-820305,THRESHOLD_PASS,SUPPORTED,0.06,10000,96,60,4,1,0.45,0.0,0.25,5,0.18,12,0.01,POLICY_DEVELOPMENT,820305,gaussian_mixture_v1.3,0.65,True,False,True,False,LARGE_EFFECT_SMALL_PANEL
POLICY_DEVELOPMENT-THRESHOLD_PASS-820306,THRESHOLD_PASS,NULL,0.0,1000000,12,60,4,1,0.85,0.0,0.25,1,0.18,12,0.01,POLICY_DEVELOPMENT,820306,gaussian_mixture_v1.1,0.7,True,True,False,False,EXTREME_FAMILY_IMBALANCE
POLICY_DEVELOPMENT-THRESHOLD_PASS-820307,THRESHOLD_PASS,SUPPORTED,0.025,500,12,60,4,1,0.85,0.0,0.25,1,0.18,12,0.01,POLICY_DEVELOPMENT,820307,gaussian_mixture_v1.2,0.75,True,True,True,False,ONE_DOMINANT_FAMILY
POLICY_DEVELOPMENT-THRESHOLD_PASS-820308,THRESHOLD_PASS,SUPPORTED,0.06,10000,12,60,4,3,0.05,0.0,0.25,1,0.18,12,0.01,POLICY_DEVELOPMENT,820308,gaussian_mixture_v1.3,0.8,False,True,True,False,TRANSPORT_REVERSAL
POLICY_DEVELOPMENT-THRESHOLD_PASS-820309,THRESHOLD_PASS,NULL,0.0,1000000,36,60,4,3,0.05,0.0,0.03,1,0.18,12,0.01,POLICY_DEVELOPMENT,820309,gaussian_mixture_v1.1,0.85,True,True,True,False,BENCHMARK_SPECIFIC_REVERSAL
POLICY_DEVELOPMENT-THRESHOLD_PASS-820310,THRESHOLD_PASS,SUPPORTED,0.025,500,36,2,6,3,0.45,0.0,0.03,1,0.18,12,0.01,POLICY_DEVELOPMENT,820310,gaussian_mixture_v1.2,0.9,True,False,True,False,VERY_HIGH_MULTIPLICITY
POLICY_DEVELOPMENT-THRESHOLD_PASS-820311,THRESHOLD_PASS,SUPPORTED,0.06,10000,36,2,6,3,0.45,0.0,0.03,1,0.18,12,0.01,POLICY_DEVELOPMENT,820311,gaussian_mixture_v1.3,0.95,True,True,True,False,NEARLY_TIED_TOP_K
POLICY_DEVELOPMENT-THRESHOLD_PASS-820312,THRESHOLD_PASS,NULL,0.0,1000000,96,2,6,3,0.85,0.0,0.03,1,0.18,12,0.01,POLICY_DEVELOPMENT,820312,gaussian_mixture_v1.1,0.6,False,True,False,False,HIGH_RAW_LOW_EFFECTIVE_N
POLICY_DEVELOPMENT-THRESHOLD_PASS-820313,THRESHOLD_PASS,SUPPORTED,0.025,500,96,2,6,3,0.85,0.0,0.03,1,0.18,12,0.01,POLICY_DEVELOPMENT,820313,gaussian_mixture_v1.2,0.65,True,True,True,False,SMALL_EFFECT_HUGE_RAW_N
POLICY_DEVELOPMENT-THRESHOLD_PASS-820314,THRESHOLD_PASS,SUPPORTED,0.06,10000,96,2,6,3,0.05,0.0,0.03,1,0.18,12,0.01,POLICY_DEVELOPMENT,820314,gaussian_mixture_v1.3,0.7,True,True,True,False,LARGE_EFFECT_SMALL_PANEL
POLICY_DEVELOPMENT-THRESHOLD_PASS-820315,THRESHOLD_PASS,NULL,0.0,1000000,12,2,10,3,0.05,0.0,0.03,1,0.18,12,0.01,POLICY_DEVELOPMENT,820315,gaussian_mixture_v1.1,0.75,True,False,True,False,EXTREME_FAMILY_IMBALANCE
POLICY_DEVELOPMENT-THRESHOLD_PASS-820316,THRESHOLD_PASS,SUPPORTED,0.025,500,12,2,10,3,0.45,0.5,0.03,1,0.18,12,0.01,POLICY_DEVELOPMENT,820316,gaussian_mixture_v1.2,0.8,False,True,True,False,ONE_DOMINANT_FAMILY
POLICY_DEVELOPMENT-THRESHOLD_PASS-820317,THRESHOLD_PASS,SUPPORTED,0.06,10000,12,8,10,3,0.45,0.5,0.03,3,0.18,12,0.01,POLICY_DEVELOPMENT,820317,gaussian_mixture_v1.3,0.85,True,True,True,False,TRANSPORT_REVERSAL
POLICY_DEVELOPMENT-THRESHOLD_PASS-820318,THRESHOLD_PASS,NULL,0.0,1000000,36,8,10,3,0.85,0.5,0.03,3,0.18,40,0.01,POLICY_DEVELOPMENT,820318,gaussian_mixture_v1.1,0.9,True,True,False,False,BENCHMARK_SPECIFIC_REVERSAL
POLICY_DEVELOPMENT-THRESHOLD_PASS-820319,THRESHOLD_PASS,SUPPORTED,0.025,500,36,8,10,3,0.85,0.5,0.03,3,0.18,40,0.01,POLICY_DEVELOPMENT,820319,gaussian_mixture_v1.2,0.95,True,True,True,False,VERY_HIGH_MULTIPLICITY
POLICY_DEVELOPMENT-THRESHOLD_PASS-820320,THRESHOLD_PASS,SUPPORTED,0.06,10000,36,8,2,3,0.05,0.5,0.03,3,0.18,40,0.01,POLICY_DEVELOPMENT,820320,gaussian_mixture_v1.3,0.6,False,False,True,False,NEARLY_TIED_TOP_K
POLICY_DEVELOPMENT-THRESHOLD_PASS-820321,THRESHOLD_PASS,NULL,0.0,1000000,96,8,2,3,0.05,0.5,0.03,3,0.18,40,0.01,POLICY_DEVELOPMENT,820321,gaussian_mixture_v1.1,0.65,True,True,True,False,HIGH_RAW_LOW_EFFECTIVE_N
POLICY_DEVELOPMENT-THRESHOLD_PASS-820322,THRESHOLD_PASS,SUPPORTED,0.025,500,96,8,2,3,0.45,0.5,0.03,3,0.18,40,0.01,POLICY_DEVELOPMENT,820322,gaussian_mixture_v1.2,0.7,True,True,True,False,SMALL_EFFECT_HUGE_RAW_N
POLICY_DEVELOPMENT-THRESHOLD_PASS-820323,THRESHOLD_PASS,SUPPORTED,0.06,10000,96,8,2,3,0.45,0.5,0.03,3,0.18,40,0.01,POLICY_DEVELOPMENT,820323,gaussian_mixture_v1.3,0.75,True,True,True,False,LARGE_EFFECT_SMALL_PANEL
POLICY_DEVELOPMENT-THRESHOLD_PASS-820324,THRESHOLD_PASS,NULL,0.0,1000000,12,24,2,3,0.85,0.5,0.03,3,0.18,40,0.01,POLICY_DEVELOPMENT,820324,gaussian_mixture_v1.1,0.8,False,True,False,False,EXTREME_FAMILY_IMBALANCE
POLICY_DEVELOPMENT-THRESHOLD_PASS-820325,THRESHOLD_PASS,SUPPORTED,0.025,500,12,24,4,8,0.85,0.5,0.03,3,0.18,40,0.01,POLICY_DEVELOPMENT,820325,gaussian_mixture_v1.2,0.85,True,False,True,False,ONE_DOMINANT_FAMILY
POLICY_DEVELOPMENT-THRESHOLD_PASS-820326,THRESHOLD_PASS,SUPPORTED,0.06,10000,12,24,4,8,0.05,0.5,0.03,3,0.18,40,0.01,POLICY_DEVELOPMENT,820326,gaussian_mixture_v1.3,0.9,True,True,True,False,TRANSPORT_REVERSAL
POLICY_DEVELOPMENT-THRESHOLD_PASS-820327,THRESHOLD_PASS,NULL,0.0,1000000,36,24,4,8,0.05,0.5,0.03,3,0.08,40,0.01,POLICY_DEVELOPMENT,820327,gaussian_mixture_v1.1,0.95,True,True,True,False,BENCHMARK_SPECIFIC_REVERSAL
POLICY_DEVELOPMENT-THRESHOLD_PASS-820328,THRESHOLD_PASS,SUPPORTED,0.025,500,36,24,4,8,0.45,0.5,0.03,5,0.08,40,0.01,POLICY_DEVELOPMENT,820328,gaussian_mixture_v1.2,0.6,False,True,True,False,VERY_HIGH_MULTIPLICITY
POLICY_DEVELOPMENT-THRESHOLD_PASS-820329,THRESHOLD_PASS,SUPPORTED,0.06,10000,36,24,4,8,0.45,0.5,0.03,5,0.08,40,0.01,POLICY_DEVELOPMENT,820329,gaussian_mixture_v1.3,0.65,True,True,True,False,NEARLY_TIED_TOP_K
POLICY_DEVELOPMENT-THRESHOLD_PASS-820330,THRESHOLD_PASS,NULL,0.0,1000000,96,24,6,8,0.85,0.5,0.03,5,0.08,40,0.01,POLICY_DEVELOPMENT,820330,gaussian_mixture_v1.1,0.7,True,False,False,False,HIGH_RAW_LOW_EFFECTIVE_N
POLICY_DEVELOPMENT-THRESHOLD_PASS-820331,THRESHOLD_PASS,SUPPORTED,0.025,500,96,60,6,8,0.85,0.5,0.03,5,0.08,1,0.01,POLICY_DEVELOPMENT,820331,gaussian_mixture_v1.2,0.75,True,True,True,False,SMALL_EFFECT_HUGE_RAW_N
POLICY_DEVELOPMENT-THRESHOLD_PASS-820332,THRESHOLD_PASS,SUPPORTED,0.06,10000,96,60,6,8,0.05,0.5,0.1,5,0.08,1,0.01,POLICY_DEVELOPMENT,820332,gaussian_mixture_v1.3,0.8,False,True,True,False,LARGE_EFFECT_SMALL_PANEL
POLICY_DEVELOPMENT-THRESHOLD_PASS-820333,THRESHOLD_PASS,NULL,0.0,1000000,12,60,6,8,0.05,0.5,0.1,5,0.08,1,0.01,POLICY_DEVELOPMENT,820333,gaussian_mixture_v1.1,0.85,True,True,True,False,EXTREME_FAMILY_IMBALANCE
POLICY_DEVELOPMENT-THRESHOLD_PASS-820334,THRESHOLD_PASS,SUPPORTED,0.025,500,12,60,6,8,0.45,0.5,0.1,5,0.08,1,0.01,POLICY_DEVELOPMENT,820334,gaussian_mixture_v1.2,0.9,True,True,True,False,ONE_DOMINANT_FAMILY
POLICY_DEVELOPMENT-THRESHOLD_PASS-820335,THRESHOLD_PASS,SUPPORTED,0.06,10000,12,60,10,8,0.45,0.9,0.1,5,0.08,1,0.01,POLICY_DEVELOPMENT,820335,gaussian_mixture_v1.3,0.95,True,False,True,False,TRANSPORT_REVERSAL
POLICY_DEVELOPMENT-THRESHOLD_PASS-820336,THRESHOLD_PASS,NULL,0.0,1000000,36,60,10,8,0.85,0.9,0.1,5,0.08,1,0.01,POLICY_DEVELOPMENT,820336,gaussian_mixture_v1.1,0.6,False,True,False,False,BENCHMARK_SPECIFIC_REVERSAL
POLICY_DEVELOPMENT-THRESHOLD_PASS-820337,THRESHOLD_PASS,SUPPORTED,0.025,500,36,60,10,8,0.85,0.9,0.1,5,0.08,1,0.01,POLICY_DEVELOPMENT,820337,gaussian_mixture_v1.2,0.65,True,True,True,False,VERY_HIGH_MULTIPLICITY
POLICY_DEVELOPMENT-THRESHOLD_PASS-820338,THRESHOLD_PASS,SUPPORTED,0.06,10000,36,2,10,8,0.05,0.9,0.1,5,0.08,1,0.01,POLICY_DEVELOPMENT,820338,gaussian_mixture_v1.3,0.7,True,True,True,False,NEARLY_TIED_TOP_K
POLICY_DEVELOPMENT-THRESHOLD_PASS-820339,THRESHOLD_PASS,NULL,0.0,1000000,96,2,10,8,0.05,0.9,0.1,1,0.08,1,0.01,POLICY_DEVELOPMENT,820339,gaussian_mixture_v1.1,0.75,True,True,True,False,HIGH_RAW_LOW_EFFECTIVE_N
POLICY_DEVELOPMENT-THRESHOLD_PASS-820340,THRESHOLD_PASS,SUPPORTED,0.025,500,96,2,2,8,0.45,0.9,0.1,1,0.08,1,0.01,POLICY_DEVELOPMENT,820340,gaussian_mixture_v1.2,0.8,False,False,True,False,SMALL_EFFECT_HUGE_RAW_N
POLICY_DEVELOPMENT-THRESHOLD_PASS-820341,THRESHOLD_PASS,SUPPORTED,0.06,10000,96,2,2,8,0.45,0.9,0.1,1,0.08,1,0.01,POLICY_DEVELOPMENT,820341,gaussian_mixture_v1.3,0.85,True,True,True,False,LARGE_EFFECT_SMALL_PANEL
POLICY_DEVELOPMENT-THRESHOLD_PASS-820342,THRESHOLD_PASS,NULL,0.0,1000000,12,2,2,1,0.85,0.9,0.1,1,0.08,1,0.01,POLICY_DEVELOPMENT,820342,gaussian_mixture_v1.1,0.9,True,True,False,False,EXTREME_FAMILY_IMBALANCE
POLICY_DEVELOPMENT-THRESHOLD_PASS-820343,THRESHOLD_PASS,SUPPORTED,0.025,500,12,2,2,1,0.85,0.9,0.1,1,0.08,1,0.01,POLICY_DEVELOPMENT,820343,gaussian_mixture_v1.2,0.95,True,True,True,False,ONE_DOMINANT_FAMILY
POLICY_DEVELOPMENT-THRESHOLD_PASS-820344,THRESHOLD_PASS,SUPPORTED,0.06,10000,12,2,2,1,0.05,0.9,0.1,1,0.08,12,0.01,POLICY_DEVELOPMENT,820344,gaussian_mixture_v1.3,0.6,False,True,True,False,TRANSPORT_REVERSAL
POLICY_DEVELOPMENT-THRESHOLD_PASS-820345,THRESHOLD_PASS,NULL,0.0,1000000,36,8,4,1,0.05,0.9,0.1,1,0.08,12,0.01,POLICY_DEVELOPMENT,820345,gaussian_mixture_v1.1,0.65,True,False,True,False,BENCHMARK_SPECIFIC_REVERSAL
POLICY_DEVELOPMENT-THRESHOLD_PASS-820346,THRESHOLD_PASS,SUPPORTED,0.025,500,36,8,4,1,0.45,0.9,0.1,1,0.08,12,0.01,POLICY_DEVELOPMENT,820346,gaussian_mixture_v1.2,0.7,True,True,True,False,VERY_HIGH_MULTIPLICITY
POLICY_DEVELOPMENT-THRESHOLD_PASS-820347,THRESHOLD_PASS,SUPPORTED,0.06,10000,36,8,4,1,0.45,0.9,0.1,1,0.08,12,0.01,POLICY_DEVELOPMENT,820347,gaussian_mixture_v1.3,0.75,True,True,True,False,NEARLY_TIED_TOP_K
POLICY_DEVELOPMENT-THRESHOLD_PASS-820348,THRESHOLD_PASS,NULL,0.0,1000000,96,8,4,1,0.85,0.9,0.1,1,0.08,12,0.01,POLICY_DEVELOPMENT,820348,gaussian_mixture_v1.1,0.8,False,True,False,False,HIGH_RAW_LOW_EFFECTIVE_N
POLICY_DEVELOPMENT-THRESHOLD_PASS-820349,THRESHOLD_PASS,SUPPORTED,0.025,500,96,8,4,1,0.85,0.9,0.1,1,0.08,12,0.01,POLICY_DEVELOPMENT,820349,gaussian_mixture_v1.2,0.85,True,True,True,False,SMALL_EFFECT_HUGE_RAW_N
POLICY_DEVELOPMENT-THRESHOLD_PASS-820350,THRESHOLD_PASS,SUPPORTED,0.06,10000,96,8,6,1,0.05,0.9,0.1,3,0.08,12,0.01,POLICY_DEVELOPMENT,820350,gaussian_mixture_v1.3,0.9,True,False,True,False,LARGE_EFFECT_SMALL_PANEL
POLICY_DEVELOPMENT-THRESHOLD_PASS-820351,THRESHOLD_PASS,NULL,0.0,1000000,12,8,6,1,0.05,0.9,0.1,3,0.08,12,0.01,POLICY_DEVELOPMENT,820351,gaussian_mixture_v1.1,0.95,True,True,True,False,EXTREME_FAMILY_IMBALANCE
POLICY_DEVELOPMENT-THRESHOLD_PASS-820352,THRESHOLD_PASS,SUPPORTED,0.025,500,12,24,6,1,0.45,0.9,0.1,3,0.08,12,0.01,POLICY_DEVELOPMENT,820352,gaussian_mixture_v1.2,0.6,False,True,True,False,ONE_DOMINANT_FAMILY
POLICY_DEVELOPMENT-THRESHOLD_PASS-820353,THRESHOLD_PASS,SUPPORTED,0.06,10000,12,24,6,1,0.45,0.9,0.1,3,0.08,12,0.01,POLICY_DEVELOPMENT,820353,gaussian_mixture_v1.3,0.65,True,True,True,False,TRANSPORT_REVERSAL
POLICY_DEVELOPMENT-THRESHOLD_PASS-820354,THRESHOLD_PASS,NULL,0.0,1000000,36,24,6,1,0.85,0.0,0.1,3,0.08,12,0.01,POLICY_DEVELOPMENT,820354,gaussian_mixture_v1.1,0.7,True,True,False,False,BENCHMARK_SPECIFIC_REVERSAL
POLICY_DEVELOPMENT-THRESHOLD_PASS-820355,THRESHOLD_PASS,SUPPORTED,0.025,500,36,24,10,1,0.85,0.0,0.25,3,0.08,12,0.01,POLICY_DEVELOPMENT,820355,gaussian_mixture_v1.2,0.75,True,False,True,False,VERY_HIGH_MULTIPLICITY
POLICY_DEVELOPMENT-THRESHOLD_PASS-820356,THRESHOLD_PASS,SUPPORTED,0.06,10000,36,24,10,1,0.05,0.0,0.25,3,0.12,12,0.01,POLICY_DEVELOPMENT,820356,gaussian_mixture_v1.3,0.8,False,True,True,False,NEARLY_TIED_TOP_K
POLICY_DEVELOPMENT-THRESHOLD_PASS-820357,THRESHOLD_PASS,NULL,0.0,1000000,96,24,10,1,0.05,0.0,0.25,3,0.12,40,0.01,POLICY_DEVELOPMENT,820357,gaussian_mixture_v1.1,0.85,True,True,True,False,HIGH_RAW_LOW_EFFECTIVE_N
POLICY_DEVELOPMENT-THRESHOLD_PASS-820358,THRESHOLD_PASS,SUPPORTED,0.025,500,96,24,10,1,0.45,0.0,0.25,3,0.12,40,0.01,POLICY_DEVELOPMENT,820358,gaussian_mixture_v1.2,0.9,True,True,True,False,SMALL_EFFECT_HUGE_RAW_N
POLICY_DEVELOPMENT-THRESHOLD_PASS-820359,THRESHOLD_PASS,SUPPORTED,0.06,10000,96,60,10,3,0.45,0.0,0.25,3,0.12,40,0.01,POLICY_DEVELOPMENT,820359,gaussian_mixture_v1.3,0.95,True,True,True,False,LARGE_EFFECT_SMALL_PANEL
POLICY_DEVELOPMENT-ITEM_DIAGNOSTICS-820360,ITEM_DIAGNOSTICS,NULL,0.0,500,12,60,2,1,0.05,0.0,0.03,1,0.08,1,0.01,POLICY_DEVELOPMENT,820360,gaussian_mixture_v1.1,0.6,False,False,False,False,HIGH_RAW_LOW_EFFECTIVE_N
POLICY_DEVELOPMENT-ITEM_DIAGNOSTICS-820361,ITEM_DIAGNOSTICS,SUPPORTED,0.025,10000,12,60,2,1,0.05,0.0,0.03,1,0.08,1,0.01,POLICY_DEVELOPMENT,820361,gaussian_mixture_v1.2,0.65,True,True,True,False,SMALL_EFFECT_HUGE_RAW_N
POLICY_DEVELOPMENT-ITEM_DIAGNOSTICS-820362,ITEM_DIAGNOSTICS,SUPPORTED,0.06,1000000,12,60,2,1,0.45,0.0,0.03,1,0.08,1,0.01,POLICY_DEVELOPMENT,820362,gaussian_mixture_v1.3,0.7,True,True,True,False,LARGE_EFFECT_SMALL_PANEL
POLICY_DEVELOPMENT-ITEM_DIAGNOSTICS-820363,ITEM_DIAGNOSTICS,NULL,0.0,500,36,60,2,1,0.45,0.0,0.03,1,0.08,1,0.01,POLICY_DEVELOPMENT,820363,gaussian_mixture_v1.1,0.75,True,True,True,False,EXTREME_FAMILY_IMBALANCE
POLICY_DEVELOPMENT-ITEM_DIAGNOSTICS-820364,ITEM_DIAGNOSTICS,SUPPORTED,0.025,10000,36,60,2,1,0.85,0.0,0.03,1,0.08,1,0.01,POLICY_DEVELOPMENT,820364,gaussian_mixture_v1.2,0.8,False,True,True,False,ONE_DOMINANT_FAMILY
POLICY_DEVELOPMENT-ITEM_DIAGNOSTICS-820365,ITEM_DIAGNOSTICS,SUPPORTED,0.06,1000000,36,60,4,1,0.85,0.0,0.03,1,0.08,1,0.01,POLICY_DEVELOPMENT,820365,gaussian_mixture_v1.3,0.85,True,False,True,False,TRANSPORT_REVERSAL
POLICY_DEVELOPMENT-ITEM_DIAGNOSTICS-820366,ITEM_DIAGNOSTICS,NULL,0.0,500,96,60,4,1,0.05,0.0,0.03,1,0.08,1,0.01,POLICY_DEVELOPMENT,820366,gaussian_mixture_v1.1,0.9,True,True,False,False,BENCHMARK_SPECIFIC_REVERSAL
POLICY_DEVELOPMENT-ITEM_DIAGNOSTICS-820367,ITEM_DIAGNOSTICS,SUPPORTED,0.025,10000,96,2,4,1,0.05,0.0,0.03,1,0.08,1,0.01,POLICY_DEVELOPMENT,820367,gaussian_mixture_v1.2,0.95,True,True,True,False,VERY_HIGH_MULTIPLICITY
POLICY_DEVELOPMENT-ITEM_DIAGNOSTICS-820368,ITEM_DIAGNOSTICS,SUPPORTED,0.06,1000000,96,2,4,1,0.45,0.0,0.03,1,0.08,1,0.01,POLICY_DEVELOPMENT,820368,gaussian_mixture_v1.3,0.6,False,True,True,False,NEARLY_TIED_TOP_K
POLICY_DEVELOPMENT-ITEM_DIAGNOSTICS-820369,ITEM_DIAGNOSTICS,NULL,0.0,500,12,2,4,1,0.45,0.0,0.03,1,0.08,1,0.01,POLICY_DEVELOPMENT,820369,gaussian_mixture_v1.1,0.65,True,True,True,False,HIGH_RAW_LOW_EFFECTIVE_N
POLICY_DEVELOPMENT-ITEM_DIAGNOSTICS-820370,ITEM_DIAGNOSTICS,SUPPORTED,0.025,10000,12,2,6,1,0.85,0.0,0.03,1,0.08,1,0.01,POLICY_DEVELOPMENT,820370,gaussian_mixture_v1.2,0.7,True,False,True,False,SMALL_EFFECT_HUGE_RAW_N
POLICY_DEVELOPMENT-ITEM_DIAGNOSTICS-820371,ITEM_DIAGNOSTICS,SUPPORTED,0.06,1000000,12,2,6,1,0.85,0.0,0.03,3,0.08,1,0.01,POLICY_DEVELOPMENT,820371,gaussian_mixture_v1.3,0.75,True,True,True,False,LARGE_EFFECT_SMALL_PANEL
POLICY_DEVELOPMENT-ITEM_DIAGNOSTICS-820372,ITEM_DIAGNOSTICS,NULL,0.0,500,36,2,6,1,0.05,0.0,0.03,3,0.08,1,0.01,POLICY_DEVELOPMENT,820372,gaussian_mixture_v1.1,0.8,False,True,False,False,EXTREME_FAMILY_IMBALANCE
POLICY_DEVELOPMENT-ITEM_DIAGNOSTICS-820373,ITEM_DIAGNOSTICS,SUPPORTED,0.025,10000,36,2,6,1,0.05,0.0,0.03,3,0.08,12,0.01,POLICY_DEVELOPMENT,820373,gaussian_mixture_v1.2,0.85,True,True,True,False,ONE_DOMINANT_FAMILY
POLICY_DEVELOPMENT-ITEM_DIAGNOSTICS-820374,ITEM_DIAGNOSTICS,SUPPORTED,0.06,1000000,36,8,6,1,0.45,0.0,0.03,3,0.08,12,0.01,POLICY_DEVELOPMENT,820374,gaussian_mixture_v1.3,0.9,True,True,True,False,TRANSPORT_REVERSAL
POLICY_DEVELOPMENT-ITEM_DIAGNOSTICS-820375,ITEM_DIAGNOSTICS,NULL,0.0,500,96,8,10,1,0.45,0.0,0.03,3,0.08,12,0.01,POLICY_DEVELOPMENT,820375,gaussian_mixture_v1.1,0.95,True,False,True,False,BENCHMARK_SPECIFIC_REVERSAL
POLICY_DEVELOPMENT-ITEM_DIAGNOSTICS-820376,ITEM_DIAGNOSTICS,SUPPORTED,0.025,10000,96,8,10,1,0.85,0.0,0.03,3,0.08,12,0.01,POLICY_DEVELOPMENT,820376,gaussian_mixture_v1.2,0.6,False,True,True,False,VERY_HIGH_MULTIPLICITY
POLICY_DEVELOPMENT-ITEM_DIAGNOSTICS-820377,ITEM_DIAGNOSTICS,SUPPORTED,0.06,1000000,96,8,10,3,0.85,0.0,0.03,3,0.08,12,0.01,POLICY_DEVELOPMENT,820377,gaussian_mixture_v1.3,0.65,True,True,True,False,NEARLY_TIED_TOP_K
POLICY_DEVELOPMENT-ITEM_DIAGNOSTICS-820378,ITEM_DIAGNOSTICS,NULL,0.0,500,12,8,10,3,0.05,0.0,0.03,3,0.08,12,0.01,POLICY_DEVELOPMENT,820378,gaussian_mixture_v1.1,0.7,True,True,False,False,HIGH_RAW_LOW_EFFECTIVE_N
POLICY_DEVELOPMENT-ITEM_DIAGNOSTICS-820379,ITEM_DIAGNOSTICS,SUPPORTED,0.025,10000,12,8,10,3,0.05,0.5,0.03,3,0.08,12,0.01,POLICY_DEVELOPMENT,820379,gaussian_mixture_v1.2,0.75,True,True,True,False,SMALL_EFFECT_HUGE_RAW_N
POLICY_DEVELOPMENT-ITEM_DIAGNOSTICS-820380,ITEM_DIAGNOSTICS,SUPPORTED,0.06,1000000,12,8,2,3,0.45,0.5,0.03,3,0.08,12,0.01,POLICY_DEVELOPMENT,820380,gaussian_mixture_v1.3,0.8,False,False,True,False,LARGE_EFFECT_SMALL_PANEL
POLICY_DEVELOPMENT-ITEM_DIAGNOSTICS-820381,ITEM_DIAGNOSTICS,NULL,0.0,500,36,24,2,3,0.45,0.5,0.03,3,0.08,12,0.01,POLICY_DEVELOPMENT,820381,gaussian_mixture_v1.1,0.85,True,True,True,False,EXTREME_FAMILY_IMBALANCE
POLICY_DEVELOPMENT-ITEM_DIAGNOSTICS-820382,ITEM_DIAGNOSTICS,SUPPORTED,0.025,10000,36,24,2,3,0.85,0.5,0.03,5,0.08,12,0.01,POLICY_DEVELOPMENT,820382,gaussian_mixture_v1.2,0.9,True,True,True,False,ONE_DOMINANT_FAMILY
POLICY_DEVELOPMENT-ITEM_DIAGNOSTICS-820383,ITEM_DIAGNOSTICS,SUPPORTED,0.06,1000000,36,24,2,3,0.85,0.5,0.1,5,0.08,12,0.01,POLICY_DEVELOPMENT,820383,gaussian_mixture_v1.3,0.95,True,True,True,False,TRANSPORT_REVERSAL
POLICY_DEVELOPMENT-ITEM_DIAGNOSTICS-820384,ITEM_DIAGNOSTICS,NULL,0.0,500,96,24,2,3,0.05,0.5,0.1,5,0.08,12,0.01,POLICY_DEVELOPMENT,820384,gaussian_mixture_v1.1,0.6,False,True,False,False,BENCHMARK_SPECIFIC_REVERSAL
POLICY_DEVELOPMENT-ITEM_DIAGNOSTICS-820385,ITEM_DIAGNOSTICS,SUPPORTED,0.025,10000,96,24,4,3,0.05,0.5,0.1,5,0.08,12,0.01,POLICY_DEVELOPMENT,820385,gaussian_mixture_v1.2,0.65,True,False,True,False,VERY_HIGH_MULTIPLICITY
POLICY_DEVELOPMENT-ITEM_DIAGNOSTICS-820386,ITEM_DIAGNOSTICS,SUPPORTED,0.06,1000000,96,24,4,3,0.45,0.5,0.1,5,0.08,40,0.01,POLICY_DEVELOPMENT,820386,gaussian_mixture_v1.3,0.7,True,True,True,False,NEARLY_TIED_TOP_K
POLICY_DEVELOPMENT-ITEM_DIAGNOSTICS-820387,ITEM_DIAGNOSTICS,NULL,0.0,500,12,24,4,3,0.45,0.5,0.1,5,0.08,40,0.01,POLICY_DEVELOPMENT,820387,gaussian_mixture_v1.1,0.75,True,True,True,False,HIGH_RAW_LOW_EFFECTIVE_N
POLICY_DEVELOPMENT-ITEM_DIAGNOSTICS-820388,ITEM_DIAGNOSTICS,SUPPORTED,0.025,10000,12,60,4,3,0.85,0.5,0.1,5,0.08,40,0.01,POLICY_DEVELOPMENT,820388,gaussian_mixture_v1.2,0.8,False,True,True,False,SMALL_EFFECT_HUGE_RAW_N
POLICY_DEVELOPMENT-ITEM_DIAGNOSTICS-820389,ITEM_DIAGNOSTICS,SUPPORTED,0.06,1000000,12,60,4,3,0.85,0.5,0.1,5,0.12,40,0.01,POLICY_DEVELOPMENT,820389,gaussian_mixture_v1.3,0.85,True,True,True,False,LARGE_EFFECT_SMALL_PANEL
POLICY_DEVELOPMENT-ITEM_DIAGNOSTICS-820390,ITEM_DIAGNOSTICS,NULL,0.0,500,36,60,6,3,0.05,0.5,0.1,5,0.12,40,0.01,POLICY_DEVELOPMENT,820390,gaussian_mixture_v1.1,0.9,True,False,False,False,EXTREME_FAMILY_IMBALANCE
POLICY_DEVELOPMENT-ITEM_DIAGNOSTICS-820391,ITEM_DIAGNOSTICS,SUPPORTED,0.025,10000,36,60,6,3,0.05,0.5,0.1,5,0.12,40,0.01,POLICY_DEVELOPMENT,820391,gaussian_mixture_v1.2,0.95,True,True,True,False,ONE_DOMINANT_FAMILY
POLICY_DEVELOPMENT-ITEM_DIAGNOSTICS-820392,ITEM_DIAGNOSTICS,SUPPORTED,0.06,1000000,36,60,6,3,0.45,0.5,0.1,5,0.12,40,0.01,POLICY_DEVELOPMENT,820392,gaussian_mixture_v1.3,0.6,False,True,True,False,TRANSPORT_REVERSAL
POLICY_DEVELOPMENT-ITEM_DIAGNOSTICS-820393,ITEM_DIAGNOSTICS,NULL,0.0,500,96,60,6,3,0.45,0.5,0.1,1,0.12,40,0.01,POLICY_DEVELOPMENT,820393,gaussian_mixture_v1.1,0.65,True,True,True,False,BENCHMARK_SPECIFIC_REVERSAL
POLICY_DEVELOPMENT-ITEM_DIAGNOSTICS-820394,ITEM_DIAGNOSTICS,SUPPORTED,0.025,10000,96,60,6,8,0.85,0.5,0.1,1,0.12,40,0.01,POLICY_DEVELOPMENT,820394,gaussian_mixture_v1.2,0.7,True,True,True,False,VERY_HIGH_MULTIPLICITY
POLICY_DEVELOPMENT-ITEM_DIAGNOSTICS-820395,ITEM_DIAGNOSTICS,SUPPORTED,0.06,1000000,96,2,10,8,0.85,0.5,0.1,1,0.12,40,0.01,POLICY_DEVELOPMENT,820395,gaussian_mixture_v1.3,0.75,True,False,True,False,NEARLY_TIED_TOP_K
POLICY_DEVELOPMENT-ITEM_DIAGNOSTICS-820396,ITEM_DIAGNOSTICS,NULL,0.0,500,12,2,10,8,0.05,0.5,0.1,1,0.12,40,0.01,POLICY_DEVELOPMENT,820396,gaussian_mixture_v1.1,0.8,False,True,False,False,HIGH_RAW_LOW_EFFECTIVE_N
POLICY_DEVELOPMENT-ITEM_DIAGNOSTICS-820397,ITEM_DIAGNOSTICS,SUPPORTED,0.025,10000,12,2,10,8,0.05,0.5,0.1,1,0.12,40,0.01,POLICY_DEVELOPMENT,820397,gaussian_mixture_v1.2,0.85,True,True,True,False,SMALL_EFFECT_HUGE_RAW_N
POLICY_DEVELOPMENT-ITEM_DIAGNOSTICS-820398,ITEM_DIAGNOSTICS,SUPPORTED,0.06,1000000,12,2,10,8,0.45,0.9,0.1,1,0.12,40,0.01,POLICY_DEVELOPMENT,820398,gaussian_mixture_v1.3,0.9,True,True,True,False,LARGE_EFFECT_SMALL_PANEL
POLICY_DEVELOPMENT-ITEM_DIAGNOSTICS-820399,ITEM_DIAGNOSTICS,NULL,0.0,500,36,2,10,8,0.45,0.9,0.1,1,0.12,1,0.01,POLICY_DEVELOPMENT,820399,gaussian_mixture_v1.1,0.95,True,True,True,False,EXTREME_FAMILY_IMBALANCE
POLICY_DEVELOPMENT-ITEM_DIAGNOSTICS-820400,ITEM_DIAGNOSTICS,SUPPORTED,0.025,10000,36,2,2,8,0.85,0.9,0.1,1,0.12,1,0.01,POLICY_DEVELOPMENT,820400,gaussian_mixture_v1.2,0.6,False,False,True,False,ONE_DOMINANT_FAMILY
POLICY_DEVELOPMENT-ITEM_DIAGNOSTICS-820401,ITEM_DIAGNOSTICS,SUPPORTED,0.06,1000000,36,2,2,8,0.85,0.9,0.1,1,0.12,1,0.01,POLICY_DEVELOPMENT,820401,gaussian_mixture_v1.3,0.65,True,True,True,False,TRANSPORT_REVERSAL
POLICY_DEVELOPMENT-ITEM_DIAGNOSTICS-820402,ITEM_DIAGNOSTICS,NULL,0.0,500,96,8,2,8,0.05,0.9,0.1,1,0.12,1,0.01,POLICY_DEVELOPMENT,820402,gaussian_mixture_v1.1,0.7,True,True,False,False,BENCHMARK_SPECIFIC_REVERSAL
POLICY_DEVELOPMENT-ITEM_DIAGNOSTICS-820403,ITEM_DIAGNOSTICS,SUPPORTED,0.025,10000,96,8,2,8,0.05,0.9,0.1,1,0.12,1,0.01,POLICY_DEVELOPMENT,820403,gaussian_mixture_v1.2,0.75,True,True,True,False,VERY_HIGH_MULTIPLICITY
POLICY_DEVELOPMENT-ITEM_DIAGNOSTICS-820404,ITEM_DIAGNOSTICS,SUPPORTED,0.06,1000000,96,8,2,8,0.45,0.9,0.1,3,0.12,1,0.01,POLICY_DEVELOPMENT,820404,gaussian_mixture_v1.3,0.8,False,True,True,False,NEARLY_TIED_TOP_K
POLICY_DEVELOPMENT-ITEM_DIAGNOSTICS-820405,ITEM_DIAGNOSTICS,NULL,0.0,500,12,8,4,8,0.45,0.9,0.1,3,0.12,1,0.01,POLICY_DEVELOPMENT,820405,gaussian_mixture_v1.1,0.85,True,False,True,False,HIGH_RAW_LOW_EFFECTIVE_N
POLICY_DEVELOPMENT-ITEM_DIAGNOSTICS-820406,ITEM_DIAGNOSTICS,SUPPORTED,0.025,10000,12,8,4,8,0.85,0.9,0.25,3,0.12,1,0.01,POLICY_DEVELOPMENT,820406,gaussian_mixture_v1.2,0.9,True,True,True,False,SMALL_EFFECT_HUGE_RAW_N
POLICY_DEVELOPMENT-ITEM_DIAGNOSTICS-820407,ITEM_DIAGNOSTICS,SUPPORTED,0.06,1000000,12,8,4,8,0.85,0.9,0.25,3,0.12,1,0.01,POLICY_DEVELOPMENT,820407,gaussian_mixture_v1.3,0.95,True,True,True,False,LARGE_EFFECT_SMALL_PANEL
POLICY_DEVELOPMENT-ITEM_DIAGNOSTICS-820408,ITEM_DIAGNOSTICS,NULL,0.0,500,36,8,4,8,0.05,0.9,0.25,3,0.12,1,0.01,POLICY_DEVELOPMENT,820408,gaussian_mixture_v1.1,0.6,False,True,False,False,EXTREME_FAMILY_IMBALANCE
POLICY_DEVELOPMENT-ITEM_DIAGNOSTICS-820409,ITEM_DIAGNOSTICS,SUPPORTED,0.025,10000,36,24,4,8,0.05,0.9,0.25,3,0.12,1,0.01,POLICY_DEVELOPMENT,820409,gaussian_mixture_v1.2,0.65,True,True,True,False,ONE_DOMINANT_FAMILY
POLICY_DEVELOPMENT-ITEM_DIAGNOSTICS-820410,ITEM_DIAGNOSTICS,SUPPORTED,0.06,1000000,36,24,6,8,0.45,0.9,0.25,3,0.12,1,0.01,POLICY_DEVELOPMENT,820410,gaussian_mixture_v1.3,0.7,True,False,True,False,TRANSPORT_REVERSAL
POLICY_DEVELOPMENT-ITEM_DIAGNOSTICS-820411,ITEM_DIAGNOSTICS,NULL,0.0,500,96,24,6,1,0.45,0.9,0.25,3,0.12,1,0.01,POLICY_DEVELOPMENT,820411,gaussian_mixture_v1.1,0.75,True,True,True,False,BENCHMARK_SPECIFIC_REVERSAL
POLICY_DEVELOPMENT-ITEM_DIAGNOSTICS-820412,ITEM_DIAGNOSTICS,SUPPORTED,0.025,10000,96,24,6,1,0.85,0.9,0.25,3,0.12,12,0.01,POLICY_DEVELOPMENT,820412,gaussian_mixture_v1.2,0.8,False,True,True,False,VERY_HIGH_MULTIPLICITY
POLICY_DEVELOPMENT-ITEM_DIAGNOSTICS-820413,ITEM_DIAGNOSTICS,SUPPORTED,0.06,1000000,96,24,6,1,0.85,0.9,0.25,3,0.12,12,0.01,POLICY_DEVELOPMENT,820413,gaussian_mixture_v1.3,0.85,True,True,True,False,NEARLY_TIED_TOP_K
POLICY_DEVELOPMENT-ITEM_DIAGNOSTICS-820414,ITEM_DIAGNOSTICS,NULL,0.0,500,12,24,6,1,0.05,0.9,0.25,3,0.12,12,0.01,POLICY_DEVELOPMENT,820414,gaussian_mixture_v1.1,0.9,True,True,False,False,HIGH_RAW_LOW_EFFECTIVE_N
POLICY_DEVELOPMENT-ITEM_DIAGNOSTICS-820415,ITEM_DIAGNOSTICS,SUPPORTED,0.025,10000,12,24,10,1,0.05,0.9,0.25,5,0.12,12,0.01,POLICY_DEVELOPMENT,820415,gaussian_mixture_v1.2,0.95,True,False,True,False,SMALL_EFFECT_HUGE_RAW_N
POLICY_DEVELOPMENT-ITEM_DIAGNOSTICS-820416,ITEM_DIAGNOSTICS,SUPPORTED,0.06,1000000,12,60,10,1,0.45,0.9,0.25,5,0.12,12,0.01,POLICY_DEVELOPMENT,820416,gaussian_mixture_v1.3,0.6,False,True,True,False,LARGE_EFFECT_SMALL_PANEL
POLICY_DEVELOPMENT-ITEM_DIAGNOSTICS-820417,ITEM_DIAGNOSTICS,NULL,0.0,500,36,60,10,1,0.45,0.0,0.25,5,0.12,12,0.01,POLICY_DEVELOPMENT,820417,gaussian_mixture_v1.1,0.65,True,True,True,False,EXTREME_FAMILY_IMBALANCE
POLICY_DEVELOPMENT-ITEM_DIAGNOSTICS-820418,ITEM_DIAGNOSTICS,SUPPORTED,0.025,10000,36,60,10,1,0.85,0.0,0.25,5,0.18,12,0.01,POLICY_DEVELOPMENT,820418,gaussian_mixture_v1.2,0.7,True,True,True,False,ONE_DOMINANT_FAMILY
POLICY_DEVELOPMENT-ITEM_DIAGNOSTICS-820419,ITEM_DIAGNOSTICS,SUPPORTED,0.06,1000000,36,60,10,1,0.85,0.0,0.25,5,0.18,12,0.01,POLICY_DEVELOPMENT,820419,gaussian_mixture_v1.3,0.75,True,True,True,False,TRANSPORT_REVERSAL
POLICY_DEVELOPMENT-ITEM_DIAGNOSTICS-820420,ITEM_DIAGNOSTICS,NULL,0.0,500,96,60,2,1,0.05,0.0,0.25,5,0.18,12,0.01,POLICY_DEVELOPMENT,820420,gaussian_mixture_v1.1,0.8,False,False,False,False,BENCHMARK_SPECIFIC_REVERSAL
POLICY_DEVELOPMENT-ITEM_DIAGNOSTICS-820421,ITEM_DIAGNOSTICS,SUPPORTED,0.025,10000,96,60,2,1,0.05,0.0,0.25,5,0.18,12,0.01,POLICY_DEVELOPMENT,820421,gaussian_mixture_v1.2,0.85,True,True,True,False,VERY_HIGH_MULTIPLICITY
POLICY_DEVELOPMENT-ITEM_DIAGNOSTICS-820422,ITEM_DIAGNOSTICS,SUPPORTED,0.06,1000000,96,60,2,1,0.45,0.0,0.25,5,0.18,12,0.01,POLICY_DEVELOPMENT,820422,gaussian_mixture_v1.3,0.9,True,True,True,False,NEARLY_TIED_TOP_K
POLICY_DEVELOPMENT-ITEM_DIAGNOSTICS-820423,ITEM_DIAGNOSTICS,NULL,0.0,500,12,2,2,1,0.45,0.0,0.25,5,0.18,12,0.01,POLICY_DEVELOPMENT,820423,gaussian_mixture_v1.1,0.95,True,True,True,False,HIGH_RAW_LOW_EFFECTIVE_N
POLICY_DEVELOPMENT-ITEM_DIAGNOSTICS-820424,ITEM_DIAGNOSTICS,SUPPORTED,0.025,10000,12,2,2,1,0.85,0.0,0.25,5,0.18,12,0.01,POLICY_DEVELOPMENT,820424,gaussian_mixture_v1.2,0.6,False,True,True,False,SMALL_EFFECT_HUGE_RAW_N
POLICY_DEVELOPMENT-ITEM_DIAGNOSTICS-820425,ITEM_DIAGNOSTICS,SUPPORTED,0.06,1000000,12,2,4,1,0.85,0.0,0.25,5,0.18,40,0.01,POLICY_DEVELOPMENT,820425,gaussian_mixture_v1.3,0.65,True,False,True,False,LARGE_EFFECT_SMALL_PANEL
POLICY_DEVELOPMENT-ITEM_DIAGNOSTICS-820426,ITEM_DIAGNOSTICS,NULL,0.0,500,36,2,4,1,0.05,0.0,0.25,1,0.18,40,0.01,POLICY_DEVELOPMENT,820426,gaussian_mixture_v1.1,0.7,True,True,False,False,EXTREME_FAMILY_IMBALANCE
POLICY_DEVELOPMENT-ITEM_DIAGNOSTICS-820427,ITEM_DIAGNOSTICS,SUPPORTED,0.025,10000,36,2,4,1,0.05,0.0,0.25,1,0.18,40,0.01,POLICY_DEVELOPMENT,820427,gaussian_mixture_v1.2,0.75,True,True,True,False,ONE_DOMINANT_FAMILY
POLICY_DEVELOPMENT-ITEM_DIAGNOSTICS-820428,ITEM_DIAGNOSTICS,SUPPORTED,0.06,1000000,36,2,4,3,0.45,0.0,0.25,1,0.18,40,0.01,POLICY_DEVELOPMENT,820428,gaussian_mixture_v1.3,0.8,False,True,True,False,TRANSPORT_REVERSAL
POLICY_DEVELOPMENT-ITEM_DIAGNOSTICS-820429,ITEM_DIAGNOSTICS,NULL,0.0,500,96,2,4,3,0.45,0.0,0.03,1,0.18,40,0.01,POLICY_DEVELOPMENT,820429,gaussian_mixture_v1.1,0.85,True,True,True,False,BENCHMARK_SPECIFIC_REVERSAL
POLICY_DEVELOPMENT-ITEM_DIAGNOSTICS-820430,ITEM_DIAGNOSTICS,SUPPORTED,0.025,10000,96,8,6,3,0.85,0.0,0.03,1,0.18,40,0.01,POLICY_DEVELOPMENT,820430,gaussian_mixture_v1.2,0.9,True,False,True,False,VERY_HIGH_MULTIPLICITY
POLICY_DEVELOPMENT-ITEM_DIAGNOSTICS-820431,ITEM_DIAGNOSTICS,SUPPORTED,0.06,1000000,96,8,6,3,0.85,0.0,0.03,1,0.18,40,0.01,POLICY_DEVELOPMENT,820431,gaussian_mixture_v1.3,0.95,True,True,True,False,NEARLY_TIED_TOP_K
POLICY_DEVELOPMENT-ITEM_DIAGNOSTICS-820432,ITEM_DIAGNOSTICS,NULL,0.0,500,12,8,6,3,0.05,0.0,0.03,1,0.18,40,0.01,POLICY_DEVELOPMENT,820432,gaussian_mixture_v1.1,0.6,False,True,False,False,HIGH_RAW_LOW_EFFECTIVE_N
POLICY_DEVELOPMENT-ITEM_DIAGNOSTICS-820433,ITEM_DIAGNOSTICS,SUPPORTED,0.025,10000,12,8,6,3,0.05,0.0,0.03,1,0.18,40,0.01,POLICY_DEVELOPMENT,820433,gaussian_mixture_v1.2,0.65,True,True,True,False,SMALL_EFFECT_HUGE_RAW_N
POLICY_DEVELOPMENT-ITEM_DIAGNOSTICS-820434,ITEM_DIAGNOSTICS,SUPPORTED,0.06,1000000,12,8,6,3,0.45,0.0,0.03,1,0.18,40,0.01,POLICY_DEVELOPMENT,820434,gaussian_mixture_v1.3,0.7,True,True,True,False,LARGE_EFFECT_SMALL_PANEL
POLICY_DEVELOPMENT-ITEM_DIAGNOSTICS-820435,ITEM_DIAGNOSTICS,NULL,0.0,500,36,8,10,3,0.45,0.0,0.03,1,0.18,40,0.01,POLICY_DEVELOPMENT,820435,gaussian_mixture_v1.1,0.75,True,False,True,False,EXTREME_FAMILY_IMBALANCE
POLICY_DEVELOPMENT-ITEM_DIAGNOSTICS-820436,ITEM_DIAGNOSTICS,SUPPORTED,0.025,10000,36,8,10,3,0.85,0.5,0.03,1,0.18,40,0.01,POLICY_DEVELOPMENT,820436,gaussian_mixture_v1.2,0.8,False,True,True,False,ONE_DOMINANT_FAMILY
POLICY_DEVELOPMENT-ITEM_DIAGNOSTICS-820437,ITEM_DIAGNOSTICS,SUPPORTED,0.06,1000000,36,24,10,3,0.85,0.5,0.03,3,0.18,40,0.01,POLICY_DEVELOPMENT,820437,gaussian_mixture_v1.3,0.85,True,True,True,False,TRANSPORT_REVERSAL
POLICY_DEVELOPMENT-ITEM_DIAGNOSTICS-820438,ITEM_DIAGNOSTICS,NULL,0.0,500,96,24,10,3,0.05,0.5,0.03,3,0.18,1,0.01,POLICY_DEVELOPMENT,820438,gaussian_mixture_v1.1,0.9,True,True,False,False,BENCHMARK_SPECIFIC_REVERSAL
POLICY_DEVELOPMENT-ITEM_DIAGNOSTICS-820439,ITEM_DIAGNOSTICS,SUPPORTED,0.025,10000,96,24,10,3,0.05,0.5,0.03,3,0.18,1,0.01,POLICY_DEVELOPMENT,820439,gaussian_mixture_v1.2,0.95,True,True,True,False,VERY_HIGH_MULTIPLICITY
POLICY_DEVELOPMENT-ITEM_DIAGNOSTICS-820440,ITEM_DIAGNOSTICS,SUPPORTED,0.06,1000000,96,24,2,3,0.45,0.5,0.03,3,0.18,1,0.01,POLICY_DEVELOPMENT,820440,gaussian_mixture_v1.3,0.6,False,False,True,False,NEARLY_TIED_TOP_K
POLICY_DEVELOPMENT-ITEM_DIAGNOSTICS-820441,ITEM_DIAGNOSTICS,NULL,0.0,500,12,24,2,3,0.45,0.5,0.03,3,0.18,1,0.01,POLICY_DEVELOPMENT,820441,gaussian_mixture_v1.1,0.65,True,True,True,False,HIGH_RAW_LOW_EFFECTIVE_N
POLICY_DEVELOPMENT-ITEM_DIAGNOSTICS-820442,ITEM_DIAGNOSTICS,SUPPORTED,0.025,10000,12,24,2,3,0.85,0.5,0.03,3,0.18,1,0.01,POLICY_DEVELOPMENT,820442,gaussian_mixture_v1.2,0.7,True,True,True,False,SMALL_EFFECT_HUGE_RAW_N
POLICY_DEVELOPMENT-ITEM_DIAGNOSTICS-820443,ITEM_DIAGNOSTICS,SUPPORTED,0.06,1000000,12,24,2,3,0.85,0.5,0.03,3,0.18,1,0.01,POLICY_DEVELOPMENT,820443,gaussian_mixture_v1.3,0.75,True,True,True,False,LARGE_EFFECT_SMALL_PANEL
POLICY_DEVELOPMENT-ITEM_DIAGNOSTICS-820444,ITEM_DIAGNOSTICS,NULL,0.0,500,36,60,2,3,0.05,0.5,0.03,3,0.18,1,0.01,POLICY_DEVELOPMENT,820444,gaussian_mixture_v1.1,0.8,False,True,False,False,EXTREME_FAMILY_IMBALANCE
POLICY_DEVELOPMENT-ITEM_DIAGNOSTICS-820445,ITEM_DIAGNOSTICS,SUPPORTED,0.025,10000,36,60,4,8,0.05,0.5,0.03,3,0.18,1,0.01,POLICY_DEVELOPMENT,820445,gaussian_mixture_v1.2,0.85,True,False,True,False,ONE_DOMINANT_FAMILY
POLICY_DEVELOPMENT-ITEM_DIAGNOSTICS-820446,ITEM_DIAGNOSTICS,SUPPORTED,0.06,1000000,36,60,4,8,0.45,0.5,0.03,3,0.18,1,0.01,POLICY_DEVELOPMENT,820446,gaussian_mixture_v1.3,0.9,True,True,True,False,TRANSPORT_REVERSAL
POLICY_DEVELOPMENT-ITEM_DIAGNOSTICS-820447,ITEM_DIAGNOSTICS,NULL,0.0,500,96,60,4,8,0.45,0.5,0.03,3,0.08,1,0.01,POLICY_DEVELOPMENT,820447,gaussian_mixture_v1.1,0.95,True,True,True,False,BENCHMARK_SPECIFIC_REVERSAL
POLICY_DEVELOPMENT-ITEM_DIAGNOSTICS-820448,ITEM_DIAGNOSTICS,SUPPORTED,0.025,10000,96,60,4,8,0.85,0.5,0.03,5,0.08,1,0.01,POLICY_DEVELOPMENT,820448,gaussian_mixture_v1.2,0.6,False,True,True,False,VERY_HIGH_MULTIPLICITY
POLICY_DEVELOPMENT-ITEM_DIAGNOSTICS-820449,ITEM_DIAGNOSTICS,SUPPORTED,0.06,1000000,96,60,4,8,0.85,0.5,0.03,5,0.08,1,0.01,POLICY_DEVELOPMENT,820449,gaussian_mixture_v1.3,0.65,True,True,True,False,NEARLY_TIED_TOP_K
POLICY_DEVELOPMENT-ITEM_DIAGNOSTICS-820450,ITEM_DIAGNOSTICS,NULL,0.0,500,12,60,6,8,0.05,0.5,0.03,5,0.08,1,0.01,POLICY_DEVELOPMENT,820450,gaussian_mixture_v1.1,0.7,True,False,False,False,HIGH_RAW_LOW_EFFECTIVE_N
POLICY_DEVELOPMENT-ITEM_DIAGNOSTICS-820451,ITEM_DIAGNOSTICS,SUPPORTED,0.025,10000,12,2,6,8,0.05,0.5,0.03,5,0.08,12,0.01,POLICY_DEVELOPMENT,820451,gaussian_mixture_v1.2,0.75,True,True,True,False,SMALL_EFFECT_HUGE_RAW_N
POLICY_DEVELOPMENT-ITEM_DIAGNOSTICS-820452,ITEM_DIAGNOSTICS,SUPPORTED,0.06,1000000,12,2,6,8,0.45,0.5,0.1,5,0.08,12,0.01,POLICY_DEVELOPMENT,820452,gaussian_mixture_v1.3,0.8,False,True,True,False,LARGE_EFFECT_SMALL_PANEL
POLICY_DEVELOPMENT-ITEM_DIAGNOSTICS-820453,ITEM_DIAGNOSTICS,NULL,0.0,500,36,2,6,8,0.45,0.5,0.1,5,0.08,12,0.01,POLICY_DEVELOPMENT,820453,gaussian_mixture_v1.1,0.85,True,True,True,False,EXTREME_FAMILY_IMBALANCE
POLICY_DEVELOPMENT-ITEM_DIAGNOSTICS-820454,ITEM_DIAGNOSTICS,SUPPORTED,0.025,10000,36,2,6,8,0.85,0.5,0.1,5,0.08,12,0.01,POLICY_DEVELOPMENT,820454,gaussian_mixture_v1.2,0.9,True,True,True,False,ONE_DOMINANT_FAMILY
POLICY_DEVELOPMENT-ITEM_DIAGNOSTICS-820455,ITEM_DIAGNOSTICS,SUPPORTED,0.06,1000000,36,2,10,8,0.85,0.9,0.1,5,0.08,12,0.01,POLICY_DEVELOPMENT,820455,gaussian_mixture_v1.3,0.95,True,False,True,False,TRANSPORT_REVERSAL
POLICY_DEVELOPMENT-ITEM_DIAGNOSTICS-820456,ITEM_DIAGNOSTICS,NULL,0.0,500,96,2,10,8,0.05,0.9,0.1,5,0.08,12,0.01,POLICY_DEVELOPMENT,820456,gaussian_mixture_v1.1,0.6,False,True,False,False,BENCHMARK_SPECIFIC_REVERSAL
POLICY_DEVELOPMENT-ITEM_DIAGNOSTICS-820457,ITEM_DIAGNOSTICS,SUPPORTED,0.025,10000,96,2,10,8,0.05,0.9,0.1,5,0.08,12,0.01,POLICY_DEVELOPMENT,820457,gaussian_mixture_v1.2,0.65,True,True,True,False,VERY_HIGH_MULTIPLICITY
POLICY_DEVELOPMENT-ITEM_DIAGNOSTICS-820458,ITEM_DIAGNOSTICS,SUPPORTED,0.06,1000000,96,8,10,8,0.45,0.9,0.1,5,0.08,12,0.01,POLICY_DEVELOPMENT,820458,gaussian_mixture_v1.3,0.7,True,True,True,False,NEARLY_TIED_TOP_K
POLICY_DEVELOPMENT-ITEM_DIAGNOSTICS-820459,ITEM_DIAGNOSTICS,NULL,0.0,500,12,8,10,8,0.45,0.9,0.1,1,0.08,12,0.01,POLICY_DEVELOPMENT,820459,gaussian_mixture_v1.1,0.75,True,True,True,False,HIGH_RAW_LOW_EFFECTIVE_N
POLICY_DEVELOPMENT-ITEM_DIAGNOSTICS-820460,ITEM_DIAGNOSTICS,SUPPORTED,0.025,10000,12,8,2,8,0.85,0.9,0.1,1,0.08,12,0.01,POLICY_DEVELOPMENT,820460,gaussian_mixture_v1.2,0.8,False,False,True,False,SMALL_EFFECT_HUGE_RAW_N
POLICY_DEVELOPMENT-ITEM_DIAGNOSTICS-820461,ITEM_DIAGNOSTICS,SUPPORTED,0.06,1000000,12,8,2,8,0.85,0.9,0.1,1,0.08,12,0.01,POLICY_DEVELOPMENT,820461,gaussian_mixture_v1.3,0.85,True,True,True,False,LARGE_EFFECT_SMALL_PANEL
POLICY_DEVELOPMENT-ITEM_DIAGNOSTICS-820462,ITEM_DIAGNOSTICS,NULL,0.0,500,36,8,2,1,0.05,0.9,0.1,1,0.08,12,0.01,POLICY_DEVELOPMENT,820462,gaussian_mixture_v1.1,0.9,True,True,False,False,EXTREME_FAMILY_IMBALANCE
POLICY_DEVELOPMENT-ITEM_DIAGNOSTICS-820463,ITEM_DIAGNOSTICS,SUPPORTED,0.025,10000,36,8,2,1,0.05,0.9,0.1,1,0.08,12,0.01,POLICY_DEVELOPMENT,820463,gaussian_mixture_v1.2,0.95,True,True,True,False,ONE_DOMINANT_FAMILY
POLICY_DEVELOPMENT-ITEM_DIAGNOSTICS-820464,ITEM_DIAGNOSTICS,SUPPORTED,0.06,1000000,36,8,2,1,0.45,0.9,0.1,1,0.08,40,0.01,POLICY_DEVELOPMENT,820464,gaussian_mixture_v1.3,0.6,False,True,True,False,TRANSPORT_REVERSAL
POLICY_DEVELOPMENT-ITEM_DIAGNOSTICS-820465,ITEM_DIAGNOSTICS,NULL,0.0,500,96,24,4,1,0.45,0.9,0.1,1,0.08,40,0.01,POLICY_DEVELOPMENT,820465,gaussian_mixture_v1.1,0.65,True,False,True,False,BENCHMARK_SPECIFIC_REVERSAL
POLICY_DEVELOPMENT-ITEM_DIAGNOSTICS-820466,ITEM_DIAGNOSTICS,SUPPORTED,0.025,10000,96,24,4,1,0.85,0.9,0.1,1,0.08,40,0.01,POLICY_DEVELOPMENT,820466,gaussian_mixture_v1.2,0.7,True,True,True,False,VERY_HIGH_MULTIPLICITY
POLICY_DEVELOPMENT-ITEM_DIAGNOSTICS-820467,ITEM_DIAGNOSTICS,SUPPORTED,0.06,1000000,96,24,4,1,0.85,0.9,0.1,1,0.08,40,0.01,POLICY_DEVELOPMENT,820467,gaussian_mixture_v1.3,0.75,True,True,True,False,NEARLY_TIED_TOP_K
POLICY_DEVELOPMENT-ITEM_DIAGNOSTICS-820468,ITEM_DIAGNOSTICS,NULL,0.0,500,12,24,4,1,0.05,0.9,0.1,1,0.08,40,0.01,POLICY_DEVELOPMENT,820468,gaussian_mixture_v1.1,0.8,False,True,False,False,HIGH_RAW_LOW_EFFECTIVE_N
POLICY_DEVELOPMENT-ITEM_DIAGNOSTICS-820469,ITEM_DIAGNOSTICS,SUPPORTED,0.025,10000,12,24,4,1,0.05,0.9,0.1,1,0.08,40,0.01,POLICY_DEVELOPMENT,820469,gaussian_mixture_v1.2,0.85,True,True,True,False,SMALL_EFFECT_HUGE_RAW_N
POLICY_DEVELOPMENT-ITEM_DIAGNOSTICS-820470,ITEM_DIAGNOSTICS,SUPPORTED,0.06,1000000,12,24,6,1,0.45,0.9,0.1,3,0.08,40,0.01,POLICY_DEVELOPMENT,820470,gaussian_mixture_v1.3,0.9,True,False,True,False,LARGE_EFFECT_SMALL_PANEL
POLICY_DEVELOPMENT-ITEM_DIAGNOSTICS-820471,ITEM_DIAGNOSTICS,NULL,0.0,500,36,24,6,1,0.45,0.9,0.1,3,0.08,40,0.01,POLICY_DEVELOPMENT,820471,gaussian_mixture_v1.1,0.95,True,True,True,False,EXTREME_FAMILY_IMBALANCE
POLICY_DEVELOPMENT-ITEM_DIAGNOSTICS-820472,ITEM_DIAGNOSTICS,SUPPORTED,0.025,10000,36,60,6,1,0.85,0.9,0.1,3,0.08,40,0.01,POLICY_DEVELOPMENT,820472,gaussian_mixture_v1.2,0.6,False,True,True,False,ONE_DOMINANT_FAMILY
POLICY_DEVELOPMENT-ITEM_DIAGNOSTICS-820473,ITEM_DIAGNOSTICS,SUPPORTED,0.06,1000000,36,60,6,1,0.85,0.9,0.1,3,0.08,40,0.01,POLICY_DEVELOPMENT,820473,gaussian_mixture_v1.3,0.65,True,True,True,False,TRANSPORT_REVERSAL
POLICY_DEVELOPMENT-ITEM_DIAGNOSTICS-820474,ITEM_DIAGNOSTICS,NULL,0.0,500,96,60,6,1,0.05,0.0,0.1,3,0.08,40,0.01,POLICY_DEVELOPMENT,820474,gaussian_mixture_v1.1,0.7,True,True,False,False,BENCHMARK_SPECIFIC_REVERSAL
POLICY_DEVELOPMENT-ITEM_DIAGNOSTICS-820475,ITEM_DIAGNOSTICS,SUPPORTED,0.025,10000,96,60,10,1,0.05,0.0,0.25,3,0.08,40,0.01,POLICY_DEVELOPMENT,820475,gaussian_mixture_v1.2,0.75,True,False,True,False,VERY_HIGH_MULTIPLICITY
POLICY_DEVELOPMENT-ITEM_DIAGNOSTICS-820476,ITEM_DIAGNOSTICS,SUPPORTED,0.06,1000000,96,60,10,1,0.45,0.0,0.25,3,0.12,40,0.01,POLICY_DEVELOPMENT,820476,gaussian_mixture_v1.3,0.8,False,True,True,False,NEARLY_TIED_TOP_K
POLICY_DEVELOPMENT-ITEM_DIAGNOSTICS-820477,ITEM_DIAGNOSTICS,NULL,0.0,500,12,60,10,1,0.45,0.0,0.25,3,0.12,1,0.01,POLICY_DEVELOPMENT,820477,gaussian_mixture_v1.1,0.85,True,True,True,False,HIGH_RAW_LOW_EFFECTIVE_N
POLICY_DEVELOPMENT-ITEM_DIAGNOSTICS-820478,ITEM_DIAGNOSTICS,SUPPORTED,0.025,10000,12,60,10,1,0.85,0.0,0.25,3,0.12,1,0.01,POLICY_DEVELOPMENT,820478,gaussian_mixture_v1.2,0.9,True,True,True,False,SMALL_EFFECT_HUGE_RAW_N
POLICY_DEVELOPMENT-ITEM_DIAGNOSTICS-820479,ITEM_DIAGNOSTICS,SUPPORTED,0.06,1000000,12,2,10,3,0.85,0.0,0.25,3,0.12,1,0.01,POLICY_DEVELOPMENT,820479,gaussian_mixture_v1.3,0.95,True,True,True,False,LARGE_EFFECT_SMALL_PANEL
POLICY_DEVELOPMENT-TRANSPORT-820480,TRANSPORT,NULL,0.0,10000,36,2,2,1,0.45,0.0,0.03,1,0.08,12,0.01,POLICY_DEVELOPMENT,820480,gaussian_mixture_v1.1,0.6,False,False,False,True,HIGH_RAW_LOW_EFFECTIVE_N
POLICY_DEVELOPMENT-TRANSPORT-820481,TRANSPORT,SUPPORTED,0.025,1000000,36,2,2,1,0.45,0.0,0.03,1,0.08,12,0.01,POLICY_DEVELOPMENT,820481,gaussian_mixture_v1.2,0.65,True,True,True,False,SMALL_EFFECT_HUGE_RAW_N
POLICY_DEVELOPMENT-TRANSPORT-820482,TRANSPORT,SUPPORTED,0.06,500,36,2,2,1,0.85,0.0,0.03,1,0.08,12,0.01,POLICY_DEVELOPMENT,820482,gaussian_mixture_v1.3,0.7,True,True,True,False,LARGE_EFFECT_SMALL_PANEL
POLICY_DEVELOPMENT-TRANSPORT-820483,TRANSPORT,NULL,0.0,10000,96,2,2,1,0.85,0.0,0.03,1,0.08,12,0.01,POLICY_DEVELOPMENT,820483,gaussian_mixture_v1.1,0.75,True,True,True,False,EXTREME_FAMILY_IMBALANCE
POLICY_DEVELOPMENT-TRANSPORT-820484,TRANSPORT,SUPPORTED,0.025,1000000,96,2,2,1,0.05,0.0,0.03,1,0.08,12,0.01,POLICY_DEVELOPMENT,820484,gaussian_mixture_v1.2,0.8,False,True,True,False,ONE_DOMINANT_FAMILY
POLICY_DEVELOPMENT-TRANSPORT-820485,TRANSPORT,SUPPORTED,0.06,500,96,2,4,1,0.05,0.0,0.03,1,0.08,12,0.01,POLICY_DEVELOPMENT,820485,gaussian_mixture_v1.3,0.85,True,False,True,False,TRANSPORT_REVERSAL
POLICY_DEVELOPMENT-TRANSPORT-820486,TRANSPORT,NULL,0.0,10000,12,2,4,1,0.45,0.0,0.03,1,0.08,12,0.01,POLICY_DEVELOPMENT,820486,gaussian_mixture_v1.1,0.9,True,True,False,False,BENCHMARK_SPECIFIC_REVERSAL
POLICY_DEVELOPMENT-TRANSPORT-820487,TRANSPORT,SUPPORTED,0.025,1000000,12,8,4,1,0.45,0.0,0.03,1,0.08,12,0.01,POLICY_DEVELOPMENT,820487,gaussian_mixture_v1.2,0.95,True,True,True,False,VERY_HIGH_MULTIPLICITY
POLICY_DEVELOPMENT-TRANSPORT-820488,TRANSPORT,SUPPORTED,0.06,500,12,8,4,1,0.85,0.0,0.03,1,0.08,12,0.01,POLICY_DEVELOPMENT,820488,gaussian_mixture_v1.3,0.6,False,True,True,False,NEARLY_TIED_TOP_K
POLICY_DEVELOPMENT-TRANSPORT-820489,TRANSPORT,NULL,0.0,10000,36,8,4,1,0.85,0.0,0.03,1,0.08,12,0.01,POLICY_DEVELOPMENT,820489,gaussian_mixture_v1.1,0.65,True,True,True,False,HIGH_RAW_LOW_EFFECTIVE_N
POLICY_DEVELOPMENT-TRANSPORT-820490,TRANSPORT,SUPPORTED,0.025,1000000,36,8,6,1,0.05,0.0,0.03,1,0.08,12,0.01,POLICY_DEVELOPMENT,820490,gaussian_mixture_v1.2,0.7,True,False,True,True,SMALL_EFFECT_HUGE_RAW_N
POLICY_DEVELOPMENT-TRANSPORT-820491,TRANSPORT,SUPPORTED,0.06,500,36,8,6,1,0.05,0.0,0.03,3,0.08,12,0.01,POLICY_DEVELOPMENT,820491,gaussian_mixture_v1.3,0.75,True,True,True,False,LARGE_EFFECT_SMALL_PANEL
POLICY_DEVELOPMENT-TRANSPORT-820492,TRANSPORT,NULL,0.0,10000,96,8,6,1,0.45,0.0,0.03,3,0.08,12,0.01,POLICY_DEVELOPMENT,820492,gaussian_mixture_v1.1,0.8,False,True,False,False,EXTREME_FAMILY_IMBALANCE
POLICY_DEVELOPMENT-TRANSPORT-820493,TRANSPORT,SUPPORTED,0.025,1000000,96,8,6,1,0.45,0.0,0.03,3,0.08,40,0.01,POLICY_DEVELOPMENT,820493,gaussian_mixture_v1.2,0.85,True,True,True,False,ONE_DOMINANT_FAMILY
POLICY_DEVELOPMENT-TRANSPORT-820494,TRANSPORT,SUPPORTED,0.06,500,96,24,6,1,0.85,0.0,0.03,3,0.08,40,0.01,POLICY_DEVELOPMENT,820494,gaussian_mixture_v1.3,0.9,True,True,True,False,TRANSPORT_REVERSAL
POLICY_DEVELOPMENT-TRANSPORT-820495,TRANSPORT,NULL,0.0,10000,12,24,10,1,0.85,0.0,0.03,3,0.08,40,0.01,POLICY_DEVELOPMENT,820495,gaussian_mixture_v1.1,0.95,True,False,True,False,BENCHMARK_SPECIFIC_REVERSAL
POLICY_DEVELOPMENT-TRANSPORT-820496,TRANSPORT,SUPPORTED,0.025,1000000,12,24,10,1,0.05,0.0,0.03,3,0.08,40,0.01,POLICY_DEVELOPMENT,820496,gaussian_mixture_v1.2,0.6,False,True,True,False,VERY_HIGH_MULTIPLICITY
POLICY_DEVELOPMENT-TRANSPORT-820497,TRANSPORT,SUPPORTED,0.06,500,12,24,10,3,0.05,0.0,0.03,3,0.08,40,0.01,POLICY_DEVELOPMENT,820497,gaussian_mixture_v1.3,0.65,True,True,True,False,NEARLY_TIED_TOP_K
POLICY_DEVELOPMENT-TRANSPORT-820498,TRANSPORT,NULL,0.0,10000,36,24,10,3,0.45,0.0,0.03,3,0.08,40,0.01,POLICY_DEVELOPMENT,820498,gaussian_mixture_v1.1,0.7,True,True,False,False,HIGH_RAW_LOW_EFFECTIVE_N
POLICY_DEVELOPMENT-TRANSPORT-820499,TRANSPORT,SUPPORTED,0.025,1000000,36,24,10,3,0.45,0.5,0.03,3,0.08,40,0.01,POLICY_DEVELOPMENT,820499,gaussian_mixture_v1.2,0.75,True,True,True,False,SMALL_EFFECT_HUGE_RAW_N
POLICY_DEVELOPMENT-TRANSPORT-820500,TRANSPORT,SUPPORTED,0.06,500,36,24,2,3,0.85,0.5,0.03,3,0.08,40,0.01,POLICY_DEVELOPMENT,820500,gaussian_mixture_v1.3,0.8,False,False,True,True,LARGE_EFFECT_SMALL_PANEL
POLICY_DEVELOPMENT-TRANSPORT-820501,TRANSPORT,NULL,0.0,10000,96,60,2,3,0.85,0.5,0.03,3,0.08,40,0.01,POLICY_DEVELOPMENT,820501,gaussian_mixture_v1.1,0.85,True,True,True,False,EXTREME_FAMILY_IMBALANCE
POLICY_DEVELOPMENT-TRANSPORT-820502,TRANSPORT,SUPPORTED,0.025,1000000,96,60,2,3,0.05,0.5,0.03,5,0.08,40,0.01,POLICY_DEVELOPMENT,820502,gaussian_mixture_v1.2,0.9,True,True,True,False,ONE_DOMINANT_FAMILY
POLICY_DEVELOPMENT-TRANSPORT-820503,TRANSPORT,SUPPORTED,0.06,500,96,60,2,3,0.05,0.5,0.1,5,0.08,40,0.01,POLICY_DEVELOPMENT,820503,gaussian_mixture_v1.3,0.95,True,True,True,False,TRANSPORT_REVERSAL
POLICY_DEVELOPMENT-TRANSPORT-820504,TRANSPORT,NULL,0.0,10000,12,60,2,3,0.45,0.5,0.1,5,0.08,40,0.01,POLICY_DEVELOPMENT,820504,gaussian_mixture_v1.1,0.6,False,True,False,False,BENCHMARK_SPECIFIC_REVERSAL
POLICY_DEVELOPMENT-TRANSPORT-820505,TRANSPORT,SUPPORTED,0.025,1000000,12,60,4,3,0.45,0.5,0.1,5,0.08,40,0.01,POLICY_DEVELOPMENT,820505,gaussian_mixture_v1.2,0.65,True,False,True,False,VERY_HIGH_MULTIPLICITY
POLICY_DEVELOPMENT-TRANSPORT-820506,TRANSPORT,SUPPORTED,0.06,500,12,60,4,3,0.85,0.5,0.1,5,0.08,1,0.01,POLICY_DEVELOPMENT,820506,gaussian_mixture_v1.3,0.7,True,True,True,False,NEARLY_TIED_TOP_K
POLICY_DEVELOPMENT-TRANSPORT-820507,TRANSPORT,NULL,0.0,10000,36,60,4,3,0.85,0.5,0.1,5,0.08,1,0.01,POLICY_DEVELOPMENT,820507,gaussian_mixture_v1.1,0.75,True,True,True,False,HIGH_RAW_LOW_EFFECTIVE_N
POLICY_DEVELOPMENT-TRANSPORT-820508,TRANSPORT,SUPPORTED,0.025,1000000,36,2,4,3,0.05,0.5,0.1,5,0.08,1,0.01,POLICY_DEVELOPMENT,820508,gaussian_mixture_v1.2,0.8,False,True,True,False,SMALL_EFFECT_HUGE_RAW_N
POLICY_DEVELOPMENT-TRANSPORT-820509,TRANSPORT,SUPPORTED,0.06,500,36,2,4,3,0.05,0.5,0.1,5,0.12,1,0.01,POLICY_DEVELOPMENT,820509,gaussian_mixture_v1.3,0.85,True,True,True,False,LARGE_EFFECT_SMALL_PANEL
POLICY_DEVELOPMENT-TRANSPORT-820510,TRANSPORT,NULL,0.0,10000,96,2,6,3,0.45,0.5,0.1,5,0.12,1,0.01,POLICY_DEVELOPMENT,820510,gaussian_mixture_v1.1,0.9,True,False,False,True,EXTREME_FAMILY_IMBALANCE
POLICY_DEVELOPMENT-TRANSPORT-820511,TRANSPORT,SUPPORTED,0.025,1000000,96,2,6,3,0.45,0.5,0.1,5,0.12,1,0.01,POLICY_DEVELOPMENT,820511,gaussian_mixture_v1.2,0.95,True,True,True,False,ONE_DOMINANT_FAMILY
POLICY_DEVELOPMENT-TRANSPORT-820512,TRANSPORT,SUPPORTED,0.06,500,96,2,6,3,0.85,0.5,0.1,5,0.12,1,0.01,POLICY_DEVELOPMENT,820512,gaussian_mixture_v1.3,0.6,False,True,True,False,TRANSPORT_REVERSAL
POLICY_DEVELOPMENT-TRANSPORT-820513,TRANSPORT,NULL,0.0,10000,12,2,6,3,0.85,0.5,0.1,1,0.12,1,0.01,POLICY_DEVELOPMENT,820513,gaussian_mixture_v1.1,0.65,True,True,True,False,BENCHMARK_SPECIFIC_REVERSAL
POLICY_DEVELOPMENT-TRANSPORT-820514,TRANSPORT,SUPPORTED,0.025,1000000,12,2,6,8,0.05,0.5,0.1,1,0.12,1,0.01,POLICY_DEVELOPMENT,820514,gaussian_mixture_v1.2,0.7,True,True,True,False,VERY_HIGH_MULTIPLICITY
POLICY_DEVELOPMENT-TRANSPORT-820515,TRANSPORT,SUPPORTED,0.06,500,12,8,10,8,0.05,0.5,0.1,1,0.12,1,0.01,POLICY_DEVELOPMENT,820515,gaussian_mixture_v1.3,0.75,True,False,True,False,NEARLY_TIED_TOP_K
POLICY_DEVELOPMENT-TRANSPORT-820516,TRANSPORT,NULL,0.0,10000,36,8,10,8,0.45,0.5,0.1,1,0.12,1,0.01,POLICY_DEVELOPMENT,820516,gaussian_mixture_v1.1,0.8,False,True,False,False,HIGH_RAW_LOW_EFFECTIVE_N
POLICY_DEVELOPMENT-TRANSPORT-820517,TRANSPORT,SUPPORTED,0.025,1000000,36,8,10,8,0.45,0.5,0.1,1,0.12,1,0.01,POLICY_DEVELOPMENT,820517,gaussian_mixture_v1.2,0.85,True,True,True,False,SMALL_EFFECT_HUGE_RAW_N
POLICY_DEVELOPMENT-TRANSPORT-820518,TRANSPORT,SUPPORTED,0.06,500,36,8,10,8,0.85,0.9,0.1,1,0.12,1,0.01,POLICY_DEVELOPMENT,820518,gaussian_mixture_v1.3,0.9,True,True,True,False,LARGE_EFFECT_SMALL_PANEL
POLICY_DEVELOPMENT-TRANSPORT-820519,TRANSPORT,NULL,0.0,10000,96,8,10,8,0.85,0.9,0.1,1,0.12,12,0.01,POLICY_DEVELOPMENT,820519,gaussian_mixture_v1.1,0.95,True,True,True,False,EXTREME_FAMILY_IMBALANCE
POLICY_DEVELOPMENT-TRANSPORT-820520,TRANSPORT,SUPPORTED,0.025,1000000,96,8,2,8,0.05,0.9,0.1,1,0.12,12,0.01,POLICY_DEVELOPMENT,820520,gaussian_mixture_v1.2,0.6,False,False,True,True,ONE_DOMINANT_FAMILY
POLICY_DEVELOPMENT-TRANSPORT-820521,TRANSPORT,SUPPORTED,0.06,500,96,8,2,8,0.05,0.9,0.1,1,0.12,12,0.01,POLICY_DEVELOPMENT,820521,gaussian_mixture_v1.3,0.65,True,True,True,False,TRANSPORT_REVERSAL
POLICY_DEVELOPMENT-TRANSPORT-820522,TRANSPORT,NULL,0.0,10000,12,24,2,8,0.45,0.9,0.1,1,0.12,12,0.01,POLICY_DEVELOPMENT,820522,gaussian_mixture_v1.1,0.7,True,True,False,False,BENCHMARK_SPECIFIC_REVERSAL
POLICY_DEVELOPMENT-TRANSPORT-820523,TRANSPORT,SUPPORTED,0.025,1000000,12,24,2,8,0.45,0.9,0.1,1,0.12,12,0.01,POLICY_DEVELOPMENT,820523,gaussian_mixture_v1.2,0.75,True,True,True,False,VERY_HIGH_MULTIPLICITY
POLICY_DEVELOPMENT-TRANSPORT-820524,TRANSPORT,SUPPORTED,0.06,500,12,24,2,8,0.85,0.9,0.1,3,0.12,12,0.01,POLICY_DEVELOPMENT,820524,gaussian_mixture_v1.3,0.8,False,True,True,False,NEARLY_TIED_TOP_K
POLICY_DEVELOPMENT-TRANSPORT-820525,TRANSPORT,NULL,0.0,10000,36,24,4,8,0.85,0.9,0.1,3,0.12,12,0.01,POLICY_DEVELOPMENT,820525,gaussian_mixture_v1.1,0.85,True,False,True,False,HIGH_RAW_LOW_EFFECTIVE_N
POLICY_DEVELOPMENT-TRANSPORT-820526,TRANSPORT,SUPPORTED,0.025,1000000,36,24,4,8,0.05,0.9,0.25,3,0.12,12,0.01,POLICY_DEVELOPMENT,820526,gaussian_mixture_v1.2,0.9,True,True,True,False,SMALL_EFFECT_HUGE_RAW_N
POLICY_DEVELOPMENT-TRANSPORT-820527,TRANSPORT,SUPPORTED,0.06,500,36,24,4,8,0.05,0.9,0.25,3,0.12,12,0.01,POLICY_DEVELOPMENT,820527,gaussian_mixture_v1.3,0.95,True,True,True,False,LARGE_EFFECT_SMALL_PANEL
POLICY_DEVELOPMENT-TRANSPORT-820528,TRANSPORT,NULL,0.0,10000,96,24,4,8,0.45,0.9,0.25,3,0.12,12,0.01,POLICY_DEVELOPMENT,820528,gaussian_mixture_v1.1,0.6,False,True,False,False,EXTREME_FAMILY_IMBALANCE
POLICY_DEVELOPMENT-TRANSPORT-820529,TRANSPORT,SUPPORTED,0.025,1000000,96,60,4,8,0.45,0.9,0.25,3,0.12,12,0.01,POLICY_DEVELOPMENT,820529,gaussian_mixture_v1.2,0.65,True,True,True,False,ONE_DOMINANT_FAMILY
POLICY_DEVELOPMENT-TRANSPORT-820530,TRANSPORT,SUPPORTED,0.06,500,96,60,6,8,0.85,0.9,0.25,3,0.12,12,0.01,POLICY_DEVELOPMENT,820530,gaussian_mixture_v1.3,0.7,True,False,True,True,TRANSPORT_REVERSAL
POLICY_DEVELOPMENT-TRANSPORT-820531,TRANSPORT,NULL,0.0,10000,12,60,6,1,0.85,0.9,0.25,3,0.12,12,0.01,POLICY_DEVELOPMENT,820531,gaussian_mixture_v1.1,0.75,True,True,True,False,BENCHMARK_SPECIFIC_REVERSAL
POLICY_DEVELOPMENT-TRANSPORT-820532,TRANSPORT,SUPPORTED,0.025,1000000,12,60,6,1,0.05,0.9,0.25,3,0.12,40,0.01,POLICY_DEVELOPMENT,820532,gaussian_mixture_v1.2,0.8,False,True,True,False,VERY_HIGH_MULTIPLICITY
POLICY_DEVELOPMENT-TRANSPORT-820533,TRANSPORT,SUPPORTED,0.06,500,12,60,6,1,0.05,0.9,0.25,3,0.12,40,0.01,POLICY_DEVELOPMENT,820533,gaussian_mixture_v1.3,0.85,True,True,True,False,NEARLY_TIED_TOP_K
POLICY_DEVELOPMENT-TRANSPORT-820534,TRANSPORT,NULL,0.0,10000,36,60,6,1,0.45,0.9,0.25,3,0.12,40,0.01,POLICY_DEVELOPMENT,820534,gaussian_mixture_v1.1,0.9,True,True,False,False,HIGH_RAW_LOW_EFFECTIVE_N
POLICY_DEVELOPMENT-TRANSPORT-820535,TRANSPORT,SUPPORTED,0.025,1000000,36,60,10,1,0.45,0.9,0.25,5,0.12,40,0.01,POLICY_DEVELOPMENT,820535,gaussian_mixture_v1.2,0.95,True,False,True,False,SMALL_EFFECT_HUGE_RAW_N
POLICY_DEVELOPMENT-TRANSPORT-820536,TRANSPORT,SUPPORTED,0.06,500,36,2,10,1,0.85,0.9,0.25,5,0.12,40,0.01,POLICY_DEVELOPMENT,820536,gaussian_mixture_v1.3,0.6,False,True,True,False,LARGE_EFFECT_SMALL_PANEL
POLICY_DEVELOPMENT-TRANSPORT-820537,TRANSPORT,NULL,0.0,10000,96,2,10,1,0.85,0.0,0.25,5,0.12,40,0.01,POLICY_DEVELOPMENT,820537,gaussian_mixture_v1.1,0.65,True,True,True,False,EXTREME_FAMILY_IMBALANCE
POLICY_DEVELOPMENT-TRANSPORT-820538,TRANSPORT,SUPPORTED,0.025,1000000,96,2,10,1,0.05,0.0,0.25,5,0.18,40,0.01,POLICY_DEVELOPMENT,820538,gaussian_mixture_v1.2,0.7,True,True,True,False,ONE_DOMINANT_FAMILY
POLICY_DEVELOPMENT-TRANSPORT-820539,TRANSPORT,SUPPORTED,0.06,500,96,2,10,1,0.05,0.0,0.25,5,0.18,40,0.01,POLICY_DEVELOPMENT,820539,gaussian_mixture_v1.3,0.75,True,True,True,False,TRANSPORT_REVERSAL
POLICY_DEVELOPMENT-TRANSPORT-820540,TRANSPORT,NULL,0.0,10000,12,2,2,1,0.45,0.0,0.25,5,0.18,40,0.01,POLICY_DEVELOPMENT,820540,gaussian_mixture_v1.1,0.8,False,False,False,True,BENCHMARK_SPECIFIC_REVERSAL
POLICY_DEVELOPMENT-TRANSPORT-820541,TRANSPORT,SUPPORTED,0.025,1000000,12,2,2,1,0.45,0.0,0.25,5,0.18,40,0.01,POLICY_DEVELOPMENT,820541,gaussian_mixture_v1.2,0.85,True,True,True,False,VERY_HIGH_MULTIPLICITY
POLICY_DEVELOPMENT-TRANSPORT-820542,TRANSPORT,SUPPORTED,0.06,500,12,2,2,1,0.85,0.0,0.25,5,0.18,40,0.01,POLICY_DEVELOPMENT,820542,gaussian_mixture_v1.3,0.9,True,True,True,False,NEARLY_TIED_TOP_K
POLICY_DEVELOPMENT-TRANSPORT-820543,TRANSPORT,NULL,0.0,10000,36,8,2,1,0.85,0.0,0.25,5,0.18,40,0.01,POLICY_DEVELOPMENT,820543,gaussian_mixture_v1.1,0.95,True,True,True,False,HIGH_RAW_LOW_EFFECTIVE_N
POLICY_DEVELOPMENT-TRANSPORT-820544,TRANSPORT,SUPPORTED,0.025,1000000,36,8,2,1,0.05,0.0,0.25,5,0.18,40,0.01,POLICY_DEVELOPMENT,820544,gaussian_mixture_v1.2,0.6,False,True,True,False,SMALL_EFFECT_HUGE_RAW_N
POLICY_DEVELOPMENT-TRANSPORT-820545,TRANSPORT,SUPPORTED,0.06,500,36,8,4,1,0.05,0.0,0.25,5,0.18,1,0.01,POLICY_DEVELOPMENT,820545,gaussian_mixture_v1.3,0.65,True,False,True,False,LARGE_EFFECT_SMALL_PANEL
POLICY_DEVELOPMENT-TRANSPORT-820546,TRANSPORT,NULL,0.0,10000,96,8,4,1,0.45,0.0,0.25,1,0.18,1,0.01,POLICY_DEVELOPMENT,820546,gaussian_mixture_v1.1,0.7,True,True,False,False,EXTREME_FAMILY_IMBALANCE
POLICY_DEVELOPMENT-TRANSPORT-820547,TRANSPORT,SUPPORTED,0.025,1000000,96,8,4,1,0.45,0.0,0.25,1,0.18,1,0.01,POLICY_DEVELOPMENT,820547,gaussian_mixture_v1.2,0.75,True,True,True,False,ONE_DOMINANT_FAMILY
POLICY_DEVELOPMENT-TRANSPORT-820548,TRANSPORT,SUPPORTED,0.06,500,96,8,4,3,0.85,0.0,0.25,1,0.18,1,0.01,POLICY_DEVELOPMENT,820548,gaussian_mixture_v1.3,0.8,False,True,True,False,TRANSPORT_REVERSAL
POLICY_DEVELOPMENT-TRANSPORT-820549,TRANSPORT,NULL,0.0,10000,12,8,4,3,0.85,0.0,0.03,1,0.18,1,0.01,POLICY_DEVELOPMENT,820549,gaussian_mixture_v1.1,0.85,True,True,True,False,BENCHMARK_SPECIFIC_REVERSAL
POLICY_DEVELOPMENT-TRANSPORT-820550,TRANSPORT,SUPPORTED,0.025,1000000,12,24,6,3,0.05,0.0,0.03,1,0.18,1,0.01,POLICY_DEVELOPMENT,820550,gaussian_mixture_v1.2,0.9,True,False,True,True,VERY_HIGH_MULTIPLICITY
POLICY_DEVELOPMENT-TRANSPORT-820551,TRANSPORT,SUPPORTED,0.06,500,12,24,6,3,0.05,0.0,0.03,1,0.18,1,0.01,POLICY_DEVELOPMENT,820551,gaussian_mixture_v1.3,0.95,True,True,True,False,NEARLY_TIED_TOP_K
POLICY_DEVELOPMENT-TRANSPORT-820552,TRANSPORT,NULL,0.0,10000,36,24,6,3,0.45,0.0,0.03,1,0.18,1,0.01,POLICY_DEVELOPMENT,820552,gaussian_mixture_v1.1,0.6,False,True,False,False,HIGH_RAW_LOW_EFFECTIVE_N
POLICY_DEVELOPMENT-TRANSPORT-820553,TRANSPORT,SUPPORTED,0.025,1000000,36,24,6,3,0.45,0.0,0.03,1,0.18,1,0.01,POLICY_DEVELOPMENT,820553,gaussian_mixture_v1.2,0.65,True,True,True,False,SMALL_EFFECT_HUGE_RAW_N
POLICY_DEVELOPMENT-TRANSPORT-820554,TRANSPORT,SUPPORTED,0.06,500,36,24,6,3,0.85,0.0,0.03,1,0.18,1,0.01,POLICY_DEVELOPMENT,820554,gaussian_mixture_v1.3,0.7,True,True,True,False,LARGE_EFFECT_SMALL_PANEL
POLICY_DEVELOPMENT-TRANSPORT-820555,TRANSPORT,NULL,0.0,10000,96,24,10,3,0.85,0.0,0.03,1,0.18,1,0.01,POLICY_DEVELOPMENT,820555,gaussian_mixture_v1.1,0.75,True,False,True,False,EXTREME_FAMILY_IMBALANCE
POLICY_DEVELOPMENT-TRANSPORT-820556,TRANSPORT,SUPPORTED,0.025,1000000,96,24,10,3,0.05,0.5,0.03,1,0.18,1,0.01,POLICY_DEVELOPMENT,820556,gaussian_mixture_v1.2,0.8,False,True,True,False,ONE_DOMINANT_FAMILY
POLICY_DEVELOPMENT-TRANSPORT-820557,TRANSPORT,SUPPORTED,0.06,500,96,60,10,3,0.05,0.5,0.03,3,0.18,1,0.01,POLICY_DEVELOPMENT,820557,gaussian_mixture_v1.3,0.85,True,True,True,False,TRANSPORT_REVERSAL
POLICY_DEVELOPMENT-TRANSPORT-820558,TRANSPORT,NULL,0.0,10000,12,60,10,3,0.45,0.5,0.03,3,0.18,12,0.01,POLICY_DEVELOPMENT,820558,gaussian_mixture_v1.1,0.9,True,True,False,False,BENCHMARK_SPECIFIC_REVERSAL
POLICY_DEVELOPMENT-TRANSPORT-820559,TRANSPORT,SUPPORTED,0.025,1000000,12,60,10,3,0.45,0.5,0.03,3,0.18,12,0.01,POLICY_DEVELOPMENT,820559,gaussian_mixture_v1.2,0.95,True,True,True,False,VERY_HIGH_MULTIPLICITY
POLICY_DEVELOPMENT-TRANSPORT-820560,TRANSPORT,SUPPORTED,0.06,500,12,60,2,3,0.85,0.5,0.03,3,0.18,12,0.01,POLICY_DEVELOPMENT,820560,gaussian_mixture_v1.3,0.6,False,False,True,True,NEARLY_TIED_TOP_K
POLICY_DEVELOPMENT-TRANSPORT-820561,TRANSPORT,NULL,0.0,10000,36,60,2,3,0.85,0.5,0.03,3,0.18,12,0.01,POLICY_DEVELOPMENT,820561,gaussian_mixture_v1.1,0.65,True,True,True,False,HIGH_RAW_LOW_EFFECTIVE_N
POLICY_DEVELOPMENT-TRANSPORT-820562,TRANSPORT,SUPPORTED,0.025,1000000,36,60,2,3,0.05,0.5,0.03,3,0.18,12,0.01,POLICY_DEVELOPMENT,820562,gaussian_mixture_v1.2,0.7,True,True,True,False,SMALL_EFFECT_HUGE_RAW_N
POLICY_DEVELOPMENT-TRANSPORT-820563,TRANSPORT,SUPPORTED,0.06,500,36,60,2,3,0.05,0.5,0.03,3,0.18,12,0.01,POLICY_DEVELOPMENT,820563,gaussian_mixture_v1.3,0.75,True,True,True,False,LARGE_EFFECT_SMALL_PANEL
POLICY_DEVELOPMENT-TRANSPORT-820564,TRANSPORT,NULL,0.0,10000,96,2,2,3,0.45,0.5,0.03,3,0.18,12,0.01,POLICY_DEVELOPMENT,820564,gaussian_mixture_v1.1,0.8,False,True,False,False,EXTREME_FAMILY_IMBALANCE
POLICY_DEVELOPMENT-TRANSPORT-820565,TRANSPORT,SUPPORTED,0.025,1000000,96,2,4,8,0.45,0.5,0.03,3,0.18,12,0.01,POLICY_DEVELOPMENT,820565,gaussian_mixture_v1.2,0.85,True,False,True,False,ONE_DOMINANT_FAMILY
POLICY_DEVELOPMENT-TRANSPORT-820566,TRANSPORT,SUPPORTED,0.06,500,96,2,4,8,0.85,0.5,0.03,3,0.18,12,0.01,POLICY_DEVELOPMENT,820566,gaussian_mixture_v1.3,0.9,True,True,True,False,TRANSPORT_REVERSAL
POLICY_DEVELOPMENT-TRANSPORT-820567,TRANSPORT,NULL,0.0,10000,12,2,4,8,0.85,0.5,0.03,3,0.08,12,0.01,POLICY_DEVELOPMENT,820567,gaussian_mixture_v1.1,0.95,True,True,True,False,BENCHMARK_SPECIFIC_REVERSAL
POLICY_DEVELOPMENT-TRANSPORT-820568,TRANSPORT,SUPPORTED,0.025,1000000,12,2,4,8,0.05,0.5,0.03,5,0.08,12,0.01,POLICY_DEVELOPMENT,820568,gaussian_mixture_v1.2,0.6,False,True,True,False,VERY_HIGH_MULTIPLICITY
POLICY_DEVELOPMENT-TRANSPORT-820569,TRANSPORT,SUPPORTED,0.06,500,12,2,4,8,0.05,0.5,0.03,5,0.08,12,0.01,POLICY_DEVELOPMENT,820569,gaussian_mixture_v1.3,0.65,True,True,True,False,NEARLY_TIED_TOP_K
POLICY_DEVELOPMENT-TRANSPORT-820570,TRANSPORT,NULL,0.0,10000,36,2,6,8,0.45,0.5,0.03,5,0.08,12,0.01,POLICY_DEVELOPMENT,820570,gaussian_mixture_v1.1,0.7,True,False,False,True,HIGH_RAW_LOW_EFFECTIVE_N
POLICY_DEVELOPMENT-TRANSPORT-820571,TRANSPORT,SUPPORTED,0.025,1000000,36,8,6,8,0.45,0.5,0.03,5,0.08,40,0.01,POLICY_DEVELOPMENT,820571,gaussian_mixture_v1.2,0.75,True,True,True,False,SMALL_EFFECT_HUGE_RAW_N
POLICY_DEVELOPMENT-TRANSPORT-820572,TRANSPORT,SUPPORTED,0.06,500,36,8,6,8,0.85,0.5,0.1,5,0.08,40,0.01,POLICY_DEVELOPMENT,820572,gaussian_mixture_v1.3,0.8,False,True,True,False,LARGE_EFFECT_SMALL_PANEL
POLICY_DEVELOPMENT-TRANSPORT-820573,TRANSPORT,NULL,0.0,10000,96,8,6,8,0.85,0.5,0.1,5,0.08,40,0.01,POLICY_DEVELOPMENT,820573,gaussian_mixture_v1.1,0.85,True,True,True,False,EXTREME_FAMILY_IMBALANCE
POLICY_DEVELOPMENT-TRANSPORT-820574,TRANSPORT,SUPPORTED,0.025,1000000,96,8,6,8,0.05,0.5,0.1,5,0.08,40,0.01,POLICY_DEVELOPMENT,820574,gaussian_mixture_v1.2,0.9,True,True,True,False,ONE_DOMINANT_FAMILY
POLICY_DEVELOPMENT-TRANSPORT-820575,TRANSPORT,SUPPORTED,0.06,500,96,8,10,8,0.05,0.9,0.1,5,0.08,40,0.01,POLICY_DEVELOPMENT,820575,gaussian_mixture_v1.3,0.95,True,False,True,False,TRANSPORT_REVERSAL
POLICY_DEVELOPMENT-TRANSPORT-820576,TRANSPORT,NULL,0.0,10000,12,8,10,8,0.45,0.9,0.1,5,0.08,40,0.01,POLICY_DEVELOPMENT,820576,gaussian_mixture_v1.1,0.6,False,True,False,False,BENCHMARK_SPECIFIC_REVERSAL
POLICY_DEVELOPMENT-TRANSPORT-820577,TRANSPORT,SUPPORTED,0.025,1000000,12,8,10,8,0.45,0.9,0.1,5,0.08,40,0.01,POLICY_DEVELOPMENT,820577,gaussian_mixture_v1.2,0.65,True,True,True,False,VERY_HIGH_MULTIPLICITY
POLICY_DEVELOPMENT-TRANSPORT-820578,TRANSPORT,SUPPORTED,0.06,500,12,24,10,8,0.85,0.9,0.1,5,0.08,40,0.01,POLICY_DEVELOPMENT,820578,gaussian_mixture_v1.3,0.7,True,True,True,False,NEARLY_TIED_TOP_K
POLICY_DEVELOPMENT-TRANSPORT-820579,TRANSPORT,NULL,0.0,10000,36,24,10,8,0.85,0.9,0.1,1,0.08,40,0.01,POLICY_DEVELOPMENT,820579,gaussian_mixture_v1.1,0.75,True,True,True,False,HIGH_RAW_LOW_EFFECTIVE_N
POLICY_DEVELOPMENT-TRANSPORT-820580,TRANSPORT,SUPPORTED,0.025,1000000,36,24,2,8,0.05,0.9,0.1,1,0.08,40,0.01,POLICY_DEVELOPMENT,820580,gaussian_mixture_v1.2,0.8,False,False,True,True,SMALL_EFFECT_HUGE_RAW_N
POLICY_DEVELOPMENT-TRANSPORT-820581,TRANSPORT,SUPPORTED,0.06,500,36,24,2,8,0.05,0.9,0.1,1,0.08,40,0.01,POLICY_DEVELOPMENT,820581,gaussian_mixture_v1.3,0.85,True,True,True,False,LARGE_EFFECT_SMALL_PANEL
POLICY_DEVELOPMENT-TRANSPORT-820582,TRANSPORT,NULL,0.0,10000,96,24,2,1,0.45,0.9,0.1,1,0.08,40,0.01,POLICY_DEVELOPMENT,820582,gaussian_mixture_v1.1,0.9,True,True,False,False,EXTREME_FAMILY_IMBALANCE
POLICY_DEVELOPMENT-TRANSPORT-820583,TRANSPORT,SUPPORTED,0.025,1000000,96,24,2,1,0.45,0.9,0.1,1,0.08,40,0.01,POLICY_DEVELOPMENT,820583,gaussian_mixture_v1.2,0.95,True,True,True,False,ONE_DOMINANT_FAMILY
POLICY_DEVELOPMENT-TRANSPORT-820584,TRANSPORT,SUPPORTED,0.06,500,96,24,2,1,0.85,0.9,0.1,1,0.08,1,0.01,POLICY_DEVELOPMENT,820584,gaussian_mixture_v1.3,0.6,False,True,True,False,TRANSPORT_REVERSAL
POLICY_DEVELOPMENT-TRANSPORT-820585,TRANSPORT,NULL,0.0,10000,12,60,4,1,0.85,0.9,0.1,1,0.08,1,0.01,POLICY_DEVELOPMENT,820585,gaussian_mixture_v1.1,0.65,True,False,True,False,BENCHMARK_SPECIFIC_REVERSAL
POLICY_DEVELOPMENT-TRANSPORT-820586,TRANSPORT,SUPPORTED,0.025,1000000,12,60,4,1,0.05,0.9,0.1,1,0.08,1,0.01,POLICY_DEVELOPMENT,820586,gaussian_mixture_v1.2,0.7,True,True,True,False,VERY_HIGH_MULTIPLICITY
POLICY_DEVELOPMENT-TRANSPORT-820587,TRANSPORT,SUPPORTED,0.06,500,12,60,4,1,0.05,0.9,0.1,1,0.08,1,0.01,POLICY_DEVELOPMENT,820587,gaussian_mixture_v1.3,0.75,True,True,True,False,NEARLY_TIED_TOP_K
POLICY_DEVELOPMENT-TRANSPORT-820588,TRANSPORT,NULL,0.0,10000,36,60,4,1,0.45,0.9,0.1,1,0.08,1,0.01,POLICY_DEVELOPMENT,820588,gaussian_mixture_v1.1,0.8,False,True,False,False,HIGH_RAW_LOW_EFFECTIVE_N
POLICY_DEVELOPMENT-TRANSPORT-820589,TRANSPORT,SUPPORTED,0.025,1000000,36,60,4,1,0.45,0.9,0.1,1,0.08,1,0.01,POLICY_DEVELOPMENT,820589,gaussian_mixture_v1.2,0.85,True,True,True,False,SMALL_EFFECT_HUGE_RAW_N
POLICY_DEVELOPMENT-TRANSPORT-820590,TRANSPORT,SUPPORTED,0.06,500,36,60,6,1,0.85,0.9,0.1,3,0.08,1,0.01,POLICY_DEVELOPMENT,820590,gaussian_mixture_v1.3,0.9,True,False,True,True,LARGE_EFFECT_SMALL_PANEL
POLICY_DEVELOPMENT-TRANSPORT-820591,TRANSPORT,NULL,0.0,10000,96,60,6,1,0.85,0.9,0.1,3,0.08,1,0.01,POLICY_DEVELOPMENT,820591,gaussian_mixture_v1.1,0.95,True,True,True,False,EXTREME_FAMILY_IMBALANCE
POLICY_DEVELOPMENT-TRANSPORT-820592,TRANSPORT,SUPPORTED,0.025,1000000,96,2,6,1,0.05,0.9,0.1,3,0.08,1,0.01,POLICY_DEVELOPMENT,820592,gaussian_mixture_v1.2,0.6,False,True,True,False,ONE_DOMINANT_FAMILY
POLICY_DEVELOPMENT-TRANSPORT-820593,TRANSPORT,SUPPORTED,0.06,500,96,2,6,1,0.05,0.9,0.1,3,0.08,1,0.01,POLICY_DEVELOPMENT,820593,gaussian_mixture_v1.3,0.65,True,True,True,False,TRANSPORT_REVERSAL
POLICY_DEVELOPMENT-TRANSPORT-820594,TRANSPORT,NULL,0.0,10000,12,2,6,1,0.45,0.0,0.1,3,0.08,1,0.01,POLICY_DEVELOPMENT,820594,gaussian_mixture_v1.1,0.7,True,True,False,False,BENCHMARK_SPECIFIC_REVERSAL
POLICY_DEVELOPMENT-TRANSPORT-820595,TRANSPORT,SUPPORTED,0.025,1000000,12,2,10,1,0.45,0.0,0.25,3,0.08,1,0.01,POLICY_DEVELOPMENT,820595,gaussian_mixture_v1.2,0.75,True,False,True,False,VERY_HIGH_MULTIPLICITY
POLICY_DEVELOPMENT-TRANSPORT-820596,TRANSPORT,SUPPORTED,0.06,500,12,2,10,1,0.85,0.0,0.25,3,0.12,1,0.01,POLICY_DEVELOPMENT,820596,gaussian_mixture_v1.3,0.8,False,True,True,False,NEARLY_TIED_TOP_K
POLICY_DEVELOPMENT-TRANSPORT-820597,TRANSPORT,NULL,0.0,10000,36,2,10,1,0.85,0.0,0.25,3,0.12,12,0.01,POLICY_DEVELOPMENT,820597,gaussian_mixture_v1.1,0.85,True,True,True,False,HIGH_RAW_LOW_EFFECTIVE_N
POLICY_DEVELOPMENT-TRANSPORT-820598,TRANSPORT,SUPPORTED,0.025,1000000,36,2,10,1,0.05,0.0,0.25,3,0.12,12,0.01,POLICY_DEVELOPMENT,820598,gaussian_mixture_v1.2,0.9,True,True,True,False,SMALL_EFFECT_HUGE_RAW_N
POLICY_DEVELOPMENT-TRANSPORT-820599,TRANSPORT,SUPPORTED,0.06,500,36,8,10,3,0.05,0.0,0.25,3,0.12,12,0.01,POLICY_DEVELOPMENT,820599,gaussian_mixture_v1.3,0.95,True,True,True,False,LARGE_EFFECT_SMALL_PANEL
POLICY_DEVELOPMENT-REPAIR-820600,REPAIR,NULL,0.0,1000000,96,8,2,1,0.85,0.0,0.03,1,0.08,40,0.01,POLICY_DEVELOPMENT,820600,gaussian_mixture_v1.1,0.6,False,False,False,False,HIGH_RAW_LOW_EFFECTIVE_N
POLICY_DEVELOPMENT-REPAIR-820601,REPAIR,SUPPORTED,0.025,500,96,8,2,1,0.85,0.0,0.03,1,0.08,40,0.01,POLICY_DEVELOPMENT,820601,gaussian_mixture_v1.2,0.65,True,True,True,False,SMALL_EFFECT_HUGE_RAW_N
POLICY_DEVELOPMENT-REPAIR-820602,REPAIR,SUPPORTED,0.06,10000,96,8,2,1,0.05,0.0,0.03,1,0.08,40,0.01,POLICY_DEVELOPMENT,820602,gaussian_mixture_v1.3,0.7,True,True,True,False,LARGE_EFFECT_SMALL_PANEL
POLICY_DEVELOPMENT-REPAIR-820603,REPAIR,NULL,0.0,1000000,12,8,2,1,0.05,0.0,0.03,1,0.08,40,0.01,POLICY_DEVELOPMENT,820603,gaussian_mixture_v1.1,0.75,True,True,True,False,EXTREME_FAMILY_IMBALANCE
POLICY_DEVELOPMENT-REPAIR-820604,REPAIR,SUPPORTED,0.025,500,12,8,2,1,0.45,0.0,0.03,1,0.08,40,0.01,POLICY_DEVELOPMENT,820604,gaussian_mixture_v1.2,0.8,False,True,True,False,ONE_DOMINANT_FAMILY
POLICY_DEVELOPMENT-REPAIR-820605,REPAIR,SUPPORTED,0.06,10000,12,8,4,1,0.45,0.0,0.03,1,0.08,40,0.01,POLICY_DEVELOPMENT,820605,gaussian_mixture_v1.3,0.85,True,False,True,False,TRANSPORT_REVERSAL
POLICY_DEVELOPMENT-REPAIR-820606,REPAIR,NULL,0.0,1000000,36,8,4,1,0.85,0.0,0.03,1,0.08,40,0.01,POLICY_DEVELOPMENT,820606,gaussian_mixture_v1.1,0.9,True,True,False,False,BENCHMARK_SPECIFIC_REVERSAL
POLICY_DEVELOPMENT-REPAIR-820607,REPAIR,SUPPORTED,0.025,500,36,24,4,1,0.85,0.0,0.03,1,0.08,40,0.01,POLICY_DEVELOPMENT,820607,gaussian_mixture_v1.2,0.95,True,True,True,False,VERY_HIGH_MULTIPLICITY
POLICY_DEVELOPMENT-REPAIR-820608,REPAIR,SUPPORTED,0.06,10000,36,24,4,1,0.05,0.0,0.03,1,0.08,40,0.01,POLICY_DEVELOPMENT,820608,gaussian_mixture_v1.3,0.6,False,True,True,False,NEARLY_TIED_TOP_K
POLICY_DEVELOPMENT-REPAIR-820609,REPAIR,NULL,0.0,1000000,96,24,4,1,0.05,0.0,0.03,1,0.08,40,0.01,POLICY_DEVELOPMENT,820609,gaussian_mixture_v1.1,0.65,True,True,True,False,HIGH_RAW_LOW_EFFECTIVE_N
POLICY_DEVELOPMENT-REPAIR-820610,REPAIR,SUPPORTED,0.025,500,96,24,6,1,0.45,0.0,0.03,1,0.08,40,0.01,POLICY_DEVELOPMENT,820610,gaussian_mixture_v1.2,0.7,True,False,True,False,SMALL_EFFECT_HUGE_RAW_N
POLICY_DEVELOPMENT-REPAIR-820611,REPAIR,SUPPORTED,0.06,10000,96,24,6,1,0.45,0.0,0.03,3,0.08,40,0.01,POLICY_DEVELOPMENT,820611,gaussian_mixture_v1.3,0.75,True,True,True,False,LARGE_EFFECT_SMALL_PANEL
POLICY_DEVELOPMENT-REPAIR-820612,REPAIR,NULL,0.0,1000000,12,24,6,1,0.85,0.0,0.03,3,0.08,40,0.01,POLICY_DEVELOPMENT,820612,gaussian_mixture_v1.1,0.8,False,True,False,False,EXTREME_FAMILY_IMBALANCE
POLICY_DEVELOPMENT-REPAIR-820613,REPAIR,SUPPORTED,0.025,500,12,24,6,1,0.85,0.0,0.03,3,0.08,1,0.01,POLICY_DEVELOPMENT,820613,gaussian_mixture_v1.2,0.85,True,True,True,False,ONE_DOMINANT_FAMILY
POLICY_DEVELOPMENT-REPAIR-820614,REPAIR,SUPPORTED,0.06,10000,12,60,6,1,0.05,0.0,0.03,3,0.08,1,0.01,POLICY_DEVELOPMENT,820614,gaussian_mixture_v1.3,0.9,True,True,True,False,TRANSPORT_REVERSAL
POLICY_DEVELOPMENT-REPAIR-820615,REPAIR,NULL,0.0,1000000,36,60,10,1,0.05,0.0,0.03,3,0.08,1,0.01,POLICY_DEVELOPMENT,820615,gaussian_mixture_v1.1,0.95,True,False,True,False,BENCHMARK_SPECIFIC_REVERSAL
POLICY_DEVELOPMENT-REPAIR-820616,REPAIR,SUPPORTED,0.025,500,36,60,10,1,0.45,0.0,0.03,3,0.08,1,0.01,POLICY_DEVELOPMENT,820616,gaussian_mixture_v1.2,0.6,False,True,True,False,VERY_HIGH_MULTIPLICITY
POLICY_DEVELOPMENT-REPAIR-820617,REPAIR,SUPPORTED,0.06,10000,36,60,10,3,0.45,0.0,0.03,3,0.08,1,0.01,POLICY_DEVELOPMENT,820617,gaussian_mixture_v1.3,0.65,True,True,True,False,NEARLY_TIED_TOP_K
POLICY_DEVELOPMENT-REPAIR-820618,REPAIR,NULL,0.0,1000000,96,60,10,3,0.85,0.0,0.03,3,0.08,1,0.01,POLICY_DEVELOPMENT,820618,gaussian_mixture_v1.1,0.7,True,True,False,False,HIGH_RAW_LOW_EFFECTIVE_N
POLICY_DEVELOPMENT-REPAIR-820619,REPAIR,SUPPORTED,0.025,500,96,60,10,3,0.85,0.5,0.03,3,0.08,1,0.01,POLICY_DEVELOPMENT,820619,gaussian_mixture_v1.2,0.75,True,True,True,False,SMALL_EFFECT_HUGE_RAW_N
POLICY_DEVELOPMENT-REPAIR-820620,REPAIR,SUPPORTED,0.06,10000,96,60,2,3,0.05,0.5,0.03,3,0.08,1,0.01,POLICY_DEVELOPMENT,820620,gaussian_mixture_v1.3,0.8,False,False,True,False,LARGE_EFFECT_SMALL_PANEL
POLICY_DEVELOPMENT-REPAIR-820621,REPAIR,NULL,0.0,1000000,12,2,2,3,0.05,0.5,0.03,3,0.08,1,0.01,POLICY_DEVELOPMENT,820621,gaussian_mixture_v1.1,0.85,True,True,True,False,EXTREME_FAMILY_IMBALANCE
POLICY_DEVELOPMENT-REPAIR-820622,REPAIR,SUPPORTED,0.025,500,12,2,2,3,0.45,0.5,0.03,5,0.08,1,0.01,POLICY_DEVELOPMENT,820622,gaussian_mixture_v1.2,0.9,True,True,True,False,ONE_DOMINANT_FAMILY
POLICY_DEVELOPMENT-REPAIR-820623,REPAIR,SUPPORTED,0.06,10000,12,2,2,3,0.45,0.5,0.1,5,0.08,1,0.01,POLICY_DEVELOPMENT,820623,gaussian_mixture_v1.3,0.95,True,True,True,False,TRANSPORT_REVERSAL
POLICY_DEVELOPMENT-REPAIR-820624,REPAIR,NULL,0.0,1000000,36,2,2,3,0.85,0.5,0.1,5,0.08,1,0.01,POLICY_DEVELOPMENT,820624,gaussian_mixture_v1.1,0.6,False,True,False,False,BENCHMARK_SPECIFIC_REVERSAL
POLICY_DEVELOPMENT-REPAIR-820625,REPAIR,SUPPORTED,0.025,500,36,2,4,3,0.85,0.5,0.1,5,0.08,1,0.01,POLICY_DEVELOPMENT,820625,gaussian_mixture_v1.2,0.65,True,False,True,False,VERY_HIGH_MULTIPLICITY
POLICY_DEVELOPMENT-REPAIR-820626,REPAIR,SUPPORTED,0.06,10000,36,2,4,3,0.05,0.5,0.1,5,0.08,12,0.01,POLICY_DEVELOPMENT,820626,gaussian_mixture_v1.3,0.7,True,True,True,False,NEARLY_TIED_TOP_K
POLICY_DEVELOPMENT-REPAIR-820627,REPAIR,NULL,0.0,1000000,96,2,4,3,0.05,0.5,0.1,5,0.08,12,0.01,POLICY_DEVELOPMENT,820627,gaussian_mixture_v1.1,0.75,True,True,True,False,HIGH_RAW_LOW_EFFECTIVE_N
POLICY_DEVELOPMENT-REPAIR-820628,REPAIR,SUPPORTED,0.025,500,96,8,4,3,0.45,0.5,0.1,5,0.08,12,0.01,POLICY_DEVELOPMENT,820628,gaussian_mixture_v1.2,0.8,False,True,True,False,SMALL_EFFECT_HUGE_RAW_N
POLICY_DEVELOPMENT-REPAIR-820629,REPAIR,SUPPORTED,0.06,10000,96,8,4,3,0.45,0.5,0.1,5,0.12,12,0.01,POLICY_DEVELOPMENT,820629,gaussian_mixture_v1.3,0.85,True,True,True,False,LARGE_EFFECT_SMALL_PANEL
POLICY_DEVELOPMENT-REPAIR-820630,REPAIR,NULL,0.0,1000000,12,8,6,3,0.85,0.5,0.1,5,0.12,12,0.01,POLICY_DEVELOPMENT,820630,gaussian_mixture_v1.1,0.9,True,False,False,False,EXTREME_FAMILY_IMBALANCE
POLICY_DEVELOPMENT-REPAIR-820631,REPAIR,SUPPORTED,0.025,500,12,8,6,3,0.85,0.5,0.1,5,0.12,12,0.01,POLICY_DEVELOPMENT,820631,gaussian_mixture_v1.2,0.95,True,True,True,False,ONE_DOMINANT_FAMILY
POLICY_DEVELOPMENT-REPAIR-820632,REPAIR,SUPPORTED,0.06,10000,12,8,6,3,0.05,0.5,0.1,5,0.12,12,0.01,POLICY_DEVELOPMENT,820632,gaussian_mixture_v1.3,0.6,False,True,True,False,TRANSPORT_REVERSAL
POLICY_DEVELOPMENT-REPAIR-820633,REPAIR,NULL,0.0,1000000,36,8,6,3,0.05,0.5,0.1,1,0.12,12,0.01,POLICY_DEVELOPMENT,820633,gaussian_mixture_v1.1,0.65,True,True,True,False,BENCHMARK_SPECIFIC_REVERSAL
POLICY_DEVELOPMENT-REPAIR-820634,REPAIR,SUPPORTED,0.025,500,36,8,6,8,0.45,0.5,0.1,1,0.12,12,0.01,POLICY_DEVELOPMENT,820634,gaussian_mixture_v1.2,0.7,True,True,True,False,VERY_HIGH_MULTIPLICITY
POLICY_DEVELOPMENT-REPAIR-820635,REPAIR,SUPPORTED,0.06,10000,36,24,10,8,0.45,0.5,0.1,1,0.12,12,0.01,POLICY_DEVELOPMENT,820635,gaussian_mixture_v1.3,0.75,True,False,True,False,NEARLY_TIED_TOP_K
POLICY_DEVELOPMENT-REPAIR-820636,REPAIR,NULL,0.0,1000000,96,24,10,8,0.85,0.5,0.1,1,0.12,12,0.01,POLICY_DEVELOPMENT,820636,gaussian_mixture_v1.1,0.8,False,True,False,False,HIGH_RAW_LOW_EFFECTIVE_N
POLICY_DEVELOPMENT-REPAIR-820637,REPAIR,SUPPORTED,0.025,500,96,24,10,8,0.85,0.5,0.1,1,0.12,12,0.01,POLICY_DEVELOPMENT,820637,gaussian_mixture_v1.2,0.85,True,True,True,False,SMALL_EFFECT_HUGE_RAW_N
POLICY_DEVELOPMENT-REPAIR-820638,REPAIR,SUPPORTED,0.06,10000,96,24,10,8,0.05,0.9,0.1,1,0.12,12,0.01,POLICY_DEVELOPMENT,820638,gaussian_mixture_v1.3,0.9,True,True,True,False,LARGE_EFFECT_SMALL_PANEL
POLICY_DEVELOPMENT-REPAIR-820639,REPAIR,NULL,0.0,1000000,12,24,10,8,0.05,0.9,0.1,1,0.12,40,0.01,POLICY_DEVELOPMENT,820639,gaussian_mixture_v1.1,0.95,True,True,True,False,EXTREME_FAMILY_IMBALANCE
POLICY_DEVELOPMENT-REPAIR-820640,REPAIR,SUPPORTED,0.025,500,12,24,2,8,0.45,0.9,0.1,1,0.12,40,0.01,POLICY_DEVELOPMENT,820640,gaussian_mixture_v1.2,0.6,False,False,True,False,ONE_DOMINANT_FAMILY
POLICY_DEVELOPMENT-REPAIR-820641,REPAIR,SUPPORTED,0.06,10000,12,24,2,8,0.45,0.9,0.1,1,0.12,40,0.01,POLICY_DEVELOPMENT,820641,gaussian_mixture_v1.3,0.65,True,True,True,False,TRANSPORT_REVERSAL
POLICY_DEVELOPMENT-REPAIR-820642,REPAIR,NULL,0.0,1000000,36,60,2,8,0.85,0.9,0.1,1,0.12,40,0.01,POLICY_DEVELOPMENT,820642,gaussian_mixture_v1.1,0.7,True,True,False,False,BENCHMARK_SPECIFIC_REVERSAL
POLICY_DEVELOPMENT-REPAIR-820643,REPAIR,SUPPORTED,0.025,500,36,60,2,8,0.85,0.9,0.1,1,0.12,40,0.01,POLICY_DEVELOPMENT,820643,gaussian_mixture_v1.2,0.75,True,True,True,False,VERY_HIGH_MULTIPLICITY
POLICY_DEVELOPMENT-REPAIR-820644,REPAIR,SUPPORTED,0.06,10000,36,60,2,8,0.05,0.9,0.1,3,0.12,40,0.01,POLICY_DEVELOPMENT,820644,gaussian_mixture_v1.3,0.8,False,True,True,False,NEARLY_TIED_TOP_K
POLICY_DEVELOPMENT-REPAIR-820645,REPAIR,NULL,0.0,1000000,96,60,4,8,0.05,0.9,0.1,3,0.12,40,0.01,POLICY_DEVELOPMENT,820645,gaussian_mixture_v1.1,0.85,True,False,True,False,HIGH_RAW_LOW_EFFECTIVE_N
POLICY_DEVELOPMENT-REPAIR-820646,REPAIR,SUPPORTED,0.025,500,96,60,4,8,0.45,0.9,0.25,3,0.12,40,0.01,POLICY_DEVELOPMENT,820646,gaussian_mixture_v1.2,0.9,True,True,True,False,SMALL_EFFECT_HUGE_RAW_N
POLICY_DEVELOPMENT-REPAIR-820647,REPAIR,SUPPORTED,0.06,10000,96,60,4,8,0.45,0.9,0.25,3,0.12,40,0.01,POLICY_DEVELOPMENT,820647,gaussian_mixture_v1.3,0.95,True,True,True,False,LARGE_EFFECT_SMALL_PANEL
POLICY_DEVELOPMENT-REPAIR-820648,REPAIR,NULL,0.0,1000000,12,60,4,8,0.85,0.9,0.25,3,0.12,40,0.01,POLICY_DEVELOPMENT,820648,gaussian_mixture_v1.1,0.6,False,True,False,False,EXTREME_FAMILY_IMBALANCE
POLICY_DEVELOPMENT-REPAIR-820649,REPAIR,SUPPORTED,0.025,500,12,2,4,8,0.85,0.9,0.25,3,0.12,40,0.01,POLICY_DEVELOPMENT,820649,gaussian_mixture_v1.2,0.65,True,True,True,False,ONE_DOMINANT_FAMILY
POLICY_DEVELOPMENT-REPAIR-820650,REPAIR,SUPPORTED,0.06,10000,12,2,6,8,0.05,0.9,0.25,3,0.12,40,0.01,POLICY_DEVELOPMENT,820650,gaussian_mixture_v1.3,0.7,True,False,True,False,TRANSPORT_REVERSAL
POLICY_DEVELOPMENT-REPAIR-820651,REPAIR,NULL,0.0,1000000,36,2,6,1,0.05,0.9,0.25,3,0.12,40,0.01,POLICY_DEVELOPMENT,820651,gaussian_mixture_v1.1,0.75,True,True,True,False,BENCHMARK_SPECIFIC_REVERSAL
POLICY_DEVELOPMENT-REPAIR-820652,REPAIR,SUPPORTED,0.025,500,36,2,6,1,0.45,0.9,0.25,3,0.12,1,0.01,POLICY_DEVELOPMENT,820652,gaussian_mixture_v1.2,0.8,False,True,True,False,VERY_HIGH_MULTIPLICITY
POLICY_DEVELOPMENT-REPAIR-820653,REPAIR,SUPPORTED,0.06,10000,36,2,6,1,0.45,0.9,0.25,3,0.12,1,0.01,POLICY_DEVELOPMENT,820653,gaussian_mixture_v1.3,0.85,True,True,True,False,NEARLY_TIED_TOP_K
POLICY_DEVELOPMENT-REPAIR-820654,REPAIR,NULL,0.0,1000000,96,2,6,1,0.85,0.9,0.25,3,0.12,1,0.01,POLICY_DEVELOPMENT,820654,gaussian_mixture_v1.1,0.9,True,True,False,False,HIGH_RAW_LOW_EFFECTIVE_N
POLICY_DEVELOPMENT-REPAIR-820655,REPAIR,SUPPORTED,0.025,500,96,2,10,1,0.85,0.9,0.25,5,0.12,1,0.01,POLICY_DEVELOPMENT,820655,gaussian_mixture_v1.2,0.95,True,False,True,False,SMALL_EFFECT_HUGE_RAW_N
POLICY_DEVELOPMENT-REPAIR-820656,REPAIR,SUPPORTED,0.06,10000,96,8,10,1,0.05,0.9,0.25,5,0.12,1,0.01,POLICY_DEVELOPMENT,820656,gaussian_mixture_v1.3,0.6,False,True,True,False,LARGE_EFFECT_SMALL_PANEL
POLICY_DEVELOPMENT-REPAIR-820657,REPAIR,NULL,0.0,1000000,12,8,10,1,0.05,0.0,0.25,5,0.12,1,0.01,POLICY_DEVELOPMENT,820657,gaussian_mixture_v1.1,0.65,True,True,True,False,EXTREME_FAMILY_IMBALANCE
POLICY_DEVELOPMENT-REPAIR-820658,REPAIR,SUPPORTED,0.025,500,12,8,10,1,0.45,0.0,0.25,5,0.18,1,0.01,POLICY_DEVELOPMENT,820658,gaussian_mixture_v1.2,0.7,True,True,True,False,ONE_DOMINANT_FAMILY
POLICY_DEVELOPMENT-REPAIR-820659,REPAIR,SUPPORTED,0.06,10000,12,8,10,1,0.45,0.0,0.25,5,0.18,1,0.01,POLICY_DEVELOPMENT,820659,gaussian_mixture_v1.3,0.75,True,True,True,False,TRANSPORT_REVERSAL
POLICY_DEVELOPMENT-REPAIR-820660,REPAIR,NULL,0.0,1000000,36,8,2,1,0.85,0.0,0.25,5,0.18,1,0.01,POLICY_DEVELOPMENT,820660,gaussian_mixture_v1.1,0.8,False,False,False,False,BENCHMARK_SPECIFIC_REVERSAL
POLICY_DEVELOPMENT-REPAIR-820661,REPAIR,SUPPORTED,0.025,500,36,8,2,1,0.85,0.0,0.25,5,0.18,1,0.01,POLICY_DEVELOPMENT,820661,gaussian_mixture_v1.2,0.85,True,True,True,False,VERY_HIGH_MULTIPLICITY
POLICY_DEVELOPMENT-REPAIR-820662,REPAIR,SUPPORTED,0.06,10000,36,8,2,1,0.05,0.0,0.25,5,0.18,1,0.01,POLICY_DEVELOPMENT,820662,gaussian_mixture_v1.3,0.9,True,True,True,False,NEARLY_TIED_TOP_K
POLICY_DEVELOPMENT-REPAIR-820663,REPAIR,NULL,0.0,1000000,96,24,2,1,0.05,0.0,0.25,5,0.18,1,0.01,POLICY_DEVELOPMENT,820663,gaussian_mixture_v1.1,0.95,True,True,True,False,HIGH_RAW_LOW_EFFECTIVE_N
POLICY_DEVELOPMENT-REPAIR-820664,REPAIR,SUPPORTED,0.025,500,96,24,2,1,0.45,0.0,0.25,5,0.18,1,0.01,POLICY_DEVELOPMENT,820664,gaussian_mixture_v1.2,0.6,False,True,True,False,SMALL_EFFECT_HUGE_RAW_N
POLICY_DEVELOPMENT-REPAIR-820665,REPAIR,SUPPORTED,0.06,10000,96,24,4,1,0.45,0.0,0.25,5,0.18,12,0.01,POLICY_DEVELOPMENT,820665,gaussian_mixture_v1.3,0.65,True,False,True,False,LARGE_EFFECT_SMALL_PANEL
POLICY_DEVELOPMENT-REPAIR-820666,REPAIR,NULL,0.0,1000000,12,24,4,1,0.85,0.0,0.25,1,0.18,12,0.01,POLICY_DEVELOPMENT,820666,gaussian_mixture_v1.1,0.7,True,True,False,False,EXTREME_FAMILY_IMBALANCE
POLICY_DEVELOPMENT-REPAIR-820667,REPAIR,SUPPORTED,0.025,500,12,24,4,1,0.85,0.0,0.25,1,0.18,12,0.01,POLICY_DEVELOPMENT,820667,gaussian_mixture_v1.2,0.75,True,True,True,False,ONE_DOMINANT_FAMILY
POLICY_DEVELOPMENT-REPAIR-820668,REPAIR,SUPPORTED,0.06,10000,12,24,4,3,0.05,0.0,0.25,1,0.18,12,0.01,POLICY_DEVELOPMENT,820668,gaussian_mixture_v1.3,0.8,False,True,True,False,TRANSPORT_REVERSAL
POLICY_DEVELOPMENT-REPAIR-820669,REPAIR,NULL,0.0,1000000,36,24,4,3,0.05,0.0,0.03,1,0.18,12,0.01,POLICY_DEVELOPMENT,820669,gaussian_mixture_v1.1,0.85,True,True,True,False,BENCHMARK_SPECIFIC_REVERSAL
POLICY_DEVELOPMENT-REPAIR-820670,REPAIR,SUPPORTED,0.025,500,36,60,6,3,0.45,0.0,0.03,1,0.18,12,0.01,POLICY_DEVELOPMENT,820670,gaussian_mixture_v1.2,0.9,True,False,True,False,VERY_HIGH_MULTIPLICITY
POLICY_DEVELOPMENT-REPAIR-820671,REPAIR,SUPPORTED,0.06,10000,36,60,6,3,0.45,0.0,0.03,1,0.18,12,0.01,POLICY_DEVELOPMENT,820671,gaussian_mixture_v1.3,0.95,True,True,True,False,NEARLY_TIED_TOP_K
POLICY_DEVELOPMENT-REPAIR-820672,REPAIR,NULL,0.0,1000000,96,60,6,3,0.85,0.0,0.03,1,0.18,12,0.01,POLICY_DEVELOPMENT,820672,gaussian_mixture_v1.1,0.6,False,True,False,False,HIGH_RAW_LOW_EFFECTIVE_N
POLICY_DEVELOPMENT-REPAIR-820673,REPAIR,SUPPORTED,0.025,500,96,60,6,3,0.85,0.0,0.03,1,0.18,12,0.01,POLICY_DEVELOPMENT,820673,gaussian_mixture_v1.2,0.65,True,True,True,False,SMALL_EFFECT_HUGE_RAW_N
POLICY_DEVELOPMENT-REPAIR-820674,REPAIR,SUPPORTED,0.06,10000,96,60,6,3,0.05,0.0,0.03,1,0.18,12,0.01,POLICY_DEVELOPMENT,820674,gaussian_mixture_v1.3,0.7,True,True,True,False,LARGE_EFFECT_SMALL_PANEL
POLICY_DEVELOPMENT-REPAIR-820675,REPAIR,NULL,0.0,1000000,12,60,10,3,0.05,0.0,0.03,1,0.18,12,0.01,POLICY_DEVELOPMENT,820675,gaussian_mixture_v1.1,0.75,True,False,True,False,EXTREME_FAMILY_IMBALANCE
POLICY_DEVELOPMENT-REPAIR-820676,REPAIR,SUPPORTED,0.025,500,12,60,10,3,0.45,0.5,0.03,1,0.18,12,0.01,POLICY_DEVELOPMENT,820676,gaussian_mixture_v1.2,0.8,False,True,True,False,ONE_DOMINANT_FAMILY
POLICY_DEVELOPMENT-REPAIR-820677,REPAIR,SUPPORTED,0.06,10000,12,2,10,3,0.45,0.5,0.03,3,0.18,12,0.01,POLICY_DEVELOPMENT,820677,gaussian_mixture_v1.3,0.85,True,True,True,False,TRANSPORT_REVERSAL
POLICY_DEVELOPMENT-REPAIR-820678,REPAIR,NULL,0.0,1000000,36,2,10,3,0.85,0.5,0.03,3,0.18,40,0.01,POLICY_DEVELOPMENT,820678,gaussian_mixture_v1.1,0.9,True,True,False,False,BENCHMARK_SPECIFIC_REVERSAL
POLICY_DEVELOPMENT-REPAIR-820679,REPAIR,SUPPORTED,0.025,500,36,2,10,3,0.85,0.5,0.03,3,0.18,40,0.01,POLICY_DEVELOPMENT,820679,gaussian_mixture_v1.2,0.95,True,True,True,False,VERY_HIGH_MULTIPLICITY
POLICY_DEVELOPMENT-REPAIR-820680,REPAIR,SUPPORTED,0.06,10000,36,2,2,3,0.05,0.5,0.03,3,0.18,40,0.01,POLICY_DEVELOPMENT,820680,gaussian_mixture_v1.3,0.6,False,False,True,False,NEARLY_TIED_TOP_K
POLICY_DEVELOPMENT-REPAIR-820681,REPAIR,NULL,0.0,1000000,96,2,2,3,0.05,0.5,0.03,3,0.18,40,0.01,POLICY_DEVELOPMENT,820681,gaussian_mixture_v1.1,0.65,True,True,True,False,HIGH_RAW_LOW_EFFECTIVE_N
POLICY_DEVELOPMENT-REPAIR-820682,REPAIR,SUPPORTED,0.025,500,96,2,2,3,0.45,0.5,0.03,3,0.18,40,0.01,POLICY_DEVELOPMENT,820682,gaussian_mixture_v1.2,0.7,True,True,True,False,SMALL_EFFECT_HUGE_RAW_N
POLICY_DEVELOPMENT-REPAIR-820683,REPAIR,SUPPORTED,0.06,10000,96,2,2,3,0.45,0.5,0.03,3,0.18,40,0.01,POLICY_DEVELOPMENT,820683,gaussian_mixture_v1.3,0.75,True,True,True,False,LARGE_EFFECT_SMALL_PANEL
POLICY_DEVELOPMENT-REPAIR-820684,REPAIR,NULL,0.0,1000000,12,8,2,3,0.85,0.5,0.03,3,0.18,40,0.01,POLICY_DEVELOPMENT,820684,gaussian_mixture_v1.1,0.8,False,True,False,False,EXTREME_FAMILY_IMBALANCE
POLICY_DEVELOPMENT-REPAIR-820685,REPAIR,SUPPORTED,0.025,500,12,8,4,8,0.85,0.5,0.03,3,0.18,40,0.01,POLICY_DEVELOPMENT,820685,gaussian_mixture_v1.2,0.85,True,False,True,False,ONE_DOMINANT_FAMILY
POLICY_DEVELOPMENT-REPAIR-820686,REPAIR,SUPPORTED,0.06,10000,12,8,4,8,0.05,0.5,0.03,3,0.18,40,0.01,POLICY_DEVELOPMENT,820686,gaussian_mixture_v1.3,0.9,True,True,True,False,TRANSPORT_REVERSAL
POLICY_DEVELOPMENT-REPAIR-820687,REPAIR,NULL,0.0,1000000,36,8,4,8,0.05,0.5,0.03,3,0.08,40,0.01,POLICY_DEVELOPMENT,820687,gaussian_mixture_v1.1,0.95,True,True,True,False,BENCHMARK_SPECIFIC_REVERSAL
POLICY_DEVELOPMENT-REPAIR-820688,REPAIR,SUPPORTED,0.025,500,36,8,4,8,0.45,0.5,0.03,5,0.08,40,0.01,POLICY_DEVELOPMENT,820688,gaussian_mixture_v1.2,0.6,False,True,True,False,VERY_HIGH_MULTIPLICITY
POLICY_DEVELOPMENT-REPAIR-820689,REPAIR,SUPPORTED,0.06,10000,36,8,4,8,0.45,0.5,0.03,5,0.08,40,0.01,POLICY_DEVELOPMENT,820689,gaussian_mixture_v1.3,0.65,True,True,True,False,NEARLY_TIED_TOP_K
POLICY_DEVELOPMENT-REPAIR-820690,REPAIR,NULL,0.0,1000000,96,8,6,8,0.85,0.5,0.03,5,0.08,40,0.01,POLICY_DEVELOPMENT,820690,gaussian_mixture_v1.1,0.7,True,False,False,False,HIGH_RAW_LOW_EFFECTIVE_N
POLICY_DEVELOPMENT-REPAIR-820691,REPAIR,SUPPORTED,0.025,500,96,24,6,8,0.85,0.5,0.03,5,0.08,1,0.01,POLICY_DEVELOPMENT,820691,gaussian_mixture_v1.2,0.75,True,True,True,False,SMALL_EFFECT_HUGE_RAW_N
POLICY_DEVELOPMENT-REPAIR-820692,REPAIR,SUPPORTED,0.06,10000,96,24,6,8,0.05,0.5,0.1,5,0.08,1,0.01,POLICY_DEVELOPMENT,820692,gaussian_mixture_v1.3,0.8,False,True,True,False,LARGE_EFFECT_SMALL_PANEL
POLICY_DEVELOPMENT-REPAIR-820693,REPAIR,NULL,0.0,1000000,12,24,6,8,0.05,0.5,0.1,5,0.08,1,0.01,POLICY_DEVELOPMENT,820693,gaussian_mixture_v1.1,0.85,True,True,True,False,EXTREME_FAMILY_IMBALANCE
POLICY_DEVELOPMENT-REPAIR-820694,REPAIR,SUPPORTED,0.025,500,12,24,6,8,0.45,0.5,0.1,5,0.08,1,0.01,POLICY_DEVELOPMENT,820694,gaussian_mixture_v1.2,0.9,True,True,True,False,ONE_DOMINANT_FAMILY
POLICY_DEVELOPMENT-REPAIR-820695,REPAIR,SUPPORTED,0.06,10000,12,24,10,8,0.45,0.9,0.1,5,0.08,1,0.01,POLICY_DEVELOPMENT,820695,gaussian_mixture_v1.3,0.95,True,False,True,False,TRANSPORT_REVERSAL
POLICY_DEVELOPMENT-REPAIR-820696,REPAIR,NULL,0.0,1000000,36,24,10,8,0.85,0.9,0.1,5,0.08,1,0.01,POLICY_DEVELOPMENT,820696,gaussian_mixture_v1.1,0.6,False,True,False,False,BENCHMARK_SPECIFIC_REVERSAL
POLICY_DEVELOPMENT-REPAIR-820697,REPAIR,SUPPORTED,0.025,500,36,24,10,8,0.85,0.9,0.1,5,0.08,1,0.01,POLICY_DEVELOPMENT,820697,gaussian_mixture_v1.2,0.65,True,True,True,False,VERY_HIGH_MULTIPLICITY
POLICY_DEVELOPMENT-REPAIR-820698,REPAIR,SUPPORTED,0.06,10000,36,60,10,8,0.05,0.9,0.1,5,0.08,1,0.01,POLICY_DEVELOPMENT,820698,gaussian_mixture_v1.3,0.7,True,True,True,False,NEARLY_TIED_TOP_K
POLICY_DEVELOPMENT-REPAIR-820699,REPAIR,NULL,0.0,1000000,96,60,10,8,0.05,0.9,0.1,1,0.08,1,0.01,POLICY_DEVELOPMENT,820699,gaussian_mixture_v1.1,0.75,True,True,True,False,HIGH_RAW_LOW_EFFECTIVE_N
POLICY_DEVELOPMENT-REPAIR-820700,REPAIR,SUPPORTED,0.025,500,96,60,2,8,0.45,0.9,0.1,1,0.08,1,0.01,POLICY_DEVELOPMENT,820700,gaussian_mixture_v1.2,0.8,False,False,True,False,SMALL_EFFECT_HUGE_RAW_N
POLICY_DEVELOPMENT-REPAIR-820701,REPAIR,SUPPORTED,0.06,10000,96,60,2,8,0.45,0.9,0.1,1,0.08,1,0.01,POLICY_DEVELOPMENT,820701,gaussian_mixture_v1.3,0.85,True,True,True,False,LARGE_EFFECT_SMALL_PANEL
POLICY_DEVELOPMENT-REPAIR-820702,REPAIR,NULL,0.0,1000000,12,60,2,1,0.85,0.9,0.1,1,0.08,1,0.01,POLICY_DEVELOPMENT,820702,gaussian_mixture_v1.1,0.9,True,True,False,False,EXTREME_FAMILY_IMBALANCE
POLICY_DEVELOPMENT-REPAIR-820703,REPAIR,SUPPORTED,0.025,500,12,60,2,1,0.85,0.9,0.1,1,0.08,1,0.01,POLICY_DEVELOPMENT,820703,gaussian_mixture_v1.2,0.95,True,True,True,False,ONE_DOMINANT_FAMILY
POLICY_DEVELOPMENT-REPAIR-820704,REPAIR,SUPPORTED,0.06,10000,12,60,2,1,0.05,0.9,0.1,1,0.08,12,0.01,POLICY_DEVELOPMENT,820704,gaussian_mixture_v1.3,0.6,False,True,True,False,TRANSPORT_REVERSAL
POLICY_DEVELOPMENT-REPAIR-820705,REPAIR,NULL,0.0,1000000,36,2,4,1,0.05,0.9,0.1,1,0.08,12,0.01,POLICY_DEVELOPMENT,820705,gaussian_mixture_v1.1,0.65,True,False,True,False,BENCHMARK_SPECIFIC_REVERSAL
POLICY_DEVELOPMENT-REPAIR-820706,REPAIR,SUPPORTED,0.025,500,36,2,4,1,0.45,0.9,0.1,1,0.08,12,0.01,POLICY_DEVELOPMENT,820706,gaussian_mixture_v1.2,0.7,True,True,True,False,VERY_HIGH_MULTIPLICITY
POLICY_DEVELOPMENT-REPAIR-820707,REPAIR,SUPPORTED,0.06,10000,36,2,4,1,0.45,0.9,0.1,1,0.08,12,0.01,POLICY_DEVELOPMENT,820707,gaussian_mixture_v1.3,0.75,True,True,True,False,NEARLY_TIED_TOP_K
POLICY_DEVELOPMENT-REPAIR-820708,REPAIR,NULL,0.0,1000000,96,2,4,1,0.85,0.9,0.1,1,0.08,12,0.01,POLICY_DEVELOPMENT,820708,gaussian_mixture_v1.1,0.8,False,True,False,False,HIGH_RAW_LOW_EFFECTIVE_N
POLICY_DEVELOPMENT-REPAIR-820709,REPAIR,SUPPORTED,0.025,500,96,2,4,1,0.85,0.9,0.1,1,0.08,12,0.01,POLICY_DEVELOPMENT,820709,gaussian_mixture_v1.2,0.85,True,True,True,False,SMALL_EFFECT_HUGE_RAW_N
POLICY_DEVELOPMENT-REPAIR-820710,REPAIR,SUPPORTED,0.06,10000,96,2,6,1,0.05,0.9,0.1,3,0.08,12,0.01,POLICY_DEVELOPMENT,820710,gaussian_mixture_v1.3,0.9,True,False,True,False,LARGE_EFFECT_SMALL_PANEL
POLICY_DEVELOPMENT-REPAIR-820711,REPAIR,NULL,0.0,1000000,12,2,6,1,0.05,0.9,0.1,3,0.08,12,0.01,POLICY_DEVELOPMENT,820711,gaussian_mixture_v1.1,0.95,True,True,True,False,EXTREME_FAMILY_IMBALANCE
POLICY_DEVELOPMENT-REPAIR-820712,REPAIR,SUPPORTED,0.025,500,12,8,6,1,0.45,0.9,0.1,3,0.08,12,0.01,POLICY_DEVELOPMENT,820712,gaussian_mixture_v1.2,0.6,False,True,True,False,ONE_DOMINANT_FAMILY
POLICY_DEVELOPMENT-REPAIR-820713,REPAIR,SUPPORTED,0.06,10000,12,8,6,1,0.45,0.9,0.1,3,0.08,12,0.01,POLICY_DEVELOPMENT,820713,gaussian_mixture_v1.3,0.65,True,True,True,False,TRANSPORT_REVERSAL
POLICY_DEVELOPMENT-REPAIR-820714,REPAIR,NULL,0.0,1000000,36,8,6,1,0.85,0.0,0.1,3,0.08,12,0.01,POLICY_DEVELOPMENT,820714,gaussian_mixture_v1.1,0.7,True,True,False,False,BENCHMARK_SPECIFIC_REVERSAL
POLICY_DEVELOPMENT-REPAIR-820715,REPAIR,SUPPORTED,0.025,500,36,8,10,1,0.85,0.0,0.25,3,0.08,12,0.01,POLICY_DEVELOPMENT,820715,gaussian_mixture_v1.2,0.75,True,False,True,False,VERY_HIGH_MULTIPLICITY
POLICY_DEVELOPMENT-REPAIR-820716,REPAIR,SUPPORTED,0.06,10000,36,8,10,1,0.05,0.0,0.25,3,0.12,12,0.01,POLICY_DEVELOPMENT,820716,gaussian_mixture_v1.3,0.8,False,True,True,False,NEARLY_TIED_TOP_K
POLICY_DEVELOPMENT-REPAIR-820717,REPAIR,NULL,0.0,1000000,96,8,10,1,0.05,0.0,0.25,3,0.12,40,0.01,POLICY_DEVELOPMENT,820717,gaussian_mixture_v1.1,0.85,True,True,True,False,HIGH_RAW_LOW_EFFECTIVE_N
POLICY_DEVELOPMENT-REPAIR-820718,REPAIR,SUPPORTED,0.025,500,96,8,10,1,0.45,0.0,0.25,3,0.12,40,0.01,POLICY_DEVELOPMENT,820718,gaussian_mixture_v1.2,0.9,True,True,True,False,SMALL_EFFECT_HUGE_RAW_N
POLICY_DEVELOPMENT-REPAIR-820719,REPAIR,SUPPORTED,0.06,10000,96,24,10,3,0.45,0.0,0.25,3,0.12,40,0.01,POLICY_DEVELOPMENT,820719,gaussian_mixture_v1.3,0.95,True,True,True,False,LARGE_EFFECT_SMALL_PANEL
POLICY_VALIDATION-PRIMARY_PAIRWISE-920000,PRIMARY_PAIRWISE,NULL,0.0,500,18,2,4,1,0.2,0.0,0.03,1,0.08,1,0.01,POLICY_VALIDATION,920000,student_t_v2.1,0.6,False,False,False,False,HIGH_RAW_LOW_EFFECTIVE_N
POLICY_VALIDATION-PRIMARY_PAIRWISE-920001,PRIMARY_PAIRWISE,SUPPORTED,0.035,10000,18,2,4,1,0.2,0.0,0.03,1,0.08,1,0.01,POLICY_VALIDATION,920001,student_t_v2.2,0.65,True,True,True,False,SMALL_EFFECT_HUGE_RAW_N
POLICY_VALIDATION-PRIMARY_PAIRWISE-920002,PRIMARY_PAIRWISE,SUPPORTED,0.075,1000000,18,2,4,1,0.6,0.0,0.03,1,0.08,1,0.01,POLICY_VALIDATION,920002,student_t_v2.3,0.7,True,True,True,False,LARGE_EFFECT_SMALL_PANEL
POLICY_VALIDATION-PRIMARY_PAIRWISE-920003,PRIMARY_PAIRWISE,NULL,0.0,500,54,2,4,1,0.6,0.0,0.03,1,0.08,1,0.01,POLICY_VALIDATION,920003,student_t_v2.1,0.75,True,True,True,False,EXTREME_FAMILY_IMBALANCE
POLICY_VALIDATION-PRIMARY_PAIRWISE-920004,PRIMARY_PAIRWISE,SUPPORTED,0.035,10000,54,2,4,1,0.9,0.0,0.03,1,0.08,1,0.01,POLICY_VALIDATION,920004,student_t_v2.2,0.8,False,True,True,False,ONE_DOMINANT_FAMILY
POLICY_VALIDATION-PRIMARY_PAIRWISE-920005,PRIMARY_PAIRWISE,SUPPORTED,0.075,1000000,54,2,6,1,0.9,0.0,0.03,1,0.08,1,0.01,POLICY_VALIDATION,920005,student_t_v2.3,0.85,True,False,True,False,TRANSPORT_REVERSAL
POLICY_VALIDATION-PRIMARY_PAIRWISE-920006,PRIMARY_PAIRWISE,NULL,0.0,500,144,2,6,1,0.2,0.0,0.03,1,0.08,1,0.01,POLICY_VALIDATION,920006,student_t_v2.1,0.9,True,True,False,False,BENCHMARK_SPECIFIC_REVERSAL
POLICY_VALIDATION-PRIMARY_PAIRWISE-920007,PRIMARY_PAIRWISE,SUPPORTED,0.035,10000,144,8,6,1,0.2,0.0,0.03,1,0.08,1,0.01,POLICY_VALIDATION,920007,student_t_v2.2,0.95,True,True,True,False,VERY_HIGH_MULTIPLICITY
POLICY_VALIDATION-PRIMARY_PAIRWISE-920008,PRIMARY_PAIRWISE,SUPPORTED,0.075,1000000,144,8,6,1,0.6,0.0,0.03,1,0.08,1,0.01,POLICY_VALIDATION,920008,student_t_v2.3,0.6,False,True,True,False,NEARLY_TIED_TOP_K
POLICY_VALIDATION-PRIMARY_PAIRWISE-920009,PRIMARY_PAIRWISE,NULL,0.0,500,18,8,6,1,0.6,0.0,0.03,1,0.08,1,0.01,POLICY_VALIDATION,920009,student_t_v2.1,0.65,True,True,True,False,HIGH_RAW_LOW_EFFECTIVE_N
POLICY_VALIDATION-PRIMARY_PAIRWISE-920010,PRIMARY_PAIRWISE,SUPPORTED,0.035,10000,18,8,10,1,0.9,0.0,0.03,1,0.08,1,0.01,POLICY_VALIDATION,920010,student_t_v2.2,0.7,True,False,True,False,SMALL_EFFECT_HUGE_RAW_N
POLICY_VALIDATION-PRIMARY_PAIRWISE-920011,PRIMARY_PAIRWISE,SUPPORTED,0.075,1000000,18,8,10,1,0.9,0.0,0.03,3,0.08,1,0.01,POLICY_VALIDATION,920011,student_t_v2.3,0.75,True,True,True,False,LARGE_EFFECT_SMALL_PANEL
POLICY_VALIDATION-PRIMARY_PAIRWISE-920012,PRIMARY_PAIRWISE,NULL,0.0,500,54,8,10,1,0.2,0.0,0.03,3,0.08,1,0.01,POLICY_VALIDATION,920012,student_t_v2.1,0.8,False,True,False,False,EXTREME_FAMILY_IMBALANCE
POLICY_VALIDATION-PRIMARY_PAIRWISE-920013,PRIMARY_PAIRWISE,SUPPORTED,0.035,10000,54,8,10,1,0.2,0.0,0.03,3,0.08,12,0.01,POLICY_VALIDATION,920013,student_t_v2.2,0.85,True,True,True,False,ONE_DOMINANT_FAMILY
POLICY_VALIDATION-PRIMARY_PAIRWISE-920014,PRIMARY_PAIRWISE,SUPPORTED,0.075,1000000,54,24,10,1,0.6,0.0,0.03,3,0.08,12,0.01,POLICY_VALIDATION,920014,student_t_v2.3,0.9,True,True,True,False,TRANSPORT_REVERSAL
POLICY_VALIDATION-PRIMARY_PAIRWISE-920015,PRIMARY_PAIRWISE,NULL,0.0,500,144,24,2,1,0.6,0.0,0.03,3,0.08,12,0.01,POLICY_VALIDATION,920015,student_t_v2.1,0.95,True,False,True,False,BENCHMARK_SPECIFIC_REVERSAL
POLICY_VALIDATION-PRIMARY_PAIRWISE-920016,PRIMARY_PAIRWISE,SUPPORTED,0.035,10000,144,24,2,1,0.9,0.0,0.03,3,0.08,12,0.01,POLICY_VALIDATION,920016,student_t_v2.2,0.6,False,True,True,False,VERY_HIGH_MULTIPLICITY
POLICY_VALIDATION-PRIMARY_PAIRWISE-920017,PRIMARY_PAIRWISE,SUPPORTED,0.075,1000000,144,24,2,3,0.9,0.0,0.03,3,0.08,12,0.01,POLICY_VALIDATION,920017,student_t_v2.3,0.65,True,True,True,False,NEARLY_TIED_TOP_K
POLICY_VALIDATION-PRIMARY_PAIRWISE-920018,PRIMARY_PAIRWISE,NULL,0.0,500,18,24,2,3,0.2,0.0,0.03,3,0.08,12,0.01,POLICY_VALIDATION,920018,student_t_v2.1,0.7,True,True,False,False,HIGH_RAW_LOW_EFFECTIVE_N
POLICY_VALIDATION-PRIMARY_PAIRWISE-920019,PRIMARY_PAIRWISE,SUPPORTED,0.035,10000,18,24,2,3,0.2,0.5,0.03,3,0.08,12,0.01,POLICY_VALIDATION,920019,student_t_v2.2,0.75,True,True,True,False,SMALL_EFFECT_HUGE_RAW_N
POLICY_VALIDATION-PRIMARY_PAIRWISE-920020,PRIMARY_PAIRWISE,SUPPORTED,0.075,1000000,18,24,4,3,0.6,0.5,0.03,3,0.08,12,0.01,POLICY_VALIDATION,920020,student_t_v2.3,0.8,False,False,True,False,LARGE_EFFECT_SMALL_PANEL
POLICY_VALIDATION-PRIMARY_PAIRWISE-920021,PRIMARY_PAIRWISE,NULL,0.0,500,54,60,4,3,0.6,0.5,0.03,3,0.08,12,0.01,POLICY_VALIDATION,920021,student_t_v2.1,0.85,True,True,True,False,EXTREME_FAMILY_IMBALANCE
POLICY_VALIDATION-PRIMARY_PAIRWISE-920022,PRIMARY_PAIRWISE,SUPPORTED,0.035,10000,54,60,4,3,0.9,0.5,0.03,5,0.08,12,0.01,POLICY_VALIDATION,920022,student_t_v2.2,0.9,True,True,True,False,ONE_DOMINANT_FAMILY
POLICY_VALIDATION-PRIMARY_PAIRWISE-920023,PRIMARY_PAIRWISE,SUPPORTED,0.075,1000000,54,60,4,3,0.9,0.5,0.1,5,0.08,12,0.01,POLICY_VALIDATION,920023,student_t_v2.3,0.95,True,True,True,False,TRANSPORT_REVERSAL
POLICY_VALIDATION-PRIMARY_PAIRWISE-920024,PRIMARY_PAIRWISE,NULL,0.0,500,144,60,4,3,0.2,0.5,0.1,5,0.08,12,0.01,POLICY_VALIDATION,920024,student_t_v2.1,0.6,False,True,False,False,BENCHMARK_SPECIFIC_REVERSAL
POLICY_VALIDATION-PRIMARY_PAIRWISE-920025,PRIMARY_PAIRWISE,SUPPORTED,0.035,10000,144,60,6,3,0.2,0.5,0.1,5,0.08,12,0.01,POLICY_VALIDATION,920025,student_t_v2.2,0.65,True,False,True,False,VERY_HIGH_MULTIPLICITY
POLICY_VALIDATION-PRIMARY_PAIRWISE-920026,PRIMARY_PAIRWISE,SUPPORTED,0.075,1000000,144,60,6,3,0.6,0.5,0.1,5,0.08,40,0.01,POLICY_VALIDATION,920026,student_t_v2.3,0.7,True,True,True,False,NEARLY_TIED_TOP_K
POLICY_VALIDATION-PRIMARY_PAIRWISE-920027,PRIMARY_PAIRWISE,NULL,0.0,500,18,60,6,3,0.6,0.5,0.1,5,0.08,40,0.01,POLICY_VALIDATION,920027,student_t_v2.1,0.75,True,True,True,False,HIGH_RAW_LOW_EFFECTIVE_N
POLICY_VALIDATION-PRIMARY_PAIRWISE-920028,PRIMARY_PAIRWISE,SUPPORTED,0.035,10000,18,2,6,3,0.9,0.5,0.1,5,0.08,40,0.01,POLICY_VALIDATION,920028,student_t_v2.2,0.8,False,True,True,False,SMALL_EFFECT_HUGE_RAW_N
POLICY_VALIDATION-PRIMARY_PAIRWISE-920029,PRIMARY_PAIRWISE,SUPPORTED,0.075,1000000,18,2,6,3,0.9,0.5,0.1,5,0.12,40,0.01,POLICY_VALIDATION,920029,student_t_v2.3,0.85,True,True,True,False,LARGE_EFFECT_SMALL_PANEL
POLICY_VALIDATION-PRIMARY_PAIRWISE-920030,PRIMARY_PAIRWISE,NULL,0.0,500,54,2,10,3,0.2,0.5,0.1,5,0.12,40,0.01,POLICY_VALIDATION,920030,student_t_v2.1,0.9,True,False,False,False,EXTREME_FAMILY_IMBALANCE
POLICY_VALIDATION-PRIMARY_PAIRWISE-920031,PRIMARY_PAIRWISE,SUPPORTED,0.035,10000,54,2,10,3,0.2,0.5,0.1,5,0.12,40,0.01,POLICY_VALIDATION,920031,student_t_v2.2,0.95,True,True,True,False,ONE_DOMINANT_FAMILY
POLICY_VALIDATION-PRIMARY_PAIRWISE-920032,PRIMARY_PAIRWISE,SUPPORTED,0.075,1000000,54,2,10,3,0.6,0.5,0.1,5,0.12,40,0.01,POLICY_VALIDATION,920032,student_t_v2.3,0.6,False,True,True,False,TRANSPORT_REVERSAL
POLICY_VALIDATION-PRIMARY_PAIRWISE-920033,PRIMARY_PAIRWISE,NULL,0.0,500,144,2,10,3,0.6,0.5,0.1,1,0.12,40,0.01,POLICY_VALIDATION,920033,student_t_v2.1,0.65,True,True,True,False,BENCHMARK_SPECIFIC_REVERSAL
POLICY_VALIDATION-PRIMARY_PAIRWISE-920034,PRIMARY_PAIRWISE,SUPPORTED,0.035,10000,144,2,10,8,0.9,0.5,0.1,1,0.12,40,0.01,POLICY_VALIDATION,920034,student_t_v2.2,0.7,True,True,True,False,VERY_HIGH_MULTIPLICITY
POLICY_VALIDATION-PRIMARY_PAIRWISE-920035,PRIMARY_PAIRWISE,SUPPORTED,0.075,1000000,144,8,2,8,0.9,0.5,0.1,1,0.12,40,0.01,POLICY_VALIDATION,920035,student_t_v2.3,0.75,True,False,True,False,NEARLY_TIED_TOP_K
POLICY_VALIDATION-PRIMARY_PAIRWISE-920036,PRIMARY_PAIRWISE,NULL,0.0,500,18,8,2,8,0.2,0.5,0.1,1,0.12,40,0.01,POLICY_VALIDATION,920036,student_t_v2.1,0.8,False,True,False,False,HIGH_RAW_LOW_EFFECTIVE_N
POLICY_VALIDATION-PRIMARY_PAIRWISE-920037,PRIMARY_PAIRWISE,SUPPORTED,0.035,10000,18,8,2,8,0.2,0.5,0.1,1,0.12,40,0.01,POLICY_VALIDATION,920037,student_t_v2.2,0.85,True,True,True,False,SMALL_EFFECT_HUGE_RAW_N
POLICY_VALIDATION-PRIMARY_PAIRWISE-920038,PRIMARY_PAIRWISE,SUPPORTED,0.075,1000000,18,8,2,8,0.6,0.9,0.1,1,0.12,40,0.01,POLICY_VALIDATION,920038,student_t_v2.3,0.9,True,True,True,False,LARGE_EFFECT_SMALL_PANEL
POLICY_VALIDATION-PRIMARY_PAIRWISE-920039,PRIMARY_PAIRWISE,NULL,0.0,500,54,8,2,8,0.6,0.9,0.1,1,0.12,1,0.01,POLICY_VALIDATION,920039,student_t_v2.1,0.95,True,True,True,False,EXTREME_FAMILY_IMBALANCE
POLICY_VALIDATION-PRIMARY_PAIRWISE-920040,PRIMARY_PAIRWISE,SUPPORTED,0.035,10000,54,8,4,8,0.9,0.9,0.1,1,0.12,1,0.01,POLICY_VALIDATION,920040,student_t_v2.2,0.6,False,False,True,False,ONE_DOMINANT_FAMILY
POLICY_VALIDATION-PRIMARY_PAIRWISE-920041,PRIMARY_PAIRWISE,SUPPORTED,0.075,1000000,54,8,4,8,0.9,0.9,0.1,1,0.12,1,0.01,POLICY_VALIDATION,920041,student_t_v2.3,0.65,True,True,True,False,TRANSPORT_REVERSAL
POLICY_VALIDATION-PRIMARY_PAIRWISE-920042,PRIMARY_PAIRWISE,NULL,0.0,500,144,24,4,8,0.2,0.9,0.1,1,0.12,1,0.01,POLICY_VALIDATION,920042,student_t_v2.1,0.7,True,True,False,False,BENCHMARK_SPECIFIC_REVERSAL
POLICY_VALIDATION-PRIMARY_PAIRWISE-920043,PRIMARY_PAIRWISE,SUPPORTED,0.035,10000,144,24,4,8,0.2,0.9,0.1,1,0.12,1,0.01,POLICY_VALIDATION,920043,student_t_v2.2,0.75,True,True,True,False,VERY_HIGH_MULTIPLICITY
POLICY_VALIDATION-PRIMARY_PAIRWISE-920044,PRIMARY_PAIRWISE,SUPPORTED,0.075,1000000,144,24,4,8,0.6,0.9,0.1,3,0.12,1,0.01,POLICY_VALIDATION,920044,student_t_v2.3,0.8,False,True,True,False,NEARLY_TIED_TOP_K
POLICY_VALIDATION-PRIMARY_PAIRWISE-920045,PRIMARY_PAIRWISE,NULL,0.0,500,18,24,6,8,0.6,0.9,0.1,3,0.12,1,0.01,POLICY_VALIDATION,920045,student_t_v2.1,0.85,True,False,True,False,HIGH_RAW_LOW_EFFECTIVE_N
POLICY_VALIDATION-PRIMARY_PAIRWISE-920046,PRIMARY_PAIRWISE,SUPPORTED,0.035,10000,18,24,6,8,0.9,0.9,0.25,3,0.12,1,0.01,POLICY_VALIDATION,920046,student_t_v2.2,0.9,True,True,True,False,SMALL_EFFECT_HUGE_RAW_N
POLICY_VALIDATION-PRIMARY_PAIRWISE-920047,PRIMARY_PAIRWISE,SUPPORTED,0.075,1000000,18,24,6,8,0.9,0.9,0.25,3,0.12,1,0.01,POLICY_VALIDATION,920047,student_t_v2.3,0.95,True,True,True,False,LARGE_EFFECT_SMALL_PANEL
POLICY_VALIDATION-PRIMARY_PAIRWISE-920048,PRIMARY_PAIRWISE,NULL,0.0,500,54,24,6,8,0.2,0.9,0.25,3,0.12,1,0.01,POLICY_VALIDATION,920048,student_t_v2.1,0.6,False,True,False,False,EXTREME_FAMILY_IMBALANCE
POLICY_VALIDATION-PRIMARY_PAIRWISE-920049,PRIMARY_PAIRWISE,SUPPORTED,0.035,10000,54,60,6,8,0.2,0.9,0.25,3,0.12,1,0.01,POLICY_VALIDATION,920049,student_t_v2.2,0.65,True,True,True,False,ONE_DOMINANT_FAMILY
POLICY_VALIDATION-PRIMARY_PAIRWISE-920050,PRIMARY_PAIRWISE,SUPPORTED,0.075,1000000,54,60,10,8,0.6,0.9,0.25,3,0.12,1,0.01,POLICY_VALIDATION,920050,student_t_v2.3,0.7,True,False,True,False,TRANSPORT_REVERSAL
POLICY_VALIDATION-PRIMARY_PAIRWISE-920051,PRIMARY_PAIRWISE,NULL,0.0,500,144,60,10,1,0.6,0.9,0.25,3,0.12,1,0.01,POLICY_VALIDATION,920051,student_t_v2.1,0.75,True,True,True,False,BENCHMARK_SPECIFIC_REVERSAL
POLICY_VALIDATION-PRIMARY_PAIRWISE-920052,PRIMARY_PAIRWISE,SUPPORTED,0.035,10000,144,60,10,1,0.9,0.9,0.25,3,0.12,12,0.01,POLICY_VALIDATION,920052,student_t_v2.2,0.8,False,True,True,False,VERY_HIGH_MULTIPLICITY
POLICY_VALIDATION-PRIMARY_PAIRWISE-920053,PRIMARY_PAIRWISE,SUPPORTED,0.075,1000000,144,60,10,1,0.9,0.9,0.25,3,0.12,12,0.01,POLICY_VALIDATION,920053,student_t_v2.3,0.85,True,True,True,False,NEARLY_TIED_TOP_K
POLICY_VALIDATION-PRIMARY_PAIRWISE-920054,PRIMARY_PAIRWISE,NULL,0.0,500,18,60,10,1,0.2,0.9,0.25,3,0.12,12,0.01,POLICY_VALIDATION,920054,student_t_v2.1,0.9,True,True,False,False,HIGH_RAW_LOW_EFFECTIVE_N
POLICY_VALIDATION-PRIMARY_PAIRWISE-920055,PRIMARY_PAIRWISE,SUPPORTED,0.035,10000,18,60,2,1,0.2,0.9,0.25,5,0.12,12,0.01,POLICY_VALIDATION,920055,student_t_v2.2,0.95,True,False,True,False,SMALL_EFFECT_HUGE_RAW_N
POLICY_VALIDATION-PRIMARY_PAIRWISE-920056,PRIMARY_PAIRWISE,SUPPORTED,0.075,1000000,18,2,2,1,0.6,0.9,0.25,5,0.12,12,0.01,POLICY_VALIDATION,920056,student_t_v2.3,0.6,False,True,True,False,LARGE_EFFECT_SMALL_PANEL
POLICY_VALIDATION-PRIMARY_PAIRWISE-920057,PRIMARY_PAIRWISE,NULL,0.0,500,54,2,2,1,0.6,0.0,0.25,5,0.12,12,0.01,POLICY_VALIDATION,920057,student_t_v2.1,0.65,True,True,True,False,EXTREME_FAMILY_IMBALANCE
POLICY_VALIDATION-PRIMARY_PAIRWISE-920058,PRIMARY_PAIRWISE,SUPPORTED,0.035,10000,54,2,2,1,0.9,0.0,0.25,5,0.18,12,0.01,POLICY_VALIDATION,920058,student_t_v2.2,0.7,True,True,True,False,ONE_DOMINANT_FAMILY
POLICY_VALIDATION-PRIMARY_PAIRWISE-920059,PRIMARY_PAIRWISE,SUPPORTED,0.075,1000000,54,2,2,1,0.9,0.0,0.25,5,0.18,12,0.01,POLICY_VALIDATION,920059,student_t_v2.3,0.75,True,True,True,False,TRANSPORT_REVERSAL
POLICY_VALIDATION-PRIMARY_PAIRWISE-920060,PRIMARY_PAIRWISE,NULL,0.0,500,144,2,4,1,0.2,0.0,0.25,5,0.18,12,0.01,POLICY_VALIDATION,920060,student_t_v2.1,0.8,False,False,False,False,BENCHMARK_SPECIFIC_REVERSAL
POLICY_VALIDATION-PRIMARY_PAIRWISE-920061,PRIMARY_PAIRWISE,SUPPORTED,0.035,10000,144,2,4,1,0.2,0.0,0.25,5,0.18,12,0.01,POLICY_VALIDATION,920061,student_t_v2.2,0.85,True,True,True,False,VERY_HIGH_MULTIPLICITY
POLICY_VALIDATION-PRIMARY_PAIRWISE-920062,PRIMARY_PAIRWISE,SUPPORTED,0.075,1000000,144,2,4,1,0.6,0.0,0.25,5,0.18,12,0.01,POLICY_VALIDATION,920062,student_t_v2.3,0.9,True,True,True,False,NEARLY_TIED_TOP_K
POLICY_VALIDATION-PRIMARY_PAIRWISE-920063,PRIMARY_PAIRWISE,NULL,0.0,500,18,8,4,1,0.6,0.0,0.25,5,0.18,12,0.01,POLICY_VALIDATION,920063,student_t_v2.1,0.95,True,True,True,False,HIGH_RAW_LOW_EFFECTIVE_N
POLICY_VALIDATION-PRIMARY_PAIRWISE-920064,PRIMARY_PAIRWISE,SUPPORTED,0.035,10000,18,8,4,1,0.9,0.0,0.25,5,0.18,12,0.01,POLICY_VALIDATION,920064,student_t_v2.2,0.6,False,True,True,False,SMALL_EFFECT_HUGE_RAW_N
POLICY_VALIDATION-PRIMARY_PAIRWISE-920065,PRIMARY_PAIRWISE,SUPPORTED,0.075,1000000,18,8,6,1,0.9,0.0,0.25,5,0.18,40,0.01,POLICY_VALIDATION,920065,student_t_v2.3,0.65,True,False,True,False,LARGE_EFFECT_SMALL_PANEL
POLICY_VALIDATION-PRIMARY_PAIRWISE-920066,PRIMARY_PAIRWISE,NULL,0.0,500,54,8,6,1,0.2,0.0,0.25,1,0.18,40,0.01,POLICY_VALIDATION,920066,student_t_v2.1,0.7,True,True,False,False,EXTREME_FAMILY_IMBALANCE
POLICY_VALIDATION-PRIMARY_PAIRWISE-920067,PRIMARY_PAIRWISE,SUPPORTED,0.035,10000,54,8,6,1,0.2,0.0,0.25,1,0.18,40,0.01,POLICY_VALIDATION,920067,student_t_v2.2,0.75,True,True,True,False,ONE_DOMINANT_FAMILY
POLICY_VALIDATION-PRIMARY_PAIRWISE-920068,PRIMARY_PAIRWISE,SUPPORTED,0.075,1000000,54,8,6,3,0.6,0.0,0.25,1,0.18,40,0.01,POLICY_VALIDATION,920068,student_t_v2.3,0.8,False,True,True,False,TRANSPORT_REVERSAL
POLICY_VALIDATION-PRIMARY_PAIRWISE-920069,PRIMARY_PAIRWISE,NULL,0.0,500,144,8,6,3,0.6,0.0,0.03,1,0.18,40,0.01,POLICY_VALIDATION,920069,student_t_v2.1,0.85,True,True,True,False,BENCHMARK_SPECIFIC_REVERSAL
POLICY_VALIDATION-PRIMARY_PAIRWISE-920070,PRIMARY_PAIRWISE,SUPPORTED,0.035,10000,144,24,10,3,0.9,0.0,0.03,1,0.18,40,0.01,POLICY_VALIDATION,920070,student_t_v2.2,0.9,True,False,True,False,VERY_HIGH_MULTIPLICITY
POLICY_VALIDATION-PRIMARY_PAIRWISE-920071,PRIMARY_PAIRWISE,SUPPORTED,0.075,1000000,144,24,10,3,0.9,0.0,0.03,1,0.18,40,0.01,POLICY_VALIDATION,920071,student_t_v2.3,0.95,True,True,True,False,NEARLY_TIED_TOP_K
POLICY_VALIDATION-PRIMARY_PAIRWISE-920072,PRIMARY_PAIRWISE,NULL,0.0,500,18,24,10,3,0.2,0.0,0.03,1,0.18,40,0.01,POLICY_VALIDATION,920072,student_t_v2.1,0.6,False,True,False,False,HIGH_RAW_LOW_EFFECTIVE_N
POLICY_VALIDATION-PRIMARY_PAIRWISE-920073,PRIMARY_PAIRWISE,SUPPORTED,0.035,10000,18,24,10,3,0.2,0.0,0.03,1,0.18,40,0.01,POLICY_VALIDATION,920073,student_t_v2.2,0.65,True,True,True,False,SMALL_EFFECT_HUGE_RAW_N
POLICY_VALIDATION-PRIMARY_PAIRWISE-920074,PRIMARY_PAIRWISE,SUPPORTED,0.075,1000000,18,24,10,3,0.6,0.0,0.03,1,0.18,40,0.01,POLICY_VALIDATION,920074,student_t_v2.3,0.7,True,True,True,False,LARGE_EFFECT_SMALL_PANEL
POLICY_VALIDATION-PRIMARY_PAIRWISE-920075,PRIMARY_PAIRWISE,NULL,0.0,500,54,24,2,3,0.6,0.0,0.03,1,0.18,40,0.01,POLICY_VALIDATION,920075,student_t_v2.1,0.75,True,False,True,False,EXTREME_FAMILY_IMBALANCE
POLICY_VALIDATION-PRIMARY_PAIRWISE-920076,PRIMARY_PAIRWISE,SUPPORTED,0.035,10000,54,24,2,3,0.9,0.5,0.03,1,0.18,40,0.01,POLICY_VALIDATION,920076,student_t_v2.2,0.8,False,True,True,False,ONE_DOMINANT_FAMILY
POLICY_VALIDATION-PRIMARY_PAIRWISE-920077,PRIMARY_PAIRWISE,SUPPORTED,0.075,1000000,54,60,2,3,0.9,0.5,0.03,3,0.18,40,0.01,POLICY_VALIDATION,920077,student_t_v2.3,0.85,True,True,True,False,TRANSPORT_REVERSAL
POLICY_VALIDATION-PRIMARY_PAIRWISE-920078,PRIMARY_PAIRWISE,NULL,0.0,500,144,60,2,3,0.2,0.5,0.03,3,0.18,1,0.01,POLICY_VALIDATION,920078,student_t_v2.1,0.9,True,True,False,False,BENCHMARK_SPECIFIC_REVERSAL
POLICY_VALIDATION-PRIMARY_PAIRWISE-920079,PRIMARY_PAIRWISE,SUPPORTED,0.035,10000,144,60,2,3,0.2,0.5,0.03,3,0.18,1,0.01,POLICY_VALIDATION,920079,student_t_v2.2,0.95,True,True,True,False,VERY_HIGH_MULTIPLICITY
POLICY_VALIDATION-PRIMARY_PAIRWISE-920080,PRIMARY_PAIRWISE,SUPPORTED,0.075,1000000,144,60,4,3,0.6,0.5,0.03,3,0.18,1,0.01,POLICY_VALIDATION,920080,student_t_v2.3,0.6,False,False,True,False,NEARLY_TIED_TOP_K
POLICY_VALIDATION-PRIMARY_PAIRWISE-920081,PRIMARY_PAIRWISE,NULL,0.0,500,18,60,4,3,0.6,0.5,0.03,3,0.18,1,0.01,POLICY_VALIDATION,920081,student_t_v2.1,0.65,True,True,True,False,HIGH_RAW_LOW_EFFECTIVE_N
POLICY_VALIDATION-PRIMARY_PAIRWISE-920082,PRIMARY_PAIRWISE,SUPPORTED,0.035,10000,18,60,4,3,0.9,0.5,0.03,3,0.18,1,0.01,POLICY_VALIDATION,920082,student_t_v2.2,0.7,True,True,True,False,SMALL_EFFECT_HUGE_RAW_N
POLICY_VALIDATION-PRIMARY_PAIRWISE-920083,PRIMARY_PAIRWISE,SUPPORTED,0.075,1000000,18,60,4,3,0.9,0.5,0.03,3,0.18,1,0.01,POLICY_VALIDATION,920083,student_t_v2.3,0.75,True,True,True,False,LARGE_EFFECT_SMALL_PANEL
POLICY_VALIDATION-PRIMARY_PAIRWISE-920084,PRIMARY_PAIRWISE,NULL,0.0,500,54,2,4,3,0.2,0.5,0.03,3,0.18,1,0.01,POLICY_VALIDATION,920084,student_t_v2.1,0.8,False,True,False,False,EXTREME_FAMILY_IMBALANCE
POLICY_VALIDATION-PRIMARY_PAIRWISE-920085,PRIMARY_PAIRWISE,SUPPORTED,0.035,10000,54,2,6,8,0.2,0.5,0.03,3,0.18,1,0.01,POLICY_VALIDATION,920085,student_t_v2.2,0.85,True,False,True,False,ONE_DOMINANT_FAMILY
POLICY_VALIDATION-PRIMARY_PAIRWISE-920086,PRIMARY_PAIRWISE,SUPPORTED,0.075,1000000,54,2,6,8,0.6,0.5,0.03,3,0.18,1,0.01,POLICY_VALIDATION,920086,student_t_v2.3,0.9,True,True,True,False,TRANSPORT_REVERSAL
POLICY_VALIDATION-PRIMARY_PAIRWISE-920087,PRIMARY_PAIRWISE,NULL,0.0,500,144,2,6,8,0.6,0.5,0.03,3,0.08,1,0.01,POLICY_VALIDATION,920087,student_t_v2.1,0.95,True,True,True,False,BENCHMARK_SPECIFIC_REVERSAL
POLICY_VALIDATION-PRIMARY_PAIRWISE-920088,PRIMARY_PAIRWISE,SUPPORTED,0.035,10000,144,2,6,8,0.9,0.5,0.03,5,0.08,1,0.01,POLICY_VALIDATION,920088,student_t_v2.2,0.6,False,True,True,False,VERY_HIGH_MULTIPLICITY
POLICY_VALIDATION-PRIMARY_PAIRWISE-920089,PRIMARY_PAIRWISE,SUPPORTED,0.075,1000000,144,2,6,8,0.9,0.5,0.03,5,0.08,1,0.01,POLICY_VALIDATION,920089,student_t_v2.3,0.65,True,True,True,False,NEARLY_TIED_TOP_K
POLICY_VALIDATION-PRIMARY_PAIRWISE-920090,PRIMARY_PAIRWISE,NULL,0.0,500,18,2,10,8,0.2,0.5,0.03,5,0.08,1,0.01,POLICY_VALIDATION,920090,student_t_v2.1,0.7,True,False,False,False,HIGH_RAW_LOW_EFFECTIVE_N
POLICY_VALIDATION-PRIMARY_PAIRWISE-920091,PRIMARY_PAIRWISE,SUPPORTED,0.035,10000,18,8,10,8,0.2,0.5,0.03,5,0.08,12,0.01,POLICY_VALIDATION,920091,student_t_v2.2,0.75,True,True,True,False,SMALL_EFFECT_HUGE_RAW_N
POLICY_VALIDATION-PRIMARY_PAIRWISE-920092,PRIMARY_PAIRWISE,SUPPORTED,0.075,1000000,18,8,10,8,0.6,0.5,0.1,5,0.08,12,0.01,POLICY_VALIDATION,920092,student_t_v2.3,0.8,False,True,True,False,LARGE_EFFECT_SMALL_PANEL
POLICY_VALIDATION-PRIMARY_PAIRWISE-920093,PRIMARY_PAIRWISE,NULL,0.0,500,54,8,10,8,0.6,0.5,0.1,5,0.08,12,0.01,POLICY_VALIDATION,920093,student_t_v2.1,0.85,True,True,True,False,EXTREME_FAMILY_IMBALANCE
POLICY_VALIDATION-PRIMARY_PAIRWISE-920094,PRIMARY_PAIRWISE,SUPPORTED,0.035,10000,54,8,10,8,0.9,0.5,0.1,5,0.08,12,0.01,POLICY_VALIDATION,920094,student_t_v2.2,0.9,True,True,True,False,ONE_DOMINANT_FAMILY
POLICY_VALIDATION-PRIMARY_PAIRWISE-920095,PRIMARY_PAIRWISE,SUPPORTED,0.075,1000000,54,8,2,8,0.9,0.9,0.1,5,0.08,12,0.01,POLICY_VALIDATION,920095,student_t_v2.3,0.95,True,False,True,False,TRANSPORT_REVERSAL
POLICY_VALIDATION-PRIMARY_PAIRWISE-920096,PRIMARY_PAIRWISE,NULL,0.0,500,144,8,2,8,0.2,0.9,0.1,5,0.08,12,0.01,POLICY_VALIDATION,920096,student_t_v2.1,0.6,False,True,False,False,BENCHMARK_SPECIFIC_REVERSAL
POLICY_VALIDATION-PRIMARY_PAIRWISE-920097,PRIMARY_PAIRWISE,SUPPORTED,0.035,10000,144,8,2,8,0.2,0.9,0.1,5,0.08,12,0.01,POLICY_VALIDATION,920097,student_t_v2.2,0.65,True,True,True,False,VERY_HIGH_MULTIPLICITY
POLICY_VALIDATION-PRIMARY_PAIRWISE-920098,PRIMARY_PAIRWISE,SUPPORTED,0.075,1000000,144,24,2,8,0.6,0.9,0.1,5,0.08,12,0.01,POLICY_VALIDATION,920098,student_t_v2.3,0.7,True,True,True,False,NEARLY_TIED_TOP_K
POLICY_VALIDATION-PRIMARY_PAIRWISE-920099,PRIMARY_PAIRWISE,NULL,0.0,500,18,24,2,8,0.6,0.9,0.1,1,0.08,12,0.01,POLICY_VALIDATION,920099,student_t_v2.1,0.75,True,True,True,False,HIGH_RAW_LOW_EFFECTIVE_N
POLICY_VALIDATION-PRIMARY_PAIRWISE-920100,PRIMARY_PAIRWISE,SUPPORTED,0.035,10000,18,24,4,8,0.9,0.9,0.1,1,0.08,12,0.01,POLICY_VALIDATION,920100,student_t_v2.2,0.8,False,False,True,False,SMALL_EFFECT_HUGE_RAW_N
POLICY_VALIDATION-PRIMARY_PAIRWISE-920101,PRIMARY_PAIRWISE,SUPPORTED,0.075,1000000,18,24,4,8,0.9,0.9,0.1,1,0.08,12,0.01,POLICY_VALIDATION,920101,student_t_v2.3,0.85,True,True,True,False,LARGE_EFFECT_SMALL_PANEL
POLICY_VALIDATION-PRIMARY_PAIRWISE-920102,PRIMARY_PAIRWISE,NULL,0.0,500,54,24,4,1,0.2,0.9,0.1,1,0.08,12,0.01,POLICY_VALIDATION,920102,student_t_v2.1,0.9,True,True,False,False,EXTREME_FAMILY_IMBALANCE
POLICY_VALIDATION-PRIMARY_PAIRWISE-920103,PRIMARY_PAIRWISE,SUPPORTED,0.035,10000,54,24,4,1,0.2,0.9,0.1,1,0.08,12,0.01,POLICY_VALIDATION,920103,student_t_v2.2,0.95,True,True,True,False,ONE_DOMINANT_FAMILY
POLICY_VALIDATION-PRIMARY_PAIRWISE-920104,PRIMARY_PAIRWISE,SUPPORTED,0.075,1000000,54,24,4,1,0.6,0.9,0.1,1,0.08,40,0.01,POLICY_VALIDATION,920104,student_t_v2.3,0.6,False,True,True,False,TRANSPORT_REVERSAL
POLICY_VALIDATION-PRIMARY_PAIRWISE-920105,PRIMARY_PAIRWISE,NULL,0.0,500,144,60,6,1,0.6,0.9,0.1,1,0.08,40,0.01,POLICY_VALIDATION,920105,student_t_v2.1,0.65,True,False,True,False,BENCHMARK_SPECIFIC_REVERSAL
POLICY_VALIDATION-PRIMARY_PAIRWISE-920106,PRIMARY_PAIRWISE,SUPPORTED,0.035,10000,144,60,6,1,0.9,0.9,0.1,1,0.08,40,0.01,POLICY_VALIDATION,920106,student_t_v2.2,0.7,True,True,True,False,VERY_HIGH_MULTIPLICITY
POLICY_VALIDATION-PRIMARY_PAIRWISE-920107,PRIMARY_PAIRWISE,SUPPORTED,0.075,1000000,144,60,6,1,0.9,0.9,0.1,1,0.08,40,0.01,POLICY_VALIDATION,920107,student_t_v2.3,0.75,True,True,True,False,NEARLY_TIED_TOP_K
POLICY_VALIDATION-PRIMARY_PAIRWISE-920108,PRIMARY_PAIRWISE,NULL,0.0,500,18,60,6,1,0.2,0.9,0.1,1,0.08,40,0.01,POLICY_VALIDATION,920108,student_t_v2.1,0.8,False,True,False,False,HIGH_RAW_LOW_EFFECTIVE_N
POLICY_VALIDATION-PRIMARY_PAIRWISE-920109,PRIMARY_PAIRWISE,SUPPORTED,0.035,10000,18,60,6,1,0.2,0.9,0.1,1,0.08,40,0.01,POLICY_VALIDATION,920109,student_t_v2.2,0.85,True,True,True,False,SMALL_EFFECT_HUGE_RAW_N
POLICY_VALIDATION-PRIMARY_PAIRWISE-920110,PRIMARY_PAIRWISE,SUPPORTED,0.075,1000000,18,60,10,1,0.6,0.9,0.1,3,0.08,40,0.01,POLICY_VALIDATION,920110,student_t_v2.3,0.9,True,False,True,False,LARGE_EFFECT_SMALL_PANEL
POLICY_VALIDATION-PRIMARY_PAIRWISE-920111,PRIMARY_PAIRWISE,NULL,0.0,500,54,60,10,1,0.6,0.9,0.1,3,0.08,40,0.01,POLICY_VALIDATION,920111,student_t_v2.1,0.95,True,True,True,False,EXTREME_FAMILY_IMBALANCE
POLICY_VALIDATION-PRIMARY_PAIRWISE-920112,PRIMARY_PAIRWISE,SUPPORTED,0.035,10000,54,2,10,1,0.9,0.9,0.1,3,0.08,40,0.01,POLICY_VALIDATION,920112,student_t_v2.2,0.6,False,True,True,False,ONE_DOMINANT_FAMILY
POLICY_VALIDATION-PRIMARY_PAIRWISE-920113,PRIMARY_PAIRWISE,SUPPORTED,0.075,1000000,54,2,10,1,0.9,0.9,0.1,3,0.08,40,0.01,POLICY_VALIDATION,920113,student_t_v2.3,0.65,True,True,True,False,TRANSPORT_REVERSAL
POLICY_VALIDATION-PRIMARY_PAIRWISE-920114,PRIMARY_PAIRWISE,NULL,0.0,500,144,2,10,1,0.2,0.0,0.1,3,0.08,40,0.01,POLICY_VALIDATION,920114,student_t_v2.1,0.7,True,True,False,False,BENCHMARK_SPECIFIC_REVERSAL
POLICY_VALIDATION-PRIMARY_PAIRWISE-920115,PRIMARY_PAIRWISE,SUPPORTED,0.035,10000,144,2,2,1,0.2,0.0,0.25,3,0.08,40,0.01,POLICY_VALIDATION,920115,student_t_v2.2,0.75,True,False,True,False,VERY_HIGH_MULTIPLICITY
POLICY_VALIDATION-PRIMARY_PAIRWISE-920116,PRIMARY_PAIRWISE,SUPPORTED,0.075,1000000,144,2,2,1,0.6,0.0,0.25,3,0.12,40,0.01,POLICY_VALIDATION,920116,student_t_v2.3,0.8,False,True,True,False,NEARLY_TIED_TOP_K
POLICY_VALIDATION-PRIMARY_PAIRWISE-920117,PRIMARY_PAIRWISE,NULL,0.0,500,18,2,2,1,0.6,0.0,0.25,3,0.12,1,0.01,POLICY_VALIDATION,920117,student_t_v2.1,0.85,True,True,True,False,HIGH_RAW_LOW_EFFECTIVE_N
POLICY_VALIDATION-PRIMARY_PAIRWISE-920118,PRIMARY_PAIRWISE,SUPPORTED,0.035,10000,18,2,2,1,0.9,0.0,0.25,3,0.12,1,0.01,POLICY_VALIDATION,920118,student_t_v2.2,0.9,True,True,True,False,SMALL_EFFECT_HUGE_RAW_N
POLICY_VALIDATION-PRIMARY_PAIRWISE-920119,PRIMARY_PAIRWISE,SUPPORTED,0.075,1000000,18,8,2,3,0.9,0.0,0.25,3,0.12,1,0.01,POLICY_VALIDATION,920119,student_t_v2.3,0.95,True,True,True,False,LARGE_EFFECT_SMALL_PANEL
POLICY_VALIDATION-TOP_K-920120,TOP_K,NULL,0.0,10000,54,8,4,1,0.6,0.0,0.03,1,0.08,12,0.01,POLICY_VALIDATION,920120,student_t_v2.1,0.6,False,False,False,False,HIGH_RAW_LOW_EFFECTIVE_N
POLICY_VALIDATION-TOP_K-920121,TOP_K,SUPPORTED,0.035,1000000,54,8,4,1,0.6,0.0,0.03,1,0.08,12,0.01,POLICY_VALIDATION,920121,student_t_v2.2,0.65,True,True,True,False,SMALL_EFFECT_HUGE_RAW_N
POLICY_VALIDATION-TOP_K-920122,TOP_K,SUPPORTED,0.075,500,54,8,4,1,0.9,0.0,0.03,1,0.08,12,0.01,POLICY_VALIDATION,920122,student_t_v2.3,0.7,True,True,True,False,LARGE_EFFECT_SMALL_PANEL
POLICY_VALIDATION-TOP_K-920123,TOP_K,NULL,0.0,10000,144,8,4,1,0.9,0.0,0.03,1,0.08,12,0.01,POLICY_VALIDATION,920123,student_t_v2.1,0.75,True,True,True,False,EXTREME_FAMILY_IMBALANCE
POLICY_VALIDATION-TOP_K-920124,TOP_K,SUPPORTED,0.035,1000000,144,8,4,1,0.2,0.0,0.03,1,0.08,12,0.01,POLICY_VALIDATION,920124,student_t_v2.2,0.8,False,True,True,False,ONE_DOMINANT_FAMILY
POLICY_VALIDATION-TOP_K-920125,TOP_K,SUPPORTED,0.075,500,144,8,6,1,0.2,0.0,0.03,1,0.08,12,0.01,POLICY_VALIDATION,920125,student_t_v2.3,0.85,True,False,True,False,TRANSPORT_REVERSAL
POLICY_VALIDATION-TOP_K-920126,TOP_K,NULL,0.0,10000,18,8,6,1,0.6,0.0,0.03,1,0.08,12,0.01,POLICY_VALIDATION,920126,student_t_v2.1,0.9,True,True,False,False,BENCHMARK_SPECIFIC_REVERSAL
POLICY_VALIDATION-TOP_K-920127,TOP_K,SUPPORTED,0.035,1000000,18,24,6,1,0.6,0.0,0.03,1,0.08,12,0.01,POLICY_VALIDATION,920127,student_t_v2.2,0.95,True,True,True,False,VERY_HIGH_MULTIPLICITY
POLICY_VALIDATION-TOP_K-920128,TOP_K,SUPPORTED,0.075,500,18,24,6,1,0.9,0.0,0.03,1,0.08,12,0.01,POLICY_VALIDATION,920128,student_t_v2.3,0.6,False,True,True,False,NEARLY_TIED_TOP_K
POLICY_VALIDATION-TOP_K-920129,TOP_K,NULL,0.0,10000,54,24,6,1,0.9,0.0,0.03,1,0.08,12,0.01,POLICY_VALIDATION,920129,student_t_v2.1,0.65,True,True,True,False,HIGH_RAW_LOW_EFFECTIVE_N
POLICY_VALIDATION-TOP_K-920130,TOP_K,SUPPORTED,0.035,1000000,54,24,10,1,0.2,0.0,0.03,1,0.08,12,0.01,POLICY_VALIDATION,920130,student_t_v2.2,0.7,True,False,True,False,SMALL_EFFECT_HUGE_RAW_N
POLICY_VALIDATION-TOP_K-920131,TOP_K,SUPPORTED,0.075,500,54,24,10,1,0.2,0.0,0.03,3,0.08,12,0.01,POLICY_VALIDATION,920131,student_t_v2.3,0.75,True,True,True,False,LARGE_EFFECT_SMALL_PANEL
POLICY_VALIDATION-TOP_K-920132,TOP_K,NULL,0.0,10000,144,24,10,1,0.6,0.0,0.03,3,0.08,12,0.01,POLICY_VALIDATION,920132,student_t_v2.1,0.8,False,True,False,False,EXTREME_FAMILY_IMBALANCE
POLICY_VALIDATION-TOP_K-920133,TOP_K,SUPPORTED,0.035,1000000,144,24,10,1,0.6,0.0,0.03,3,0.08,40,0.01,POLICY_VALIDATION,920133,student_t_v2.2,0.85,True,True,True,False,ONE_DOMINANT_FAMILY
POLICY_VALIDATION-TOP_K-920134,TOP_K,SUPPORTED,0.075,500,144,60,10,1,0.9,0.0,0.03,3,0.08,40,0.01,POLICY_VALIDATION,920134,student_t_v2.3,0.9,True,True,True,False,TRANSPORT_REVERSAL
POLICY_VALIDATION-TOP_K-920135,TOP_K,NULL,0.0,10000,18,60,2,1,0.9,0.0,0.03,3,0.08,40,0.01,POLICY_VALIDATION,920135,student_t_v2.1,0.95,True,False,True,False,BENCHMARK_SPECIFIC_REVERSAL
POLICY_VALIDATION-TOP_K-920136,TOP_K,SUPPORTED,0.035,1000000,18,60,2,1,0.2,0.0,0.03,3,0.08,40,0.01,POLICY_VALIDATION,920136,student_t_v2.2,0.6,False,True,True,False,VERY_HIGH_MULTIPLICITY
POLICY_VALIDATION-TOP_K-920137,TOP_K,SUPPORTED,0.075,500,18,60,2,3,0.2,0.0,0.03,3,0.08,40,0.01,POLICY_VALIDATION,920137,student_t_v2.3,0.65,True,True,True,False,NEARLY_TIED_TOP_K
POLICY_VALIDATION-TOP_K-920138,TOP_K,NULL,0.0,10000,54,60,2,3,0.6,0.0,0.03,3,0.08,40,0.01,POLICY_VALIDATION,920138,student_t_v2.1,0.7,True,True,False,False,HIGH_RAW_LOW_EFFECTIVE_N
POLICY_VALIDATION-TOP_K-920139,TOP_K,SUPPORTED,0.035,1000000,54,60,2,3,0.6,0.5,0.03,3,0.08,40,0.01,POLICY_VALIDATION,920139,student_t_v2.2,0.75,True,True,True,False,SMALL_EFFECT_HUGE_RAW_N
POLICY_VALIDATION-TOP_K-920140,TOP_K,SUPPORTED,0.075,500,54,60,4,3,0.9,0.5,0.03,3,0.08,40,0.01,POLICY_VALIDATION,920140,student_t_v2.3,0.8,False,False,True,False,LARGE_EFFECT_SMALL_PANEL
POLICY_VALIDATION-TOP_K-920141,TOP_K,NULL,0.0,10000,144,2,4,3,0.9,0.5,0.03,3,0.08,40,0.01,POLICY_VALIDATION,920141,student_t_v2.1,0.85,True,True,True,False,EXTREME_FAMILY_IMBALANCE
POLICY_VALIDATION-TOP_K-920142,TOP_K,SUPPORTED,0.035,1000000,144,2,4,3,0.2,0.5,0.03,5,0.08,40,0.01,POLICY_VALIDATION,920142,student_t_v2.2,0.9,True,True,True,False,ONE_DOMINANT_FAMILY
POLICY_VALIDATION-TOP_K-920143,TOP_K,SUPPORTED,0.075,500,144,2,4,3,0.2,0.5,0.1,5,0.08,40,0.01,POLICY_VALIDATION,920143,student_t_v2.3,0.95,True,True,True,False,TRANSPORT_REVERSAL
POLICY_VALIDATION-TOP_K-920144,TOP_K,NULL,0.0,10000,18,2,4,3,0.6,0.5,0.1,5,0.08,40,0.01,POLICY_VALIDATION,920144,student_t_v2.1,0.6,False,True,False,False,BENCHMARK_SPECIFIC_REVERSAL
POLICY_VALIDATION-TOP_K-920145,TOP_K,SUPPORTED,0.035,1000000,18,2,6,3,0.6,0.5,0.1,5,0.08,40,0.01,POLICY_VALIDATION,920145,student_t_v2.2,0.65,True,False,True,False,VERY_HIGH_MULTIPLICITY
POLICY_VALIDATION-TOP_K-920146,TOP_K,SUPPORTED,0.075,500,18,2,6,3,0.9,0.5,0.1,5,0.08,1,0.01,POLICY_VALIDATION,920146,student_t_v2.3,0.7,True,True,True,False,NEARLY_TIED_TOP_K
POLICY_VALIDATION-TOP_K-920147,TOP_K,NULL,0.0,10000,54,2,6,3,0.9,0.5,0.1,5,0.08,1,0.01,POLICY_VALIDATION,920147,student_t_v2.1,0.75,True,True,True,False,HIGH_RAW_LOW_EFFECTIVE_N
POLICY_VALIDATION-TOP_K-920148,TOP_K,SUPPORTED,0.035,1000000,54,8,6,3,0.2,0.5,0.1,5,0.08,1,0.01,POLICY_VALIDATION,920148,student_t_v2.2,0.8,False,True,True,False,SMALL_EFFECT_HUGE_RAW_N
POLICY_VALIDATION-TOP_K-920149,TOP_K,SUPPORTED,0.075,500,54,8,6,3,0.2,0.5,0.1,5,0.12,1,0.01,POLICY_VALIDATION,920149,student_t_v2.3,0.85,True,True,True,False,LARGE_EFFECT_SMALL_PANEL
POLICY_VALIDATION-TOP_K-920150,TOP_K,NULL,0.0,10000,144,8,10,3,0.6,0.5,0.1,5,0.12,1,0.01,POLICY_VALIDATION,920150,student_t_v2.1,0.9,True,False,False,False,EXTREME_FAMILY_IMBALANCE
POLICY_VALIDATION-TOP_K-920151,TOP_K,SUPPORTED,0.035,1000000,144,8,10,3,0.6,0.5,0.1,5,0.12,1,0.01,POLICY_VALIDATION,920151,student_t_v2.2,0.95,True,True,True,False,ONE_DOMINANT_FAMILY
POLICY_VALIDATION-TOP_K-920152,TOP_K,SUPPORTED,0.075,500,144,8,10,3,0.9,0.5,0.1,5,0.12,1,0.01,POLICY_VALIDATION,920152,student_t_v2.3,0.6,False,True,True,False,TRANSPORT_REVERSAL
POLICY_VALIDATION-TOP_K-920153,TOP_K,NULL,0.0,10000,18,8,10,3,0.9,0.5,0.1,1,0.12,1,0.01,POLICY_VALIDATION,920153,student_t_v2.1,0.65,True,True,True,False,BENCHMARK_SPECIFIC_REVERSAL
POLICY_VALIDATION-TOP_K-920154,TOP_K,SUPPORTED,0.035,1000000,18,8,10,8,0.2,0.5,0.1,1,0.12,1,0.01,POLICY_VALIDATION,920154,student_t_v2.2,0.7,True,True,True,False,VERY_HIGH_MULTIPLICITY
POLICY_VALIDATION-TOP_K-920155,TOP_K,SUPPORTED,0.075,500,18,24,2,8,0.2,0.5,0.1,1,0.12,1,0.01,POLICY_VALIDATION,920155,student_t_v2.3,0.75,True,False,True,False,NEARLY_TIED_TOP_K
POLICY_VALIDATION-TOP_K-920156,TOP_K,NULL,0.0,10000,54,24,2,8,0.6,0.5,0.1,1,0.12,1,0.01,POLICY_VALIDATION,920156,student_t_v2.1,0.8,False,True,False,False,HIGH_RAW_LOW_EFFECTIVE_N
POLICY_VALIDATION-TOP_K-920157,TOP_K,SUPPORTED,0.035,1000000,54,24,2,8,0.6,0.5,0.1,1,0.12,1,0.01,POLICY_VALIDATION,920157,student_t_v2.2,0.85,True,True,True,False,SMALL_EFFECT_HUGE_RAW_N
POLICY_VALIDATION-TOP_K-920158,TOP_K,SUPPORTED,0.075,500,54,24,2,8,0.9,0.9,0.1,1,0.12,1,0.01,POLICY_VALIDATION,920158,student_t_v2.3,0.9,True,True,True,False,LARGE_EFFECT_SMALL_PANEL
POLICY_VALIDATION-TOP_K-920159,TOP_K,NULL,0.0,10000,144,24,2,8,0.9,0.9,0.1,1,0.12,12,0.01,POLICY_VALIDATION,920159,student_t_v2.1,0.95,True,True,True,False,EXTREME_FAMILY_IMBALANCE
POLICY_VALIDATION-TOP_K-920160,TOP_K,SUPPORTED,0.035,1000000,144,24,4,8,0.2,0.9,0.1,1,0.12,12,0.01,POLICY_VALIDATION,920160,student_t_v2.2,0.6,False,False,True,False,ONE_DOMINANT_FAMILY
POLICY_VALIDATION-TOP_K-920161,TOP_K,SUPPORTED,0.075,500,144,24,4,8,0.2,0.9,0.1,1,0.12,12,0.01,POLICY_VALIDATION,920161,student_t_v2.3,0.65,True,True,True,False,TRANSPORT_REVERSAL
POLICY_VALIDATION-TOP_K-920162,TOP_K,NULL,0.0,10000,18,60,4,8,0.6,0.9,0.1,1,0.12,12,0.01,POLICY_VALIDATION,920162,student_t_v2.1,0.7,True,True,False,False,BENCHMARK_SPECIFIC_REVERSAL
POLICY_VALIDATION-TOP_K-920163,TOP_K,SUPPORTED,0.035,1000000,18,60,4,8,0.6,0.9,0.1,1,0.12,12,0.01,POLICY_VALIDATION,920163,student_t_v2.2,0.75,True,True,True,False,VERY_HIGH_MULTIPLICITY
POLICY_VALIDATION-TOP_K-920164,TOP_K,SUPPORTED,0.075,500,18,60,4,8,0.9,0.9,0.1,3,0.12,12,0.01,POLICY_VALIDATION,920164,student_t_v2.3,0.8,False,True,True,False,NEARLY_TIED_TOP_K
POLICY_VALIDATION-TOP_K-920165,TOP_K,NULL,0.0,10000,54,60,6,8,0.9,0.9,0.1,3,0.12,12,0.01,POLICY_VALIDATION,920165,student_t_v2.1,0.85,True,False,True,False,HIGH_RAW_LOW_EFFECTIVE_N
POLICY_VALIDATION-TOP_K-920166,TOP_K,SUPPORTED,0.035,1000000,54,60,6,8,0.2,0.9,0.25,3,0.12,12,0.01,POLICY_VALIDATION,920166,student_t_v2.2,0.9,True,True,True,False,SMALL_EFFECT_HUGE_RAW_N
POLICY_VALIDATION-TOP_K-920167,TOP_K,SUPPORTED,0.075,500,54,60,6,8,0.2,0.9,0.25,3,0.12,12,0.01,POLICY_VALIDATION,920167,student_t_v2.3,0.95,True,True,True,False,LARGE_EFFECT_SMALL_PANEL
POLICY_VALIDATION-TOP_K-920168,TOP_K,NULL,0.0,10000,144,60,6,8,0.6,0.9,0.25,3,0.12,12,0.01,POLICY_VALIDATION,920168,student_t_v2.1,0.6,False,True,False,False,EXTREME_FAMILY_IMBALANCE
POLICY_VALIDATION-TOP_K-920169,TOP_K,SUPPORTED,0.035,1000000,144,2,6,8,0.6,0.9,0.25,3,0.12,12,0.01,POLICY_VALIDATION,920169,student_t_v2.2,0.65,True,True,True,False,ONE_DOMINANT_FAMILY
POLICY_VALIDATION-TOP_K-920170,TOP_K,SUPPORTED,0.075,500,144,2,10,8,0.9,0.9,0.25,3,0.12,12,0.01,POLICY_VALIDATION,920170,student_t_v2.3,0.7,True,False,True,False,TRANSPORT_REVERSAL
POLICY_VALIDATION-TOP_K-920171,TOP_K,NULL,0.0,10000,18,2,10,1,0.9,0.9,0.25,3,0.12,12,0.01,POLICY_VALIDATION,920171,student_t_v2.1,0.75,True,True,True,False,BENCHMARK_SPECIFIC_REVERSAL
POLICY_VALIDATION-TOP_K-920172,TOP_K,SUPPORTED,0.035,1000000,18,2,10,1,0.2,0.9,0.25,3,0.12,40,0.01,POLICY_VALIDATION,920172,student_t_v2.2,0.8,False,True,True,False,VERY_HIGH_MULTIPLICITY
POLICY_VALIDATION-TOP_K-920173,TOP_K,SUPPORTED,0.075,500,18,2,10,1,0.2,0.9,0.25,3,0.12,40,0.01,POLICY_VALIDATION,920173,student_t_v2.3,0.85,True,True,True,False,NEARLY_TIED_TOP_K
POLICY_VALIDATION-TOP_K-920174,TOP_K,NULL,0.0,10000,54,2,10,1,0.6,0.9,0.25,3,0.12,40,0.01,POLICY_VALIDATION,920174,student_t_v2.1,0.9,True,True,False,False,HIGH_RAW_LOW_EFFECTIVE_N
POLICY_VALIDATION-TOP_K-920175,TOP_K,SUPPORTED,0.035,1000000,54,2,2,1,0.6,0.9,0.25,5,0.12,40,0.01,POLICY_VALIDATION,920175,student_t_v2.2,0.95,True,False,True,False,SMALL_EFFECT_HUGE_RAW_N
POLICY_VALIDATION-TOP_K-920176,TOP_K,SUPPORTED,0.075,500,54,8,2,1,0.9,0.9,0.25,5,0.12,40,0.01,POLICY_VALIDATION,920176,student_t_v2.3,0.6,False,True,True,False,LARGE_EFFECT_SMALL_PANEL
POLICY_VALIDATION-TOP_K-920177,TOP_K,NULL,0.0,10000,144,8,2,1,0.9,0.0,0.25,5,0.12,40,0.01,POLICY_VALIDATION,920177,student_t_v2.1,0.65,True,True,True,False,EXTREME_FAMILY_IMBALANCE
POLICY_VALIDATION-TOP_K-920178,TOP_K,SUPPORTED,0.035,1000000,144,8,2,1,0.2,0.0,0.25,5,0.18,40,0.01,POLICY_VALIDATION,920178,student_t_v2.2,0.7,True,True,True,False,ONE_DOMINANT_FAMILY
POLICY_VALIDATION-TOP_K-920179,TOP_K,SUPPORTED,0.075,500,144,8,2,1,0.2,0.0,0.25,5,0.18,40,0.01,POLICY_VALIDATION,920179,student_t_v2.3,0.75,True,True,True,False,TRANSPORT_REVERSAL
POLICY_VALIDATION-TOP_K-920180,TOP_K,NULL,0.0,10000,18,8,4,1,0.6,0.0,0.25,5,0.18,40,0.01,POLICY_VALIDATION,920180,student_t_v2.1,0.8,False,False,False,False,BENCHMARK_SPECIFIC_REVERSAL
POLICY_VALIDATION-TOP_K-920181,TOP_K,SUPPORTED,0.035,1000000,18,8,4,1,0.6,0.0,0.25,5,0.18,40,0.01,POLICY_VALIDATION,920181,student_t_v2.2,0.85,True,True,True,False,VERY_HIGH_MULTIPLICITY
POLICY_VALIDATION-TOP_K-920182,TOP_K,SUPPORTED,0.075,500,18,8,4,1,0.9,0.0,0.25,5,0.18,40,0.01,POLICY_VALIDATION,920182,student_t_v2.3,0.9,True,True,True,False,NEARLY_TIED_TOP_K
POLICY_VALIDATION-TOP_K-920183,TOP_K,NULL,0.0,10000,54,24,4,1,0.9,0.0,0.25,5,0.18,40,0.01,POLICY_VALIDATION,920183,student_t_v2.1,0.95,True,True,True,False,HIGH_RAW_LOW_EFFECTIVE_N
POLICY_VALIDATION-TOP_K-920184,TOP_K,SUPPORTED,0.035,1000000,54,24,4,1,0.2,0.0,0.25,5,0.18,40,0.01,POLICY_VALIDATION,920184,student_t_v2.2,0.6,False,True,True,False,SMALL_EFFECT_HUGE_RAW_N
POLICY_VALIDATION-TOP_K-920185,TOP_K,SUPPORTED,0.075,500,54,24,6,1,0.2,0.0,0.25,5,0.18,1,0.01,POLICY_VALIDATION,920185,student_t_v2.3,0.65,True,False,True,False,LARGE_EFFECT_SMALL_PANEL
POLICY_VALIDATION-TOP_K-920186,TOP_K,NULL,0.0,10000,144,24,6,1,0.6,0.0,0.25,1,0.18,1,0.01,POLICY_VALIDATION,920186,student_t_v2.1,0.7,True,True,False,False,EXTREME_FAMILY_IMBALANCE
POLICY_VALIDATION-TOP_K-920187,TOP_K,SUPPORTED,0.035,1000000,144,24,6,1,0.6,0.0,0.25,1,0.18,1,0.01,POLICY_VALIDATION,920187,student_t_v2.2,0.75,True,True,True,False,ONE_DOMINANT_FAMILY
POLICY_VALIDATION-TOP_K-920188,TOP_K,SUPPORTED,0.075,500,144,24,6,3,0.9,0.0,0.25,1,0.18,1,0.01,POLICY_VALIDATION,920188,student_t_v2.3,0.8,False,True,True,False,TRANSPORT_REVERSAL
POLICY_VALIDATION-TOP_K-920189,TOP_K,NULL,0.0,10000,18,24,6,3,0.9,0.0,0.03,1,0.18,1,0.01,POLICY_VALIDATION,920189,student_t_v2.1,0.85,True,True,True,False,BENCHMARK_SPECIFIC_REVERSAL
POLICY_VALIDATION-TOP_K-920190,TOP_K,SUPPORTED,0.035,1000000,18,60,10,3,0.2,0.0,0.03,1,0.18,1,0.01,POLICY_VALIDATION,920190,student_t_v2.2,0.9,True,False,True,False,VERY_HIGH_MULTIPLICITY
POLICY_VALIDATION-TOP_K-920191,TOP_K,SUPPORTED,0.075,500,18,60,10,3,0.2,0.0,0.03,1,0.18,1,0.01,POLICY_VALIDATION,920191,student_t_v2.3,0.95,True,True,True,False,NEARLY_TIED_TOP_K
POLICY_VALIDATION-TOP_K-920192,TOP_K,NULL,0.0,10000,54,60,10,3,0.6,0.0,0.03,1,0.18,1,0.01,POLICY_VALIDATION,920192,student_t_v2.1,0.6,False,True,False,False,HIGH_RAW_LOW_EFFECTIVE_N
POLICY_VALIDATION-TOP_K-920193,TOP_K,SUPPORTED,0.035,1000000,54,60,10,3,0.6,0.0,0.03,1,0.18,1,0.01,POLICY_VALIDATION,920193,student_t_v2.2,0.65,True,True,True,False,SMALL_EFFECT_HUGE_RAW_N
POLICY_VALIDATION-TOP_K-920194,TOP_K,SUPPORTED,0.075,500,54,60,10,3,0.9,0.0,0.03,1,0.18,1,0.01,POLICY_VALIDATION,920194,student_t_v2.3,0.7,True,True,True,False,LARGE_EFFECT_SMALL_PANEL
POLICY_VALIDATION-TOP_K-920195,TOP_K,NULL,0.0,10000,144,60,2,3,0.9,0.0,0.03,1,0.18,1,0.01,POLICY_VALIDATION,920195,student_t_v2.1,0.75,True,False,True,False,EXTREME_FAMILY_IMBALANCE
POLICY_VALIDATION-TOP_K-920196,TOP_K,SUPPORTED,0.035,1000000,144,60,2,3,0.2,0.5,0.03,1,0.18,1,0.01,POLICY_VALIDATION,920196,student_t_v2.2,0.8,False,True,True,False,ONE_DOMINANT_FAMILY
POLICY_VALIDATION-TOP_K-920197,TOP_K,SUPPORTED,0.075,500,144,2,2,3,0.2,0.5,0.03,3,0.18,1,0.01,POLICY_VALIDATION,920197,student_t_v2.3,0.85,True,True,True,False,TRANSPORT_REVERSAL
POLICY_VALIDATION-TOP_K-920198,TOP_K,NULL,0.0,10000,18,2,2,3,0.6,0.5,0.03,3,0.18,12,0.01,POLICY_VALIDATION,920198,student_t_v2.1,0.9,True,True,False,False,BENCHMARK_SPECIFIC_REVERSAL
POLICY_VALIDATION-TOP_K-920199,TOP_K,SUPPORTED,0.035,1000000,18,2,2,3,0.6,0.5,0.03,3,0.18,12,0.01,POLICY_VALIDATION,920199,student_t_v2.2,0.95,True,True,True,False,VERY_HIGH_MULTIPLICITY
POLICY_VALIDATION-TOP_K-920200,TOP_K,SUPPORTED,0.075,500,18,2,4,3,0.9,0.5,0.03,3,0.18,12,0.01,POLICY_VALIDATION,920200,student_t_v2.3,0.6,False,False,True,False,NEARLY_TIED_TOP_K
POLICY_VALIDATION-TOP_K-920201,TOP_K,NULL,0.0,10000,54,2,4,3,0.9,0.5,0.03,3,0.18,12,0.01,POLICY_VALIDATION,920201,student_t_v2.1,0.65,True,True,True,False,HIGH_RAW_LOW_EFFECTIVE_N
POLICY_VALIDATION-TOP_K-920202,TOP_K,SUPPORTED,0.035,1000000,54,2,4,3,0.2,0.5,0.03,3,0.18,12,0.01,POLICY_VALIDATION,920202,student_t_v2.2,0.7,True,True,True,False,SMALL_EFFECT_HUGE_RAW_N
POLICY_VALIDATION-TOP_K-920203,TOP_K,SUPPORTED,0.075,500,54,2,4,3,0.2,0.5,0.03,3,0.18,12,0.01,POLICY_VALIDATION,920203,student_t_v2.3,0.75,True,True,True,False,LARGE_EFFECT_SMALL_PANEL
POLICY_VALIDATION-TOP_K-920204,TOP_K,NULL,0.0,10000,144,8,4,3,0.6,0.5,0.03,3,0.18,12,0.01,POLICY_VALIDATION,920204,student_t_v2.1,0.8,False,True,False,False,EXTREME_FAMILY_IMBALANCE
POLICY_VALIDATION-TOP_K-920205,TOP_K,SUPPORTED,0.035,1000000,144,8,6,8,0.6,0.5,0.03,3,0.18,12,0.01,POLICY_VALIDATION,920205,student_t_v2.2,0.85,True,False,True,False,ONE_DOMINANT_FAMILY
POLICY_VALIDATION-TOP_K-920206,TOP_K,SUPPORTED,0.075,500,144,8,6,8,0.9,0.5,0.03,3,0.18,12,0.01,POLICY_VALIDATION,920206,student_t_v2.3,0.9,True,True,True,False,TRANSPORT_REVERSAL
POLICY_VALIDATION-TOP_K-920207,TOP_K,NULL,0.0,10000,18,8,6,8,0.9,0.5,0.03,3,0.08,12,0.01,POLICY_VALIDATION,920207,student_t_v2.1,0.95,True,True,True,False,BENCHMARK_SPECIFIC_REVERSAL
POLICY_VALIDATION-TOP_K-920208,TOP_K,SUPPORTED,0.035,1000000,18,8,6,8,0.2,0.5,0.03,5,0.08,12,0.01,POLICY_VALIDATION,920208,student_t_v2.2,0.6,False,True,True,False,VERY_HIGH_MULTIPLICITY
POLICY_VALIDATION-TOP_K-920209,TOP_K,SUPPORTED,0.075,500,18,8,6,8,0.2,0.5,0.03,5,0.08,12,0.01,POLICY_VALIDATION,920209,student_t_v2.3,0.65,True,True,True,False,NEARLY_TIED_TOP_K
POLICY_VALIDATION-TOP_K-920210,TOP_K,NULL,0.0,10000,54,8,10,8,0.6,0.5,0.03,5,0.08,12,0.01,POLICY_VALIDATION,920210,student_t_v2.1,0.7,True,False,False,False,HIGH_RAW_LOW_EFFECTIVE_N
POLICY_VALIDATION-TOP_K-920211,TOP_K,SUPPORTED,0.035,1000000,54,24,10,8,0.6,0.5,0.03,5,0.08,40,0.01,POLICY_VALIDATION,920211,student_t_v2.2,0.75,True,True,True,False,SMALL_EFFECT_HUGE_RAW_N
POLICY_VALIDATION-TOP_K-920212,TOP_K,SUPPORTED,0.075,500,54,24,10,8,0.9,0.5,0.1,5,0.08,40,0.01,POLICY_VALIDATION,920212,student_t_v2.3,0.8,False,True,True,False,LARGE_EFFECT_SMALL_PANEL
POLICY_VALIDATION-TOP_K-920213,TOP_K,NULL,0.0,10000,144,24,10,8,0.9,0.5,0.1,5,0.08,40,0.01,POLICY_VALIDATION,920213,student_t_v2.1,0.85,True,True,True,False,EXTREME_FAMILY_IMBALANCE
POLICY_VALIDATION-TOP_K-920214,TOP_K,SUPPORTED,0.035,1000000,144,24,10,8,0.2,0.5,0.1,5,0.08,40,0.01,POLICY_VALIDATION,920214,student_t_v2.2,0.9,True,True,True,False,ONE_DOMINANT_FAMILY
POLICY_VALIDATION-TOP_K-920215,TOP_K,SUPPORTED,0.075,500,144,24,2,8,0.2,0.9,0.1,5,0.08,40,0.01,POLICY_VALIDATION,920215,student_t_v2.3,0.95,True,False,True,False,TRANSPORT_REVERSAL
POLICY_VALIDATION-TOP_K-920216,TOP_K,NULL,0.0,10000,18,24,2,8,0.6,0.9,0.1,5,0.08,40,0.01,POLICY_VALIDATION,920216,student_t_v2.1,0.6,False,True,False,False,BENCHMARK_SPECIFIC_REVERSAL
POLICY_VALIDATION-TOP_K-920217,TOP_K,SUPPORTED,0.035,1000000,18,24,2,8,0.6,0.9,0.1,5,0.08,40,0.01,POLICY_VALIDATION,920217,student_t_v2.2,0.65,True,True,True,False,VERY_HIGH_MULTIPLICITY
POLICY_VALIDATION-TOP_K-920218,TOP_K,SUPPORTED,0.075,500,18,60,2,8,0.9,0.9,0.1,5,0.08,40,0.01,POLICY_VALIDATION,920218,student_t_v2.3,0.7,True,True,True,False,NEARLY_TIED_TOP_K
POLICY_VALIDATION-TOP_K-920219,TOP_K,NULL,0.0,10000,54,60,2,8,0.9,0.9,0.1,1,0.08,40,0.01,POLICY_VALIDATION,920219,student_t_v2.1,0.75,True,True,True,False,HIGH_RAW_LOW_EFFECTIVE_N
POLICY_VALIDATION-TOP_K-920220,TOP_K,SUPPORTED,0.035,1000000,54,60,4,8,0.2,0.9,0.1,1,0.08,40,0.01,POLICY_VALIDATION,920220,student_t_v2.2,0.8,False,False,True,False,SMALL_EFFECT_HUGE_RAW_N
POLICY_VALIDATION-TOP_K-920221,TOP_K,SUPPORTED,0.075,500,54,60,4,8,0.2,0.9,0.1,1,0.08,40,0.01,POLICY_VALIDATION,920221,student_t_v2.3,0.85,True,True,True,False,LARGE_EFFECT_SMALL_PANEL
POLICY_VALIDATION-TOP_K-920222,TOP_K,NULL,0.0,10000,144,60,4,1,0.6,0.9,0.1,1,0.08,40,0.01,POLICY_VALIDATION,920222,student_t_v2.1,0.9,True,True,False,False,EXTREME_FAMILY_IMBALANCE
POLICY_VALIDATION-TOP_K-920223,TOP_K,SUPPORTED,0.035,1000000,144,60,4,1,0.6,0.9,0.1,1,0.08,40,0.01,POLICY_VALIDATION,920223,student_t_v2.2,0.95,True,True,True,False,ONE_DOMINANT_FAMILY
POLICY_VALIDATION-TOP_K-920224,TOP_K,SUPPORTED,0.075,500,144,60,4,1,0.9,0.9,0.1,1,0.08,1,0.01,POLICY_VALIDATION,920224,student_t_v2.3,0.6,False,True,True,False,TRANSPORT_REVERSAL
POLICY_VALIDATION-TOP_K-920225,TOP_K,NULL,0.0,10000,18,2,6,1,0.9,0.9,0.1,1,0.08,1,0.01,POLICY_VALIDATION,920225,student_t_v2.1,0.65,True,False,True,False,BENCHMARK_SPECIFIC_REVERSAL
POLICY_VALIDATION-TOP_K-920226,TOP_K,SUPPORTED,0.035,1000000,18,2,6,1,0.2,0.9,0.1,1,0.08,1,0.01,POLICY_VALIDATION,920226,student_t_v2.2,0.7,True,True,True,False,VERY_HIGH_MULTIPLICITY
POLICY_VALIDATION-TOP_K-920227,TOP_K,SUPPORTED,0.075,500,18,2,6,1,0.2,0.9,0.1,1,0.08,1,0.01,POLICY_VALIDATION,920227,student_t_v2.3,0.75,True,True,True,False,NEARLY_TIED_TOP_K
POLICY_VALIDATION-TOP_K-920228,TOP_K,NULL,0.0,10000,54,2,6,1,0.6,0.9,0.1,1,0.08,1,0.01,POLICY_VALIDATION,920228,student_t_v2.1,0.8,False,True,False,False,HIGH_RAW_LOW_EFFECTIVE_N
POLICY_VALIDATION-TOP_K-920229,TOP_K,SUPPORTED,0.035,1000000,54,2,6,1,0.6,0.9,0.1,1,0.08,1,0.01,POLICY_VALIDATION,920229,student_t_v2.2,0.85,True,True,True,False,SMALL_EFFECT_HUGE_RAW_N
POLICY_VALIDATION-TOP_K-920230,TOP_K,SUPPORTED,0.075,500,54,2,10,1,0.9,0.9,0.1,3,0.08,1,0.01,POLICY_VALIDATION,920230,student_t_v2.3,0.9,True,False,True,False,LARGE_EFFECT_SMALL_PANEL
POLICY_VALIDATION-TOP_K-920231,TOP_K,NULL,0.0,10000,144,2,10,1,0.9,0.9,0.1,3,0.08,1,0.01,POLICY_VALIDATION,920231,student_t_v2.1,0.95,True,True,True,False,EXTREME_FAMILY_IMBALANCE
POLICY_VALIDATION-TOP_K-920232,TOP_K,SUPPORTED,0.035,1000000,144,8,10,1,0.2,0.9,0.1,3,0.08,1,0.01,POLICY_VALIDATION,920232,student_t_v2.2,0.6,False,True,True,False,ONE_DOMINANT_FAMILY
POLICY_VALIDATION-TOP_K-920233,TOP_K,SUPPORTED,0.075,500,144,8,10,1,0.2,0.9,0.1,3,0.08,1,0.01,POLICY_VALIDATION,920233,student_t_v2.3,0.65,True,True,True,False,TRANSPORT_REVERSAL
POLICY_VALIDATION-TOP_K-920234,TOP_K,NULL,0.0,10000,18,8,10,1,0.6,0.0,0.1,3,0.08,1,0.01,POLICY_VALIDATION,920234,student_t_v2.1,0.7,True,True,False,False,BENCHMARK_SPECIFIC_REVERSAL
POLICY_VALIDATION-TOP_K-920235,TOP_K,SUPPORTED,0.035,1000000,18,8,2,1,0.6,0.0,0.25,3,0.08,1,0.01,POLICY_VALIDATION,920235,student_t_v2.2,0.75,True,False,True,False,VERY_HIGH_MULTIPLICITY
POLICY_VALIDATION-TOP_K-920236,TOP_K,SUPPORTED,0.075,500,18,8,2,1,0.9,0.0,0.25,3,0.12,1,0.01,POLICY_VALIDATION,920236,student_t_v2.3,0.8,False,True,True,False,NEARLY_TIED_TOP_K
POLICY_VALIDATION-TOP_K-920237,TOP_K,NULL,0.0,10000,54,8,2,1,0.9,0.0,0.25,3,0.12,12,0.01,POLICY_VALIDATION,920237,student_t_v2.1,0.85,True,True,True,False,HIGH_RAW_LOW_EFFECTIVE_N
POLICY_VALIDATION-TOP_K-920238,TOP_K,SUPPORTED,0.035,1000000,54,8,2,1,0.2,0.0,0.25,3,0.12,12,0.01,POLICY_VALIDATION,920238,student_t_v2.2,0.9,True,True,True,False,SMALL_EFFECT_HUGE_RAW_N
POLICY_VALIDATION-TOP_K-920239,TOP_K,SUPPORTED,0.075,500,54,24,2,3,0.2,0.0,0.25,3,0.12,12,0.01,POLICY_VALIDATION,920239,student_t_v2.3,0.95,True,True,True,False,LARGE_EFFECT_SMALL_PANEL
POLICY_VALIDATION-THRESHOLD_PASS-920240,THRESHOLD_PASS,NULL,0.0,1000000,144,24,4,1,0.9,0.0,0.03,1,0.08,40,0.01,POLICY_VALIDATION,920240,student_t_v2.1,0.6,False,False,False,False,HIGH_RAW_LOW_EFFECTIVE_N
POLICY_VALIDATION-THRESHOLD_PASS-920241,THRESHOLD_PASS,SUPPORTED,0.035,500,144,24,4,1,0.9,0.0,0.03,1,0.08,40,0.01,POLICY_VALIDATION,920241,student_t_v2.2,0.65,True,True,True,False,SMALL_EFFECT_HUGE_RAW_N
POLICY_VALIDATION-THRESHOLD_PASS-920242,THRESHOLD_PASS,SUPPORTED,0.075,10000,144,24,4,1,0.2,0.0,0.03,1,0.08,40,0.01,POLICY_VALIDATION,920242,student_t_v2.3,0.7,True,True,True,False,LARGE_EFFECT_SMALL_PANEL
POLICY_VALIDATION-THRESHOLD_PASS-920243,THRESHOLD_PASS,NULL,0.0,1000000,18,24,4,1,0.2,0.0,0.03,1,0.08,40,0.01,POLICY_VALIDATION,920243,student_t_v2.1,0.75,True,True,True,False,EXTREME_FAMILY_IMBALANCE
POLICY_VALIDATION-THRESHOLD_PASS-920244,THRESHOLD_PASS,SUPPORTED,0.035,500,18,24,4,1,0.6,0.0,0.03,1,0.08,40,0.01,POLICY_VALIDATION,920244,student_t_v2.2,0.8,False,True,True,False,ONE_DOMINANT_FAMILY
POLICY_VALIDATION-THRESHOLD_PASS-920245,THRESHOLD_PASS,SUPPORTED,0.075,10000,18,24,6,1,0.6,0.0,0.03,1,0.08,40,0.01,POLICY_VALIDATION,920245,student_t_v2.3,0.85,True,False,True,False,TRANSPORT_REVERSAL
POLICY_VALIDATION-THRESHOLD_PASS-920246,THRESHOLD_PASS,NULL,0.0,1000000,54,24,6,1,0.9,0.0,0.03,1,0.08,40,0.01,POLICY_VALIDATION,920246,student_t_v2.1,0.9,True,True,False,False,BENCHMARK_SPECIFIC_REVERSAL
POLICY_VALIDATION-THRESHOLD_PASS-920247,THRESHOLD_PASS,SUPPORTED,0.035,500,54,60,6,1,0.9,0.0,0.03,1,0.08,40,0.01,POLICY_VALIDATION,920247,student_t_v2.2,0.95,True,True,True,False,VERY_HIGH_MULTIPLICITY
POLICY_VALIDATION-THRESHOLD_PASS-920248,THRESHOLD_PASS,SUPPORTED,0.075,10000,54,60,6,1,0.2,0.0,0.03,1,0.08,40,0.01,POLICY_VALIDATION,920248,student_t_v2.3,0.6,False,True,True,False,NEARLY_TIED_TOP_K
POLICY_VALIDATION-THRESHOLD_PASS-920249,THRESHOLD_PASS,NULL,0.0,1000000,144,60,6,1,0.2,0.0,0.03,1,0.08,40,0.01,POLICY_VALIDATION,920249,student_t_v2.1,0.65,True,True,True,False,HIGH_RAW_LOW_EFFECTIVE_N
POLICY_VALIDATION-THRESHOLD_PASS-920250,THRESHOLD_PASS,SUPPORTED,0.035,500,144,60,10,1,0.6,0.0,0.03,1,0.08,40,0.01,POLICY_VALIDATION,920250,student_t_v2.2,0.7,True,False,True,False,SMALL_EFFECT_HUGE_RAW_N
POLICY_VALIDATION-THRESHOLD_PASS-920251,THRESHOLD_PASS,SUPPORTED,0.075,10000,144,60,10,1,0.6,0.0,0.03,3,0.08,40,0.01,POLICY_VALIDATION,920251,student_t_v2.3,0.75,True,True,True,False,LARGE_EFFECT_SMALL_PANEL
POLICY_VALIDATION-THRESHOLD_PASS-920252,THRESHOLD_PASS,NULL,0.0,1000000,18,60,10,1,0.9,0.0,0.03,3,0.08,40,0.01,POLICY_VALIDATION,920252,student_t_v2.1,0.8,False,True,False,False,EXTREME_FAMILY_IMBALANCE
POLICY_VALIDATION-THRESHOLD_PASS-920253,THRESHOLD_PASS,SUPPORTED,0.035,500,18,60,10,1,0.9,0.0,0.03,3,0.08,1,0.01,POLICY_VALIDATION,920253,student_t_v2.2,0.85,True,True,True,False,ONE_DOMINANT_FAMILY
POLICY_VALIDATION-THRESHOLD_PASS-920254,THRESHOLD_PASS,SUPPORTED,0.075,10000,18,2,10,1,0.2,0.0,0.03,3,0.08,1,0.01,POLICY_VALIDATION,920254,student_t_v2.3,0.9,True,True,True,False,TRANSPORT_REVERSAL
POLICY_VALIDATION-THRESHOLD_PASS-920255,THRESHOLD_PASS,NULL,0.0,1000000,54,2,2,1,0.2,0.0,0.03,3,0.08,1,0.01,POLICY_VALIDATION,920255,student_t_v2.1,0.95,True,False,True,False,BENCHMARK_SPECIFIC_REVERSAL
POLICY_VALIDATION-THRESHOLD_PASS-920256,THRESHOLD_PASS,SUPPORTED,0.035,500,54,2,2,1,0.6,0.0,0.03,3,0.08,1,0.01,POLICY_VALIDATION,920256,student_t_v2.2,0.6,False,True,True,False,VERY_HIGH_MULTIPLICITY
POLICY_VALIDATION-THRESHOLD_PASS-920257,THRESHOLD_PASS,SUPPORTED,0.075,10000,54,2,2,3,0.6,0.0,0.03,3,0.08,1,0.01,POLICY_VALIDATION,920257,student_t_v2.3,0.65,True,True,True,False,NEARLY_TIED_TOP_K
POLICY_VALIDATION-THRESHOLD_PASS-920258,THRESHOLD_PASS,NULL,0.0,1000000,144,2,2,3,0.9,0.0,0.03,3,0.08,1,0.01,POLICY_VALIDATION,920258,student_t_v2.1,0.7,True,True,False,False,HIGH_RAW_LOW_EFFECTIVE_N
POLICY_VALIDATION-THRESHOLD_PASS-920259,THRESHOLD_PASS,SUPPORTED,0.035,500,144,2,2,3,0.9,0.5,0.03,3,0.08,1,0.01,POLICY_VALIDATION,920259,student_t_v2.2,0.75,True,True,True,False,SMALL_EFFECT_HUGE_RAW_N
POLICY_VALIDATION-THRESHOLD_PASS-920260,THRESHOLD_PASS,SUPPORTED,0.075,10000,144,2,4,3,0.2,0.5,0.03,3,0.08,1,0.01,POLICY_VALIDATION,920260,student_t_v2.3,0.8,False,False,True,False,LARGE_EFFECT_SMALL_PANEL
POLICY_VALIDATION-THRESHOLD_PASS-920261,THRESHOLD_PASS,NULL,0.0,1000000,18,8,4,3,0.2,0.5,0.03,3,0.08,1,0.01,POLICY_VALIDATION,920261,student_t_v2.1,0.85,True,True,True,False,EXTREME_FAMILY_IMBALANCE
POLICY_VALIDATION-THRESHOLD_PASS-920262,THRESHOLD_PASS,SUPPORTED,0.035,500,18,8,4,3,0.6,0.5,0.03,5,0.08,1,0.01,POLICY_VALIDATION,920262,student_t_v2.2,0.9,True,True,True,False,ONE_DOMINANT_FAMILY
POLICY_VALIDATION-THRESHOLD_PASS-920263,THRESHOLD_PASS,SUPPORTED,0.075,10000,18,8,4,3,0.6,0.5,0.1,5,0.08,1,0.01,POLICY_VALIDATION,920263,student_t_v2.3,0.95,True,True,True,False,TRANSPORT_REVERSAL
POLICY_VALIDATION-THRESHOLD_PASS-920264,THRESHOLD_PASS,NULL,0.0,1000000,54,8,4,3,0.9,0.5,0.1,5,0.08,1,0.01,POLICY_VALIDATION,920264,student_t_v2.1,0.6,False,True,False,False,BENCHMARK_SPECIFIC_REVERSAL
POLICY_VALIDATION-THRESHOLD_PASS-920265,THRESHOLD_PASS,SUPPORTED,0.035,500,54,8,6,3,0.9,0.5,0.1,5,0.08,1,0.01,POLICY_VALIDATION,920265,student_t_v2.2,0.65,True,False,True,False,VERY_HIGH_MULTIPLICITY
POLICY_VALIDATION-THRESHOLD_PASS-920266,THRESHOLD_PASS,SUPPORTED,0.075,10000,54,8,6,3,0.2,0.5,0.1,5,0.08,12,0.01,POLICY_VALIDATION,920266,student_t_v2.3,0.7,True,True,True,False,NEARLY_TIED_TOP_K
POLICY_VALIDATION-THRESHOLD_PASS-920267,THRESHOLD_PASS,NULL,0.0,1000000,144,8,6,3,0.2,0.5,0.1,5,0.08,12,0.01,POLICY_VALIDATION,920267,student_t_v2.1,0.75,True,True,True,False,HIGH_RAW_LOW_EFFECTIVE_N
POLICY_VALIDATION-THRESHOLD_PASS-920268,THRESHOLD_PASS,SUPPORTED,0.035,500,144,24,6,3,0.6,0.5,0.1,5,0.08,12,0.01,POLICY_VALIDATION,920268,student_t_v2.2,0.8,False,True,True,False,SMALL_EFFECT_HUGE_RAW_N
POLICY_VALIDATION-THRESHOLD_PASS-920269,THRESHOLD_PASS,SUPPORTED,0.075,10000,144,24,6,3,0.6,0.5,0.1,5,0.12,12,0.01,POLICY_VALIDATION,920269,student_t_v2.3,0.85,True,True,True,False,LARGE_EFFECT_SMALL_PANEL
POLICY_VALIDATION-THRESHOLD_PASS-920270,THRESHOLD_PASS,NULL,0.0,1000000,18,24,10,3,0.9,0.5,0.1,5,0.12,12,0.01,POLICY_VALIDATION,920270,student_t_v2.1,0.9,True,False,False,False,EXTREME_FAMILY_IMBALANCE
POLICY_VALIDATION-THRESHOLD_PASS-920271,THRESHOLD_PASS,SUPPORTED,0.035,500,18,24,10,3,0.9,0.5,0.1,5,0.12,12,0.01,POLICY_VALIDATION,920271,student_t_v2.2,0.95,True,True,True,False,ONE_DOMINANT_FAMILY
POLICY_VALIDATION-THRESHOLD_PASS-920272,THRESHOLD_PASS,SUPPORTED,0.075,10000,18,24,10,3,0.2,0.5,0.1,5,0.12,12,0.01,POLICY_VALIDATION,920272,student_t_v2.3,0.6,False,True,True,False,TRANSPORT_REVERSAL
POLICY_VALIDATION-THRESHOLD_PASS-920273,THRESHOLD_PASS,NULL,0.0,1000000,54,24,10,3,0.2,0.5,0.1,1,0.12,12,0.01,POLICY_VALIDATION,920273,student_t_v2.1,0.65,True,True,True,False,BENCHMARK_SPECIFIC_REVERSAL
POLICY_VALIDATION-THRESHOLD_PASS-920274,THRESHOLD_PASS,SUPPORTED,0.035,500,54,24,10,8,0.6,0.5,0.1,1,0.12,12,0.01,POLICY_VALIDATION,920274,student_t_v2.2,0.7,True,True,True,False,VERY_HIGH_MULTIPLICITY
POLICY_VALIDATION-THRESHOLD_PASS-920275,THRESHOLD_PASS,SUPPORTED,0.075,10000,54,60,2,8,0.6,0.5,0.1,1,0.12,12,0.01,POLICY_VALIDATION,920275,student_t_v2.3,0.75,True,False,True,False,NEARLY_TIED_TOP_K
POLICY_VALIDATION-THRESHOLD_PASS-920276,THRESHOLD_PASS,NULL,0.0,1000000,144,60,2,8,0.9,0.5,0.1,1,0.12,12,0.01,POLICY_VALIDATION,920276,student_t_v2.1,0.8,False,True,False,False,HIGH_RAW_LOW_EFFECTIVE_N
POLICY_VALIDATION-THRESHOLD_PASS-920277,THRESHOLD_PASS,SUPPORTED,0.035,500,144,60,2,8,0.9,0.5,0.1,1,0.12,12,0.01,POLICY_VALIDATION,920277,student_t_v2.2,0.85,True,True,True,False,SMALL_EFFECT_HUGE_RAW_N
POLICY_VALIDATION-THRESHOLD_PASS-920278,THRESHOLD_PASS,SUPPORTED,0.075,10000,144,60,2,8,0.2,0.9,0.1,1,0.12,12,0.01,POLICY_VALIDATION,920278,student_t_v2.3,0.9,True,True,True,False,LARGE_EFFECT_SMALL_PANEL
POLICY_VALIDATION-THRESHOLD_PASS-920279,THRESHOLD_PASS,NULL,0.0,1000000,18,60,2,8,0.2,0.9,0.1,1,0.12,40,0.01,POLICY_VALIDATION,920279,student_t_v2.1,0.95,True,True,True,False,EXTREME_FAMILY_IMBALANCE
POLICY_VALIDATION-THRESHOLD_PASS-920280,THRESHOLD_PASS,SUPPORTED,0.035,500,18,60,4,8,0.6,0.9,0.1,1,0.12,40,0.01,POLICY_VALIDATION,920280,student_t_v2.2,0.6,False,False,True,False,ONE_DOMINANT_FAMILY
POLICY_VALIDATION-THRESHOLD_PASS-920281,THRESHOLD_PASS,SUPPORTED,0.075,10000,18,60,4,8,0.6,0.9,0.1,1,0.12,40,0.01,POLICY_VALIDATION,920281,student_t_v2.3,0.65,True,True,True,False,TRANSPORT_REVERSAL
POLICY_VALIDATION-THRESHOLD_PASS-920282,THRESHOLD_PASS,NULL,0.0,1000000,54,2,4,8,0.9,0.9,0.1,1,0.12,40,0.01,POLICY_VALIDATION,920282,student_t_v2.1,0.7,True,True,False,False,BENCHMARK_SPECIFIC_REVERSAL
POLICY_VALIDATION-THRESHOLD_PASS-920283,THRESHOLD_PASS,SUPPORTED,0.035,500,54,2,4,8,0.9,0.9,0.1,1,0.12,40,0.01,POLICY_VALIDATION,920283,student_t_v2.2,0.75,True,True,True,False,VERY_HIGH_MULTIPLICITY
POLICY_VALIDATION-THRESHOLD_PASS-920284,THRESHOLD_PASS,SUPPORTED,0.075,10000,54,2,4,8,0.2,0.9,0.1,3,0.12,40,0.01,POLICY_VALIDATION,920284,student_t_v2.3,0.8,False,True,True,False,NEARLY_TIED_TOP_K
POLICY_VALIDATION-THRESHOLD_PASS-920285,THRESHOLD_PASS,NULL,0.0,1000000,144,2,6,8,0.2,0.9,0.1,3,0.12,40,0.01,POLICY_VALIDATION,920285,student_t_v2.1,0.85,True,False,True,False,HIGH_RAW_LOW_EFFECTIVE_N
POLICY_VALIDATION-THRESHOLD_PASS-920286,THRESHOLD_PASS,SUPPORTED,0.035,500,144,2,6,8,0.6,0.9,0.25,3,0.12,40,0.01,POLICY_VALIDATION,920286,student_t_v2.2,0.9,True,True,True,False,SMALL_EFFECT_HUGE_RAW_N
POLICY_VALIDATION-THRESHOLD_PASS-920287,THRESHOLD_PASS,SUPPORTED,0.075,10000,144,2,6,8,0.6,0.9,0.25,3,0.12,40,0.01,POLICY_VALIDATION,920287,student_t_v2.3,0.95,True,True,True,False,LARGE_EFFECT_SMALL_PANEL
POLICY_VALIDATION-THRESHOLD_PASS-920288,THRESHOLD_PASS,NULL,0.0,1000000,18,2,6,8,0.9,0.9,0.25,3,0.12,40,0.01,POLICY_VALIDATION,920288,student_t_v2.1,0.6,False,True,False,False,EXTREME_FAMILY_IMBALANCE
POLICY_VALIDATION-THRESHOLD_PASS-920289,THRESHOLD_PASS,SUPPORTED,0.035,500,18,8,6,8,0.9,0.9,0.25,3,0.12,40,0.01,POLICY_VALIDATION,920289,student_t_v2.2,0.65,True,True,True,False,ONE_DOMINANT_FAMILY
POLICY_VALIDATION-THRESHOLD_PASS-920290,THRESHOLD_PASS,SUPPORTED,0.075,10000,18,8,10,8,0.2,0.9,0.25,3,0.12,40,0.01,POLICY_VALIDATION,920290,student_t_v2.3,0.7,True,False,True,False,TRANSPORT_REVERSAL
POLICY_VALIDATION-THRESHOLD_PASS-920291,THRESHOLD_PASS,NULL,0.0,1000000,54,8,10,1,0.2,0.9,0.25,3,0.12,40,0.01,POLICY_VALIDATION,920291,student_t_v2.1,0.75,True,True,True,False,BENCHMARK_SPECIFIC_REVERSAL
POLICY_VALIDATION-THRESHOLD_PASS-920292,THRESHOLD_PASS,SUPPORTED,0.035,500,54,8,10,1,0.6,0.9,0.25,3,0.12,1,0.01,POLICY_VALIDATION,920292,student_t_v2.2,0.8,False,True,True,False,VERY_HIGH_MULTIPLICITY
POLICY_VALIDATION-THRESHOLD_PASS-920293,THRESHOLD_PASS,SUPPORTED,0.075,10000,54,8,10,1,0.6,0.9,0.25,3,0.12,1,0.01,POLICY_VALIDATION,920293,student_t_v2.3,0.85,True,True,True,False,NEARLY_TIED_TOP_K
POLICY_VALIDATION-THRESHOLD_PASS-920294,THRESHOLD_PASS,NULL,0.0,1000000,144,8,10,1,0.9,0.9,0.25,3,0.12,1,0.01,POLICY_VALIDATION,920294,student_t_v2.1,0.9,True,True,False,False,HIGH_RAW_LOW_EFFECTIVE_N
POLICY_VALIDATION-THRESHOLD_PASS-920295,THRESHOLD_PASS,SUPPORTED,0.035,500,144,8,2,1,0.9,0.9,0.25,5,0.12,1,0.01,POLICY_VALIDATION,920295,student_t_v2.2,0.95,True,False,True,False,SMALL_EFFECT_HUGE_RAW_N
POLICY_VALIDATION-THRESHOLD_PASS-920296,THRESHOLD_PASS,SUPPORTED,0.075,10000,144,24,2,1,0.2,0.9,0.25,5,0.12,1,0.01,POLICY_VALIDATION,920296,student_t_v2.3,0.6,False,True,True,False,LARGE_EFFECT_SMALL_PANEL
POLICY_VALIDATION-THRESHOLD_PASS-920297,THRESHOLD_PASS,NULL,0.0,1000000,18,24,2,1,0.2,0.0,0.25,5,0.12,1,0.01,POLICY_VALIDATION,920297,student_t_v2.1,0.65,True,True,True,False,EXTREME_FAMILY_IMBALANCE
POLICY_VALIDATION-THRESHOLD_PASS-920298,THRESHOLD_PASS,SUPPORTED,0.035,500,18,24,2,1,0.6,0.0,0.25,5,0.18,1,0.01,POLICY_VALIDATION,920298,student_t_v2.2,0.7,True,True,True,False,ONE_DOMINANT_FAMILY
POLICY_VALIDATION-THRESHOLD_PASS-920299,THRESHOLD_PASS,SUPPORTED,0.075,10000,18,24,2,1,0.6,0.0,0.25,5,0.18,1,0.01,POLICY_VALIDATION,920299,student_t_v2.3,0.75,True,True,True,False,TRANSPORT_REVERSAL
POLICY_VALIDATION-THRESHOLD_PASS-920300,THRESHOLD_PASS,NULL,0.0,1000000,54,24,4,1,0.9,0.0,0.25,5,0.18,1,0.01,POLICY_VALIDATION,920300,student_t_v2.1,0.8,False,False,False,False,BENCHMARK_SPECIFIC_REVERSAL
POLICY_VALIDATION-THRESHOLD_PASS-920301,THRESHOLD_PASS,SUPPORTED,0.035,500,54,24,4,1,0.9,0.0,0.25,5,0.18,1,0.01,POLICY_VALIDATION,920301,student_t_v2.2,0.85,True,True,True,False,VERY_HIGH_MULTIPLICITY
POLICY_VALIDATION-THRESHOLD_PASS-920302,THRESHOLD_PASS,SUPPORTED,0.075,10000,54,24,4,1,0.2,0.0,0.25,5,0.18,1,0.01,POLICY_VALIDATION,920302,student_t_v2.3,0.9,True,True,True,False,NEARLY_TIED_TOP_K
POLICY_VALIDATION-THRESHOLD_PASS-920303,THRESHOLD_PASS,NULL,0.0,1000000,144,60,4,1,0.2,0.0,0.25,5,0.18,1,0.01,POLICY_VALIDATION,920303,student_t_v2.1,0.95,True,True,True,False,HIGH_RAW_LOW_EFFECTIVE_N
POLICY_VALIDATION-THRESHOLD_PASS-920304,THRESHOLD_PASS,SUPPORTED,0.035,500,144,60,4,1,0.6,0.0,0.25,5,0.18,1,0.01,POLICY_VALIDATION,920304,student_t_v2.2,0.6,False,True,True,False,SMALL_EFFECT_HUGE_RAW_N
POLICY_VALIDATION-THRESHOLD_PASS-920305,THRESHOLD_PASS,SUPPORTED,0.075,10000,144,60,6,1,0.6,0.0,0.25,5,0.18,12,0.01,POLICY_VALIDATION,920305,student_t_v2.3,0.65,True,False,True,False,LARGE_EFFECT_SMALL_PANEL
POLICY_VALIDATION-THRESHOLD_PASS-920306,THRESHOLD_PASS,NULL,0.0,1000000,18,60,6,1,0.9,0.0,0.25,1,0.18,12,0.01,POLICY_VALIDATION,920306,student_t_v2.1,0.7,True,True,False,False,EXTREME_FAMILY_IMBALANCE
POLICY_VALIDATION-THRESHOLD_PASS-920307,THRESHOLD_PASS,SUPPORTED,0.035,500,18,60,6,1,0.9,0.0,0.25,1,0.18,12,0.01,POLICY_VALIDATION,920307,student_t_v2.2,0.75,True,True,True,False,ONE_DOMINANT_FAMILY
POLICY_VALIDATION-THRESHOLD_PASS-920308,THRESHOLD_PASS,SUPPORTED,0.075,10000,18,60,6,3,0.2,0.0,0.25,1,0.18,12,0.01,POLICY_VALIDATION,920308,student_t_v2.3,0.8,False,True,True,False,TRANSPORT_REVERSAL
POLICY_VALIDATION-THRESHOLD_PASS-920309,THRESHOLD_PASS,NULL,0.0,1000000,54,60,6,3,0.2,0.0,0.03,1,0.18,12,0.01,POLICY_VALIDATION,920309,student_t_v2.1,0.85,True,True,True,False,BENCHMARK_SPECIFIC_REVERSAL
POLICY_VALIDATION-THRESHOLD_PASS-920310,THRESHOLD_PASS,SUPPORTED,0.035,500,54,2,10,3,0.6,0.0,0.03,1,0.18,12,0.01,POLICY_VALIDATION,920310,student_t_v2.2,0.9,True,False,True,False,VERY_HIGH_MULTIPLICITY
POLICY_VALIDATION-THRESHOLD_PASS-920311,THRESHOLD_PASS,SUPPORTED,0.075,10000,54,2,10,3,0.6,0.0,0.03,1,0.18,12,0.01,POLICY_VALIDATION,920311,student_t_v2.3,0.95,True,True,True,False,NEARLY_TIED_TOP_K
POLICY_VALIDATION-THRESHOLD_PASS-920312,THRESHOLD_PASS,NULL,0.0,1000000,144,2,10,3,0.9,0.0,0.03,1,0.18,12,0.01,POLICY_VALIDATION,920312,student_t_v2.1,0.6,False,True,False,False,HIGH_RAW_LOW_EFFECTIVE_N
POLICY_VALIDATION-THRESHOLD_PASS-920313,THRESHOLD_PASS,SUPPORTED,0.035,500,144,2,10,3,0.9,0.0,0.03,1,0.18,12,0.01,POLICY_VALIDATION,920313,student_t_v2.2,0.65,True,True,True,False,SMALL_EFFECT_HUGE_RAW_N
POLICY_VALIDATION-THRESHOLD_PASS-920314,THRESHOLD_PASS,SUPPORTED,0.075,10000,144,2,10,3,0.2,0.0,0.03,1,0.18,12,0.01,POLICY_VALIDATION,920314,student_t_v2.3,0.7,True,True,True,False,LARGE_EFFECT_SMALL_PANEL
POLICY_VALIDATION-THRESHOLD_PASS-920315,THRESHOLD_PASS,NULL,0.0,1000000,18,2,2,3,0.2,0.0,0.03,1,0.18,12,0.01,POLICY_VALIDATION,920315,student_t_v2.1,0.75,True,False,True,False,EXTREME_FAMILY_IMBALANCE
POLICY_VALIDATION-THRESHOLD_PASS-920316,THRESHOLD_PASS,SUPPORTED,0.035,500,18,2,2,3,0.6,0.5,0.03,1,0.18,12,0.01,POLICY_VALIDATION,920316,student_t_v2.2,0.8,False,True,True,False,ONE_DOMINANT_FAMILY
POLICY_VALIDATION-THRESHOLD_PASS-920317,THRESHOLD_PASS,SUPPORTED,0.075,10000,18,8,2,3,0.6,0.5,0.03,3,0.18,12,0.01,POLICY_VALIDATION,920317,student_t_v2.3,0.85,True,True,True,False,TRANSPORT_REVERSAL
POLICY_VALIDATION-THRESHOLD_PASS-920318,THRESHOLD_PASS,NULL,0.0,1000000,54,8,2,3,0.9,0.5,0.03,3,0.18,40,0.01,POLICY_VALIDATION,920318,student_t_v2.1,0.9,True,True,False,False,BENCHMARK_SPECIFIC_REVERSAL
POLICY_VALIDATION-THRESHOLD_PASS-920319,THRESHOLD_PASS,SUPPORTED,0.035,500,54,8,2,3,0.9,0.5,0.03,3,0.18,40,0.01,POLICY_VALIDATION,920319,student_t_v2.2,0.95,True,True,True,False,VERY_HIGH_MULTIPLICITY
POLICY_VALIDATION-THRESHOLD_PASS-920320,THRESHOLD_PASS,SUPPORTED,0.075,10000,54,8,4,3,0.2,0.5,0.03,3,0.18,40,0.01,POLICY_VALIDATION,920320,student_t_v2.3,0.6,False,False,True,False,NEARLY_TIED_TOP_K
POLICY_VALIDATION-THRESHOLD_PASS-920321,THRESHOLD_PASS,NULL,0.0,1000000,144,8,4,3,0.2,0.5,0.03,3,0.18,40,0.01,POLICY_VALIDATION,920321,student_t_v2.1,0.65,True,True,True,False,HIGH_RAW_LOW_EFFECTIVE_N
POLICY_VALIDATION-THRESHOLD_PASS-920322,THRESHOLD_PASS,SUPPORTED,0.035,500,144,8,4,3,0.6,0.5,0.03,3,0.18,40,0.01,POLICY_VALIDATION,920322,student_t_v2.2,0.7,True,True,True,False,SMALL_EFFECT_HUGE_RAW_N
POLICY_VALIDATION-THRESHOLD_PASS-920323,THRESHOLD_PASS,SUPPORTED,0.075,10000,144,8,4,3,0.6,0.5,0.03,3,0.18,40,0.01,POLICY_VALIDATION,920323,student_t_v2.3,0.75,True,True,True,False,LARGE_EFFECT_SMALL_PANEL
POLICY_VALIDATION-THRESHOLD_PASS-920324,THRESHOLD_PASS,NULL,0.0,1000000,18,24,4,3,0.9,0.5,0.03,3,0.18,40,0.01,POLICY_VALIDATION,920324,student_t_v2.1,0.8,False,True,False,False,EXTREME_FAMILY_IMBALANCE
POLICY_VALIDATION-THRESHOLD_PASS-920325,THRESHOLD_PASS,SUPPORTED,0.035,500,18,24,6,8,0.9,0.5,0.03,3,0.18,40,0.01,POLICY_VALIDATION,920325,student_t_v2.2,0.85,True,False,True,False,ONE_DOMINANT_FAMILY
POLICY_VALIDATION-THRESHOLD_PASS-920326,THRESHOLD_PASS,SUPPORTED,0.075,10000,18,24,6,8,0.2,0.5,0.03,3,0.18,40,0.01,POLICY_VALIDATION,920326,student_t_v2.3,0.9,True,True,True,False,TRANSPORT_REVERSAL
POLICY_VALIDATION-THRESHOLD_PASS-920327,THRESHOLD_PASS,NULL,0.0,1000000,54,24,6,8,0.2,0.5,0.03,3,0.08,40,0.01,POLICY_VALIDATION,920327,student_t_v2.1,0.95,True,True,True,False,BENCHMARK_SPECIFIC_REVERSAL
POLICY_VALIDATION-THRESHOLD_PASS-920328,THRESHOLD_PASS,SUPPORTED,0.035,500,54,24,6,8,0.6,0.5,0.03,5,0.08,40,0.01,POLICY_VALIDATION,920328,student_t_v2.2,0.6,False,True,True,False,VERY_HIGH_MULTIPLICITY
POLICY_VALIDATION-THRESHOLD_PASS-920329,THRESHOLD_PASS,SUPPORTED,0.075,10000,54,24,6,8,0.6,0.5,0.03,5,0.08,40,0.01,POLICY_VALIDATION,920329,student_t_v2.3,0.65,True,True,True,False,NEARLY_TIED_TOP_K
POLICY_VALIDATION-THRESHOLD_PASS-920330,THRESHOLD_PASS,NULL,0.0,1000000,144,24,10,8,0.9,0.5,0.03,5,0.08,40,0.01,POLICY_VALIDATION,920330,student_t_v2.1,0.7,True,False,False,False,HIGH_RAW_LOW_EFFECTIVE_N
POLICY_VALIDATION-THRESHOLD_PASS-920331,THRESHOLD_PASS,SUPPORTED,0.035,500,144,60,10,8,0.9,0.5,0.03,5,0.08,1,0.01,POLICY_VALIDATION,920331,student_t_v2.2,0.75,True,True,True,False,SMALL_EFFECT_HUGE_RAW_N
POLICY_VALIDATION-THRESHOLD_PASS-920332,THRESHOLD_PASS,SUPPORTED,0.075,10000,144,60,10,8,0.2,0.5,0.1,5,0.08,1,0.01,POLICY_VALIDATION,920332,student_t_v2.3,0.8,False,True,True,False,LARGE_EFFECT_SMALL_PANEL
POLICY_VALIDATION-THRESHOLD_PASS-920333,THRESHOLD_PASS,NULL,0.0,1000000,18,60,10,8,0.2,0.5,0.1,5,0.08,1,0.01,POLICY_VALIDATION,920333,student_t_v2.1,0.85,True,True,True,False,EXTREME_FAMILY_IMBALANCE
POLICY_VALIDATION-THRESHOLD_PASS-920334,THRESHOLD_PASS,SUPPORTED,0.035,500,18,60,10,8,0.6,0.5,0.1,5,0.08,1,0.01,POLICY_VALIDATION,920334,student_t_v2.2,0.9,True,True,True,False,ONE_DOMINANT_FAMILY
POLICY_VALIDATION-THRESHOLD_PASS-920335,THRESHOLD_PASS,SUPPORTED,0.075,10000,18,60,2,8,0.6,0.9,0.1,5,0.08,1,0.01,POLICY_VALIDATION,920335,student_t_v2.3,0.95,True,False,True,False,TRANSPORT_REVERSAL
POLICY_VALIDATION-THRESHOLD_PASS-920336,THRESHOLD_PASS,NULL,0.0,1000000,54,60,2,8,0.9,0.9,0.1,5,0.08,1,0.01,POLICY_VALIDATION,920336,student_t_v2.1,0.6,False,True,False,False,BENCHMARK_SPECIFIC_REVERSAL
POLICY_VALIDATION-THRESHOLD_PASS-920337,THRESHOLD_PASS,SUPPORTED,0.035,500,54,60,2,8,0.9,0.9,0.1,5,0.08,1,0.01,POLICY_VALIDATION,920337,student_t_v2.2,0.65,True,True,True,False,VERY_HIGH_MULTIPLICITY
POLICY_VALIDATION-THRESHOLD_PASS-920338,THRESHOLD_PASS,SUPPORTED,0.075,10000,54,2,2,8,0.2,0.9,0.1,5,0.08,1,0.01,POLICY_VALIDATION,920338,student_t_v2.3,0.7,True,True,True,False,NEARLY_TIED_TOP_K
POLICY_VALIDATION-THRESHOLD_PASS-920339,THRESHOLD_PASS,NULL,0.0,1000000,144,2,2,8,0.2,0.9,0.1,1,0.08,1,0.01,POLICY_VALIDATION,920339,student_t_v2.1,0.75,True,True,True,False,HIGH_RAW_LOW_EFFECTIVE_N
POLICY_VALIDATION-THRESHOLD_PASS-920340,THRESHOLD_PASS,SUPPORTED,0.035,500,144,2,4,8,0.6,0.9,0.1,1,0.08,1,0.01,POLICY_VALIDATION,920340,student_t_v2.2,0.8,False,False,True,False,SMALL_EFFECT_HUGE_RAW_N
POLICY_VALIDATION-THRESHOLD_PASS-920341,THRESHOLD_PASS,SUPPORTED,0.075,10000,144,2,4,8,0.6,0.9,0.1,1,0.08,1,0.01,POLICY_VALIDATION,920341,student_t_v2.3,0.85,True,True,True,False,LARGE_EFFECT_SMALL_PANEL
POLICY_VALIDATION-THRESHOLD_PASS-920342,THRESHOLD_PASS,NULL,0.0,1000000,18,2,4,1,0.9,0.9,0.1,1,0.08,1,0.01,POLICY_VALIDATION,920342,student_t_v2.1,0.9,True,True,False,False,EXTREME_FAMILY_IMBALANCE
POLICY_VALIDATION-THRESHOLD_PASS-920343,THRESHOLD_PASS,SUPPORTED,0.035,500,18,2,4,1,0.9,0.9,0.1,1,0.08,1,0.01,POLICY_VALIDATION,920343,student_t_v2.2,0.95,True,True,True,False,ONE_DOMINANT_FAMILY
POLICY_VALIDATION-THRESHOLD_PASS-920344,THRESHOLD_PASS,SUPPORTED,0.075,10000,18,2,4,1,0.2,0.9,0.1,1,0.08,12,0.01,POLICY_VALIDATION,920344,student_t_v2.3,0.6,False,True,True,False,TRANSPORT_REVERSAL
POLICY_VALIDATION-THRESHOLD_PASS-920345,THRESHOLD_PASS,NULL,0.0,1000000,54,8,6,1,0.2,0.9,0.1,1,0.08,12,0.01,POLICY_VALIDATION,920345,student_t_v2.1,0.65,True,False,True,False,BENCHMARK_SPECIFIC_REVERSAL
POLICY_VALIDATION-THRESHOLD_PASS-920346,THRESHOLD_PASS,SUPPORTED,0.035,500,54,8,6,1,0.6,0.9,0.1,1,0.08,12,0.01,POLICY_VALIDATION,920346,student_t_v2.2,0.7,True,True,True,False,VERY_HIGH_MULTIPLICITY
POLICY_VALIDATION-THRESHOLD_PASS-920347,THRESHOLD_PASS,SUPPORTED,0.075,10000,54,8,6,1,0.6,0.9,0.1,1,0.08,12,0.01,POLICY_VALIDATION,920347,student_t_v2.3,0.75,True,True,True,False,NEARLY_TIED_TOP_K
POLICY_VALIDATION-THRESHOLD_PASS-920348,THRESHOLD_PASS,NULL,0.0,1000000,144,8,6,1,0.9,0.9,0.1,1,0.08,12,0.01,POLICY_VALIDATION,920348,student_t_v2.1,0.8,False,True,False,False,HIGH_RAW_LOW_EFFECTIVE_N
POLICY_VALIDATION-THRESHOLD_PASS-920349,THRESHOLD_PASS,SUPPORTED,0.035,500,144,8,6,1,0.9,0.9,0.1,1,0.08,12,0.01,POLICY_VALIDATION,920349,student_t_v2.2,0.85,True,True,True,False,SMALL_EFFECT_HUGE_RAW_N
POLICY_VALIDATION-THRESHOLD_PASS-920350,THRESHOLD_PASS,SUPPORTED,0.075,10000,144,8,10,1,0.2,0.9,0.1,3,0.08,12,0.01,POLICY_VALIDATION,920350,student_t_v2.3,0.9,True,False,True,False,LARGE_EFFECT_SMALL_PANEL
POLICY_VALIDATION-THRESHOLD_PASS-920351,THRESHOLD_PASS,NULL,0.0,1000000,18,8,10,1,0.2,0.9,0.1,3,0.08,12,0.01,POLICY_VALIDATION,920351,student_t_v2.1,0.95,True,True,True,False,EXTREME_FAMILY_IMBALANCE
POLICY_VALIDATION-THRESHOLD_PASS-920352,THRESHOLD_PASS,SUPPORTED,0.035,500,18,24,10,1,0.6,0.9,0.1,3,0.08,12,0.01,POLICY_VALIDATION,920352,student_t_v2.2,0.6,False,True,True,False,ONE_DOMINANT_FAMILY
POLICY_VALIDATION-THRESHOLD_PASS-920353,THRESHOLD_PASS,SUPPORTED,0.075,10000,18,24,10,1,0.6,0.9,0.1,3,0.08,12,0.01,POLICY_VALIDATION,920353,student_t_v2.3,0.65,True,True,True,False,TRANSPORT_REVERSAL
POLICY_VALIDATION-THRESHOLD_PASS-920354,THRESHOLD_PASS,NULL,0.0,1000000,54,24,10,1,0.9,0.0,0.1,3,0.08,12,0.01,POLICY_VALIDATION,920354,student_t_v2.1,0.7,True,True,False,False,BENCHMARK_SPECIFIC_REVERSAL
POLICY_VALIDATION-THRESHOLD_PASS-920355,THRESHOLD_PASS,SUPPORTED,0.035,500,54,24,2,1,0.9,0.0,0.25,3,0.08,12,0.01,POLICY_VALIDATION,920355,student_t_v2.2,0.75,True,False,True,False,VERY_HIGH_MULTIPLICITY
POLICY_VALIDATION-THRESHOLD_PASS-920356,THRESHOLD_PASS,SUPPORTED,0.075,10000,54,24,2,1,0.2,0.0,0.25,3,0.12,12,0.01,POLICY_VALIDATION,920356,student_t_v2.3,0.8,False,True,True,False,NEARLY_TIED_TOP_K
POLICY_VALIDATION-THRESHOLD_PASS-920357,THRESHOLD_PASS,NULL,0.0,1000000,144,24,2,1,0.2,0.0,0.25,3,0.12,40,0.01,POLICY_VALIDATION,920357,student_t_v2.1,0.85,True,True,True,False,HIGH_RAW_LOW_EFFECTIVE_N
POLICY_VALIDATION-THRESHOLD_PASS-920358,THRESHOLD_PASS,SUPPORTED,0.035,500,144,24,2,1,0.6,0.0,0.25,3,0.12,40,0.01,POLICY_VALIDATION,920358,student_t_v2.2,0.9,True,True,True,False,SMALL_EFFECT_HUGE_RAW_N
POLICY_VALIDATION-THRESHOLD_PASS-920359,THRESHOLD_PASS,SUPPORTED,0.075,10000,144,60,2,3,0.6,0.0,0.25,3,0.12,40,0.01,POLICY_VALIDATION,920359,student_t_v2.3,0.95,True,True,True,False,LARGE_EFFECT_SMALL_PANEL
POLICY_VALIDATION-ITEM_DIAGNOSTICS-920360,ITEM_DIAGNOSTICS,NULL,0.0,500,18,60,4,1,0.2,0.0,0.03,1,0.08,1,0.01,POLICY_VALIDATION,920360,student_t_v2.1,0.6,False,False,False,False,HIGH_RAW_LOW_EFFECTIVE_N
POLICY_VALIDATION-ITEM_DIAGNOSTICS-920361,ITEM_DIAGNOSTICS,SUPPORTED,0.035,10000,18,60,4,1,0.2,0.0,0.03,1,0.08,1,0.01,POLICY_VALIDATION,920361,student_t_v2.2,0.65,True,True,True,False,SMALL_EFFECT_HUGE_RAW_N
POLICY_VALIDATION-ITEM_DIAGNOSTICS-920362,ITEM_DIAGNOSTICS,SUPPORTED,0.075,1000000,18,60,4,1,0.6,0.0,0.03,1,0.08,1,0.01,POLICY_VALIDATION,920362,student_t_v2.3,0.7,True,True,True,False,LARGE_EFFECT_SMALL_PANEL
POLICY_VALIDATION-ITEM_DIAGNOSTICS-920363,ITEM_DIAGNOSTICS,NULL,0.0,500,54,60,4,1,0.6,0.0,0.03,1,0.08,1,0.01,POLICY_VALIDATION,920363,student_t_v2.1,0.75,True,True,True,False,EXTREME_FAMILY_IMBALANCE
POLICY_VALIDATION-ITEM_DIAGNOSTICS-920364,ITEM_DIAGNOSTICS,SUPPORTED,0.035,10000,54,60,4,1,0.9,0.0,0.03,1,0.08,1,0.01,POLICY_VALIDATION,920364,student_t_v2.2,0.8,False,True,True,False,ONE_DOMINANT_FAMILY
POLICY_VALIDATION-ITEM_DIAGNOSTICS-920365,ITEM_DIAGNOSTICS,SUPPORTED,0.075,1000000,54,60,6,1,0.9,0.0,0.03,1,0.08,1,0.01,POLICY_VALIDATION,920365,student_t_v2.3,0.85,True,False,True,False,TRANSPORT_REVERSAL
POLICY_VALIDATION-ITEM_DIAGNOSTICS-920366,ITEM_DIAGNOSTICS,NULL,0.0,500,144,60,6,1,0.2,0.0,0.03,1,0.08,1,0.01,POLICY_VALIDATION,920366,student_t_v2.1,0.9,True,True,False,False,BENCHMARK_SPECIFIC_REVERSAL
POLICY_VALIDATION-ITEM_DIAGNOSTICS-920367,ITEM_DIAGNOSTICS,SUPPORTED,0.035,10000,144,2,6,1,0.2,0.0,0.03,1,0.08,1,0.01,POLICY_VALIDATION,920367,student_t_v2.2,0.95,True,True,True,False,VERY_HIGH_MULTIPLICITY
POLICY_VALIDATION-ITEM_DIAGNOSTICS-920368,ITEM_DIAGNOSTICS,SUPPORTED,0.075,1000000,144,2,6,1,0.6,0.0,0.03,1,0.08,1,0.01,POLICY_VALIDATION,920368,student_t_v2.3,0.6,False,True,True,False,NEARLY_TIED_TOP_K
POLICY_VALIDATION-ITEM_DIAGNOSTICS-920369,ITEM_DIAGNOSTICS,NULL,0.0,500,18,2,6,1,0.6,0.0,0.03,1,0.08,1,0.01,POLICY_VALIDATION,920369,student_t_v2.1,0.65,True,True,True,False,HIGH_RAW_LOW_EFFECTIVE_N
POLICY_VALIDATION-ITEM_DIAGNOSTICS-920370,ITEM_DIAGNOSTICS,SUPPORTED,0.035,10000,18,2,10,1,0.9,0.0,0.03,1,0.08,1,0.01,POLICY_VALIDATION,920370,student_t_v2.2,0.7,True,False,True,False,SMALL_EFFECT_HUGE_RAW_N
POLICY_VALIDATION-ITEM_DIAGNOSTICS-920371,ITEM_DIAGNOSTICS,SUPPORTED,0.075,1000000,18,2,10,1,0.9,0.0,0.03,3,0.08,1,0.01,POLICY_VALIDATION,920371,student_t_v2.3,0.75,True,True,True,False,LARGE_EFFECT_SMALL_PANEL
POLICY_VALIDATION-ITEM_DIAGNOSTICS-920372,ITEM_DIAGNOSTICS,NULL,0.0,500,54,2,10,1,0.2,0.0,0.03,3,0.08,1,0.01,POLICY_VALIDATION,920372,student_t_v2.1,0.8,False,True,False,False,EXTREME_FAMILY_IMBALANCE
POLICY_VALIDATION-ITEM_DIAGNOSTICS-920373,ITEM_DIAGNOSTICS,SUPPORTED,0.035,10000,54,2,10,1,0.2,0.0,0.03,3,0.08,12,0.01,POLICY_VALIDATION,920373,student_t_v2.2,0.85,True,True,True,False,ONE_DOMINANT_FAMILY
POLICY_VALIDATION-ITEM_DIAGNOSTICS-920374,ITEM_DIAGNOSTICS,SUPPORTED,0.075,1000000,54,8,10,1,0.6,0.0,0.03,3,0.08,12,0.01,POLICY_VALIDATION,920374,student_t_v2.3,0.9,True,True,True,False,TRANSPORT_REVERSAL
POLICY_VALIDATION-ITEM_DIAGNOSTICS-920375,ITEM_DIAGNOSTICS,NULL,0.0,500,144,8,2,1,0.6,0.0,0.03,3,0.08,12,0.01,POLICY_VALIDATION,920375,student_t_v2.1,0.95,True,False,True,False,BENCHMARK_SPECIFIC_REVERSAL
POLICY_VALIDATION-ITEM_DIAGNOSTICS-920376,ITEM_DIAGNOSTICS,SUPPORTED,0.035,10000,144,8,2,1,0.9,0.0,0.03,3,0.08,12,0.01,POLICY_VALIDATION,920376,student_t_v2.2,0.6,False,True,True,False,VERY_HIGH_MULTIPLICITY
POLICY_VALIDATION-ITEM_DIAGNOSTICS-920377,ITEM_DIAGNOSTICS,SUPPORTED,0.075,1000000,144,8,2,3,0.9,0.0,0.03,3,0.08,12,0.01,POLICY_VALIDATION,920377,student_t_v2.3,0.65,True,True,True,False,NEARLY_TIED_TOP_K
POLICY_VALIDATION-ITEM_DIAGNOSTICS-920378,ITEM_DIAGNOSTICS,NULL,0.0,500,18,8,2,3,0.2,0.0,0.03,3,0.08,12,0.01,POLICY_VALIDATION,920378,student_t_v2.1,0.7,True,True,False,False,HIGH_RAW_LOW_EFFECTIVE_N
POLICY_VALIDATION-ITEM_DIAGNOSTICS-920379,ITEM_DIAGNOSTICS,SUPPORTED,0.035,10000,18,8,2,3,0.2,0.5,0.03,3,0.08,12,0.01,POLICY_VALIDATION,920379,student_t_v2.2,0.75,True,True,True,False,SMALL_EFFECT_HUGE_RAW_N
POLICY_VALIDATION-ITEM_DIAGNOSTICS-920380,ITEM_DIAGNOSTICS,SUPPORTED,0.075,1000000,18,8,4,3,0.6,0.5,0.03,3,0.08,12,0.01,POLICY_VALIDATION,920380,student_t_v2.3,0.8,False,False,True,False,LARGE_EFFECT_SMALL_PANEL
POLICY_VALIDATION-ITEM_DIAGNOSTICS-920381,ITEM_DIAGNOSTICS,NULL,0.0,500,54,24,4,3,0.6,0.5,0.03,3,0.08,12,0.01,POLICY_VALIDATION,920381,student_t_v2.1,0.85,True,True,True,False,EXTREME_FAMILY_IMBALANCE
POLICY_VALIDATION-ITEM_DIAGNOSTICS-920382,ITEM_DIAGNOSTICS,SUPPORTED,0.035,10000,54,24,4,3,0.9,0.5,0.03,5,0.08,12,0.01,POLICY_VALIDATION,920382,student_t_v2.2,0.9,True,True,True,False,ONE_DOMINANT_FAMILY
POLICY_VALIDATION-ITEM_DIAGNOSTICS-920383,ITEM_DIAGNOSTICS,SUPPORTED,0.075,1000000,54,24,4,3,0.9,0.5,0.1,5,0.08,12,0.01,POLICY_VALIDATION,920383,student_t_v2.3,0.95,True,True,True,False,TRANSPORT_REVERSAL
POLICY_VALIDATION-ITEM_DIAGNOSTICS-920384,ITEM_DIAGNOSTICS,NULL,0.0,500,144,24,4,3,0.2,0.5,0.1,5,0.08,12,0.01,POLICY_VALIDATION,920384,student_t_v2.1,0.6,False,True,False,False,BENCHMARK_SPECIFIC_REVERSAL
POLICY_VALIDATION-ITEM_DIAGNOSTICS-920385,ITEM_DIAGNOSTICS,SUPPORTED,0.035,10000,144,24,6,3,0.2,0.5,0.1,5,0.08,12,0.01,POLICY_VALIDATION,920385,student_t_v2.2,0.65,True,False,True,False,VERY_HIGH_MULTIPLICITY
POLICY_VALIDATION-ITEM_DIAGNOSTICS-920386,ITEM_DIAGNOSTICS,SUPPORTED,0.075,1000000,144,24,6,3,0.6,0.5,0.1,5,0.08,40,0.01,POLICY_VALIDATION,920386,student_t_v2.3,0.7,True,True,True,False,NEARLY_TIED_TOP_K
POLICY_VALIDATION-ITEM_DIAGNOSTICS-920387,ITEM_DIAGNOSTICS,NULL,0.0,500,18,24,6,3,0.6,0.5,0.1,5,0.08,40,0.01,POLICY_VALIDATION,920387,student_t_v2.1,0.75,True,True,True,False,HIGH_RAW_LOW_EFFECTIVE_N
POLICY_VALIDATION-ITEM_DIAGNOSTICS-920388,ITEM_DIAGNOSTICS,SUPPORTED,0.035,10000,18,60,6,3,0.9,0.5,0.1,5,0.08,40,0.01,POLICY_VALIDATION,920388,student_t_v2.2,0.8,False,True,True,False,SMALL_EFFECT_HUGE_RAW_N
POLICY_VALIDATION-ITEM_DIAGNOSTICS-920389,ITEM_DIAGNOSTICS,SUPPORTED,0.075,1000000,18,60,6,3,0.9,0.5,0.1,5,0.12,40,0.01,POLICY_VALIDATION,920389,student_t_v2.3,0.85,True,True,True,False,LARGE_EFFECT_SMALL_PANEL
POLICY_VALIDATION-ITEM_DIAGNOSTICS-920390,ITEM_DIAGNOSTICS,NULL,0.0,500,54,60,10,3,0.2,0.5,0.1,5,0.12,40,0.01,POLICY_VALIDATION,920390,student_t_v2.1,0.9,True,False,False,False,EXTREME_FAMILY_IMBALANCE
POLICY_VALIDATION-ITEM_DIAGNOSTICS-920391,ITEM_DIAGNOSTICS,SUPPORTED,0.035,10000,54,60,10,3,0.2,0.5,0.1,5,0.12,40,0.01,POLICY_VALIDATION,920391,student_t_v2.2,0.95,True,True,True,False,ONE_DOMINANT_FAMILY
POLICY_VALIDATION-ITEM_DIAGNOSTICS-920392,ITEM_DIAGNOSTICS,SUPPORTED,0.075,1000000,54,60,10,3,0.6,0.5,0.1,5,0.12,40,0.01,POLICY_VALIDATION,920392,student_t_v2.3,0.6,False,True,True,False,TRANSPORT_REVERSAL
POLICY_VALIDATION-ITEM_DIAGNOSTICS-920393,ITEM_DIAGNOSTICS,NULL,0.0,500,144,60,10,3,0.6,0.5,0.1,1,0.12,40,0.01,POLICY_VALIDATION,920393,student_t_v2.1,0.65,True,True,True,False,BENCHMARK_SPECIFIC_REVERSAL
POLICY_VALIDATION-ITEM_DIAGNOSTICS-920394,ITEM_DIAGNOSTICS,SUPPORTED,0.035,10000,144,60,10,8,0.9,0.5,0.1,1,0.12,40,0.01,POLICY_VALIDATION,920394,student_t_v2.2,0.7,True,True,True,False,VERY_HIGH_MULTIPLICITY
POLICY_VALIDATION-ITEM_DIAGNOSTICS-920395,ITEM_DIAGNOSTICS,SUPPORTED,0.075,1000000,144,2,2,8,0.9,0.5,0.1,1,0.12,40,0.01,POLICY_VALIDATION,920395,student_t_v2.3,0.75,True,False,True,False,NEARLY_TIED_TOP_K
POLICY_VALIDATION-ITEM_DIAGNOSTICS-920396,ITEM_DIAGNOSTICS,NULL,0.0,500,18,2,2,8,0.2,0.5,0.1,1,0.12,40,0.01,POLICY_VALIDATION,920396,student_t_v2.1,0.8,False,True,False,False,HIGH_RAW_LOW_EFFECTIVE_N
POLICY_VALIDATION-ITEM_DIAGNOSTICS-920397,ITEM_DIAGNOSTICS,SUPPORTED,0.035,10000,18,2,2,8,0.2,0.5,0.1,1,0.12,40,0.01,POLICY_VALIDATION,920397,student_t_v2.2,0.85,True,True,True,False,SMALL_EFFECT_HUGE_RAW_N
POLICY_VALIDATION-ITEM_DIAGNOSTICS-920398,ITEM_DIAGNOSTICS,SUPPORTED,0.075,1000000,18,2,2,8,0.6,0.9,0.1,1,0.12,40,0.01,POLICY_VALIDATION,920398,student_t_v2.3,0.9,True,True,True,False,LARGE_EFFECT_SMALL_PANEL
POLICY_VALIDATION-ITEM_DIAGNOSTICS-920399,ITEM_DIAGNOSTICS,NULL,0.0,500,54,2,2,8,0.6,0.9,0.1,1,0.12,1,0.01,POLICY_VALIDATION,920399,student_t_v2.1,0.95,True,True,True,False,EXTREME_FAMILY_IMBALANCE
POLICY_VALIDATION-ITEM_DIAGNOSTICS-920400,ITEM_DIAGNOSTICS,SUPPORTED,0.035,10000,54,2,4,8,0.9,0.9,0.1,1,0.12,1,0.01,POLICY_VALIDATION,920400,student_t_v2.2,0.6,False,False,True,False,ONE_DOMINANT_FAMILY
POLICY_VALIDATION-ITEM_DIAGNOSTICS-920401,ITEM_DIAGNOSTICS,SUPPORTED,0.075,1000000,54,2,4,8,0.9,0.9,0.1,1,0.12,1,0.01,POLICY_VALIDATION,920401,student_t_v2.3,0.65,True,True,True,False,TRANSPORT_REVERSAL
POLICY_VALIDATION-ITEM_DIAGNOSTICS-920402,ITEM_DIAGNOSTICS,NULL,0.0,500,144,8,4,8,0.2,0.9,0.1,1,0.12,1,0.01,POLICY_VALIDATION,920402,student_t_v2.1,0.7,True,True,False,False,BENCHMARK_SPECIFIC_REVERSAL
POLICY_VALIDATION-ITEM_DIAGNOSTICS-920403,ITEM_DIAGNOSTICS,SUPPORTED,0.035,10000,144,8,4,8,0.2,0.9,0.1,1,0.12,1,0.01,POLICY_VALIDATION,920403,student_t_v2.2,0.75,True,True,True,False,VERY_HIGH_MULTIPLICITY
POLICY_VALIDATION-ITEM_DIAGNOSTICS-920404,ITEM_DIAGNOSTICS,SUPPORTED,0.075,1000000,144,8,4,8,0.6,0.9,0.1,3,0.12,1,0.01,POLICY_VALIDATION,920404,student_t_v2.3,0.8,False,True,True,False,NEARLY_TIED_TOP_K
POLICY_VALIDATION-ITEM_DIAGNOSTICS-920405,ITEM_DIAGNOSTICS,NULL,0.0,500,18,8,6,8,0.6,0.9,0.1,3,0.12,1,0.01,POLICY_VALIDATION,920405,student_t_v2.1,0.85,True,False,True,False,HIGH_RAW_LOW_EFFECTIVE_N
POLICY_VALIDATION-ITEM_DIAGNOSTICS-920406,ITEM_DIAGNOSTICS,SUPPORTED,0.035,10000,18,8,6,8,0.9,0.9,0.25,3,0.12,1,0.01,POLICY_VALIDATION,920406,student_t_v2.2,0.9,True,True,True,False,SMALL_EFFECT_HUGE_RAW_N
POLICY_VALIDATION-ITEM_DIAGNOSTICS-920407,ITEM_DIAGNOSTICS,SUPPORTED,0.075,1000000,18,8,6,8,0.9,0.9,0.25,3,0.12,1,0.01,POLICY_VALIDATION,920407,student_t_v2.3,0.95,True,True,True,False,LARGE_EFFECT_SMALL_PANEL
POLICY_VALIDATION-ITEM_DIAGNOSTICS-920408,ITEM_DIAGNOSTICS,NULL,0.0,500,54,8,6,8,0.2,0.9,0.25,3,0.12,1,0.01,POLICY_VALIDATION,920408,student_t_v2.1,0.6,False,True,False,False,EXTREME_FAMILY_IMBALANCE
POLICY_VALIDATION-ITEM_DIAGNOSTICS-920409,ITEM_DIAGNOSTICS,SUPPORTED,0.035,10000,54,24,6,8,0.2,0.9,0.25,3,0.12,1,0.01,POLICY_VALIDATION,920409,student_t_v2.2,0.65,True,True,True,False,ONE_DOMINANT_FAMILY
POLICY_VALIDATION-ITEM_DIAGNOSTICS-920410,ITEM_DIAGNOSTICS,SUPPORTED,0.075,1000000,54,24,10,8,0.6,0.9,0.25,3,0.12,1,0.01,POLICY_VALIDATION,920410,student_t_v2.3,0.7,True,False,True,False,TRANSPORT_REVERSAL
POLICY_VALIDATION-ITEM_DIAGNOSTICS-920411,ITEM_DIAGNOSTICS,NULL,0.0,500,144,24,10,1,0.6,0.9,0.25,3,0.12,1,0.01,POLICY_VALIDATION,920411,student_t_v2.1,0.75,True,True,True,False,BENCHMARK_SPECIFIC_REVERSAL
POLICY_VALIDATION-ITEM_DIAGNOSTICS-920412,ITEM_DIAGNOSTICS,SUPPORTED,0.035,10000,144,24,10,1,0.9,0.9,0.25,3,0.12,12,0.01,POLICY_VALIDATION,920412,student_t_v2.2,0.8,False,True,True,False,VERY_HIGH_MULTIPLICITY
POLICY_VALIDATION-ITEM_DIAGNOSTICS-920413,ITEM_DIAGNOSTICS,SUPPORTED,0.075,1000000,144,24,10,1,0.9,0.9,0.25,3,0.12,12,0.01,POLICY_VALIDATION,920413,student_t_v2.3,0.85,True,True,True,False,NEARLY_TIED_TOP_K
POLICY_VALIDATION-ITEM_DIAGNOSTICS-920414,ITEM_DIAGNOSTICS,NULL,0.0,500,18,24,10,1,0.2,0.9,0.25,3,0.12,12,0.01,POLICY_VALIDATION,920414,student_t_v2.1,0.9,True,True,False,False,HIGH_RAW_LOW_EFFECTIVE_N
POLICY_VALIDATION-ITEM_DIAGNOSTICS-920415,ITEM_DIAGNOSTICS,SUPPORTED,0.035,10000,18,24,2,1,0.2,0.9,0.25,5,0.12,12,0.01,POLICY_VALIDATION,920415,student_t_v2.2,0.95,True,False,True,False,SMALL_EFFECT_HUGE_RAW_N
POLICY_VALIDATION-ITEM_DIAGNOSTICS-920416,ITEM_DIAGNOSTICS,SUPPORTED,0.075,1000000,18,60,2,1,0.6,0.9,0.25,5,0.12,12,0.01,POLICY_VALIDATION,920416,student_t_v2.3,0.6,False,True,True,False,LARGE_EFFECT_SMALL_PANEL
POLICY_VALIDATION-ITEM_DIAGNOSTICS-920417,ITEM_DIAGNOSTICS,NULL,0.0,500,54,60,2,1,0.6,0.0,0.25,5,0.12,12,0.01,POLICY_VALIDATION,920417,student_t_v2.1,0.65,True,True,True,False,EXTREME_FAMILY_IMBALANCE
POLICY_VALIDATION-ITEM_DIAGNOSTICS-920418,ITEM_DIAGNOSTICS,SUPPORTED,0.035,10000,54,60,2,1,0.9,0.0,0.25,5,0.18,12,0.01,POLICY_VALIDATION,920418,student_t_v2.2,0.7,True,True,True,False,ONE_DOMINANT_FAMILY
POLICY_VALIDATION-ITEM_DIAGNOSTICS-920419,ITEM_DIAGNOSTICS,SUPPORTED,0.075,1000000,54,60,2,1,0.9,0.0,0.25,5,0.18,12,0.01,POLICY_VALIDATION,920419,student_t_v2.3,0.75,True,True,True,False,TRANSPORT_REVERSAL
POLICY_VALIDATION-ITEM_DIAGNOSTICS-920420,ITEM_DIAGNOSTICS,NULL,0.0,500,144,60,4,1,0.2,0.0,0.25,5,0.18,12,0.01,POLICY_VALIDATION,920420,student_t_v2.1,0.8,False,False,False,False,BENCHMARK_SPECIFIC_REVERSAL
POLICY_VALIDATION-ITEM_DIAGNOSTICS-920421,ITEM_DIAGNOSTICS,SUPPORTED,0.035,10000,144,60,4,1,0.2,0.0,0.25,5,0.18,12,0.01,POLICY_VALIDATION,920421,student_t_v2.2,0.85,True,True,True,False,VERY_HIGH_MULTIPLICITY
POLICY_VALIDATION-ITEM_DIAGNOSTICS-920422,ITEM_DIAGNOSTICS,SUPPORTED,0.075,1000000,144,60,4,1,0.6,0.0,0.25,5,0.18,12,0.01,POLICY_VALIDATION,920422,student_t_v2.3,0.9,True,True,True,False,NEARLY_TIED_TOP_K
POLICY_VALIDATION-ITEM_DIAGNOSTICS-920423,ITEM_DIAGNOSTICS,NULL,0.0,500,18,2,4,1,0.6,0.0,0.25,5,0.18,12,0.01,POLICY_VALIDATION,920423,student_t_v2.1,0.95,True,True,True,False,HIGH_RAW_LOW_EFFECTIVE_N
POLICY_VALIDATION-ITEM_DIAGNOSTICS-920424,ITEM_DIAGNOSTICS,SUPPORTED,0.035,10000,18,2,4,1,0.9,0.0,0.25,5,0.18,12,0.01,POLICY_VALIDATION,920424,student_t_v2.2,0.6,False,True,True,False,SMALL_EFFECT_HUGE_RAW_N
POLICY_VALIDATION-ITEM_DIAGNOSTICS-920425,ITEM_DIAGNOSTICS,SUPPORTED,0.075,1000000,18,2,6,1,0.9,0.0,0.25,5,0.18,40,0.01,POLICY_VALIDATION,920425,student_t_v2.3,0.65,True,False,True,False,LARGE_EFFECT_SMALL_PANEL
POLICY_VALIDATION-ITEM_DIAGNOSTICS-920426,ITEM_DIAGNOSTICS,NULL,0.0,500,54,2,6,1,0.2,0.0,0.25,1,0.18,40,0.01,POLICY_VALIDATION,920426,student_t_v2.1,0.7,True,True,False,False,EXTREME_FAMILY_IMBALANCE
POLICY_VALIDATION-ITEM_DIAGNOSTICS-920427,ITEM_DIAGNOSTICS,SUPPORTED,0.035,10000,54,2,6,1,0.2,0.0,0.25,1,0.18,40,0.01,POLICY_VALIDATION,920427,student_t_v2.2,0.75,True,True,True,False,ONE_DOMINANT_FAMILY
POLICY_VALIDATION-ITEM_DIAGNOSTICS-920428,ITEM_DIAGNOSTICS,SUPPORTED,0.075,1000000,54,2,6,3,0.6,0.0,0.25,1,0.18,40,0.01,POLICY_VALIDATION,920428,student_t_v2.3,0.8,False,True,True,False,TRANSPORT_REVERSAL
POLICY_VALIDATION-ITEM_DIAGNOSTICS-920429,ITEM_DIAGNOSTICS,NULL,0.0,500,144,2,6,3,0.6,0.0,0.03,1,0.18,40,0.01,POLICY_VALIDATION,920429,student_t_v2.1,0.85,True,True,True,False,BENCHMARK_SPECIFIC_REVERSAL
POLICY_VALIDATION-ITEM_DIAGNOSTICS-920430,ITEM_DIAGNOSTICS,SUPPORTED,0.035,10000,144,8,10,3,0.9,0.0,0.03,1,0.18,40,0.01,POLICY_VALIDATION,920430,student_t_v2.2,0.9,True,False,True,False,VERY_HIGH_MULTIPLICITY
POLICY_VALIDATION-ITEM_DIAGNOSTICS-920431,ITEM_DIAGNOSTICS,SUPPORTED,0.075,1000000,144,8,10,3,0.9,0.0,0.03,1,0.18,40,0.01,POLICY_VALIDATION,920431,student_t_v2.3,0.95,True,True,True,False,NEARLY_TIED_TOP_K
POLICY_VALIDATION-ITEM_DIAGNOSTICS-920432,ITEM_DIAGNOSTICS,NULL,0.0,500,18,8,10,3,0.2,0.0,0.03,1,0.18,40,0.01,POLICY_VALIDATION,920432,student_t_v2.1,0.6,False,True,False,False,HIGH_RAW_LOW_EFFECTIVE_N
POLICY_VALIDATION-ITEM_DIAGNOSTICS-920433,ITEM_DIAGNOSTICS,SUPPORTED,0.035,10000,18,8,10,3,0.2,0.0,0.03,1,0.18,40,0.01,POLICY_VALIDATION,920433,student_t_v2.2,0.65,True,True,True,False,SMALL_EFFECT_HUGE_RAW_N
POLICY_VALIDATION-ITEM_DIAGNOSTICS-920434,ITEM_DIAGNOSTICS,SUPPORTED,0.075,1000000,18,8,10,3,0.6,0.0,0.03,1,0.18,40,0.01,POLICY_VALIDATION,920434,student_t_v2.3,0.7,True,True,True,False,LARGE_EFFECT_SMALL_PANEL
POLICY_VALIDATION-ITEM_DIAGNOSTICS-920435,ITEM_DIAGNOSTICS,NULL,0.0,500,54,8,2,3,0.6,0.0,0.03,1,0.18,40,0.01,POLICY_VALIDATION,920435,student_t_v2.1,0.75,True,False,True,False,EXTREME_FAMILY_IMBALANCE
POLICY_VALIDATION-ITEM_DIAGNOSTICS-920436,ITEM_DIAGNOSTICS,SUPPORTED,0.035,10000,54,8,2,3,0.9,0.5,0.03,1,0.18,40,0.01,POLICY_VALIDATION,920436,student_t_v2.2,0.8,False,True,True,False,ONE_DOMINANT_FAMILY
POLICY_VALIDATION-ITEM_DIAGNOSTICS-920437,ITEM_DIAGNOSTICS,SUPPORTED,0.075,1000000,54,24,2,3,0.9,0.5,0.03,3,0.18,40,0.01,POLICY_VALIDATION,920437,student_t_v2.3,0.85,True,True,True,False,TRANSPORT_REVERSAL
POLICY_VALIDATION-ITEM_DIAGNOSTICS-920438,ITEM_DIAGNOSTICS,NULL,0.0,500,144,24,2,3,0.2,0.5,0.03,3,0.18,1,0.01,POLICY_VALIDATION,920438,student_t_v2.1,0.9,True,True,False,False,BENCHMARK_SPECIFIC_REVERSAL
POLICY_VALIDATION-ITEM_DIAGNOSTICS-920439,ITEM_DIAGNOSTICS,SUPPORTED,0.035,10000,144,24,2,3,0.2,0.5,0.03,3,0.18,1,0.01,POLICY_VALIDATION,920439,student_t_v2.2,0.95,True,True,True,False,VERY_HIGH_MULTIPLICITY
POLICY_VALIDATION-ITEM_DIAGNOSTICS-920440,ITEM_DIAGNOSTICS,SUPPORTED,0.075,1000000,144,24,4,3,0.6,0.5,0.03,3,0.18,1,0.01,POLICY_VALIDATION,920440,student_t_v2.3,0.6,False,False,True,False,NEARLY_TIED_TOP_K
POLICY_VALIDATION-ITEM_DIAGNOSTICS-920441,ITEM_DIAGNOSTICS,NULL,0.0,500,18,24,4,3,0.6,0.5,0.03,3,0.18,1,0.01,POLICY_VALIDATION,920441,student_t_v2.1,0.65,True,True,True,False,HIGH_RAW_LOW_EFFECTIVE_N
POLICY_VALIDATION-ITEM_DIAGNOSTICS-920442,ITEM_DIAGNOSTICS,SUPPORTED,0.035,10000,18,24,4,3,0.9,0.5,0.03,3,0.18,1,0.01,POLICY_VALIDATION,920442,student_t_v2.2,0.7,True,True,True,False,SMALL_EFFECT_HUGE_RAW_N
POLICY_VALIDATION-ITEM_DIAGNOSTICS-920443,ITEM_DIAGNOSTICS,SUPPORTED,0.075,1000000,18,24,4,3,0.9,0.5,0.03,3,0.18,1,0.01,POLICY_VALIDATION,920443,student_t_v2.3,0.75,True,True,True,False,LARGE_EFFECT_SMALL_PANEL
POLICY_VALIDATION-ITEM_DIAGNOSTICS-920444,ITEM_DIAGNOSTICS,NULL,0.0,500,54,60,4,3,0.2,0.5,0.03,3,0.18,1,0.01,POLICY_VALIDATION,920444,student_t_v2.1,0.8,False,True,False,False,EXTREME_FAMILY_IMBALANCE
POLICY_VALIDATION-ITEM_DIAGNOSTICS-920445,ITEM_DIAGNOSTICS,SUPPORTED,0.035,10000,54,60,6,8,0.2,0.5,0.03,3,0.18,1,0.01,POLICY_VALIDATION,920445,student_t_v2.2,0.85,True,False,True,False,ONE_DOMINANT_FAMILY
POLICY_VALIDATION-ITEM_DIAGNOSTICS-920446,ITEM_DIAGNOSTICS,SUPPORTED,0.075,1000000,54,60,6,8,0.6,0.5,0.03,3,0.18,1,0.01,POLICY_VALIDATION,920446,student_t_v2.3,0.9,True,True,True,False,TRANSPORT_REVERSAL
POLICY_VALIDATION-ITEM_DIAGNOSTICS-920447,ITEM_DIAGNOSTICS,NULL,0.0,500,144,60,6,8,0.6,0.5,0.03,3,0.08,1,0.01,POLICY_VALIDATION,920447,student_t_v2.1,0.95,True,True,True,False,BENCHMARK_SPECIFIC_REVERSAL
POLICY_VALIDATION-ITEM_DIAGNOSTICS-920448,ITEM_DIAGNOSTICS,SUPPORTED,0.035,10000,144,60,6,8,0.9,0.5,0.03,5,0.08,1,0.01,POLICY_VALIDATION,920448,student_t_v2.2,0.6,False,True,True,False,VERY_HIGH_MULTIPLICITY
POLICY_VALIDATION-ITEM_DIAGNOSTICS-920449,ITEM_DIAGNOSTICS,SUPPORTED,0.075,1000000,144,60,6,8,0.9,0.5,0.03,5,0.08,1,0.01,POLICY_VALIDATION,920449,student_t_v2.3,0.65,True,True,True,False,NEARLY_TIED_TOP_K
POLICY_VALIDATION-ITEM_DIAGNOSTICS-920450,ITEM_DIAGNOSTICS,NULL,0.0,500,18,60,10,8,0.2,0.5,0.03,5,0.08,1,0.01,POLICY_VALIDATION,920450,student_t_v2.1,0.7,True,False,False,False,HIGH_RAW_LOW_EFFECTIVE_N
POLICY_VALIDATION-ITEM_DIAGNOSTICS-920451,ITEM_DIAGNOSTICS,SUPPORTED,0.035,10000,18,2,10,8,0.2,0.5,0.03,5,0.08,12,0.01,POLICY_VALIDATION,920451,student_t_v2.2,0.75,True,True,True,False,SMALL_EFFECT_HUGE_RAW_N
POLICY_VALIDATION-ITEM_DIAGNOSTICS-920452,ITEM_DIAGNOSTICS,SUPPORTED,0.075,1000000,18,2,10,8,0.6,0.5,0.1,5,0.08,12,0.01,POLICY_VALIDATION,920452,student_t_v2.3,0.8,False,True,True,False,LARGE_EFFECT_SMALL_PANEL
POLICY_VALIDATION-ITEM_DIAGNOSTICS-920453,ITEM_DIAGNOSTICS,NULL,0.0,500,54,2,10,8,0.6,0.5,0.1,5,0.08,12,0.01,POLICY_VALIDATION,920453,student_t_v2.1,0.85,True,True,True,False,EXTREME_FAMILY_IMBALANCE
POLICY_VALIDATION-ITEM_DIAGNOSTICS-920454,ITEM_DIAGNOSTICS,SUPPORTED,0.035,10000,54,2,10,8,0.9,0.5,0.1,5,0.08,12,0.01,POLICY_VALIDATION,920454,student_t_v2.2,0.9,True,True,True,False,ONE_DOMINANT_FAMILY
POLICY_VALIDATION-ITEM_DIAGNOSTICS-920455,ITEM_DIAGNOSTICS,SUPPORTED,0.075,1000000,54,2,2,8,0.9,0.9,0.1,5,0.08,12,0.01,POLICY_VALIDATION,920455,student_t_v2.3,0.95,True,False,True,False,TRANSPORT_REVERSAL
POLICY_VALIDATION-ITEM_DIAGNOSTICS-920456,ITEM_DIAGNOSTICS,NULL,0.0,500,144,2,2,8,0.2,0.9,0.1,5,0.08,12,0.01,POLICY_VALIDATION,920456,student_t_v2.1,0.6,False,True,False,False,BENCHMARK_SPECIFIC_REVERSAL
POLICY_VALIDATION-ITEM_DIAGNOSTICS-920457,ITEM_DIAGNOSTICS,SUPPORTED,0.035,10000,144,2,2,8,0.2,0.9,0.1,5,0.08,12,0.01,POLICY_VALIDATION,920457,student_t_v2.2,0.65,True,True,True,False,VERY_HIGH_MULTIPLICITY
POLICY_VALIDATION-ITEM_DIAGNOSTICS-920458,ITEM_DIAGNOSTICS,SUPPORTED,0.075,1000000,144,8,2,8,0.6,0.9,0.1,5,0.08,12,0.01,POLICY_VALIDATION,920458,student_t_v2.3,0.7,True,True,True,False,NEARLY_TIED_TOP_K
POLICY_VALIDATION-ITEM_DIAGNOSTICS-920459,ITEM_DIAGNOSTICS,NULL,0.0,500,18,8,2,8,0.6,0.9,0.1,1,0.08,12,0.01,POLICY_VALIDATION,920459,student_t_v2.1,0.75,True,True,True,False,HIGH_RAW_LOW_EFFECTIVE_N
POLICY_VALIDATION-ITEM_DIAGNOSTICS-920460,ITEM_DIAGNOSTICS,SUPPORTED,0.035,10000,18,8,4,8,0.9,0.9,0.1,1,0.08,12,0.01,POLICY_VALIDATION,920460,student_t_v2.2,0.8,False,False,True,False,SMALL_EFFECT_HUGE_RAW_N
POLICY_VALIDATION-ITEM_DIAGNOSTICS-920461,ITEM_DIAGNOSTICS,SUPPORTED,0.075,1000000,18,8,4,8,0.9,0.9,0.1,1,0.08,12,0.01,POLICY_VALIDATION,920461,student_t_v2.3,0.85,True,True,True,False,LARGE_EFFECT_SMALL_PANEL
POLICY_VALIDATION-ITEM_DIAGNOSTICS-920462,ITEM_DIAGNOSTICS,NULL,0.0,500,54,8,4,1,0.2,0.9,0.1,1,0.08,12,0.01,POLICY_VALIDATION,920462,student_t_v2.1,0.9,True,True,False,False,EXTREME_FAMILY_IMBALANCE
POLICY_VALIDATION-ITEM_DIAGNOSTICS-920463,ITEM_DIAGNOSTICS,SUPPORTED,0.035,10000,54,8,4,1,0.2,0.9,0.1,1,0.08,12,0.01,POLICY_VALIDATION,920463,student_t_v2.2,0.95,True,True,True,False,ONE_DOMINANT_FAMILY
POLICY_VALIDATION-ITEM_DIAGNOSTICS-920464,ITEM_DIAGNOSTICS,SUPPORTED,0.075,1000000,54,8,4,1,0.6,0.9,0.1,1,0.08,40,0.01,POLICY_VALIDATION,920464,student_t_v2.3,0.6,False,True,True,False,TRANSPORT_REVERSAL
POLICY_VALIDATION-ITEM_DIAGNOSTICS-920465,ITEM_DIAGNOSTICS,NULL,0.0,500,144,24,6,1,0.6,0.9,0.1,1,0.08,40,0.01,POLICY_VALIDATION,920465,student_t_v2.1,0.65,True,False,True,False,BENCHMARK_SPECIFIC_REVERSAL
POLICY_VALIDATION-ITEM_DIAGNOSTICS-920466,ITEM_DIAGNOSTICS,SUPPORTED,0.035,10000,144,24,6,1,0.9,0.9,0.1,1,0.08,40,0.01,POLICY_VALIDATION,920466,student_t_v2.2,0.7,True,True,True,False,VERY_HIGH_MULTIPLICITY
POLICY_VALIDATION-ITEM_DIAGNOSTICS-920467,ITEM_DIAGNOSTICS,SUPPORTED,0.075,1000000,144,24,6,1,0.9,0.9,0.1,1,0.08,40,0.01,POLICY_VALIDATION,920467,student_t_v2.3,0.75,True,True,True,False,NEARLY_TIED_TOP_K
POLICY_VALIDATION-ITEM_DIAGNOSTICS-920468,ITEM_DIAGNOSTICS,NULL,0.0,500,18,24,6,1,0.2,0.9,0.1,1,0.08,40,0.01,POLICY_VALIDATION,920468,student_t_v2.1,0.8,False,True,False,False,HIGH_RAW_LOW_EFFECTIVE_N
POLICY_VALIDATION-ITEM_DIAGNOSTICS-920469,ITEM_DIAGNOSTICS,SUPPORTED,0.035,10000,18,24,6,1,0.2,0.9,0.1,1,0.08,40,0.01,POLICY_VALIDATION,920469,student_t_v2.2,0.85,True,True,True,False,SMALL_EFFECT_HUGE_RAW_N
POLICY_VALIDATION-ITEM_DIAGNOSTICS-920470,ITEM_DIAGNOSTICS,SUPPORTED,0.075,1000000,18,24,10,1,0.6,0.9,0.1,3,0.08,40,0.01,POLICY_VALIDATION,920470,student_t_v2.3,0.9,True,False,True,False,LARGE_EFFECT_SMALL_PANEL
POLICY_VALIDATION-ITEM_DIAGNOSTICS-920471,ITEM_DIAGNOSTICS,NULL,0.0,500,54,24,10,1,0.6,0.9,0.1,3,0.08,40,0.01,POLICY_VALIDATION,920471,student_t_v2.1,0.95,True,True,True,False,EXTREME_FAMILY_IMBALANCE
POLICY_VALIDATION-ITEM_DIAGNOSTICS-920472,ITEM_DIAGNOSTICS,SUPPORTED,0.035,10000,54,60,10,1,0.9,0.9,0.1,3,0.08,40,0.01,POLICY_VALIDATION,920472,student_t_v2.2,0.6,False,True,True,False,ONE_DOMINANT_FAMILY
POLICY_VALIDATION-ITEM_DIAGNOSTICS-920473,ITEM_DIAGNOSTICS,SUPPORTED,0.075,1000000,54,60,10,1,0.9,0.9,0.1,3,0.08,40,0.01,POLICY_VALIDATION,920473,student_t_v2.3,0.65,True,True,True,False,TRANSPORT_REVERSAL
POLICY_VALIDATION-ITEM_DIAGNOSTICS-920474,ITEM_DIAGNOSTICS,NULL,0.0,500,144,60,10,1,0.2,0.0,0.1,3,0.08,40,0.01,POLICY_VALIDATION,920474,student_t_v2.1,0.7,True,True,False,False,BENCHMARK_SPECIFIC_REVERSAL
POLICY_VALIDATION-ITEM_DIAGNOSTICS-920475,ITEM_DIAGNOSTICS,SUPPORTED,0.035,10000,144,60,2,1,0.2,0.0,0.25,3,0.08,40,0.01,POLICY_VALIDATION,920475,student_t_v2.2,0.75,True,False,True,False,VERY_HIGH_MULTIPLICITY
POLICY_VALIDATION-ITEM_DIAGNOSTICS-920476,ITEM_DIAGNOSTICS,SUPPORTED,0.075,1000000,144,60,2,1,0.6,0.0,0.25,3,0.12,40,0.01,POLICY_VALIDATION,920476,student_t_v2.3,0.8,False,True,True,False,NEARLY_TIED_TOP_K
POLICY_VALIDATION-ITEM_DIAGNOSTICS-920477,ITEM_DIAGNOSTICS,NULL,0.0,500,18,60,2,1,0.6,0.0,0.25,3,0.12,1,0.01,POLICY_VALIDATION,920477,student_t_v2.1,0.85,True,True,True,False,HIGH_RAW_LOW_EFFECTIVE_N
POLICY_VALIDATION-ITEM_DIAGNOSTICS-920478,ITEM_DIAGNOSTICS,SUPPORTED,0.035,10000,18,60,2,1,0.9,0.0,0.25,3,0.12,1,0.01,POLICY_VALIDATION,920478,student_t_v2.2,0.9,True,True,True,False,SMALL_EFFECT_HUGE_RAW_N
POLICY_VALIDATION-ITEM_DIAGNOSTICS-920479,ITEM_DIAGNOSTICS,SUPPORTED,0.075,1000000,18,2,2,3,0.9,0.0,0.25,3,0.12,1,0.01,POLICY_VALIDATION,920479,student_t_v2.3,0.95,True,True,True,False,LARGE_EFFECT_SMALL_PANEL
POLICY_VALIDATION-TRANSPORT-920480,TRANSPORT,NULL,0.0,10000,54,2,4,1,0.6,0.0,0.03,1,0.08,12,0.01,POLICY_VALIDATION,920480,student_t_v2.1,0.6,False,False,False,True,HIGH_RAW_LOW_EFFECTIVE_N
POLICY_VALIDATION-TRANSPORT-920481,TRANSPORT,SUPPORTED,0.035,1000000,54,2,4,1,0.6,0.0,0.03,1,0.08,12,0.01,POLICY_VALIDATION,920481,student_t_v2.2,0.65,True,True,True,False,SMALL_EFFECT_HUGE_RAW_N
POLICY_VALIDATION-TRANSPORT-920482,TRANSPORT,SUPPORTED,0.075,500,54,2,4,1,0.9,0.0,0.03,1,0.08,12,0.01,POLICY_VALIDATION,920482,student_t_v2.3,0.7,True,True,True,False,LARGE_EFFECT_SMALL_PANEL
POLICY_VALIDATION-TRANSPORT-920483,TRANSPORT,NULL,0.0,10000,144,2,4,1,0.9,0.0,0.03,1,0.08,12,0.01,POLICY_VALIDATION,920483,student_t_v2.1,0.75,True,True,True,False,EXTREME_FAMILY_IMBALANCE
POLICY_VALIDATION-TRANSPORT-920484,TRANSPORT,SUPPORTED,0.035,1000000,144,2,4,1,0.2,0.0,0.03,1,0.08,12,0.01,POLICY_VALIDATION,920484,student_t_v2.2,0.8,False,True,True,False,ONE_DOMINANT_FAMILY
POLICY_VALIDATION-TRANSPORT-920485,TRANSPORT,SUPPORTED,0.075,500,144,2,6,1,0.2,0.0,0.03,1,0.08,12,0.01,POLICY_VALIDATION,920485,student_t_v2.3,0.85,True,False,True,False,TRANSPORT_REVERSAL
POLICY_VALIDATION-TRANSPORT-920486,TRANSPORT,NULL,0.0,10000,18,2,6,1,0.6,0.0,0.03,1,0.08,12,0.01,POLICY_VALIDATION,920486,student_t_v2.1,0.9,True,True,False,False,BENCHMARK_SPECIFIC_REVERSAL
POLICY_VALIDATION-TRANSPORT-920487,TRANSPORT,SUPPORTED,0.035,1000000,18,8,6,1,0.6,0.0,0.03,1,0.08,12,0.01,POLICY_VALIDATION,920487,student_t_v2.2,0.95,True,True,True,False,VERY_HIGH_MULTIPLICITY
POLICY_VALIDATION-TRANSPORT-920488,TRANSPORT,SUPPORTED,0.075,500,18,8,6,1,0.9,0.0,0.03,1,0.08,12,0.01,POLICY_VALIDATION,920488,student_t_v2.3,0.6,False,True,True,False,NEARLY_TIED_TOP_K
POLICY_VALIDATION-TRANSPORT-920489,TRANSPORT,NULL,0.0,10000,54,8,6,1,0.9,0.0,0.03,1,0.08,12,0.01,POLICY_VALIDATION,920489,student_t_v2.1,0.65,True,True,True,False,HIGH_RAW_LOW_EFFECTIVE_N
POLICY_VALIDATION-TRANSPORT-920490,TRANSPORT,SUPPORTED,0.035,1000000,54,8,10,1,0.2,0.0,0.03,1,0.08,12,0.01,POLICY_VALIDATION,920490,student_t_v2.2,0.7,True,False,True,True,SMALL_EFFECT_HUGE_RAW_N
POLICY_VALIDATION-TRANSPORT-920491,TRANSPORT,SUPPORTED,0.075,500,54,8,10,1,0.2,0.0,0.03,3,0.08,12,0.01,POLICY_VALIDATION,920491,student_t_v2.3,0.75,True,True,True,False,LARGE_EFFECT_SMALL_PANEL
POLICY_VALIDATION-TRANSPORT-920492,TRANSPORT,NULL,0.0,10000,144,8,10,1,0.6,0.0,0.03,3,0.08,12,0.01,POLICY_VALIDATION,920492,student_t_v2.1,0.8,False,True,False,False,EXTREME_FAMILY_IMBALANCE
POLICY_VALIDATION-TRANSPORT-920493,TRANSPORT,SUPPORTED,0.035,1000000,144,8,10,1,0.6,0.0,0.03,3,0.08,40,0.01,POLICY_VALIDATION,920493,student_t_v2.2,0.85,True,True,True,False,ONE_DOMINANT_FAMILY
POLICY_VALIDATION-TRANSPORT-920494,TRANSPORT,SUPPORTED,0.075,500,144,24,10,1,0.9,0.0,0.03,3,0.08,40,0.01,POLICY_VALIDATION,920494,student_t_v2.3,0.9,True,True,True,False,TRANSPORT_REVERSAL
POLICY_VALIDATION-TRANSPORT-920495,TRANSPORT,NULL,0.0,10000,18,24,2,1,0.9,0.0,0.03,3,0.08,40,0.01,POLICY_VALIDATION,920495,student_t_v2.1,0.95,True,False,True,False,BENCHMARK_SPECIFIC_REVERSAL
POLICY_VALIDATION-TRANSPORT-920496,TRANSPORT,SUPPORTED,0.035,1000000,18,24,2,1,0.2,0.0,0.03,3,0.08,40,0.01,POLICY_VALIDATION,920496,student_t_v2.2,0.6,False,True,True,False,VERY_HIGH_MULTIPLICITY
POLICY_VALIDATION-TRANSPORT-920497,TRANSPORT,SUPPORTED,0.075,500,18,24,2,3,0.2,0.0,0.03,3,0.08,40,0.01,POLICY_VALIDATION,920497,student_t_v2.3,0.65,True,True,True,False,NEARLY_TIED_TOP_K
POLICY_VALIDATION-TRANSPORT-920498,TRANSPORT,NULL,0.0,10000,54,24,2,3,0.6,0.0,0.03,3,0.08,40,0.01,POLICY_VALIDATION,920498,student_t_v2.1,0.7,True,True,False,False,HIGH_RAW_LOW_EFFECTIVE_N
POLICY_VALIDATION-TRANSPORT-920499,TRANSPORT,SUPPORTED,0.035,1000000,54,24,2,3,0.6,0.5,0.03,3,0.08,40,0.01,POLICY_VALIDATION,920499,student_t_v2.2,0.75,True,True,True,False,SMALL_EFFECT_HUGE_RAW_N
POLICY_VALIDATION-TRANSPORT-920500,TRANSPORT,SUPPORTED,0.075,500,54,24,4,3,0.9,0.5,0.03,3,0.08,40,0.01,POLICY_VALIDATION,920500,student_t_v2.3,0.8,False,False,True,True,LARGE_EFFECT_SMALL_PANEL
POLICY_VALIDATION-TRANSPORT-920501,TRANSPORT,NULL,0.0,10000,144,60,4,3,0.9,0.5,0.03,3,0.08,40,0.01,POLICY_VALIDATION,920501,student_t_v2.1,0.85,True,True,True,False,EXTREME_FAMILY_IMBALANCE
POLICY_VALIDATION-TRANSPORT-920502,TRANSPORT,SUPPORTED,0.035,1000000,144,60,4,3,0.2,0.5,0.03,5,0.08,40,0.01,POLICY_VALIDATION,920502,student_t_v2.2,0.9,True,True,True,False,ONE_DOMINANT_FAMILY
POLICY_VALIDATION-TRANSPORT-920503,TRANSPORT,SUPPORTED,0.075,500,144,60,4,3,0.2,0.5,0.1,5,0.08,40,0.01,POLICY_VALIDATION,920503,student_t_v2.3,0.95,True,True,True,False,TRANSPORT_REVERSAL
POLICY_VALIDATION-TRANSPORT-920504,TRANSPORT,NULL,0.0,10000,18,60,4,3,0.6,0.5,0.1,5,0.08,40,0.01,POLICY_VALIDATION,920504,student_t_v2.1,0.6,False,True,False,False,BENCHMARK_SPECIFIC_REVERSAL
POLICY_VALIDATION-TRANSPORT-920505,TRANSPORT,SUPPORTED,0.035,1000000,18,60,6,3,0.6,0.5,0.1,5,0.08,40,0.01,POLICY_VALIDATION,920505,student_t_v2.2,0.65,True,False,True,False,VERY_HIGH_MULTIPLICITY
POLICY_VALIDATION-TRANSPORT-920506,TRANSPORT,SUPPORTED,0.075,500,18,60,6,3,0.9,0.5,0.1,5,0.08,1,0.01,POLICY_VALIDATION,920506,student_t_v2.3,0.7,True,True,True,False,NEARLY_TIED_TOP_K
POLICY_VALIDATION-TRANSPORT-920507,TRANSPORT,NULL,0.0,10000,54,60,6,3,0.9,0.5,0.1,5,0.08,1,0.01,POLICY_VALIDATION,920507,student_t_v2.1,0.75,True,True,True,False,HIGH_RAW_LOW_EFFECTIVE_N
POLICY_VALIDATION-TRANSPORT-920508,TRANSPORT,SUPPORTED,0.035,1000000,54,2,6,3,0.2,0.5,0.1,5,0.08,1,0.01,POLICY_VALIDATION,920508,student_t_v2.2,0.8,False,True,True,False,SMALL_EFFECT_HUGE_RAW_N
POLICY_VALIDATION-TRANSPORT-920509,TRANSPORT,SUPPORTED,0.075,500,54,2,6,3,0.2,0.5,0.1,5,0.12,1,0.01,POLICY_VALIDATION,920509,student_t_v2.3,0.85,True,True,True,False,LARGE_EFFECT_SMALL_PANEL
POLICY_VALIDATION-TRANSPORT-920510,TRANSPORT,NULL,0.0,10000,144,2,10,3,0.6,0.5,0.1,5,0.12,1,0.01,POLICY_VALIDATION,920510,student_t_v2.1,0.9,True,False,False,True,EXTREME_FAMILY_IMBALANCE
POLICY_VALIDATION-TRANSPORT-920511,TRANSPORT,SUPPORTED,0.035,1000000,144,2,10,3,0.6,0.5,0.1,5,0.12,1,0.01,POLICY_VALIDATION,920511,student_t_v2.2,0.95,True,True,True,False,ONE_DOMINANT_FAMILY
POLICY_VALIDATION-TRANSPORT-920512,TRANSPORT,SUPPORTED,0.075,500,144,2,10,3,0.9,0.5,0.1,5,0.12,1,0.01,POLICY_VALIDATION,920512,student_t_v2.3,0.6,False,True,True,False,TRANSPORT_REVERSAL
POLICY_VALIDATION-TRANSPORT-920513,TRANSPORT,NULL,0.0,10000,18,2,10,3,0.9,0.5,0.1,1,0.12,1,0.01,POLICY_VALIDATION,920513,student_t_v2.1,0.65,True,True,True,False,BENCHMARK_SPECIFIC_REVERSAL
POLICY_VALIDATION-TRANSPORT-920514,TRANSPORT,SUPPORTED,0.035,1000000,18,2,10,8,0.2,0.5,0.1,1,0.12,1,0.01,POLICY_VALIDATION,920514,student_t_v2.2,0.7,True,True,True,False,VERY_HIGH_MULTIPLICITY
POLICY_VALIDATION-TRANSPORT-920515,TRANSPORT,SUPPORTED,0.075,500,18,8,2,8,0.2,0.5,0.1,1,0.12,1,0.01,POLICY_VALIDATION,920515,student_t_v2.3,0.75,True,False,True,False,NEARLY_TIED_TOP_K
POLICY_VALIDATION-TRANSPORT-920516,TRANSPORT,NULL,0.0,10000,54,8,2,8,0.6,0.5,0.1,1,0.12,1,0.01,POLICY_VALIDATION,920516,student_t_v2.1,0.8,False,True,False,False,HIGH_RAW_LOW_EFFECTIVE_N
POLICY_VALIDATION-TRANSPORT-920517,TRANSPORT,SUPPORTED,0.035,1000000,54,8,2,8,0.6,0.5,0.1,1,0.12,1,0.01,POLICY_VALIDATION,920517,student_t_v2.2,0.85,True,True,True,False,SMALL_EFFECT_HUGE_RAW_N
POLICY_VALIDATION-TRANSPORT-920518,TRANSPORT,SUPPORTED,0.075,500,54,8,2,8,0.9,0.9,0.1,1,0.12,1,0.01,POLICY_VALIDATION,920518,student_t_v2.3,0.9,True,True,True,False,LARGE_EFFECT_SMALL_PANEL
POLICY_VALIDATION-TRANSPORT-920519,TRANSPORT,NULL,0.0,10000,144,8,2,8,0.9,0.9,0.1,1,0.12,12,0.01,POLICY_VALIDATION,920519,student_t_v2.1,0.95,True,True,True,False,EXTREME_FAMILY_IMBALANCE
POLICY_VALIDATION-TRANSPORT-920520,TRANSPORT,SUPPORTED,0.035,1000000,144,8,4,8,0.2,0.9,0.1,1,0.12,12,0.01,POLICY_VALIDATION,920520,student_t_v2.2,0.6,False,False,True,True,ONE_DOMINANT_FAMILY
POLICY_VALIDATION-TRANSPORT-920521,TRANSPORT,SUPPORTED,0.075,500,144,8,4,8,0.2,0.9,0.1,1,0.12,12,0.01,POLICY_VALIDATION,920521,student_t_v2.3,0.65,True,True,True,False,TRANSPORT_REVERSAL
POLICY_VALIDATION-TRANSPORT-920522,TRANSPORT,NULL,0.0,10000,18,24,4,8,0.6,0.9,0.1,1,0.12,12,0.01,POLICY_VALIDATION,920522,student_t_v2.1,0.7,True,True,False,False,BENCHMARK_SPECIFIC_REVERSAL
POLICY_VALIDATION-TRANSPORT-920523,TRANSPORT,SUPPORTED,0.035,1000000,18,24,4,8,0.6,0.9,0.1,1,0.12,12,0.01,POLICY_VALIDATION,920523,student_t_v2.2,0.75,True,True,True,False,VERY_HIGH_MULTIPLICITY
POLICY_VALIDATION-TRANSPORT-920524,TRANSPORT,SUPPORTED,0.075,500,18,24,4,8,0.9,0.9,0.1,3,0.12,12,0.01,POLICY_VALIDATION,920524,student_t_v2.3,0.8,False,True,True,False,NEARLY_TIED_TOP_K
POLICY_VALIDATION-TRANSPORT-920525,TRANSPORT,NULL,0.0,10000,54,24,6,8,0.9,0.9,0.1,3,0.12,12,0.01,POLICY_VALIDATION,920525,student_t_v2.1,0.85,True,False,True,False,HIGH_RAW_LOW_EFFECTIVE_N
POLICY_VALIDATION-TRANSPORT-920526,TRANSPORT,SUPPORTED,0.035,1000000,54,24,6,8,0.2,0.9,0.25,3,0.12,12,0.01,POLICY_VALIDATION,920526,student_t_v2.2,0.9,True,True,True,False,SMALL_EFFECT_HUGE_RAW_N
POLICY_VALIDATION-TRANSPORT-920527,TRANSPORT,SUPPORTED,0.075,500,54,24,6,8,0.2,0.9,0.25,3,0.12,12,0.01,POLICY_VALIDATION,920527,student_t_v2.3,0.95,True,True,True,False,LARGE_EFFECT_SMALL_PANEL
POLICY_VALIDATION-TRANSPORT-920528,TRANSPORT,NULL,0.0,10000,144,24,6,8,0.6,0.9,0.25,3,0.12,12,0.01,POLICY_VALIDATION,920528,student_t_v2.1,0.6,False,True,False,False,EXTREME_FAMILY_IMBALANCE
POLICY_VALIDATION-TRANSPORT-920529,TRANSPORT,SUPPORTED,0.035,1000000,144,60,6,8,0.6,0.9,0.25,3,0.12,12,0.01,POLICY_VALIDATION,920529,student_t_v2.2,0.65,True,True,True,False,ONE_DOMINANT_FAMILY
POLICY_VALIDATION-TRANSPORT-920530,TRANSPORT,SUPPORTED,0.075,500,144,60,10,8,0.9,0.9,0.25,3,0.12,12,0.01,POLICY_VALIDATION,920530,student_t_v2.3,0.7,True,False,True,True,TRANSPORT_REVERSAL
POLICY_VALIDATION-TRANSPORT-920531,TRANSPORT,NULL,0.0,10000,18,60,10,1,0.9,0.9,0.25,3,0.12,12,0.01,POLICY_VALIDATION,920531,student_t_v2.1,0.75,True,True,True,False,BENCHMARK_SPECIFIC_REVERSAL
POLICY_VALIDATION-TRANSPORT-920532,TRANSPORT,SUPPORTED,0.035,1000000,18,60,10,1,0.2,0.9,0.25,3,0.12,40,0.01,POLICY_VALIDATION,920532,student_t_v2.2,0.8,False,True,True,False,VERY_HIGH_MULTIPLICITY
POLICY_VALIDATION-TRANSPORT-920533,TRANSPORT,SUPPORTED,0.075,500,18,60,10,1,0.2,0.9,0.25,3,0.12,40,0.01,POLICY_VALIDATION,920533,student_t_v2.3,0.85,True,True,True,False,NEARLY_TIED_TOP_K
POLICY_VALIDATION-TRANSPORT-920534,TRANSPORT,NULL,0.0,10000,54,60,10,1,0.6,0.9,0.25,3,0.12,40,0.01,POLICY_VALIDATION,920534,student_t_v2.1,0.9,True,True,False,False,HIGH_RAW_LOW_EFFECTIVE_N
POLICY_VALIDATION-TRANSPORT-920535,TRANSPORT,SUPPORTED,0.035,1000000,54,60,2,1,0.6,0.9,0.25,5,0.12,40,0.01,POLICY_VALIDATION,920535,student_t_v2.2,0.95,True,False,True,False,SMALL_EFFECT_HUGE_RAW_N
POLICY_VALIDATION-TRANSPORT-920536,TRANSPORT,SUPPORTED,0.075,500,54,2,2,1,0.9,0.9,0.25,5,0.12,40,0.01,POLICY_VALIDATION,920536,student_t_v2.3,0.6,False,True,True,False,LARGE_EFFECT_SMALL_PANEL
POLICY_VALIDATION-TRANSPORT-920537,TRANSPORT,NULL,0.0,10000,144,2,2,1,0.9,0.0,0.25,5,0.12,40,0.01,POLICY_VALIDATION,920537,student_t_v2.1,0.65,True,True,True,False,EXTREME_FAMILY_IMBALANCE
POLICY_VALIDATION-TRANSPORT-920538,TRANSPORT,SUPPORTED,0.035,1000000,144,2,2,1,0.2,0.0,0.25,5,0.18,40,0.01,POLICY_VALIDATION,920538,student_t_v2.2,0.7,True,True,True,False,ONE_DOMINANT_FAMILY
POLICY_VALIDATION-TRANSPORT-920539,TRANSPORT,SUPPORTED,0.075,500,144,2,2,1,0.2,0.0,0.25,5,0.18,40,0.01,POLICY_VALIDATION,920539,student_t_v2.3,0.75,True,True,True,False,TRANSPORT_REVERSAL
POLICY_VALIDATION-TRANSPORT-920540,TRANSPORT,NULL,0.0,10000,18,2,4,1,0.6,0.0,0.25,5,0.18,40,0.01,POLICY_VALIDATION,920540,student_t_v2.1,0.8,False,False,False,True,BENCHMARK_SPECIFIC_REVERSAL
POLICY_VALIDATION-TRANSPORT-920541,TRANSPORT,SUPPORTED,0.035,1000000,18,2,4,1,0.6,0.0,0.25,5,0.18,40,0.01,POLICY_VALIDATION,920541,student_t_v2.2,0.85,True,True,True,False,VERY_HIGH_MULTIPLICITY
POLICY_VALIDATION-TRANSPORT-920542,TRANSPORT,SUPPORTED,0.075,500,18,2,4,1,0.9,0.0,0.25,5,0.18,40,0.01,POLICY_VALIDATION,920542,student_t_v2.3,0.9,True,True,True,False,NEARLY_TIED_TOP_K
POLICY_VALIDATION-TRANSPORT-920543,TRANSPORT,NULL,0.0,10000,54,8,4,1,0.9,0.0,0.25,5,0.18,40,0.01,POLICY_VALIDATION,920543,student_t_v2.1,0.95,True,True,True,False,HIGH_RAW_LOW_EFFECTIVE_N
POLICY_VALIDATION-TRANSPORT-920544,TRANSPORT,SUPPORTED,0.035,1000000,54,8,4,1,0.2,0.0,0.25,5,0.18,40,0.01,POLICY_VALIDATION,920544,student_t_v2.2,0.6,False,True,True,False,SMALL_EFFECT_HUGE_RAW_N
POLICY_VALIDATION-TRANSPORT-920545,TRANSPORT,SUPPORTED,0.075,500,54,8,6,1,0.2,0.0,0.25,5,0.18,1,0.01,POLICY_VALIDATION,920545,student_t_v2.3,0.65,True,False,True,False,LARGE_EFFECT_SMALL_PANEL
POLICY_VALIDATION-TRANSPORT-920546,TRANSPORT,NULL,0.0,10000,144,8,6,1,0.6,0.0,0.25,1,0.18,1,0.01,POLICY_VALIDATION,920546,student_t_v2.1,0.7,True,True,False,False,EXTREME_FAMILY_IMBALANCE
POLICY_VALIDATION-TRANSPORT-920547,TRANSPORT,SUPPORTED,0.035,1000000,144,8,6,1,0.6,0.0,0.25,1,0.18,1,0.01,POLICY_VALIDATION,920547,student_t_v2.2,0.75,True,True,True,False,ONE_DOMINANT_FAMILY
POLICY_VALIDATION-TRANSPORT-920548,TRANSPORT,SUPPORTED,0.075,500,144,8,6,3,0.9,0.0,0.25,1,0.18,1,0.01,POLICY_VALIDATION,920548,student_t_v2.3,0.8,False,True,True,False,TRANSPORT_REVERSAL
POLICY_VALIDATION-TRANSPORT-920549,TRANSPORT,NULL,0.0,10000,18,8,6,3,0.9,0.0,0.03,1,0.18,1,0.01,POLICY_VALIDATION,920549,student_t_v2.1,0.85,True,True,True,False,BENCHMARK_SPECIFIC_REVERSAL
POLICY_VALIDATION-TRANSPORT-920550,TRANSPORT,SUPPORTED,0.035,1000000,18,24,10,3,0.2,0.0,0.03,1,0.18,1,0.01,POLICY_VALIDATION,920550,student_t_v2.2,0.9,True,False,True,True,VERY_HIGH_MULTIPLICITY
POLICY_VALIDATION-TRANSPORT-920551,TRANSPORT,SUPPORTED,0.075,500,18,24,10,3,0.2,0.0,0.03,1,0.18,1,0.01,POLICY_VALIDATION,920551,student_t_v2.3,0.95,True,True,True,False,NEARLY_TIED_TOP_K
POLICY_VALIDATION-TRANSPORT-920552,TRANSPORT,NULL,0.0,10000,54,24,10,3,0.6,0.0,0.03,1,0.18,1,0.01,POLICY_VALIDATION,920552,student_t_v2.1,0.6,False,True,False,False,HIGH_RAW_LOW_EFFECTIVE_N
POLICY_VALIDATION-TRANSPORT-920553,TRANSPORT,SUPPORTED,0.035,1000000,54,24,10,3,0.6,0.0,0.03,1,0.18,1,0.01,POLICY_VALIDATION,920553,student_t_v2.2,0.65,True,True,True,False,SMALL_EFFECT_HUGE_RAW_N
POLICY_VALIDATION-TRANSPORT-920554,TRANSPORT,SUPPORTED,0.075,500,54,24,10,3,0.9,0.0,0.03,1,0.18,1,0.01,POLICY_VALIDATION,920554,student_t_v2.3,0.7,True,True,True,False,LARGE_EFFECT_SMALL_PANEL
POLICY_VALIDATION-TRANSPORT-920555,TRANSPORT,NULL,0.0,10000,144,24,2,3,0.9,0.0,0.03,1,0.18,1,0.01,POLICY_VALIDATION,920555,student_t_v2.1,0.75,True,False,True,False,EXTREME_FAMILY_IMBALANCE
POLICY_VALIDATION-TRANSPORT-920556,TRANSPORT,SUPPORTED,0.035,1000000,144,24,2,3,0.2,0.5,0.03,1,0.18,1,0.01,POLICY_VALIDATION,920556,student_t_v2.2,0.8,False,True,True,False,ONE_DOMINANT_FAMILY
POLICY_VALIDATION-TRANSPORT-920557,TRANSPORT,SUPPORTED,0.075,500,144,60,2,3,0.2,0.5,0.03,3,0.18,1,0.01,POLICY_VALIDATION,920557,student_t_v2.3,0.85,True,True,True,False,TRANSPORT_REVERSAL
POLICY_VALIDATION-TRANSPORT-920558,TRANSPORT,NULL,0.0,10000,18,60,2,3,0.6,0.5,0.03,3,0.18,12,0.01,POLICY_VALIDATION,920558,student_t_v2.1,0.9,True,True,False,False,BENCHMARK_SPECIFIC_REVERSAL
POLICY_VALIDATION-TRANSPORT-920559,TRANSPORT,SUPPORTED,0.035,1000000,18,60,2,3,0.6,0.5,0.03,3,0.18,12,0.01,POLICY_VALIDATION,920559,student_t_v2.2,0.95,True,True,True,False,VERY_HIGH_MULTIPLICITY
POLICY_VALIDATION-TRANSPORT-920560,TRANSPORT,SUPPORTED,0.075,500,18,60,4,3,0.9,0.5,0.03,3,0.18,12,0.01,POLICY_VALIDATION,920560,student_t_v2.3,0.6,False,False,True,True,NEARLY_TIED_TOP_K
POLICY_VALIDATION-TRANSPORT-920561,TRANSPORT,NULL,0.0,10000,54,60,4,3,0.9,0.5,0.03,3,0.18,12,0.01,POLICY_VALIDATION,920561,student_t_v2.1,0.65,True,True,True,False,HIGH_RAW_LOW_EFFECTIVE_N
POLICY_VALIDATION-TRANSPORT-920562,TRANSPORT,SUPPORTED,0.035,1000000,54,60,4,3,0.2,0.5,0.03,3,0.18,12,0.01,POLICY_VALIDATION,920562,student_t_v2.2,0.7,True,True,True,False,SMALL_EFFECT_HUGE_RAW_N
POLICY_VALIDATION-TRANSPORT-920563,TRANSPORT,SUPPORTED,0.075,500,54,60,4,3,0.2,0.5,0.03,3,0.18,12,0.01,POLICY_VALIDATION,920563,student_t_v2.3,0.75,True,True,True,False,LARGE_EFFECT_SMALL_PANEL
POLICY_VALIDATION-TRANSPORT-920564,TRANSPORT,NULL,0.0,10000,144,2,4,3,0.6,0.5,0.03,3,0.18,12,0.01,POLICY_VALIDATION,920564,student_t_v2.1,0.8,False,True,False,False,EXTREME_FAMILY_IMBALANCE
POLICY_VALIDATION-TRANSPORT-920565,TRANSPORT,SUPPORTED,0.035,1000000,144,2,6,8,0.6,0.5,0.03,3,0.18,12,0.01,POLICY_VALIDATION,920565,student_t_v2.2,0.85,True,False,True,False,ONE_DOMINANT_FAMILY
POLICY_VALIDATION-TRANSPORT-920566,TRANSPORT,SUPPORTED,0.075,500,144,2,6,8,0.9,0.5,0.03,3,0.18,12,0.01,POLICY_VALIDATION,920566,student_t_v2.3,0.9,True,True,True,False,TRANSPORT_REVERSAL
POLICY_VALIDATION-TRANSPORT-920567,TRANSPORT,NULL,0.0,10000,18,2,6,8,0.9,0.5,0.03,3,0.08,12,0.01,POLICY_VALIDATION,920567,student_t_v2.1,0.95,True,True,True,False,BENCHMARK_SPECIFIC_REVERSAL
POLICY_VALIDATION-TRANSPORT-920568,TRANSPORT,SUPPORTED,0.035,1000000,18,2,6,8,0.2,0.5,0.03,5,0.08,12,0.01,POLICY_VALIDATION,920568,student_t_v2.2,0.6,False,True,True,False,VERY_HIGH_MULTIPLICITY
POLICY_VALIDATION-TRANSPORT-920569,TRANSPORT,SUPPORTED,0.075,500,18,2,6,8,0.2,0.5,0.03,5,0.08,12,0.01,POLICY_VALIDATION,920569,student_t_v2.3,0.65,True,True,True,False,NEARLY_TIED_TOP_K
POLICY_VALIDATION-TRANSPORT-920570,TRANSPORT,NULL,0.0,10000,54,2,10,8,0.6,0.5,0.03,5,0.08,12,0.01,POLICY_VALIDATION,920570,student_t_v2.1,0.7,True,False,False,True,HIGH_RAW_LOW_EFFECTIVE_N
POLICY_VALIDATION-TRANSPORT-920571,TRANSPORT,SUPPORTED,0.035,1000000,54,8,10,8,0.6,0.5,0.03,5,0.08,40,0.01,POLICY_VALIDATION,920571,student_t_v2.2,0.75,True,True,True,False,SMALL_EFFECT_HUGE_RAW_N
POLICY_VALIDATION-TRANSPORT-920572,TRANSPORT,SUPPORTED,0.075,500,54,8,10,8,0.9,0.5,0.1,5,0.08,40,0.01,POLICY_VALIDATION,920572,student_t_v2.3,0.8,False,True,True,False,LARGE_EFFECT_SMALL_PANEL
POLICY_VALIDATION-TRANSPORT-920573,TRANSPORT,NULL,0.0,10000,144,8,10,8,0.9,0.5,0.1,5,0.08,40,0.01,POLICY_VALIDATION,920573,student_t_v2.1,0.85,True,True,True,False,EXTREME_FAMILY_IMBALANCE
POLICY_VALIDATION-TRANSPORT-920574,TRANSPORT,SUPPORTED,0.035,1000000,144,8,10,8,0.2,0.5,0.1,5,0.08,40,0.01,POLICY_VALIDATION,920574,student_t_v2.2,0.9,True,True,True,False,ONE_DOMINANT_FAMILY
POLICY_VALIDATION-TRANSPORT-920575,TRANSPORT,SUPPORTED,0.075,500,144,8,2,8,0.2,0.9,0.1,5,0.08,40,0.01,POLICY_VALIDATION,920575,student_t_v2.3,0.95,True,False,True,False,TRANSPORT_REVERSAL
POLICY_VALIDATION-TRANSPORT-920576,TRANSPORT,NULL,0.0,10000,18,8,2,8,0.6,0.9,0.1,5,0.08,40,0.01,POLICY_VALIDATION,920576,student_t_v2.1,0.6,False,True,False,False,BENCHMARK_SPECIFIC_REVERSAL
POLICY_VALIDATION-TRANSPORT-920577,TRANSPORT,SUPPORTED,0.035,1000000,18,8,2,8,0.6,0.9,0.1,5,0.08,40,0.01,POLICY_VALIDATION,920577,student_t_v2.2,0.65,True,True,True,False,VERY_HIGH_MULTIPLICITY
POLICY_VALIDATION-TRANSPORT-920578,TRANSPORT,SUPPORTED,0.075,500,18,24,2,8,0.9,0.9,0.1,5,0.08,40,0.01,POLICY_VALIDATION,920578,student_t_v2.3,0.7,True,True,True,False,NEARLY_TIED_TOP_K
POLICY_VALIDATION-TRANSPORT-920579,TRANSPORT,NULL,0.0,10000,54,24,2,8,0.9,0.9,0.1,1,0.08,40,0.01,POLICY_VALIDATION,920579,student_t_v2.1,0.75,True,True,True,False,HIGH_RAW_LOW_EFFECTIVE_N
POLICY_VALIDATION-TRANSPORT-920580,TRANSPORT,SUPPORTED,0.035,1000000,54,24,4,8,0.2,0.9,0.1,1,0.08,40,0.01,POLICY_VALIDATION,920580,student_t_v2.2,0.8,False,False,True,True,SMALL_EFFECT_HUGE_RAW_N
POLICY_VALIDATION-TRANSPORT-920581,TRANSPORT,SUPPORTED,0.075,500,54,24,4,8,0.2,0.9,0.1,1,0.08,40,0.01,POLICY_VALIDATION,920581,student_t_v2.3,0.85,True,True,True,False,LARGE_EFFECT_SMALL_PANEL
POLICY_VALIDATION-TRANSPORT-920582,TRANSPORT,NULL,0.0,10000,144,24,4,1,0.6,0.9,0.1,1,0.08,40,0.01,POLICY_VALIDATION,920582,student_t_v2.1,0.9,True,True,False,False,EXTREME_FAMILY_IMBALANCE
POLICY_VALIDATION-TRANSPORT-920583,TRANSPORT,SUPPORTED,0.035,1000000,144,24,4,1,0.6,0.9,0.1,1,0.08,40,0.01,POLICY_VALIDATION,920583,student_t_v2.2,0.95,True,True,True,False,ONE_DOMINANT_FAMILY
POLICY_VALIDATION-TRANSPORT-920584,TRANSPORT,SUPPORTED,0.075,500,144,24,4,1,0.9,0.9,0.1,1,0.08,1,0.01,POLICY_VALIDATION,920584,student_t_v2.3,0.6,False,True,True,False,TRANSPORT_REVERSAL
POLICY_VALIDATION-TRANSPORT-920585,TRANSPORT,NULL,0.0,10000,18,60,6,1,0.9,0.9,0.1,1,0.08,1,0.01,POLICY_VALIDATION,920585,student_t_v2.1,0.65,True,False,True,False,BENCHMARK_SPECIFIC_REVERSAL
POLICY_VALIDATION-TRANSPORT-920586,TRANSPORT,SUPPORTED,0.035,1000000,18,60,6,1,0.2,0.9,0.1,1,0.08,1,0.01,POLICY_VALIDATION,920586,student_t_v2.2,0.7,True,True,True,False,VERY_HIGH_MULTIPLICITY
POLICY_VALIDATION-TRANSPORT-920587,TRANSPORT,SUPPORTED,0.075,500,18,60,6,1,0.2,0.9,0.1,1,0.08,1,0.01,POLICY_VALIDATION,920587,student_t_v2.3,0.75,True,True,True,False,NEARLY_TIED_TOP_K
POLICY_VALIDATION-TRANSPORT-920588,TRANSPORT,NULL,0.0,10000,54,60,6,1,0.6,0.9,0.1,1,0.08,1,0.01,POLICY_VALIDATION,920588,student_t_v2.1,0.8,False,True,False,False,HIGH_RAW_LOW_EFFECTIVE_N
POLICY_VALIDATION-TRANSPORT-920589,TRANSPORT,SUPPORTED,0.035,1000000,54,60,6,1,0.6,0.9,0.1,1,0.08,1,0.01,POLICY_VALIDATION,920589,student_t_v2.2,0.85,True,True,True,False,SMALL_EFFECT_HUGE_RAW_N
POLICY_VALIDATION-TRANSPORT-920590,TRANSPORT,SUPPORTED,0.075,500,54,60,10,1,0.9,0.9,0.1,3,0.08,1,0.01,POLICY_VALIDATION,920590,student_t_v2.3,0.9,True,False,True,True,LARGE_EFFECT_SMALL_PANEL
POLICY_VALIDATION-TRANSPORT-920591,TRANSPORT,NULL,0.0,10000,144,60,10,1,0.9,0.9,0.1,3,0.08,1,0.01,POLICY_VALIDATION,920591,student_t_v2.1,0.95,True,True,True,False,EXTREME_FAMILY_IMBALANCE
POLICY_VALIDATION-TRANSPORT-920592,TRANSPORT,SUPPORTED,0.035,1000000,144,2,10,1,0.2,0.9,0.1,3,0.08,1,0.01,POLICY_VALIDATION,920592,student_t_v2.2,0.6,False,True,True,False,ONE_DOMINANT_FAMILY
POLICY_VALIDATION-TRANSPORT-920593,TRANSPORT,SUPPORTED,0.075,500,144,2,10,1,0.2,0.9,0.1,3,0.08,1,0.01,POLICY_VALIDATION,920593,student_t_v2.3,0.65,True,True,True,False,TRANSPORT_REVERSAL
POLICY_VALIDATION-TRANSPORT-920594,TRANSPORT,NULL,0.0,10000,18,2,10,1,0.6,0.0,0.1,3,0.08,1,0.01,POLICY_VALIDATION,920594,student_t_v2.1,0.7,True,True,False,False,BENCHMARK_SPECIFIC_REVERSAL
POLICY_VALIDATION-TRANSPORT-920595,TRANSPORT,SUPPORTED,0.035,1000000,18,2,2,1,0.6,0.0,0.25,3,0.08,1,0.01,POLICY_VALIDATION,920595,student_t_v2.2,0.75,True,False,True,False,VERY_HIGH_MULTIPLICITY
POLICY_VALIDATION-TRANSPORT-920596,TRANSPORT,SUPPORTED,0.075,500,18,2,2,1,0.9,0.0,0.25,3,0.12,1,0.01,POLICY_VALIDATION,920596,student_t_v2.3,0.8,False,True,True,False,NEARLY_TIED_TOP_K
POLICY_VALIDATION-TRANSPORT-920597,TRANSPORT,NULL,0.0,10000,54,2,2,1,0.9,0.0,0.25,3,0.12,12,0.01,POLICY_VALIDATION,920597,student_t_v2.1,0.85,True,True,True,False,HIGH_RAW_LOW_EFFECTIVE_N
POLICY_VALIDATION-TRANSPORT-920598,TRANSPORT,SUPPORTED,0.035,1000000,54,2,2,1,0.2,0.0,0.25,3,0.12,12,0.01,POLICY_VALIDATION,920598,student_t_v2.2,0.9,True,True,True,False,SMALL_EFFECT_HUGE_RAW_N
POLICY_VALIDATION-TRANSPORT-920599,TRANSPORT,SUPPORTED,0.075,500,54,8,2,3,0.2,0.0,0.25,3,0.12,12,0.01,POLICY_VALIDATION,920599,student_t_v2.3,0.95,True,True,True,False,LARGE_EFFECT_SMALL_PANEL
POLICY_VALIDATION-REPAIR-920600,REPAIR,NULL,0.0,1000000,144,8,4,1,0.9,0.0,0.03,1,0.08,40,0.01,POLICY_VALIDATION,920600,student_t_v2.1,0.6,False,False,False,False,HIGH_RAW_LOW_EFFECTIVE_N
POLICY_VALIDATION-REPAIR-920601,REPAIR,SUPPORTED,0.035,500,144,8,4,1,0.9,0.0,0.03,1,0.08,40,0.01,POLICY_VALIDATION,920601,student_t_v2.2,0.65,True,True,True,False,SMALL_EFFECT_HUGE_RAW_N
POLICY_VALIDATION-REPAIR-920602,REPAIR,SUPPORTED,0.075,10000,144,8,4,1,0.2,0.0,0.03,1,0.08,40,0.01,POLICY_VALIDATION,920602,student_t_v2.3,0.7,True,True,True,False,LARGE_EFFECT_SMALL_PANEL
POLICY_VALIDATION-REPAIR-920603,REPAIR,NULL,0.0,1000000,18,8,4,1,0.2,0.0,0.03,1,0.08,40,0.01,POLICY_VALIDATION,920603,student_t_v2.1,0.75,True,True,True,False,EXTREME_FAMILY_IMBALANCE
POLICY_VALIDATION-REPAIR-920604,REPAIR,SUPPORTED,0.035,500,18,8,4,1,0.6,0.0,0.03,1,0.08,40,0.01,POLICY_VALIDATION,920604,student_t_v2.2,0.8,False,True,True,False,ONE_DOMINANT_FAMILY
POLICY_VALIDATION-REPAIR-920605,REPAIR,SUPPORTED,0.075,10000,18,8,6,1,0.6,0.0,0.03,1,0.08,40,0.01,POLICY_VALIDATION,920605,student_t_v2.3,0.85,True,False,True,False,TRANSPORT_REVERSAL
POLICY_VALIDATION-REPAIR-920606,REPAIR,NULL,0.0,1000000,54,8,6,1,0.9,0.0,0.03,1,0.08,40,0.01,POLICY_VALIDATION,920606,student_t_v2.1,0.9,True,True,False,False,BENCHMARK_SPECIFIC_REVERSAL
POLICY_VALIDATION-REPAIR-920607,REPAIR,SUPPORTED,0.035,500,54,24,6,1,0.9,0.0,0.03,1,0.08,40,0.01,POLICY_VALIDATION,920607,student_t_v2.2,0.95,True,True,True,False,VERY_HIGH_MULTIPLICITY
POLICY_VALIDATION-REPAIR-920608,REPAIR,SUPPORTED,0.075,10000,54,24,6,1,0.2,0.0,0.03,1,0.08,40,0.01,POLICY_VALIDATION,920608,student_t_v2.3,0.6,False,True,True,False,NEARLY_TIED_TOP_K
POLICY_VALIDATION-REPAIR-920609,REPAIR,NULL,0.0,1000000,144,24,6,1,0.2,0.0,0.03,1,0.08,40,0.01,POLICY_VALIDATION,920609,student_t_v2.1,0.65,True,True,True,False,HIGH_RAW_LOW_EFFECTIVE_N
POLICY_VALIDATION-REPAIR-920610,REPAIR,SUPPORTED,0.035,500,144,24,10,1,0.6,0.0,0.03,1,0.08,40,0.01,POLICY_VALIDATION,920610,student_t_v2.2,0.7,True,False,True,False,SMALL_EFFECT_HUGE_RAW_N
POLICY_VALIDATION-REPAIR-920611,REPAIR,SUPPORTED,0.075,10000,144,24,10,1,0.6,0.0,0.03,3,0.08,40,0.01,POLICY_VALIDATION,920611,student_t_v2.3,0.75,True,True,True,False,LARGE_EFFECT_SMALL_PANEL
POLICY_VALIDATION-REPAIR-920612,REPAIR,NULL,0.0,1000000,18,24,10,1,0.9,0.0,0.03,3,0.08,40,0.01,POLICY_VALIDATION,920612,student_t_v2.1,0.8,False,True,False,False,EXTREME_FAMILY_IMBALANCE
POLICY_VALIDATION-REPAIR-920613,REPAIR,SUPPORTED,0.035,500,18,24,10,1,0.9,0.0,0.03,3,0.08,1,0.01,POLICY_VALIDATION,920613,student_t_v2.2,0.85,True,True,True,False,ONE_DOMINANT_FAMILY
POLICY_VALIDATION-REPAIR-920614,REPAIR,SUPPORTED,0.075,10000,18,60,10,1,0.2,0.0,0.03,3,0.08,1,0.01,POLICY_VALIDATION,920614,student_t_v2.3,0.9,True,True,True,False,TRANSPORT_REVERSAL
POLICY_VALIDATION-REPAIR-920615,REPAIR,NULL,0.0,1000000,54,60,2,1,0.2,0.0,0.03,3,0.08,1,0.01,POLICY_VALIDATION,920615,student_t_v2.1,0.95,True,False,True,False,BENCHMARK_SPECIFIC_REVERSAL
POLICY_VALIDATION-REPAIR-920616,REPAIR,SUPPORTED,0.035,500,54,60,2,1,0.6,0.0,0.03,3,0.08,1,0.01,POLICY_VALIDATION,920616,student_t_v2.2,0.6,False,True,True,False,VERY_HIGH_MULTIPLICITY
POLICY_VALIDATION-REPAIR-920617,REPAIR,SUPPORTED,0.075,10000,54,60,2,3,0.6,0.0,0.03,3,0.08,1,0.01,POLICY_VALIDATION,920617,student_t_v2.3,0.65,True,True,True,False,NEARLY_TIED_TOP_K
POLICY_VALIDATION-REPAIR-920618,REPAIR,NULL,0.0,1000000,144,60,2,3,0.9,0.0,0.03,3,0.08,1,0.01,POLICY_VALIDATION,920618,student_t_v2.1,0.7,True,True,False,False,HIGH_RAW_LOW_EFFECTIVE_N
POLICY_VALIDATION-REPAIR-920619,REPAIR,SUPPORTED,0.035,500,144,60,2,3,0.9,0.5,0.03,3,0.08,1,0.01,POLICY_VALIDATION,920619,student_t_v2.2,0.75,True,True,True,False,SMALL_EFFECT_HUGE_RAW_N
POLICY_VALIDATION-REPAIR-920620,REPAIR,SUPPORTED,0.075,10000,144,60,4,3,0.2,0.5,0.03,3,0.08,1,0.01,POLICY_VALIDATION,920620,student_t_v2.3,0.8,False,False,True,False,LARGE_EFFECT_SMALL_PANEL
POLICY_VALIDATION-REPAIR-920621,REPAIR,NULL,0.0,1000000,18,2,4,3,0.2,0.5,0.03,3,0.08,1,0.01,POLICY_VALIDATION,920621,student_t_v2.1,0.85,True,True,True,False,EXTREME_FAMILY_IMBALANCE
POLICY_VALIDATION-REPAIR-920622,REPAIR,SUPPORTED,0.035,500,18,2,4,3,0.6,0.5,0.03,5,0.08,1,0.01,POLICY_VALIDATION,920622,student_t_v2.2,0.9,True,True,True,False,ONE_DOMINANT_FAMILY
POLICY_VALIDATION-REPAIR-920623,REPAIR,SUPPORTED,0.075,10000,18,2,4,3,0.6,0.5,0.1,5,0.08,1,0.01,POLICY_VALIDATION,920623,student_t_v2.3,0.95,True,True,True,False,TRANSPORT_REVERSAL
POLICY_VALIDATION-REPAIR-920624,REPAIR,NULL,0.0,1000000,54,2,4,3,0.9,0.5,0.1,5,0.08,1,0.01,POLICY_VALIDATION,920624,student_t_v2.1,0.6,False,True,False,False,BENCHMARK_SPECIFIC_REVERSAL
POLICY_VALIDATION-REPAIR-920625,REPAIR,SUPPORTED,0.035,500,54,2,6,3,0.9,0.5,0.1,5,0.08,1,0.01,POLICY_VALIDATION,920625,student_t_v2.2,0.65,True,False,True,False,VERY_HIGH_MULTIPLICITY
POLICY_VALIDATION-REPAIR-920626,REPAIR,SUPPORTED,0.075,10000,54,2,6,3,0.2,0.5,0.1,5,0.08,12,0.01,POLICY_VALIDATION,920626,student_t_v2.3,0.7,True,True,True,False,NEARLY_TIED_TOP_K
POLICY_VALIDATION-REPAIR-920627,REPAIR,NULL,0.0,1000000,144,2,6,3,0.2,0.5,0.1,5,0.08,12,0.01,POLICY_VALIDATION,920627,student_t_v2.1,0.75,True,True,True,False,HIGH_RAW_LOW_EFFECTIVE_N
POLICY_VALIDATION-REPAIR-920628,REPAIR,SUPPORTED,0.035,500,144,8,6,3,0.6,0.5,0.1,5,0.08,12,0.01,POLICY_VALIDATION,920628,student_t_v2.2,0.8,False,True,True,False,SMALL_EFFECT_HUGE_RAW_N
POLICY_VALIDATION-REPAIR-920629,REPAIR,SUPPORTED,0.075,10000,144,8,6,3,0.6,0.5,0.1,5,0.12,12,0.01,POLICY_VALIDATION,920629,student_t_v2.3,0.85,True,True,True,False,LARGE_EFFECT_SMALL_PANEL
POLICY_VALIDATION-REPAIR-920630,REPAIR,NULL,0.0,1000000,18,8,10,3,0.9,0.5,0.1,5,0.12,12,0.01,POLICY_VALIDATION,920630,student_t_v2.1,0.9,True,False,False,False,EXTREME_FAMILY_IMBALANCE
POLICY_VALIDATION-REPAIR-920631,REPAIR,SUPPORTED,0.035,500,18,8,10,3,0.9,0.5,0.1,5,0.12,12,0.01,POLICY_VALIDATION,920631,student_t_v2.2,0.95,True,True,True,False,ONE_DOMINANT_FAMILY
POLICY_VALIDATION-REPAIR-920632,REPAIR,SUPPORTED,0.075,10000,18,8,10,3,0.2,0.5,0.1,5,0.12,12,0.01,POLICY_VALIDATION,920632,student_t_v2.3,0.6,False,True,True,False,TRANSPORT_REVERSAL
POLICY_VALIDATION-REPAIR-920633,REPAIR,NULL,0.0,1000000,54,8,10,3,0.2,0.5,0.1,1,0.12,12,0.01,POLICY_VALIDATION,920633,student_t_v2.1,0.65,True,True,True,False,BENCHMARK_SPECIFIC_REVERSAL
POLICY_VALIDATION-REPAIR-920634,REPAIR,SUPPORTED,0.035,500,54,8,10,8,0.6,0.5,0.1,1,0.12,12,0.01,POLICY_VALIDATION,920634,student_t_v2.2,0.7,True,True,True,False,VERY_HIGH_MULTIPLICITY
POLICY_VALIDATION-REPAIR-920635,REPAIR,SUPPORTED,0.075,10000,54,24,2,8,0.6,0.5,0.1,1,0.12,12,0.01,POLICY_VALIDATION,920635,student_t_v2.3,0.75,True,False,True,False,NEARLY_TIED_TOP_K
POLICY_VALIDATION-REPAIR-920636,REPAIR,NULL,0.0,1000000,144,24,2,8,0.9,0.5,0.1,1,0.12,12,0.01,POLICY_VALIDATION,920636,student_t_v2.1,0.8,False,True,False,False,HIGH_RAW_LOW_EFFECTIVE_N
POLICY_VALIDATION-REPAIR-920637,REPAIR,SUPPORTED,0.035,500,144,24,2,8,0.9,0.5,0.1,1,0.12,12,0.01,POLICY_VALIDATION,920637,student_t_v2.2,0.85,True,True,True,False,SMALL_EFFECT_HUGE_RAW_N
POLICY_VALIDATION-REPAIR-920638,REPAIR,SUPPORTED,0.075,10000,144,24,2,8,0.2,0.9,0.1,1,0.12,12,0.01,POLICY_VALIDATION,920638,student_t_v2.3,0.9,True,True,True,False,LARGE_EFFECT_SMALL_PANEL
POLICY_VALIDATION-REPAIR-920639,REPAIR,NULL,0.0,1000000,18,24,2,8,0.2,0.9,0.1,1,0.12,40,0.01,POLICY_VALIDATION,920639,student_t_v2.1,0.95,True,True,True,False,EXTREME_FAMILY_IMBALANCE
POLICY_VALIDATION-REPAIR-920640,REPAIR,SUPPORTED,0.035,500,18,24,4,8,0.6,0.9,0.1,1,0.12,40,0.01,POLICY_VALIDATION,920640,student_t_v2.2,0.6,False,False,True,False,ONE_DOMINANT_FAMILY
POLICY_VALIDATION-REPAIR-920641,REPAIR,SUPPORTED,0.075,10000,18,24,4,8,0.6,0.9,0.1,1,0.12,40,0.01,POLICY_VALIDATION,920641,student_t_v2.3,0.65,True,True,True,False,TRANSPORT_REVERSAL
POLICY_VALIDATION-REPAIR-920642,REPAIR,NULL,0.0,1000000,54,60,4,8,0.9,0.9,0.1,1,0.12,40,0.01,POLICY_VALIDATION,920642,student_t_v2.1,0.7,True,True,False,False,BENCHMARK_SPECIFIC_REVERSAL
POLICY_VALIDATION-REPAIR-920643,REPAIR,SUPPORTED,0.035,500,54,60,4,8,0.9,0.9,0.1,1,0.12,40,0.01,POLICY_VALIDATION,920643,student_t_v2.2,0.75,True,True,True,False,VERY_HIGH_MULTIPLICITY
POLICY_VALIDATION-REPAIR-920644,REPAIR,SUPPORTED,0.075,10000,54,60,4,8,0.2,0.9,0.1,3,0.12,40,0.01,POLICY_VALIDATION,920644,student_t_v2.3,0.8,False,True,True,False,NEARLY_TIED_TOP_K
POLICY_VALIDATION-REPAIR-920645,REPAIR,NULL,0.0,1000000,144,60,6,8,0.2,0.9,0.1,3,0.12,40,0.01,POLICY_VALIDATION,920645,student_t_v2.1,0.85,True,False,True,False,HIGH_RAW_LOW_EFFECTIVE_N
POLICY_VALIDATION-REPAIR-920646,REPAIR,SUPPORTED,0.035,500,144,60,6,8,0.6,0.9,0.25,3,0.12,40,0.01,POLICY_VALIDATION,920646,student_t_v2.2,0.9,True,True,True,False,SMALL_EFFECT_HUGE_RAW_N
POLICY_VALIDATION-REPAIR-920647,REPAIR,SUPPORTED,0.075,10000,144,60,6,8,0.6,0.9,0.25,3,0.12,40,0.01,POLICY_VALIDATION,920647,student_t_v2.3,0.95,True,True,True,False,LARGE_EFFECT_SMALL_PANEL
POLICY_VALIDATION-REPAIR-920648,REPAIR,NULL,0.0,1000000,18,60,6,8,0.9,0.9,0.25,3,0.12,40,0.01,POLICY_VALIDATION,920648,student_t_v2.1,0.6,False,True,False,False,EXTREME_FAMILY_IMBALANCE
POLICY_VALIDATION-REPAIR-920649,REPAIR,SUPPORTED,0.035,500,18,2,6,8,0.9,0.9,0.25,3,0.12,40,0.01,POLICY_VALIDATION,920649,student_t_v2.2,0.65,True,True,True,False,ONE_DOMINANT_FAMILY
POLICY_VALIDATION-REPAIR-920650,REPAIR,SUPPORTED,0.075,10000,18,2,10,8,0.2,0.9,0.25,3,0.12,40,0.01,POLICY_VALIDATION,920650,student_t_v2.3,0.7,True,False,True,False,TRANSPORT_REVERSAL
POLICY_VALIDATION-REPAIR-920651,REPAIR,NULL,0.0,1000000,54,2,10,1,0.2,0.9,0.25,3,0.12,40,0.01,POLICY_VALIDATION,920651,student_t_v2.1,0.75,True,True,True,False,BENCHMARK_SPECIFIC_REVERSAL
POLICY_VALIDATION-REPAIR-920652,REPAIR,SUPPORTED,0.035,500,54,2,10,1,0.6,0.9,0.25,3,0.12,1,0.01,POLICY_VALIDATION,920652,student_t_v2.2,0.8,False,True,True,False,VERY_HIGH_MULTIPLICITY
POLICY_VALIDATION-REPAIR-920653,REPAIR,SUPPORTED,0.075,10000,54,2,10,1,0.6,0.9,0.25,3,0.12,1,0.01,POLICY_VALIDATION,920653,student_t_v2.3,0.85,True,True,True,False,NEARLY_TIED_TOP_K
POLICY_VALIDATION-REPAIR-920654,REPAIR,NULL,0.0,1000000,144,2,10,1,0.9,0.9,0.25,3,0.12,1,0.01,POLICY_VALIDATION,920654,student_t_v2.1,0.9,True,True,False,False,HIGH_RAW_LOW_EFFECTIVE_N
POLICY_VALIDATION-REPAIR-920655,REPAIR,SUPPORTED,0.035,500,144,2,2,1,0.9,0.9,0.25,5,0.12,1,0.01,POLICY_VALIDATION,920655,student_t_v2.2,0.95,True,False,True,False,SMALL_EFFECT_HUGE_RAW_N
POLICY_VALIDATION-REPAIR-920656,REPAIR,SUPPORTED,0.075,10000,144,8,2,1,0.2,0.9,0.25,5,0.12,1,0.01,POLICY_VALIDATION,920656,student_t_v2.3,0.6,False,True,True,False,LARGE_EFFECT_SMALL_PANEL
POLICY_VALIDATION-REPAIR-920657,REPAIR,NULL,0.0,1000000,18,8,2,1,0.2,0.0,0.25,5,0.12,1,0.01,POLICY_VALIDATION,920657,student_t_v2.1,0.65,True,True,True,False,EXTREME_FAMILY_IMBALANCE
POLICY_VALIDATION-REPAIR-920658,REPAIR,SUPPORTED,0.035,500,18,8,2,1,0.6,0.0,0.25,5,0.18,1,0.01,POLICY_VALIDATION,920658,student_t_v2.2,0.7,True,True,True,False,ONE_DOMINANT_FAMILY
POLICY_VALIDATION-REPAIR-920659,REPAIR,SUPPORTED,0.075,10000,18,8,2,1,0.6,0.0,0.25,5,0.18,1,0.01,POLICY_VALIDATION,920659,student_t_v2.3,0.75,True,True,True,False,TRANSPORT_REVERSAL
POLICY_VALIDATION-REPAIR-920660,REPAIR,NULL,0.0,1000000,54,8,4,1,0.9,0.0,0.25,5,0.18,1,0.01,POLICY_VALIDATION,920660,student_t_v2.1,0.8,False,False,False,False,BENCHMARK_SPECIFIC_REVERSAL
POLICY_VALIDATION-REPAIR-920661,REPAIR,SUPPORTED,0.035,500,54,8,4,1,0.9,0.0,0.25,5,0.18,1,0.01,POLICY_VALIDATION,920661,student_t_v2.2,0.85,True,True,True,False,VERY_HIGH_MULTIPLICITY
POLICY_VALIDATION-REPAIR-920662,REPAIR,SUPPORTED,0.075,10000,54,8,4,1,0.2,0.0,0.25,5,0.18,1,0.01,POLICY_VALIDATION,920662,student_t_v2.3,0.9,True,True,True,False,NEARLY_TIED_TOP_K
POLICY_VALIDATION-REPAIR-920663,REPAIR,NULL,0.0,1000000,144,24,4,1,0.2,0.0,0.25,5,0.18,1,0.01,POLICY_VALIDATION,920663,student_t_v2.1,0.95,True,True,True,False,HIGH_RAW_LOW_EFFECTIVE_N
POLICY_VALIDATION-REPAIR-920664,REPAIR,SUPPORTED,0.035,500,144,24,4,1,0.6,0.0,0.25,5,0.18,1,0.01,POLICY_VALIDATION,920664,student_t_v2.2,0.6,False,True,True,False,SMALL_EFFECT_HUGE_RAW_N
POLICY_VALIDATION-REPAIR-920665,REPAIR,SUPPORTED,0.075,10000,144,24,6,1,0.6,0.0,0.25,5,0.18,12,0.01,POLICY_VALIDATION,920665,student_t_v2.3,0.65,True,False,True,False,LARGE_EFFECT_SMALL_PANEL
POLICY_VALIDATION-REPAIR-920666,REPAIR,NULL,0.0,1000000,18,24,6,1,0.9,0.0,0.25,1,0.18,12,0.01,POLICY_VALIDATION,920666,student_t_v2.1,0.7,True,True,False,False,EXTREME_FAMILY_IMBALANCE
POLICY_VALIDATION-REPAIR-920667,REPAIR,SUPPORTED,0.035,500,18,24,6,1,0.9,0.0,0.25,1,0.18,12,0.01,POLICY_VALIDATION,920667,student_t_v2.2,0.75,True,True,True,False,ONE_DOMINANT_FAMILY
POLICY_VALIDATION-REPAIR-920668,REPAIR,SUPPORTED,0.075,10000,18,24,6,3,0.2,0.0,0.25,1,0.18,12,0.01,POLICY_VALIDATION,920668,student_t_v2.3,0.8,False,True,True,False,TRANSPORT_REVERSAL
POLICY_VALIDATION-REPAIR-920669,REPAIR,NULL,0.0,1000000,54,24,6,3,0.2,0.0,0.03,1,0.18,12,0.01,POLICY_VALIDATION,920669,student_t_v2.1,0.85,True,True,True,False,BENCHMARK_SPECIFIC_REVERSAL
POLICY_VALIDATION-REPAIR-920670,REPAIR,SUPPORTED,0.035,500,54,60,10,3,0.6,0.0,0.03,1,0.18,12,0.01,POLICY_VALIDATION,920670,student_t_v2.2,0.9,True,False,True,False,VERY_HIGH_MULTIPLICITY
POLICY_VALIDATION-REPAIR-920671,REPAIR,SUPPORTED,0.075,10000,54,60,10,3,0.6,0.0,0.03,1,0.18,12,0.01,POLICY_VALIDATION,920671,student_t_v2.3,0.95,True,True,True,False,NEARLY_TIED_TOP_K
POLICY_VALIDATION-REPAIR-920672,REPAIR,NULL,0.0,1000000,144,60,10,3,0.9,0.0,0.03,1,0.18,12,0.01,POLICY_VALIDATION,920672,student_t_v2.1,0.6,False,True,False,False,HIGH_RAW_LOW_EFFECTIVE_N
POLICY_VALIDATION-REPAIR-920673,REPAIR,SUPPORTED,0.035,500,144,60,10,3,0.9,0.0,0.03,1,0.18,12,0.01,POLICY_VALIDATION,920673,student_t_v2.2,0.65,True,True,True,False,SMALL_EFFECT_HUGE_RAW_N
POLICY_VALIDATION-REPAIR-920674,REPAIR,SUPPORTED,0.075,10000,144,60,10,3,0.2,0.0,0.03,1,0.18,12,0.01,POLICY_VALIDATION,920674,student_t_v2.3,0.7,True,True,True,False,LARGE_EFFECT_SMALL_PANEL
POLICY_VALIDATION-REPAIR-920675,REPAIR,NULL,0.0,1000000,18,60,2,3,0.2,0.0,0.03,1,0.18,12,0.01,POLICY_VALIDATION,920675,student_t_v2.1,0.75,True,False,True,False,EXTREME_FAMILY_IMBALANCE
POLICY_VALIDATION-REPAIR-920676,REPAIR,SUPPORTED,0.035,500,18,60,2,3,0.6,0.5,0.03,1,0.18,12,0.01,POLICY_VALIDATION,920676,student_t_v2.2,0.8,False,True,True,False,ONE_DOMINANT_FAMILY
POLICY_VALIDATION-REPAIR-920677,REPAIR,SUPPORTED,0.075,10000,18,2,2,3,0.6,0.5,0.03,3,0.18,12,0.01,POLICY_VALIDATION,920677,student_t_v2.3,0.85,True,True,True,False,TRANSPORT_REVERSAL
POLICY_VALIDATION-REPAIR-920678,REPAIR,NULL,0.0,1000000,54,2,2,3,0.9,0.5,0.03,3,0.18,40,0.01,POLICY_VALIDATION,920678,student_t_v2.1,0.9,True,True,False,False,BENCHMARK_SPECIFIC_REVERSAL
POLICY_VALIDATION-REPAIR-920679,REPAIR,SUPPORTED,0.035,500,54,2,2,3,0.9,0.5,0.03,3,0.18,40,0.01,POLICY_VALIDATION,920679,student_t_v2.2,0.95,True,True,True,False,VERY_HIGH_MULTIPLICITY
POLICY_VALIDATION-REPAIR-920680,REPAIR,SUPPORTED,0.075,10000,54,2,4,3,0.2,0.5,0.03,3,0.18,40,0.01,POLICY_VALIDATION,920680,student_t_v2.3,0.6,False,False,True,False,NEARLY_TIED_TOP_K
POLICY_VALIDATION-REPAIR-920681,REPAIR,NULL,0.0,1000000,144,2,4,3,0.2,0.5,0.03,3,0.18,40,0.01,POLICY_VALIDATION,920681,student_t_v2.1,0.65,True,True,True,False,HIGH_RAW_LOW_EFFECTIVE_N
POLICY_VALIDATION-REPAIR-920682,REPAIR,SUPPORTED,0.035,500,144,2,4,3,0.6,0.5,0.03,3,0.18,40,0.01,POLICY_VALIDATION,920682,student_t_v2.2,0.7,True,True,True,False,SMALL_EFFECT_HUGE_RAW_N
POLICY_VALIDATION-REPAIR-920683,REPAIR,SUPPORTED,0.075,10000,144,2,4,3,0.6,0.5,0.03,3,0.18,40,0.01,POLICY_VALIDATION,920683,student_t_v2.3,0.75,True,True,True,False,LARGE_EFFECT_SMALL_PANEL
POLICY_VALIDATION-REPAIR-920684,REPAIR,NULL,0.0,1000000,18,8,4,3,0.9,0.5,0.03,3,0.18,40,0.01,POLICY_VALIDATION,920684,student_t_v2.1,0.8,False,True,False,False,EXTREME_FAMILY_IMBALANCE
POLICY_VALIDATION-REPAIR-920685,REPAIR,SUPPORTED,0.035,500,18,8,6,8,0.9,0.5,0.03,3,0.18,40,0.01,POLICY_VALIDATION,920685,student_t_v2.2,0.85,True,False,True,False,ONE_DOMINANT_FAMILY
POLICY_VALIDATION-REPAIR-920686,REPAIR,SUPPORTED,0.075,10000,18,8,6,8,0.2,0.5,0.03,3,0.18,40,0.01,POLICY_VALIDATION,920686,student_t_v2.3,0.9,True,True,True,False,TRANSPORT_REVERSAL
POLICY_VALIDATION-REPAIR-920687,REPAIR,NULL,0.0,1000000,54,8,6,8,0.2,0.5,0.03,3,0.08,40,0.01,POLICY_VALIDATION,920687,student_t_v2.1,0.95,True,True,True,False,BENCHMARK_SPECIFIC_REVERSAL
POLICY_VALIDATION-REPAIR-920688,REPAIR,SUPPORTED,0.035,500,54,8,6,8,0.6,0.5,0.03,5,0.08,40,0.01,POLICY_VALIDATION,920688,student_t_v2.2,0.6,False,True,True,False,VERY_HIGH_MULTIPLICITY
POLICY_VALIDATION-REPAIR-920689,REPAIR,SUPPORTED,0.075,10000,54,8,6,8,0.6,0.5,0.03,5,0.08,40,0.01,POLICY_VALIDATION,920689,student_t_v2.3,0.65,True,True,True,False,NEARLY_TIED_TOP_K
POLICY_VALIDATION-REPAIR-920690,REPAIR,NULL,0.0,1000000,144,8,10,8,0.9,0.5,0.03,5,0.08,40,0.01,POLICY_VALIDATION,920690,student_t_v2.1,0.7,True,False,False,False,HIGH_RAW_LOW_EFFECTIVE_N
POLICY_VALIDATION-REPAIR-920691,REPAIR,SUPPORTED,0.035,500,144,24,10,8,0.9,0.5,0.03,5,0.08,1,0.01,POLICY_VALIDATION,920691,student_t_v2.2,0.75,True,True,True,False,SMALL_EFFECT_HUGE_RAW_N
POLICY_VALIDATION-REPAIR-920692,REPAIR,SUPPORTED,0.075,10000,144,24,10,8,0.2,0.5,0.1,5,0.08,1,0.01,POLICY_VALIDATION,920692,student_t_v2.3,0.8,False,True,True,False,LARGE_EFFECT_SMALL_PANEL
POLICY_VALIDATION-REPAIR-920693,REPAIR,NULL,0.0,1000000,18,24,10,8,0.2,0.5,0.1,5,0.08,1,0.01,POLICY_VALIDATION,920693,student_t_v2.1,0.85,True,True,True,False,EXTREME_FAMILY_IMBALANCE
POLICY_VALIDATION-REPAIR-920694,REPAIR,SUPPORTED,0.035,500,18,24,10,8,0.6,0.5,0.1,5,0.08,1,0.01,POLICY_VALIDATION,920694,student_t_v2.2,0.9,True,True,True,False,ONE_DOMINANT_FAMILY
POLICY_VALIDATION-REPAIR-920695,REPAIR,SUPPORTED,0.075,10000,18,24,2,8,0.6,0.9,0.1,5,0.08,1,0.01,POLICY_VALIDATION,920695,student_t_v2.3,0.95,True,False,True,False,TRANSPORT_REVERSAL
POLICY_VALIDATION-REPAIR-920696,REPAIR,NULL,0.0,1000000,54,24,2,8,0.9,0.9,0.1,5,0.08,1,0.01,POLICY_VALIDATION,920696,student_t_v2.1,0.6,False,True,False,False,BENCHMARK_SPECIFIC_REVERSAL
POLICY_VALIDATION-REPAIR-920697,REPAIR,SUPPORTED,0.035,500,54,24,2,8,0.9,0.9,0.1,5,0.08,1,0.01,POLICY_VALIDATION,920697,student_t_v2.2,0.65,True,True,True,False,VERY_HIGH_MULTIPLICITY
POLICY_VALIDATION-REPAIR-920698,REPAIR,SUPPORTED,0.075,10000,54,60,2,8,0.2,0.9,0.1,5,0.08,1,0.01,POLICY_VALIDATION,920698,student_t_v2.3,0.7,True,True,True,False,NEARLY_TIED_TOP_K
POLICY_VALIDATION-REPAIR-920699,REPAIR,NULL,0.0,1000000,144,60,2,8,0.2,0.9,0.1,1,0.08,1,0.01,POLICY_VALIDATION,920699,student_t_v2.1,0.75,True,True,True,False,HIGH_RAW_LOW_EFFECTIVE_N
POLICY_VALIDATION-REPAIR-920700,REPAIR,SUPPORTED,0.035,500,144,60,4,8,0.6,0.9,0.1,1,0.08,1,0.01,POLICY_VALIDATION,920700,student_t_v2.2,0.8,False,False,True,False,SMALL_EFFECT_HUGE_RAW_N
POLICY_VALIDATION-REPAIR-920701,REPAIR,SUPPORTED,0.075,10000,144,60,4,8,0.6,0.9,0.1,1,0.08,1,0.01,POLICY_VALIDATION,920701,student_t_v2.3,0.85,True,True,True,False,LARGE_EFFECT_SMALL_PANEL
POLICY_VALIDATION-REPAIR-920702,REPAIR,NULL,0.0,1000000,18,60,4,1,0.9,0.9,0.1,1,0.08,1,0.01,POLICY_VALIDATION,920702,student_t_v2.1,0.9,True,True,False,False,EXTREME_FAMILY_IMBALANCE
POLICY_VALIDATION-REPAIR-920703,REPAIR,SUPPORTED,0.035,500,18,60,4,1,0.9,0.9,0.1,1,0.08,1,0.01,POLICY_VALIDATION,920703,student_t_v2.2,0.95,True,True,True,False,ONE_DOMINANT_FAMILY
POLICY_VALIDATION-REPAIR-920704,REPAIR,SUPPORTED,0.075,10000,18,60,4,1,0.2,0.9,0.1,1,0.08,12,0.01,POLICY_VALIDATION,920704,student_t_v2.3,0.6,False,True,True,False,TRANSPORT_REVERSAL
POLICY_VALIDATION-REPAIR-920705,REPAIR,NULL,0.0,1000000,54,2,6,1,0.2,0.9,0.1,1,0.08,12,0.01,POLICY_VALIDATION,920705,student_t_v2.1,0.65,True,False,True,False,BENCHMARK_SPECIFIC_REVERSAL
POLICY_VALIDATION-REPAIR-920706,REPAIR,SUPPORTED,0.035,500,54,2,6,1,0.6,0.9,0.1,1,0.08,12,0.01,POLICY_VALIDATION,920706,student_t_v2.2,0.7,True,True,True,False,VERY_HIGH_MULTIPLICITY
POLICY_VALIDATION-REPAIR-920707,REPAIR,SUPPORTED,0.075,10000,54,2,6,1,0.6,0.9,0.1,1,0.08,12,0.01,POLICY_VALIDATION,920707,student_t_v2.3,0.75,True,True,True,False,NEARLY_TIED_TOP_K
POLICY_VALIDATION-REPAIR-920708,REPAIR,NULL,0.0,1000000,144,2,6,1,0.9,0.9,0.1,1,0.08,12,0.01,POLICY_VALIDATION,920708,student_t_v2.1,0.8,False,True,False,False,HIGH_RAW_LOW_EFFECTIVE_N
POLICY_VALIDATION-REPAIR-920709,REPAIR,SUPPORTED,0.035,500,144,2,6,1,0.9,0.9,0.1,1,0.08,12,0.01,POLICY_VALIDATION,920709,student_t_v2.2,0.85,True,True,True,False,SMALL_EFFECT_HUGE_RAW_N
POLICY_VALIDATION-REPAIR-920710,REPAIR,SUPPORTED,0.075,10000,144,2,10,1,0.2,0.9,0.1,3,0.08,12,0.01,POLICY_VALIDATION,920710,student_t_v2.3,0.9,True,False,True,False,LARGE_EFFECT_SMALL_PANEL
POLICY_VALIDATION-REPAIR-920711,REPAIR,NULL,0.0,1000000,18,2,10,1,0.2,0.9,0.1,3,0.08,12,0.01,POLICY_VALIDATION,920711,student_t_v2.1,0.95,True,True,True,False,EXTREME_FAMILY_IMBALANCE
POLICY_VALIDATION-REPAIR-920712,REPAIR,SUPPORTED,0.035,500,18,8,10,1,0.6,0.9,0.1,3,0.08,12,0.01,POLICY_VALIDATION,920712,student_t_v2.2,0.6,False,True,True,False,ONE_DOMINANT_FAMILY
POLICY_VALIDATION-REPAIR-920713,REPAIR,SUPPORTED,0.075,10000,18,8,10,1,0.6,0.9,0.1,3,0.08,12,0.01,POLICY_VALIDATION,920713,student_t_v2.3,0.65,True,True,True,False,TRANSPORT_REVERSAL
POLICY_VALIDATION-REPAIR-920714,REPAIR,NULL,0.0,1000000,54,8,10,1,0.9,0.0,0.1,3,0.08,12,0.01,POLICY_VALIDATION,920714,student_t_v2.1,0.7,True,True,False,False,BENCHMARK_SPECIFIC_REVERSAL
POLICY_VALIDATION-REPAIR-920715,REPAIR,SUPPORTED,0.035,500,54,8,2,1,0.9,0.0,0.25,3,0.08,12,0.01,POLICY_VALIDATION,920715,student_t_v2.2,0.75,True,False,True,False,VERY_HIGH_MULTIPLICITY
POLICY_VALIDATION-REPAIR-920716,REPAIR,SUPPORTED,0.075,10000,54,8,2,1,0.2,0.0,0.25,3,0.12,12,0.01,POLICY_VALIDATION,920716,student_t_v2.3,0.8,False,True,True,False,NEARLY_TIED_TOP_K
POLICY_VALIDATION-REPAIR-920717,REPAIR,NULL,0.0,1000000,144,8,2,1,0.2,0.0,0.25,3,0.12,40,0.01,POLICY_VALIDATION,920717,student_t_v2.1,0.85,True,True,True,False,HIGH_RAW_LOW_EFFECTIVE_N
POLICY_VALIDATION-REPAIR-920718,REPAIR,SUPPORTED,0.035,500,144,8,2,1,0.6,0.0,0.25,3,0.12,40,0.01,POLICY_VALIDATION,920718,student_t_v2.2,0.9,True,True,True,False,SMALL_EFFECT_HUGE_RAW_N
POLICY_VALIDATION-REPAIR-920719,REPAIR,SUPPORTED,0.075,10000,144,24,2,3,0.6,0.0,0.25,3,0.12,40,0.01,POLICY_VALIDATION,920719,student_t_v2.3,0.95,True,True,True,False,LARGE_EFFECT_SMALL_PANEL
POLICY_CONFIRMATION-PRIMARY_PAIRWISE-1020000,PRIMARY_PAIRWISE,NULL,0.0,500,24,2,6,1,0.3,0.0,0.03,1,0.08,1,0.01,POLICY_CONFIRMATION,1020000,heteroskedastic_v3.1,0.6,False,False,False,False,HIGH_RAW_LOW_EFFECTIVE_N
POLICY_CONFIRMATION-PRIMARY_PAIRWISE-1020001,PRIMARY_PAIRWISE,SUPPORTED,0.04,10000,24,2,6,1,0.3,0.0,0.03,1,0.08,1,0.01,POLICY_CONFIRMATION,1020001,heteroskedastic_v3.2,0.65,True,True,True,False,SMALL_EFFECT_HUGE_RAW_N
POLICY_CONFIRMATION-PRIMARY_PAIRWISE-1020002,PRIMARY_PAIRWISE,SUPPORTED,0.085,1000000,24,2,6,1,0.72,0.0,0.03,1,0.08,1,0.01,POLICY_CONFIRMATION,1020002,heteroskedastic_v3.3,0.7,True,True,True,False,LARGE_EFFECT_SMALL_PANEL
POLICY_CONFIRMATION-PRIMARY_PAIRWISE-1020003,PRIMARY_PAIRWISE,NULL,0.0,500,72,2,6,1,0.72,0.0,0.03,1,0.08,1,0.01,POLICY_CONFIRMATION,1020003,heteroskedastic_v3.1,0.75,True,True,True,False,EXTREME_FAMILY_IMBALANCE
POLICY_CONFIRMATION-PRIMARY_PAIRWISE-1020004,PRIMARY_PAIRWISE,SUPPORTED,0.04,10000,72,2,6,1,0.93,0.0,0.03,1,0.08,1,0.01,POLICY_CONFIRMATION,1020004,heteroskedastic_v3.2,0.8,False,True,True,False,ONE_DOMINANT_FAMILY
POLICY_CONFIRMATION-PRIMARY_PAIRWISE-1020005,PRIMARY_PAIRWISE,SUPPORTED,0.085,1000000,72,2,10,1,0.93,0.0,0.03,1,0.08,1,0.01,POLICY_CONFIRMATION,1020005,heteroskedastic_v3.3,0.85,True,False,True,False,TRANSPORT_REVERSAL
POLICY_CONFIRMATION-PRIMARY_PAIRWISE-1020006,PRIMARY_PAIRWISE,NULL,0.0,500,180,2,10,1,0.3,0.0,0.03,1,0.08,1,0.01,POLICY_CONFIRMATION,1020006,heteroskedastic_v3.1,0.9,True,True,False,False,BENCHMARK_SPECIFIC_REVERSAL
POLICY_CONFIRMATION-PRIMARY_PAIRWISE-1020007,PRIMARY_PAIRWISE,SUPPORTED,0.04,10000,180,8,10,1,0.3,0.0,0.03,1,0.08,1,0.01,POLICY_CONFIRMATION,1020007,heteroskedastic_v3.2,0.95,True,True,True,False,VERY_HIGH_MULTIPLICITY
POLICY_CONFIRMATION-PRIMARY_PAIRWISE-1020008,PRIMARY_PAIRWISE,SUPPORTED,0.085,1000000,180,8,10,1,0.72,0.0,0.03,1,0.08,1,0.01,POLICY_CONFIRMATION,1020008,heteroskedastic_v3.3,0.6,False,True,True,False,NEARLY_TIED_TOP_K
POLICY_CONFIRMATION-PRIMARY_PAIRWISE-1020009,PRIMARY_PAIRWISE,NULL,0.0,500,24,8,10,1,0.72,0.0,0.03,1,0.08,1,0.01,POLICY_CONFIRMATION,1020009,heteroskedastic_v3.1,0.65,True,True,True,False,HIGH_RAW_LOW_EFFECTIVE_N
POLICY_CONFIRMATION-PRIMARY_PAIRWISE-1020010,PRIMARY_PAIRWISE,SUPPORTED,0.04,10000,24,8,2,1,0.93,0.0,0.03,1,0.08,1,0.01,POLICY_CONFIRMATION,1020010,heteroskedastic_v3.2,0.7,True,False,True,False,SMALL_EFFECT_HUGE_RAW_N
POLICY_CONFIRMATION-PRIMARY_PAIRWISE-1020011,PRIMARY_PAIRWISE,SUPPORTED,0.085,1000000,24,8,2,1,0.93,0.0,0.03,3,0.08,1,0.01,POLICY_CONFIRMATION,1020011,heteroskedastic_v3.3,0.75,True,True,True,False,LARGE_EFFECT_SMALL_PANEL
POLICY_CONFIRMATION-PRIMARY_PAIRWISE-1020012,PRIMARY_PAIRWISE,NULL,0.0,500,72,8,2,1,0.3,0.0,0.03,3,0.08,1,0.01,POLICY_CONFIRMATION,1020012,heteroskedastic_v3.1,0.8,False,True,False,False,EXTREME_FAMILY_IMBALANCE
POLICY_CONFIRMATION-PRIMARY_PAIRWISE-1020013,PRIMARY_PAIRWISE,SUPPORTED,0.04,10000,72,8,2,1,0.3,0.0,0.03,3,0.08,12,0.01,POLICY_CONFIRMATION,1020013,heteroskedastic_v3.2,0.85,True,True,True,False,ONE_DOMINANT_FAMILY
POLICY_CONFIRMATION-PRIMARY_PAIRWISE-1020014,PRIMARY_PAIRWISE,SUPPORTED,0.085,1000000,72,24,2,1,0.72,0.0,0.03,3,0.08,12,0.01,POLICY_CONFIRMATION,1020014,heteroskedastic_v3.3,0.9,True,True,True,False,TRANSPORT_REVERSAL
POLICY_CONFIRMATION-PRIMARY_PAIRWISE-1020015,PRIMARY_PAIRWISE,NULL,0.0,500,180,24,4,1,0.72,0.0,0.03,3,0.08,12,0.01,POLICY_CONFIRMATION,1020015,heteroskedastic_v3.1,0.95,True,False,True,False,BENCHMARK_SPECIFIC_REVERSAL
POLICY_CONFIRMATION-PRIMARY_PAIRWISE-1020016,PRIMARY_PAIRWISE,SUPPORTED,0.04,10000,180,24,4,1,0.93,0.0,0.03,3,0.08,12,0.01,POLICY_CONFIRMATION,1020016,heteroskedastic_v3.2,0.6,False,True,True,False,VERY_HIGH_MULTIPLICITY
POLICY_CONFIRMATION-PRIMARY_PAIRWISE-1020017,PRIMARY_PAIRWISE,SUPPORTED,0.085,1000000,180,24,4,3,0.93,0.0,0.03,3,0.08,12,0.01,POLICY_CONFIRMATION,1020017,heteroskedastic_v3.3,0.65,True,True,True,False,NEARLY_TIED_TOP_K
POLICY_CONFIRMATION-PRIMARY_PAIRWISE-1020018,PRIMARY_PAIRWISE,NULL,0.0,500,24,24,4,3,0.3,0.0,0.03,3,0.08,12,0.01,POLICY_CONFIRMATION,1020018,heteroskedastic_v3.1,0.7,True,True,False,False,HIGH_RAW_LOW_EFFECTIVE_N
POLICY_CONFIRMATION-PRIMARY_PAIRWISE-1020019,PRIMARY_PAIRWISE,SUPPORTED,0.04,10000,24,24,4,3,0.3,0.5,0.03,3,0.08,12,0.01,POLICY_CONFIRMATION,1020019,heteroskedastic_v3.2,0.75,True,True,True,False,SMALL_EFFECT_HUGE_RAW_N
POLICY_CONFIRMATION-PRIMARY_PAIRWISE-1020020,PRIMARY_PAIRWISE,SUPPORTED,0.085,1000000,24,24,6,3,0.72,0.5,0.03,3,0.08,12,0.01,POLICY_CONFIRMATION,1020020,heteroskedastic_v3.3,0.8,False,False,True,False,LARGE_EFFECT_SMALL_PANEL
POLICY_CONFIRMATION-PRIMARY_PAIRWISE-1020021,PRIMARY_PAIRWISE,NULL,0.0,500,72,60,6,3,0.72,0.5,0.03,3,0.08,12,0.01,POLICY_CONFIRMATION,1020021,heteroskedastic_v3.1,0.85,True,True,True,False,EXTREME_FAMILY_IMBALANCE
POLICY_CONFIRMATION-PRIMARY_PAIRWISE-1020022,PRIMARY_PAIRWISE,SUPPORTED,0.04,10000,72,60,6,3,0.93,0.5,0.03,5,0.08,12,0.01,POLICY_CONFIRMATION,1020022,heteroskedastic_v3.2,0.9,True,True,True,False,ONE_DOMINANT_FAMILY
POLICY_CONFIRMATION-PRIMARY_PAIRWISE-1020023,PRIMARY_PAIRWISE,SUPPORTED,0.085,1000000,72,60,6,3,0.93,0.5,0.1,5,0.08,12,0.01,POLICY_CONFIRMATION,1020023,heteroskedastic_v3.3,0.95,True,True,True,False,TRANSPORT_REVERSAL
POLICY_CONFIRMATION-PRIMARY_PAIRWISE-1020024,PRIMARY_PAIRWISE,NULL,0.0,500,180,60,6,3,0.3,0.5,0.1,5,0.08,12,0.01,POLICY_CONFIRMATION,1020024,heteroskedastic_v3.1,0.6,False,True,False,False,BENCHMARK_SPECIFIC_REVERSAL
POLICY_CONFIRMATION-PRIMARY_PAIRWISE-1020025,PRIMARY_PAIRWISE,SUPPORTED,0.04,10000,180,60,10,3,0.3,0.5,0.1,5,0.08,12,0.01,POLICY_CONFIRMATION,1020025,heteroskedastic_v3.2,0.65,True,False,True,False,VERY_HIGH_MULTIPLICITY
POLICY_CONFIRMATION-PRIMARY_PAIRWISE-1020026,PRIMARY_PAIRWISE,SUPPORTED,0.085,1000000,180,60,10,3,0.72,0.5,0.1,5,0.08,40,0.01,POLICY_CONFIRMATION,1020026,heteroskedastic_v3.3,0.7,True,True,True,False,NEARLY_TIED_TOP_K
POLICY_CONFIRMATION-PRIMARY_PAIRWISE-1020027,PRIMARY_PAIRWISE,NULL,0.0,500,24,60,10,3,0.72,0.5,0.1,5,0.08,40,0.01,POLICY_CONFIRMATION,1020027,heteroskedastic_v3.1,0.75,True,True,True,False,HIGH_RAW_LOW_EFFECTIVE_N
POLICY_CONFIRMATION-PRIMARY_PAIRWISE-1020028,PRIMARY_PAIRWISE,SUPPORTED,0.04,10000,24,2,10,3,0.93,0.5,0.1,5,0.08,40,0.01,POLICY_CONFIRMATION,1020028,heteroskedastic_v3.2,0.8,False,True,True,False,SMALL_EFFECT_HUGE_RAW_N
POLICY_CONFIRMATION-PRIMARY_PAIRWISE-1020029,PRIMARY_PAIRWISE,SUPPORTED,0.085,1000000,24,2,10,3,0.93,0.5,0.1,5,0.12,40,0.01,POLICY_CONFIRMATION,1020029,heteroskedastic_v3.3,0.85,True,True,True,False,LARGE_EFFECT_SMALL_PANEL
POLICY_CONFIRMATION-PRIMARY_PAIRWISE-1020030,PRIMARY_PAIRWISE,NULL,0.0,500,72,2,2,3,0.3,0.5,0.1,5,0.12,40,0.01,POLICY_CONFIRMATION,1020030,heteroskedastic_v3.1,0.9,True,False,False,False,EXTREME_FAMILY_IMBALANCE
POLICY_CONFIRMATION-PRIMARY_PAIRWISE-1020031,PRIMARY_PAIRWISE,SUPPORTED,0.04,10000,72,2,2,3,0.3,0.5,0.1,5,0.12,40,0.01,POLICY_CONFIRMATION,1020031,heteroskedastic_v3.2,0.95,True,True,True,False,ONE_DOMINANT_FAMILY
POLICY_CONFIRMATION-PRIMARY_PAIRWISE-1020032,PRIMARY_PAIRWISE,SUPPORTED,0.085,1000000,72,2,2,3,0.72,0.5,0.1,5,0.12,40,0.01,POLICY_CONFIRMATION,1020032,heteroskedastic_v3.3,0.6,False,True,True,False,TRANSPORT_REVERSAL
POLICY_CONFIRMATION-PRIMARY_PAIRWISE-1020033,PRIMARY_PAIRWISE,NULL,0.0,500,180,2,2,3,0.72,0.5,0.1,1,0.12,40,0.01,POLICY_CONFIRMATION,1020033,heteroskedastic_v3.1,0.65,True,True,True,False,BENCHMARK_SPECIFIC_REVERSAL
POLICY_CONFIRMATION-PRIMARY_PAIRWISE-1020034,PRIMARY_PAIRWISE,SUPPORTED,0.04,10000,180,2,2,8,0.93,0.5,0.1,1,0.12,40,0.01,POLICY_CONFIRMATION,1020034,heteroskedastic_v3.2,0.7,True,True,True,False,VERY_HIGH_MULTIPLICITY
POLICY_CONFIRMATION-PRIMARY_PAIRWISE-1020035,PRIMARY_PAIRWISE,SUPPORTED,0.085,1000000,180,8,4,8,0.93,0.5,0.1,1,0.12,40,0.01,POLICY_CONFIRMATION,1020035,heteroskedastic_v3.3,0.75,True,False,True,False,NEARLY_TIED_TOP_K
POLICY_CONFIRMATION-PRIMARY_PAIRWISE-1020036,PRIMARY_PAIRWISE,NULL,0.0,500,24,8,4,8,0.3,0.5,0.1,1,0.12,40,0.01,POLICY_CONFIRMATION,1020036,heteroskedastic_v3.1,0.8,False,True,False,False,HIGH_RAW_LOW_EFFECTIVE_N
POLICY_CONFIRMATION-PRIMARY_PAIRWISE-1020037,PRIMARY_PAIRWISE,SUPPORTED,0.04,10000,24,8,4,8,0.3,0.5,0.1,1,0.12,40,0.01,POLICY_CONFIRMATION,1020037,heteroskedastic_v3.2,0.85,True,True,True,False,SMALL_EFFECT_HUGE_RAW_N
POLICY_CONFIRMATION-PRIMARY_PAIRWISE-1020038,PRIMARY_PAIRWISE,SUPPORTED,0.085,1000000,24,8,4,8,0.72,0.9,0.1,1,0.12,40,0.01,POLICY_CONFIRMATION,1020038,heteroskedastic_v3.3,0.9,True,True,True,False,LARGE_EFFECT_SMALL_PANEL
POLICY_CONFIRMATION-PRIMARY_PAIRWISE-1020039,PRIMARY_PAIRWISE,NULL,0.0,500,72,8,4,8,0.72,0.9,0.1,1,0.12,1,0.01,POLICY_CONFIRMATION,1020039,heteroskedastic_v3.1,0.95,True,True,True,False,EXTREME_FAMILY_IMBALANCE
POLICY_CONFIRMATION-PRIMARY_PAIRWISE-1020040,PRIMARY_PAIRWISE,SUPPORTED,0.04,10000,72,8,6,8,0.93,0.9,0.1,1,0.12,1,0.01,POLICY_CONFIRMATION,1020040,heteroskedastic_v3.2,0.6,False,False,True,False,ONE_DOMINANT_FAMILY
POLICY_CONFIRMATION-PRIMARY_PAIRWISE-1020041,PRIMARY_PAIRWISE,SUPPORTED,0.085,1000000,72,8,6,8,0.93,0.9,0.1,1,0.12,1,0.01,POLICY_CONFIRMATION,1020041,heteroskedastic_v3.3,0.65,True,True,True,False,TRANSPORT_REVERSAL
POLICY_CONFIRMATION-PRIMARY_PAIRWISE-1020042,PRIMARY_PAIRWISE,NULL,0.0,500,180,24,6,8,0.3,0.9,0.1,1,0.12,1,0.01,POLICY_CONFIRMATION,1020042,heteroskedastic_v3.1,0.7,True,True,False,False,BENCHMARK_SPECIFIC_REVERSAL
POLICY_CONFIRMATION-PRIMARY_PAIRWISE-1020043,PRIMARY_PAIRWISE,SUPPORTED,0.04,10000,180,24,6,8,0.3,0.9,0.1,1,0.12,1,0.01,POLICY_CONFIRMATION,1020043,heteroskedastic_v3.2,0.75,True,True,True,False,VERY_HIGH_MULTIPLICITY
POLICY_CONFIRMATION-PRIMARY_PAIRWISE-1020044,PRIMARY_PAIRWISE,SUPPORTED,0.085,1000000,180,24,6,8,0.72,0.9,0.1,3,0.12,1,0.01,POLICY_CONFIRMATION,1020044,heteroskedastic_v3.3,0.8,False,True,True,False,NEARLY_TIED_TOP_K
POLICY_CONFIRMATION-PRIMARY_PAIRWISE-1020045,PRIMARY_PAIRWISE,NULL,0.0,500,24,24,10,8,0.72,0.9,0.1,3,0.12,1,0.01,POLICY_CONFIRMATION,1020045,heteroskedastic_v3.1,0.85,True,False,True,False,HIGH_RAW_LOW_EFFECTIVE_N
POLICY_CONFIRMATION-PRIMARY_PAIRWISE-1020046,PRIMARY_PAIRWISE,SUPPORTED,0.04,10000,24,24,10,8,0.93,0.9,0.25,3,0.12,1,0.01,POLICY_CONFIRMATION,1020046,heteroskedastic_v3.2,0.9,True,True,True,False,SMALL_EFFECT_HUGE_RAW_N
POLICY_CONFIRMATION-PRIMARY_PAIRWISE-1020047,PRIMARY_PAIRWISE,SUPPORTED,0.085,1000000,24,24,10,8,0.93,0.9,0.25,3,0.12,1,0.01,POLICY_CONFIRMATION,1020047,heteroskedastic_v3.3,0.95,True,True,True,False,LARGE_EFFECT_SMALL_PANEL
POLICY_CONFIRMATION-PRIMARY_PAIRWISE-1020048,PRIMARY_PAIRWISE,NULL,0.0,500,72,24,10,8,0.3,0.9,0.25,3,0.12,1,0.01,POLICY_CONFIRMATION,1020048,heteroskedastic_v3.1,0.6,False,True,False,False,EXTREME_FAMILY_IMBALANCE
POLICY_CONFIRMATION-PRIMARY_PAIRWISE-1020049,PRIMARY_PAIRWISE,SUPPORTED,0.04,10000,72,60,10,8,0.3,0.9,0.25,3,0.12,1,0.01,POLICY_CONFIRMATION,1020049,heteroskedastic_v3.2,0.65,True,True,True,False,ONE_DOMINANT_FAMILY
POLICY_CONFIRMATION-PRIMARY_PAIRWISE-1020050,PRIMARY_PAIRWISE,SUPPORTED,0.085,1000000,72,60,2,8,0.72,0.9,0.25,3,0.12,1,0.01,POLICY_CONFIRMATION,1020050,heteroskedastic_v3.3,0.7,True,False,True,False,TRANSPORT_REVERSAL
POLICY_CONFIRMATION-PRIMARY_PAIRWISE-1020051,PRIMARY_PAIRWISE,NULL,0.0,500,180,60,2,1,0.72,0.9,0.25,3,0.12,1,0.01,POLICY_CONFIRMATION,1020051,heteroskedastic_v3.1,0.75,True,True,True,False,BENCHMARK_SPECIFIC_REVERSAL
POLICY_CONFIRMATION-PRIMARY_PAIRWISE-1020052,PRIMARY_PAIRWISE,SUPPORTED,0.04,10000,180,60,2,1,0.93,0.9,0.25,3,0.12,12,0.01,POLICY_CONFIRMATION,1020052,heteroskedastic_v3.2,0.8,False,True,True,False,VERY_HIGH_MULTIPLICITY
POLICY_CONFIRMATION-PRIMARY_PAIRWISE-1020053,PRIMARY_PAIRWISE,SUPPORTED,0.085,1000000,180,60,2,1,0.93,0.9,0.25,3,0.12,12,0.01,POLICY_CONFIRMATION,1020053,heteroskedastic_v3.3,0.85,True,True,True,False,NEARLY_TIED_TOP_K
POLICY_CONFIRMATION-PRIMARY_PAIRWISE-1020054,PRIMARY_PAIRWISE,NULL,0.0,500,24,60,2,1,0.3,0.9,0.25,3,0.12,12,0.01,POLICY_CONFIRMATION,1020054,heteroskedastic_v3.1,0.9,True,True,False,False,HIGH_RAW_LOW_EFFECTIVE_N
POLICY_CONFIRMATION-PRIMARY_PAIRWISE-1020055,PRIMARY_PAIRWISE,SUPPORTED,0.04,10000,24,60,4,1,0.3,0.9,0.25,5,0.12,12,0.01,POLICY_CONFIRMATION,1020055,heteroskedastic_v3.2,0.95,True,False,True,False,SMALL_EFFECT_HUGE_RAW_N
POLICY_CONFIRMATION-PRIMARY_PAIRWISE-1020056,PRIMARY_PAIRWISE,SUPPORTED,0.085,1000000,24,2,4,1,0.72,0.9,0.25,5,0.12,12,0.01,POLICY_CONFIRMATION,1020056,heteroskedastic_v3.3,0.6,False,True,True,False,LARGE_EFFECT_SMALL_PANEL
POLICY_CONFIRMATION-PRIMARY_PAIRWISE-1020057,PRIMARY_PAIRWISE,NULL,0.0,500,72,2,4,1,0.72,0.0,0.25,5,0.12,12,0.01,POLICY_CONFIRMATION,1020057,heteroskedastic_v3.1,0.65,True,True,True,False,EXTREME_FAMILY_IMBALANCE
POLICY_CONFIRMATION-PRIMARY_PAIRWISE-1020058,PRIMARY_PAIRWISE,SUPPORTED,0.04,10000,72,2,4,1,0.93,0.0,0.25,5,0.18,12,0.01,POLICY_CONFIRMATION,1020058,heteroskedastic_v3.2,0.7,True,True,True,False,ONE_DOMINANT_FAMILY
POLICY_CONFIRMATION-PRIMARY_PAIRWISE-1020059,PRIMARY_PAIRWISE,SUPPORTED,0.085,1000000,72,2,4,1,0.93,0.0,0.25,5,0.18,12,0.01,POLICY_CONFIRMATION,1020059,heteroskedastic_v3.3,0.75,True,True,True,False,TRANSPORT_REVERSAL
POLICY_CONFIRMATION-PRIMARY_PAIRWISE-1020060,PRIMARY_PAIRWISE,NULL,0.0,500,180,2,6,1,0.3,0.0,0.25,5,0.18,12,0.01,POLICY_CONFIRMATION,1020060,heteroskedastic_v3.1,0.8,False,False,False,False,BENCHMARK_SPECIFIC_REVERSAL
POLICY_CONFIRMATION-PRIMARY_PAIRWISE-1020061,PRIMARY_PAIRWISE,SUPPORTED,0.04,10000,180,2,6,1,0.3,0.0,0.25,5,0.18,12,0.01,POLICY_CONFIRMATION,1020061,heteroskedastic_v3.2,0.85,True,True,True,False,VERY_HIGH_MULTIPLICITY
POLICY_CONFIRMATION-PRIMARY_PAIRWISE-1020062,PRIMARY_PAIRWISE,SUPPORTED,0.085,1000000,180,2,6,1,0.72,0.0,0.25,5,0.18,12,0.01,POLICY_CONFIRMATION,1020062,heteroskedastic_v3.3,0.9,True,True,True,False,NEARLY_TIED_TOP_K
POLICY_CONFIRMATION-PRIMARY_PAIRWISE-1020063,PRIMARY_PAIRWISE,NULL,0.0,500,24,8,6,1,0.72,0.0,0.25,5,0.18,12,0.01,POLICY_CONFIRMATION,1020063,heteroskedastic_v3.1,0.95,True,True,True,False,HIGH_RAW_LOW_EFFECTIVE_N
POLICY_CONFIRMATION-PRIMARY_PAIRWISE-1020064,PRIMARY_PAIRWISE,SUPPORTED,0.04,10000,24,8,6,1,0.93,0.0,0.25,5,0.18,12,0.01,POLICY_CONFIRMATION,1020064,heteroskedastic_v3.2,0.6,False,True,True,False,SMALL_EFFECT_HUGE_RAW_N
POLICY_CONFIRMATION-PRIMARY_PAIRWISE-1020065,PRIMARY_PAIRWISE,SUPPORTED,0.085,1000000,24,8,10,1,0.93,0.0,0.25,5,0.18,40,0.01,POLICY_CONFIRMATION,1020065,heteroskedastic_v3.3,0.65,True,False,True,False,LARGE_EFFECT_SMALL_PANEL
POLICY_CONFIRMATION-PRIMARY_PAIRWISE-1020066,PRIMARY_PAIRWISE,NULL,0.0,500,72,8,10,1,0.3,0.0,0.25,1,0.18,40,0.01,POLICY_CONFIRMATION,1020066,heteroskedastic_v3.1,0.7,True,True,False,False,EXTREME_FAMILY_IMBALANCE
POLICY_CONFIRMATION-PRIMARY_PAIRWISE-1020067,PRIMARY_PAIRWISE,SUPPORTED,0.04,10000,72,8,10,1,0.3,0.0,0.25,1,0.18,40,0.01,POLICY_CONFIRMATION,1020067,heteroskedastic_v3.2,0.75,True,True,True,False,ONE_DOMINANT_FAMILY
POLICY_CONFIRMATION-PRIMARY_PAIRWISE-1020068,PRIMARY_PAIRWISE,SUPPORTED,0.085,1000000,72,8,10,3,0.72,0.0,0.25,1,0.18,40,0.01,POLICY_CONFIRMATION,1020068,heteroskedastic_v3.3,0.8,False,True,True,False,TRANSPORT_REVERSAL
POLICY_CONFIRMATION-PRIMARY_PAIRWISE-1020069,PRIMARY_PAIRWISE,NULL,0.0,500,180,8,10,3,0.72,0.0,0.03,1,0.18,40,0.01,POLICY_CONFIRMATION,1020069,heteroskedastic_v3.1,0.85,True,True,True,False,BENCHMARK_SPECIFIC_REVERSAL
POLICY_CONFIRMATION-PRIMARY_PAIRWISE-1020070,PRIMARY_PAIRWISE,SUPPORTED,0.04,10000,180,24,2,3,0.93,0.0,0.03,1,0.18,40,0.01,POLICY_CONFIRMATION,1020070,heteroskedastic_v3.2,0.9,True,False,True,False,VERY_HIGH_MULTIPLICITY
POLICY_CONFIRMATION-PRIMARY_PAIRWISE-1020071,PRIMARY_PAIRWISE,SUPPORTED,0.085,1000000,180,24,2,3,0.93,0.0,0.03,1,0.18,40,0.01,POLICY_CONFIRMATION,1020071,heteroskedastic_v3.3,0.95,True,True,True,False,NEARLY_TIED_TOP_K
POLICY_CONFIRMATION-PRIMARY_PAIRWISE-1020072,PRIMARY_PAIRWISE,NULL,0.0,500,24,24,2,3,0.3,0.0,0.03,1,0.18,40,0.01,POLICY_CONFIRMATION,1020072,heteroskedastic_v3.1,0.6,False,True,False,False,HIGH_RAW_LOW_EFFECTIVE_N
POLICY_CONFIRMATION-PRIMARY_PAIRWISE-1020073,PRIMARY_PAIRWISE,SUPPORTED,0.04,10000,24,24,2,3,0.3,0.0,0.03,1,0.18,40,0.01,POLICY_CONFIRMATION,1020073,heteroskedastic_v3.2,0.65,True,True,True,False,SMALL_EFFECT_HUGE_RAW_N
POLICY_CONFIRMATION-PRIMARY_PAIRWISE-1020074,PRIMARY_PAIRWISE,SUPPORTED,0.085,1000000,24,24,2,3,0.72,0.0,0.03,1,0.18,40,0.01,POLICY_CONFIRMATION,1020074,heteroskedastic_v3.3,0.7,True,True,True,False,LARGE_EFFECT_SMALL_PANEL
POLICY_CONFIRMATION-PRIMARY_PAIRWISE-1020075,PRIMARY_PAIRWISE,NULL,0.0,500,72,24,4,3,0.72,0.0,0.03,1,0.18,40,0.01,POLICY_CONFIRMATION,1020075,heteroskedastic_v3.1,0.75,True,False,True,False,EXTREME_FAMILY_IMBALANCE
POLICY_CONFIRMATION-PRIMARY_PAIRWISE-1020076,PRIMARY_PAIRWISE,SUPPORTED,0.04,10000,72,24,4,3,0.93,0.5,0.03,1,0.18,40,0.01,POLICY_CONFIRMATION,1020076,heteroskedastic_v3.2,0.8,False,True,True,False,ONE_DOMINANT_FAMILY
POLICY_CONFIRMATION-PRIMARY_PAIRWISE-1020077,PRIMARY_PAIRWISE,SUPPORTED,0.085,1000000,72,60,4,3,0.93,0.5,0.03,3,0.18,40,0.01,POLICY_CONFIRMATION,1020077,heteroskedastic_v3.3,0.85,True,True,True,False,TRANSPORT_REVERSAL
POLICY_CONFIRMATION-PRIMARY_PAIRWISE-1020078,PRIMARY_PAIRWISE,NULL,0.0,500,180,60,4,3,0.3,0.5,0.03,3,0.18,1,0.01,POLICY_CONFIRMATION,1020078,heteroskedastic_v3.1,0.9,True,True,False,False,BENCHMARK_SPECIFIC_REVERSAL
POLICY_CONFIRMATION-PRIMARY_PAIRWISE-1020079,PRIMARY_PAIRWISE,SUPPORTED,0.04,10000,180,60,4,3,0.3,0.5,0.03,3,0.18,1,0.01,POLICY_CONFIRMATION,1020079,heteroskedastic_v3.2,0.95,True,True,True,False,VERY_HIGH_MULTIPLICITY
POLICY_CONFIRMATION-PRIMARY_PAIRWISE-1020080,PRIMARY_PAIRWISE,SUPPORTED,0.085,1000000,180,60,6,3,0.72,0.5,0.03,3,0.18,1,0.01,POLICY_CONFIRMATION,1020080,heteroskedastic_v3.3,0.6,False,False,True,False,NEARLY_TIED_TOP_K
POLICY_CONFIRMATION-PRIMARY_PAIRWISE-1020081,PRIMARY_PAIRWISE,NULL,0.0,500,24,60,6,3,0.72,0.5,0.03,3,0.18,1,0.01,POLICY_CONFIRMATION,1020081,heteroskedastic_v3.1,0.65,True,True,True,False,HIGH_RAW_LOW_EFFECTIVE_N
POLICY_CONFIRMATION-PRIMARY_PAIRWISE-1020082,PRIMARY_PAIRWISE,SUPPORTED,0.04,10000,24,60,6,3,0.93,0.5,0.03,3,0.18,1,0.01,POLICY_CONFIRMATION,1020082,heteroskedastic_v3.2,0.7,True,True,True,False,SMALL_EFFECT_HUGE_RAW_N
POLICY_CONFIRMATION-PRIMARY_PAIRWISE-1020083,PRIMARY_PAIRWISE,SUPPORTED,0.085,1000000,24,60,6,3,0.93,0.5,0.03,3,0.18,1,0.01,POLICY_CONFIRMATION,1020083,heteroskedastic_v3.3,0.75,True,True,True,False,LARGE_EFFECT_SMALL_PANEL
POLICY_CONFIRMATION-PRIMARY_PAIRWISE-1020084,PRIMARY_PAIRWISE,NULL,0.0,500,72,2,6,3,0.3,0.5,0.03,3,0.18,1,0.01,POLICY_CONFIRMATION,1020084,heteroskedastic_v3.1,0.8,False,True,False,False,EXTREME_FAMILY_IMBALANCE
POLICY_CONFIRMATION-PRIMARY_PAIRWISE-1020085,PRIMARY_PAIRWISE,SUPPORTED,0.04,10000,72,2,10,8,0.3,0.5,0.03,3,0.18,1,0.01,POLICY_CONFIRMATION,1020085,heteroskedastic_v3.2,0.85,True,False,True,False,ONE_DOMINANT_FAMILY
POLICY_CONFIRMATION-PRIMARY_PAIRWISE-1020086,PRIMARY_PAIRWISE,SUPPORTED,0.085,1000000,72,2,10,8,0.72,0.5,0.03,3,0.18,1,0.01,POLICY_CONFIRMATION,1020086,heteroskedastic_v3.3,0.9,True,True,True,False,TRANSPORT_REVERSAL
POLICY_CONFIRMATION-PRIMARY_PAIRWISE-1020087,PRIMARY_PAIRWISE,NULL,0.0,500,180,2,10,8,0.72,0.5,0.03,3,0.08,1,0.01,POLICY_CONFIRMATION,1020087,heteroskedastic_v3.1,0.95,True,True,True,False,BENCHMARK_SPECIFIC_REVERSAL
POLICY_CONFIRMATION-PRIMARY_PAIRWISE-1020088,PRIMARY_PAIRWISE,SUPPORTED,0.04,10000,180,2,10,8,0.93,0.5,0.03,5,0.08,1,0.01,POLICY_CONFIRMATION,1020088,heteroskedastic_v3.2,0.6,False,True,True,False,VERY_HIGH_MULTIPLICITY
POLICY_CONFIRMATION-PRIMARY_PAIRWISE-1020089,PRIMARY_PAIRWISE,SUPPORTED,0.085,1000000,180,2,10,8,0.93,0.5,0.03,5,0.08,1,0.01,POLICY_CONFIRMATION,1020089,heteroskedastic_v3.3,0.65,True,True,True,False,NEARLY_TIED_TOP_K
POLICY_CONFIRMATION-PRIMARY_PAIRWISE-1020090,PRIMARY_PAIRWISE,NULL,0.0,500,24,2,2,8,0.3,0.5,0.03,5,0.08,1,0.01,POLICY_CONFIRMATION,1020090,heteroskedastic_v3.1,0.7,True,False,False,False,HIGH_RAW_LOW_EFFECTIVE_N
POLICY_CONFIRMATION-PRIMARY_PAIRWISE-1020091,PRIMARY_PAIRWISE,SUPPORTED,0.04,10000,24,8,2,8,0.3,0.5,0.03,5,0.08,12,0.01,POLICY_CONFIRMATION,1020091,heteroskedastic_v3.2,0.75,True,True,True,False,SMALL_EFFECT_HUGE_RAW_N
POLICY_CONFIRMATION-PRIMARY_PAIRWISE-1020092,PRIMARY_PAIRWISE,SUPPORTED,0.085,1000000,24,8,2,8,0.72,0.5,0.1,5,0.08,12,0.01,POLICY_CONFIRMATION,1020092,heteroskedastic_v3.3,0.8,False,True,True,False,LARGE_EFFECT_SMALL_PANEL
POLICY_CONFIRMATION-PRIMARY_PAIRWISE-1020093,PRIMARY_PAIRWISE,NULL,0.0,500,72,8,2,8,0.72,0.5,0.1,5,0.08,12,0.01,POLICY_CONFIRMATION,1020093,heteroskedastic_v3.1,0.85,True,True,True,False,EXTREME_FAMILY_IMBALANCE
POLICY_CONFIRMATION-PRIMARY_PAIRWISE-1020094,PRIMARY_PAIRWISE,SUPPORTED,0.04,10000,72,8,2,8,0.93,0.5,0.1,5,0.08,12,0.01,POLICY_CONFIRMATION,1020094,heteroskedastic_v3.2,0.9,True,True,True,False,ONE_DOMINANT_FAMILY
POLICY_CONFIRMATION-PRIMARY_PAIRWISE-1020095,PRIMARY_PAIRWISE,SUPPORTED,0.085,1000000,72,8,4,8,0.93,0.9,0.1,5,0.08,12,0.01,POLICY_CONFIRMATION,1020095,heteroskedastic_v3.3,0.95,True,False,True,False,TRANSPORT_REVERSAL
POLICY_CONFIRMATION-PRIMARY_PAIRWISE-1020096,PRIMARY_PAIRWISE,NULL,0.0,500,180,8,4,8,0.3,0.9,0.1,5,0.08,12,0.01,POLICY_CONFIRMATION,1020096,heteroskedastic_v3.1,0.6,False,True,False,False,BENCHMARK_SPECIFIC_REVERSAL
POLICY_CONFIRMATION-PRIMARY_PAIRWISE-1020097,PRIMARY_PAIRWISE,SUPPORTED,0.04,10000,180,8,4,8,0.3,0.9,0.1,5,0.08,12,0.01,POLICY_CONFIRMATION,1020097,heteroskedastic_v3.2,0.65,True,True,True,False,VERY_HIGH_MULTIPLICITY
POLICY_CONFIRMATION-PRIMARY_PAIRWISE-1020098,PRIMARY_PAIRWISE,SUPPORTED,0.085,1000000,180,24,4,8,0.72,0.9,0.1,5,0.08,12,0.01,POLICY_CONFIRMATION,1020098,heteroskedastic_v3.3,0.7,True,True,True,False,NEARLY_TIED_TOP_K
POLICY_CONFIRMATION-PRIMARY_PAIRWISE-1020099,PRIMARY_PAIRWISE,NULL,0.0,500,24,24,4,8,0.72,0.9,0.1,1,0.08,12,0.01,POLICY_CONFIRMATION,1020099,heteroskedastic_v3.1,0.75,True,True,True,False,HIGH_RAW_LOW_EFFECTIVE_N
POLICY_CONFIRMATION-PRIMARY_PAIRWISE-1020100,PRIMARY_PAIRWISE,SUPPORTED,0.04,10000,24,24,6,8,0.93,0.9,0.1,1,0.08,12,0.01,POLICY_CONFIRMATION,1020100,heteroskedastic_v3.2,0.8,False,False,True,False,SMALL_EFFECT_HUGE_RAW_N
POLICY_CONFIRMATION-PRIMARY_PAIRWISE-1020101,PRIMARY_PAIRWISE,SUPPORTED,0.085,1000000,24,24,6,8,0.93,0.9,0.1,1,0.08,12,0.01,POLICY_CONFIRMATION,1020101,heteroskedastic_v3.3,0.85,True,True,True,False,LARGE_EFFECT_SMALL_PANEL
POLICY_CONFIRMATION-PRIMARY_PAIRWISE-1020102,PRIMARY_PAIRWISE,NULL,0.0,500,72,24,6,1,0.3,0.9,0.1,1,0.08,12,0.01,POLICY_CONFIRMATION,1020102,heteroskedastic_v3.1,0.9,True,True,False,False,EXTREME_FAMILY_IMBALANCE
POLICY_CONFIRMATION-PRIMARY_PAIRWISE-1020103,PRIMARY_PAIRWISE,SUPPORTED,0.04,10000,72,24,6,1,0.3,0.9,0.1,1,0.08,12,0.01,POLICY_CONFIRMATION,1020103,heteroskedastic_v3.2,0.95,True,True,True,False,ONE_DOMINANT_FAMILY
POLICY_CONFIRMATION-PRIMARY_PAIRWISE-1020104,PRIMARY_PAIRWISE,SUPPORTED,0.085,1000000,72,24,6,1,0.72,0.9,0.1,1,0.08,40,0.01,POLICY_CONFIRMATION,1020104,heteroskedastic_v3.3,0.6,False,True,True,False,TRANSPORT_REVERSAL
POLICY_CONFIRMATION-PRIMARY_PAIRWISE-1020105,PRIMARY_PAIRWISE,NULL,0.0,500,180,60,10,1,0.72,0.9,0.1,1,0.08,40,0.01,POLICY_CONFIRMATION,1020105,heteroskedastic_v3.1,0.65,True,False,True,False,BENCHMARK_SPECIFIC_REVERSAL
POLICY_CONFIRMATION-PRIMARY_PAIRWISE-1020106,PRIMARY_PAIRWISE,SUPPORTED,0.04,10000,180,60,10,1,0.93,0.9,0.1,1,0.08,40,0.01,POLICY_CONFIRMATION,1020106,heteroskedastic_v3.2,0.7,True,True,True,False,VERY_HIGH_MULTIPLICITY
POLICY_CONFIRMATION-PRIMARY_PAIRWISE-1020107,PRIMARY_PAIRWISE,SUPPORTED,0.085,1000000,180,60,10,1,0.93,0.9,0.1,1,0.08,40,0.01,POLICY_CONFIRMATION,1020107,heteroskedastic_v3.3,0.75,True,True,True,False,NEARLY_TIED_TOP_K
POLICY_CONFIRMATION-PRIMARY_PAIRWISE-1020108,PRIMARY_PAIRWISE,NULL,0.0,500,24,60,10,1,0.3,0.9,0.1,1,0.08,40,0.01,POLICY_CONFIRMATION,1020108,heteroskedastic_v3.1,0.8,False,True,False,False,HIGH_RAW_LOW_EFFECTIVE_N
POLICY_CONFIRMATION-PRIMARY_PAIRWISE-1020109,PRIMARY_PAIRWISE,SUPPORTED,0.04,10000,24,60,10,1,0.3,0.9,0.1,1,0.08,40,0.01,POLICY_CONFIRMATION,1020109,heteroskedastic_v3.2,0.85,True,True,True,False,SMALL_EFFECT_HUGE_RAW_N
POLICY_CONFIRMATION-PRIMARY_PAIRWISE-1020110,PRIMARY_PAIRWISE,SUPPORTED,0.085,1000000,24,60,2,1,0.72,0.9,0.1,3,0.08,40,0.01,POLICY_CONFIRMATION,1020110,heteroskedastic_v3.3,0.9,True,False,True,False,LARGE_EFFECT_SMALL_PANEL
POLICY_CONFIRMATION-PRIMARY_PAIRWISE-1020111,PRIMARY_PAIRWISE,NULL,0.0,500,72,60,2,1,0.72,0.9,0.1,3,0.08,40,0.01,POLICY_CONFIRMATION,1020111,heteroskedastic_v3.1,0.95,True,True,True,False,EXTREME_FAMILY_IMBALANCE
POLICY_CONFIRMATION-PRIMARY_PAIRWISE-1020112,PRIMARY_PAIRWISE,SUPPORTED,0.04,10000,72,2,2,1,0.93,0.9,0.1,3,0.08,40,0.01,POLICY_CONFIRMATION,1020112,heteroskedastic_v3.2,0.6,False,True,True,False,ONE_DOMINANT_FAMILY
POLICY_CONFIRMATION-PRIMARY_PAIRWISE-1020113,PRIMARY_PAIRWISE,SUPPORTED,0.085,1000000,72,2,2,1,0.93,0.9,0.1,3,0.08,40,0.01,POLICY_CONFIRMATION,1020113,heteroskedastic_v3.3,0.65,True,True,True,False,TRANSPORT_REVERSAL
POLICY_CONFIRMATION-PRIMARY_PAIRWISE-1020114,PRIMARY_PAIRWISE,NULL,0.0,500,180,2,2,1,0.3,0.0,0.1,3,0.08,40,0.01,POLICY_CONFIRMATION,1020114,heteroskedastic_v3.1,0.7,True,True,False,False,BENCHMARK_SPECIFIC_REVERSAL
POLICY_CONFIRMATION-PRIMARY_PAIRWISE-1020115,PRIMARY_PAIRWISE,SUPPORTED,0.04,10000,180,2,4,1,0.3,0.0,0.25,3,0.08,40,0.01,POLICY_CONFIRMATION,1020115,heteroskedastic_v3.2,0.75,True,False,True,False,VERY_HIGH_MULTIPLICITY
POLICY_CONFIRMATION-PRIMARY_PAIRWISE-1020116,PRIMARY_PAIRWISE,SUPPORTED,0.085,1000000,180,2,4,1,0.72,0.0,0.25,3,0.12,40,0.01,POLICY_CONFIRMATION,1020116,heteroskedastic_v3.3,0.8,False,True,True,False,NEARLY_TIED_TOP_K
POLICY_CONFIRMATION-PRIMARY_PAIRWISE-1020117,PRIMARY_PAIRWISE,NULL,0.0,500,24,2,4,1,0.72,0.0,0.25,3,0.12,1,0.01,POLICY_CONFIRMATION,1020117,heteroskedastic_v3.1,0.85,True,True,True,False,HIGH_RAW_LOW_EFFECTIVE_N
POLICY_CONFIRMATION-PRIMARY_PAIRWISE-1020118,PRIMARY_PAIRWISE,SUPPORTED,0.04,10000,24,2,4,1,0.93,0.0,0.25,3,0.12,1,0.01,POLICY_CONFIRMATION,1020118,heteroskedastic_v3.2,0.9,True,True,True,False,SMALL_EFFECT_HUGE_RAW_N
POLICY_CONFIRMATION-PRIMARY_PAIRWISE-1020119,PRIMARY_PAIRWISE,SUPPORTED,0.085,1000000,24,8,4,3,0.93,0.0,0.25,3,0.12,1,0.01,POLICY_CONFIRMATION,1020119,heteroskedastic_v3.3,0.95,True,True,True,False,LARGE_EFFECT_SMALL_PANEL
POLICY_CONFIRMATION-TOP_K-1020120,TOP_K,NULL,0.0,10000,72,8,6,1,0.72,0.0,0.03,1,0.08,12,0.01,POLICY_CONFIRMATION,1020120,heteroskedastic_v3.1,0.6,False,False,False,False,HIGH_RAW_LOW_EFFECTIVE_N
POLICY_CONFIRMATION-TOP_K-1020121,TOP_K,SUPPORTED,0.04,1000000,72,8,6,1,0.72,0.0,0.03,1,0.08,12,0.01,POLICY_CONFIRMATION,1020121,heteroskedastic_v3.2,0.65,True,True,True,False,SMALL_EFFECT_HUGE_RAW_N
POLICY_CONFIRMATION-TOP_K-1020122,TOP_K,SUPPORTED,0.085,500,72,8,6,1,0.93,0.0,0.03,1,0.08,12,0.01,POLICY_CONFIRMATION,1020122,heteroskedastic_v3.3,0.7,True,True,True,False,LARGE_EFFECT_SMALL_PANEL
POLICY_CONFIRMATION-TOP_K-1020123,TOP_K,NULL,0.0,10000,180,8,6,1,0.93,0.0,0.03,1,0.08,12,0.01,POLICY_CONFIRMATION,1020123,heteroskedastic_v3.1,0.75,True,True,True,False,EXTREME_FAMILY_IMBALANCE
POLICY_CONFIRMATION-TOP_K-1020124,TOP_K,SUPPORTED,0.04,1000000,180,8,6,1,0.3,0.0,0.03,1,0.08,12,0.01,POLICY_CONFIRMATION,1020124,heteroskedastic_v3.2,0.8,False,True,True,False,ONE_DOMINANT_FAMILY
POLICY_CONFIRMATION-TOP_K-1020125,TOP_K,SUPPORTED,0.085,500,180,8,10,1,0.3,0.0,0.03,1,0.08,12,0.01,POLICY_CONFIRMATION,1020125,heteroskedastic_v3.3,0.85,True,False,True,False,TRANSPORT_REVERSAL
POLICY_CONFIRMATION-TOP_K-1020126,TOP_K,NULL,0.0,10000,24,8,10,1,0.72,0.0,0.03,1,0.08,12,0.01,POLICY_CONFIRMATION,1020126,heteroskedastic_v3.1,0.9,True,True,False,False,BENCHMARK_SPECIFIC_REVERSAL
POLICY_CONFIRMATION-TOP_K-1020127,TOP_K,SUPPORTED,0.04,1000000,24,24,10,1,0.72,0.0,0.03,1,0.08,12,0.01,POLICY_CONFIRMATION,1020127,heteroskedastic_v3.2,0.95,True,True,True,False,VERY_HIGH_MULTIPLICITY
POLICY_CONFIRMATION-TOP_K-1020128,TOP_K,SUPPORTED,0.085,500,24,24,10,1,0.93,0.0,0.03,1,0.08,12,0.01,POLICY_CONFIRMATION,1020128,heteroskedastic_v3.3,0.6,False,True,True,False,NEARLY_TIED_TOP_K
POLICY_CONFIRMATION-TOP_K-1020129,TOP_K,NULL,0.0,10000,72,24,10,1,0.93,0.0,0.03,1,0.08,12,0.01,POLICY_CONFIRMATION,1020129,heteroskedastic_v3.1,0.65,True,True,True,False,HIGH_RAW_LOW_EFFECTIVE_N
POLICY_CONFIRMATION-TOP_K-1020130,TOP_K,SUPPORTED,0.04,1000000,72,24,2,1,0.3,0.0,0.03,1,0.08,12,0.01,POLICY_CONFIRMATION,1020130,heteroskedastic_v3.2,0.7,True,False,True,False,SMALL_EFFECT_HUGE_RAW_N
POLICY_CONFIRMATION-TOP_K-1020131,TOP_K,SUPPORTED,0.085,500,72,24,2,1,0.3,0.0,0.03,3,0.08,12,0.01,POLICY_CONFIRMATION,1020131,heteroskedastic_v3.3,0.75,True,True,True,False,LARGE_EFFECT_SMALL_PANEL
POLICY_CONFIRMATION-TOP_K-1020132,TOP_K,NULL,0.0,10000,180,24,2,1,0.72,0.0,0.03,3,0.08,12,0.01,POLICY_CONFIRMATION,1020132,heteroskedastic_v3.1,0.8,False,True,False,False,EXTREME_FAMILY_IMBALANCE
POLICY_CONFIRMATION-TOP_K-1020133,TOP_K,SUPPORTED,0.04,1000000,180,24,2,1,0.72,0.0,0.03,3,0.08,40,0.01,POLICY_CONFIRMATION,1020133,heteroskedastic_v3.2,0.85,True,True,True,False,ONE_DOMINANT_FAMILY
POLICY_CONFIRMATION-TOP_K-1020134,TOP_K,SUPPORTED,0.085,500,180,60,2,1,0.93,0.0,0.03,3,0.08,40,0.01,POLICY_CONFIRMATION,1020134,heteroskedastic_v3.3,0.9,True,True,True,False,TRANSPORT_REVERSAL
POLICY_CONFIRMATION-TOP_K-1020135,TOP_K,NULL,0.0,10000,24,60,4,1,0.93,0.0,0.03,3,0.08,40,0.01,POLICY_CONFIRMATION,1020135,heteroskedastic_v3.1,0.95,True,False,True,False,BENCHMARK_SPECIFIC_REVERSAL
POLICY_CONFIRMATION-TOP_K-1020136,TOP_K,SUPPORTED,0.04,1000000,24,60,4,1,0.3,0.0,0.03,3,0.08,40,0.01,POLICY_CONFIRMATION,1020136,heteroskedastic_v3.2,0.6,False,True,True,False,VERY_HIGH_MULTIPLICITY
POLICY_CONFIRMATION-TOP_K-1020137,TOP_K,SUPPORTED,0.085,500,24,60,4,3,0.3,0.0,0.03,3,0.08,40,0.01,POLICY_CONFIRMATION,1020137,heteroskedastic_v3.3,0.65,True,True,True,False,NEARLY_TIED_TOP_K
POLICY_CONFIRMATION-TOP_K-1020138,TOP_K,NULL,0.0,10000,72,60,4,3,0.72,0.0,0.03,3,0.08,40,0.01,POLICY_CONFIRMATION,1020138,heteroskedastic_v3.1,0.7,True,True,False,False,HIGH_RAW_LOW_EFFECTIVE_N
POLICY_CONFIRMATION-TOP_K-1020139,TOP_K,SUPPORTED,0.04,1000000,72,60,4,3,0.72,0.5,0.03,3,0.08,40,0.01,POLICY_CONFIRMATION,1020139,heteroskedastic_v3.2,0.75,True,True,True,False,SMALL_EFFECT_HUGE_RAW_N
POLICY_CONFIRMATION-TOP_K-1020140,TOP_K,SUPPORTED,0.085,500,72,60,6,3,0.93,0.5,0.03,3,0.08,40,0.01,POLICY_CONFIRMATION,1020140,heteroskedastic_v3.3,0.8,False,False,True,False,LARGE_EFFECT_SMALL_PANEL
POLICY_CONFIRMATION-TOP_K-1020141,TOP_K,NULL,0.0,10000,180,2,6,3,0.93,0.5,0.03,3,0.08,40,0.01,POLICY_CONFIRMATION,1020141,heteroskedastic_v3.1,0.85,True,True,True,False,EXTREME_FAMILY_IMBALANCE
POLICY_CONFIRMATION-TOP_K-1020142,TOP_K,SUPPORTED,0.04,1000000,180,2,6,3,0.3,0.5,0.03,5,0.08,40,0.01,POLICY_CONFIRMATION,1020142,heteroskedastic_v3.2,0.9,True,True,True,False,ONE_DOMINANT_FAMILY
POLICY_CONFIRMATION-TOP_K-1020143,TOP_K,SUPPORTED,0.085,500,180,2,6,3,0.3,0.5,0.1,5,0.08,40,0.01,POLICY_CONFIRMATION,1020143,heteroskedastic_v3.3,0.95,True,True,True,False,TRANSPORT_REVERSAL
POLICY_CONFIRMATION-TOP_K-1020144,TOP_K,NULL,0.0,10000,24,2,6,3,0.72,0.5,0.1,5,0.08,40,0.01,POLICY_CONFIRMATION,1020144,heteroskedastic_v3.1,0.6,False,True,False,False,BENCHMARK_SPECIFIC_REVERSAL
POLICY_CONFIRMATION-TOP_K-1020145,TOP_K,SUPPORTED,0.04,1000000,24,2,10,3,0.72,0.5,0.1,5,0.08,40,0.01,POLICY_CONFIRMATION,1020145,heteroskedastic_v3.2,0.65,True,False,True,False,VERY_HIGH_MULTIPLICITY
POLICY_CONFIRMATION-TOP_K-1020146,TOP_K,SUPPORTED,0.085,500,24,2,10,3,0.93,0.5,0.1,5,0.08,1,0.01,POLICY_CONFIRMATION,1020146,heteroskedastic_v3.3,0.7,True,True,True,False,NEARLY_TIED_TOP_K
POLICY_CONFIRMATION-TOP_K-1020147,TOP_K,NULL,0.0,10000,72,2,10,3,0.93,0.5,0.1,5,0.08,1,0.01,POLICY_CONFIRMATION,1020147,heteroskedastic_v3.1,0.75,True,True,True,False,HIGH_RAW_LOW_EFFECTIVE_N
POLICY_CONFIRMATION-TOP_K-1020148,TOP_K,SUPPORTED,0.04,1000000,72,8,10,3,0.3,0.5,0.1,5,0.08,1,0.01,POLICY_CONFIRMATION,1020148,heteroskedastic_v3.2,0.8,False,True,True,False,SMALL_EFFECT_HUGE_RAW_N
POLICY_CONFIRMATION-TOP_K-1020149,TOP_K,SUPPORTED,0.085,500,72,8,10,3,0.3,0.5,0.1,5,0.12,1,0.01,POLICY_CONFIRMATION,1020149,heteroskedastic_v3.3,0.85,True,True,True,False,LARGE_EFFECT_SMALL_PANEL
POLICY_CONFIRMATION-TOP_K-1020150,TOP_K,NULL,0.0,10000,180,8,2,3,0.72,0.5,0.1,5,0.12,1,0.01,POLICY_CONFIRMATION,1020150,heteroskedastic_v3.1,0.9,True,False,False,False,EXTREME_FAMILY_IMBALANCE
POLICY_CONFIRMATION-TOP_K-1020151,TOP_K,SUPPORTED,0.04,1000000,180,8,2,3,0.72,0.5,0.1,5,0.12,1,0.01,POLICY_CONFIRMATION,1020151,heteroskedastic_v3.2,0.95,True,True,True,False,ONE_DOMINANT_FAMILY
POLICY_CONFIRMATION-TOP_K-1020152,TOP_K,SUPPORTED,0.085,500,180,8,2,3,0.93,0.5,0.1,5,0.12,1,0.01,POLICY_CONFIRMATION,1020152,heteroskedastic_v3.3,0.6,False,True,True,False,TRANSPORT_REVERSAL
POLICY_CONFIRMATION-TOP_K-1020153,TOP_K,NULL,0.0,10000,24,8,2,3,0.93,0.5,0.1,1,0.12,1,0.01,POLICY_CONFIRMATION,1020153,heteroskedastic_v3.1,0.65,True,True,True,False,BENCHMARK_SPECIFIC_REVERSAL
POLICY_CONFIRMATION-TOP_K-1020154,TOP_K,SUPPORTED,0.04,1000000,24,8,2,8,0.3,0.5,0.1,1,0.12,1,0.01,POLICY_CONFIRMATION,1020154,heteroskedastic_v3.2,0.7,True,True,True,False,VERY_HIGH_MULTIPLICITY
POLICY_CONFIRMATION-TOP_K-1020155,TOP_K,SUPPORTED,0.085,500,24,24,4,8,0.3,0.5,0.1,1,0.12,1,0.01,POLICY_CONFIRMATION,1020155,heteroskedastic_v3.3,0.75,True,False,True,False,NEARLY_TIED_TOP_K
POLICY_CONFIRMATION-TOP_K-1020156,TOP_K,NULL,0.0,10000,72,24,4,8,0.72,0.5,0.1,1,0.12,1,0.01,POLICY_CONFIRMATION,1020156,heteroskedastic_v3.1,0.8,False,True,False,False,HIGH_RAW_LOW_EFFECTIVE_N
POLICY_CONFIRMATION-TOP_K-1020157,TOP_K,SUPPORTED,0.04,1000000,72,24,4,8,0.72,0.5,0.1,1,0.12,1,0.01,POLICY_CONFIRMATION,1020157,heteroskedastic_v3.2,0.85,True,True,True,False,SMALL_EFFECT_HUGE_RAW_N
POLICY_CONFIRMATION-TOP_K-1020158,TOP_K,SUPPORTED,0.085,500,72,24,4,8,0.93,0.9,0.1,1,0.12,1,0.01,POLICY_CONFIRMATION,1020158,heteroskedastic_v3.3,0.9,True,True,True,False,LARGE_EFFECT_SMALL_PANEL
POLICY_CONFIRMATION-TOP_K-1020159,TOP_K,NULL,0.0,10000,180,24,4,8,0.93,0.9,0.1,1,0.12,12,0.01,POLICY_CONFIRMATION,1020159,heteroskedastic_v3.1,0.95,True,True,True,False,EXTREME_FAMILY_IMBALANCE
POLICY_CONFIRMATION-TOP_K-1020160,TOP_K,SUPPORTED,0.04,1000000,180,24,6,8,0.3,0.9,0.1,1,0.12,12,0.01,POLICY_CONFIRMATION,1020160,heteroskedastic_v3.2,0.6,False,False,True,False,ONE_DOMINANT_FAMILY
POLICY_CONFIRMATION-TOP_K-1020161,TOP_K,SUPPORTED,0.085,500,180,24,6,8,0.3,0.9,0.1,1,0.12,12,0.01,POLICY_CONFIRMATION,1020161,heteroskedastic_v3.3,0.65,True,True,True,False,TRANSPORT_REVERSAL
POLICY_CONFIRMATION-TOP_K-1020162,TOP_K,NULL,0.0,10000,24,60,6,8,0.72,0.9,0.1,1,0.12,12,0.01,POLICY_CONFIRMATION,1020162,heteroskedastic_v3.1,0.7,True,True,False,False,BENCHMARK_SPECIFIC_REVERSAL
POLICY_CONFIRMATION-TOP_K-1020163,TOP_K,SUPPORTED,0.04,1000000,24,60,6,8,0.72,0.9,0.1,1,0.12,12,0.01,POLICY_CONFIRMATION,1020163,heteroskedastic_v3.2,0.75,True,True,True,False,VERY_HIGH_MULTIPLICITY
POLICY_CONFIRMATION-TOP_K-1020164,TOP_K,SUPPORTED,0.085,500,24,60,6,8,0.93,0.9,0.1,3,0.12,12,0.01,POLICY_CONFIRMATION,1020164,heteroskedastic_v3.3,0.8,False,True,True,False,NEARLY_TIED_TOP_K
POLICY_CONFIRMATION-TOP_K-1020165,TOP_K,NULL,0.0,10000,72,60,10,8,0.93,0.9,0.1,3,0.12,12,0.01,POLICY_CONFIRMATION,1020165,heteroskedastic_v3.1,0.85,True,False,True,False,HIGH_RAW_LOW_EFFECTIVE_N
POLICY_CONFIRMATION-TOP_K-1020166,TOP_K,SUPPORTED,0.04,1000000,72,60,10,8,0.3,0.9,0.25,3,0.12,12,0.01,POLICY_CONFIRMATION,1020166,heteroskedastic_v3.2,0.9,True,True,True,False,SMALL_EFFECT_HUGE_RAW_N
POLICY_CONFIRMATION-TOP_K-1020167,TOP_K,SUPPORTED,0.085,500,72,60,10,8,0.3,0.9,0.25,3,0.12,12,0.01,POLICY_CONFIRMATION,1020167,heteroskedastic_v3.3,0.95,True,True,True,False,LARGE_EFFECT_SMALL_PANEL
POLICY_CONFIRMATION-TOP_K-1020168,TOP_K,NULL,0.0,10000,180,60,10,8,0.72,0.9,0.25,3,0.12,12,0.01,POLICY_CONFIRMATION,1020168,heteroskedastic_v3.1,0.6,False,True,False,False,EXTREME_FAMILY_IMBALANCE
POLICY_CONFIRMATION-TOP_K-1020169,TOP_K,SUPPORTED,0.04,1000000,180,2,10,8,0.72,0.9,0.25,3,0.12,12,0.01,POLICY_CONFIRMATION,1020169,heteroskedastic_v3.2,0.65,True,True,True,False,ONE_DOMINANT_FAMILY
POLICY_CONFIRMATION-TOP_K-1020170,TOP_K,SUPPORTED,0.085,500,180,2,2,8,0.93,0.9,0.25,3,0.12,12,0.01,POLICY_CONFIRMATION,1020170,heteroskedastic_v3.3,0.7,True,False,True,False,TRANSPORT_REVERSAL
POLICY_CONFIRMATION-TOP_K-1020171,TOP_K,NULL,0.0,10000,24,2,2,1,0.93,0.9,0.25,3,0.12,12,0.01,POLICY_CONFIRMATION,1020171,heteroskedastic_v3.1,0.75,True,True,True,False,BENCHMARK_SPECIFIC_REVERSAL
POLICY_CONFIRMATION-TOP_K-1020172,TOP_K,SUPPORTED,0.04,1000000,24,2,2,1,0.3,0.9,0.25,3,0.12,40,0.01,POLICY_CONFIRMATION,1020172,heteroskedastic_v3.2,0.8,False,True,True,False,VERY_HIGH_MULTIPLICITY
POLICY_CONFIRMATION-TOP_K-1020173,TOP_K,SUPPORTED,0.085,500,24,2,2,1,0.3,0.9,0.25,3,0.12,40,0.01,POLICY_CONFIRMATION,1020173,heteroskedastic_v3.3,0.85,True,True,True,False,NEARLY_TIED_TOP_K
POLICY_CONFIRMATION-TOP_K-1020174,TOP_K,NULL,0.0,10000,72,2,2,1,0.72,0.9,0.25,3,0.12,40,0.01,POLICY_CONFIRMATION,1020174,heteroskedastic_v3.1,0.9,True,True,False,False,HIGH_RAW_LOW_EFFECTIVE_N
POLICY_CONFIRMATION-TOP_K-1020175,TOP_K,SUPPORTED,0.04,1000000,72,2,4,1,0.72,0.9,0.25,5,0.12,40,0.01,POLICY_CONFIRMATION,1020175,heteroskedastic_v3.2,0.95,True,False,True,False,SMALL_EFFECT_HUGE_RAW_N
POLICY_CONFIRMATION-TOP_K-1020176,TOP_K,SUPPORTED,0.085,500,72,8,4,1,0.93,0.9,0.25,5,0.12,40,0.01,POLICY_CONFIRMATION,1020176,heteroskedastic_v3.3,0.6,False,True,True,False,LARGE_EFFECT_SMALL_PANEL
POLICY_CONFIRMATION-TOP_K-1020177,TOP_K,NULL,0.0,10000,180,8,4,1,0.93,0.0,0.25,5,0.12,40,0.01,POLICY_CONFIRMATION,1020177,heteroskedastic_v3.1,0.65,True,True,True,False,EXTREME_FAMILY_IMBALANCE
POLICY_CONFIRMATION-TOP_K-1020178,TOP_K,SUPPORTED,0.04,1000000,180,8,4,1,0.3,0.0,0.25,5,0.18,40,0.01,POLICY_CONFIRMATION,1020178,heteroskedastic_v3.2,0.7,True,True,True,False,ONE_DOMINANT_FAMILY
POLICY_CONFIRMATION-TOP_K-1020179,TOP_K,SUPPORTED,0.085,500,180,8,4,1,0.3,0.0,0.25,5,0.18,40,0.01,POLICY_CONFIRMATION,1020179,heteroskedastic_v3.3,0.75,True,True,True,False,TRANSPORT_REVERSAL
POLICY_CONFIRMATION-TOP_K-1020180,TOP_K,NULL,0.0,10000,24,8,6,1,0.72,0.0,0.25,5,0.18,40,0.01,POLICY_CONFIRMATION,1020180,heteroskedastic_v3.1,0.8,False,False,False,False,BENCHMARK_SPECIFIC_REVERSAL
POLICY_CONFIRMATION-TOP_K-1020181,TOP_K,SUPPORTED,0.04,1000000,24,8,6,1,0.72,0.0,0.25,5,0.18,40,0.01,POLICY_CONFIRMATION,1020181,heteroskedastic_v3.2,0.85,True,True,True,False,VERY_HIGH_MULTIPLICITY
POLICY_CONFIRMATION-TOP_K-1020182,TOP_K,SUPPORTED,0.085,500,24,8,6,1,0.93,0.0,0.25,5,0.18,40,0.01,POLICY_CONFIRMATION,1020182,heteroskedastic_v3.3,0.9,True,True,True,False,NEARLY_TIED_TOP_K
POLICY_CONFIRMATION-TOP_K-1020183,TOP_K,NULL,0.0,10000,72,24,6,1,0.93,0.0,0.25,5,0.18,40,0.01,POLICY_CONFIRMATION,1020183,heteroskedastic_v3.1,0.95,True,True,True,False,HIGH_RAW_LOW_EFFECTIVE_N
POLICY_CONFIRMATION-TOP_K-1020184,TOP_K,SUPPORTED,0.04,1000000,72,24,6,1,0.3,0.0,0.25,5,0.18,40,0.01,POLICY_CONFIRMATION,1020184,heteroskedastic_v3.2,0.6,False,True,True,False,SMALL_EFFECT_HUGE_RAW_N
POLICY_CONFIRMATION-TOP_K-1020185,TOP_K,SUPPORTED,0.085,500,72,24,10,1,0.3,0.0,0.25,5,0.18,1,0.01,POLICY_CONFIRMATION,1020185,heteroskedastic_v3.3,0.65,True,False,True,False,LARGE_EFFECT_SMALL_PANEL
POLICY_CONFIRMATION-TOP_K-1020186,TOP_K,NULL,0.0,10000,180,24,10,1,0.72,0.0,0.25,1,0.18,1,0.01,POLICY_CONFIRMATION,1020186,heteroskedastic_v3.1,0.7,True,True,False,False,EXTREME_FAMILY_IMBALANCE
POLICY_CONFIRMATION-TOP_K-1020187,TOP_K,SUPPORTED,0.04,1000000,180,24,10,1,0.72,0.0,0.25,1,0.18,1,0.01,POLICY_CONFIRMATION,1020187,heteroskedastic_v3.2,0.75,True,True,True,False,ONE_DOMINANT_FAMILY
POLICY_CONFIRMATION-TOP_K-1020188,TOP_K,SUPPORTED,0.085,500,180,24,10,3,0.93,0.0,0.25,1,0.18,1,0.01,POLICY_CONFIRMATION,1020188,heteroskedastic_v3.3,0.8,False,True,True,False,TRANSPORT_REVERSAL
POLICY_CONFIRMATION-TOP_K-1020189,TOP_K,NULL,0.0,10000,24,24,10,3,0.93,0.0,0.03,1,0.18,1,0.01,POLICY_CONFIRMATION,1020189,heteroskedastic_v3.1,0.85,True,True,True,False,BENCHMARK_SPECIFIC_REVERSAL
POLICY_CONFIRMATION-TOP_K-1020190,TOP_K,SUPPORTED,0.04,1000000,24,60,2,3,0.3,0.0,0.03,1,0.18,1,0.01,POLICY_CONFIRMATION,1020190,heteroskedastic_v3.2,0.9,True,False,True,False,VERY_HIGH_MULTIPLICITY
POLICY_CONFIRMATION-TOP_K-1020191,TOP_K,SUPPORTED,0.085,500,24,60,2,3,0.3,0.0,0.03,1,0.18,1,0.01,POLICY_CONFIRMATION,1020191,heteroskedastic_v3.3,0.95,True,True,True,False,NEARLY_TIED_TOP_K
POLICY_CONFIRMATION-TOP_K-1020192,TOP_K,NULL,0.0,10000,72,60,2,3,0.72,0.0,0.03,1,0.18,1,0.01,POLICY_CONFIRMATION,1020192,heteroskedastic_v3.1,0.6,False,True,False,False,HIGH_RAW_LOW_EFFECTIVE_N
POLICY_CONFIRMATION-TOP_K-1020193,TOP_K,SUPPORTED,0.04,1000000,72,60,2,3,0.72,0.0,0.03,1,0.18,1,0.01,POLICY_CONFIRMATION,1020193,heteroskedastic_v3.2,0.65,True,True,True,False,SMALL_EFFECT_HUGE_RAW_N
POLICY_CONFIRMATION-TOP_K-1020194,TOP_K,SUPPORTED,0.085,500,72,60,2,3,0.93,0.0,0.03,1,0.18,1,0.01,POLICY_CONFIRMATION,1020194,heteroskedastic_v3.3,0.7,True,True,True,False,LARGE_EFFECT_SMALL_PANEL
POLICY_CONFIRMATION-TOP_K-1020195,TOP_K,NULL,0.0,10000,180,60,4,3,0.93,0.0,0.03,1,0.18,1,0.01,POLICY_CONFIRMATION,1020195,heteroskedastic_v3.1,0.75,True,False,True,False,EXTREME_FAMILY_IMBALANCE
POLICY_CONFIRMATION-TOP_K-1020196,TOP_K,SUPPORTED,0.04,1000000,180,60,4,3,0.3,0.5,0.03,1,0.18,1,0.01,POLICY_CONFIRMATION,1020196,heteroskedastic_v3.2,0.8,False,True,True,False,ONE_DOMINANT_FAMILY
POLICY_CONFIRMATION-TOP_K-1020197,TOP_K,SUPPORTED,0.085,500,180,2,4,3,0.3,0.5,0.03,3,0.18,1,0.01,POLICY_CONFIRMATION,1020197,heteroskedastic_v3.3,0.85,True,True,True,False,TRANSPORT_REVERSAL
POLICY_CONFIRMATION-TOP_K-1020198,TOP_K,NULL,0.0,10000,24,2,4,3,0.72,0.5,0.03,3,0.18,12,0.01,POLICY_CONFIRMATION,1020198,heteroskedastic_v3.1,0.9,True,True,False,False,BENCHMARK_SPECIFIC_REVERSAL
POLICY_CONFIRMATION-TOP_K-1020199,TOP_K,SUPPORTED,0.04,1000000,24,2,4,3,0.72,0.5,0.03,3,0.18,12,0.01,POLICY_CONFIRMATION,1020199,heteroskedastic_v3.2,0.95,True,True,True,False,VERY_HIGH_MULTIPLICITY
POLICY_CONFIRMATION-TOP_K-1020200,TOP_K,SUPPORTED,0.085,500,24,2,6,3,0.93,0.5,0.03,3,0.18,12,0.01,POLICY_CONFIRMATION,1020200,heteroskedastic_v3.3,0.6,False,False,True,False,NEARLY_TIED_TOP_K
POLICY_CONFIRMATION-TOP_K-1020201,TOP_K,NULL,0.0,10000,72,2,6,3,0.93,0.5,0.03,3,0.18,12,0.01,POLICY_CONFIRMATION,1020201,heteroskedastic_v3.1,0.65,True,True,True,False,HIGH_RAW_LOW_EFFECTIVE_N
POLICY_CONFIRMATION-TOP_K-1020202,TOP_K,SUPPORTED,0.04,1000000,72,2,6,3,0.3,0.5,0.03,3,0.18,12,0.01,POLICY_CONFIRMATION,1020202,heteroskedastic_v3.2,0.7,True,True,True,False,SMALL_EFFECT_HUGE_RAW_N
POLICY_CONFIRMATION-TOP_K-1020203,TOP_K,SUPPORTED,0.085,500,72,2,6,3,0.3,0.5,0.03,3,0.18,12,0.01,POLICY_CONFIRMATION,1020203,heteroskedastic_v3.3,0.75,True,True,True,False,LARGE_EFFECT_SMALL_PANEL
POLICY_CONFIRMATION-TOP_K-1020204,TOP_K,NULL,0.0,10000,180,8,6,3,0.72,0.5,0.03,3,0.18,12,0.01,POLICY_CONFIRMATION,1020204,heteroskedastic_v3.1,0.8,False,True,False,False,EXTREME_FAMILY_IMBALANCE
POLICY_CONFIRMATION-TOP_K-1020205,TOP_K,SUPPORTED,0.04,1000000,180,8,10,8,0.72,0.5,0.03,3,0.18,12,0.01,POLICY_CONFIRMATION,1020205,heteroskedastic_v3.2,0.85,True,False,True,False,ONE_DOMINANT_FAMILY
POLICY_CONFIRMATION-TOP_K-1020206,TOP_K,SUPPORTED,0.085,500,180,8,10,8,0.93,0.5,0.03,3,0.18,12,0.01,POLICY_CONFIRMATION,1020206,heteroskedastic_v3.3,0.9,True,True,True,False,TRANSPORT_REVERSAL
POLICY_CONFIRMATION-TOP_K-1020207,TOP_K,NULL,0.0,10000,24,8,10,8,0.93,0.5,0.03,3,0.08,12,0.01,POLICY_CONFIRMATION,1020207,heteroskedastic_v3.1,0.95,True,True,True,False,BENCHMARK_SPECIFIC_REVERSAL
POLICY_CONFIRMATION-TOP_K-1020208,TOP_K,SUPPORTED,0.04,1000000,24,8,10,8,0.3,0.5,0.03,5,0.08,12,0.01,POLICY_CONFIRMATION,1020208,heteroskedastic_v3.2,0.6,False,True,True,False,VERY_HIGH_MULTIPLICITY
POLICY_CONFIRMATION-TOP_K-1020209,TOP_K,SUPPORTED,0.085,500,24,8,10,8,0.3,0.5,0.03,5,0.08,12,0.01,POLICY_CONFIRMATION,1020209,heteroskedastic_v3.3,0.65,True,True,True,False,NEARLY_TIED_TOP_K
POLICY_CONFIRMATION-TOP_K-1020210,TOP_K,NULL,0.0,10000,72,8,2,8,0.72,0.5,0.03,5,0.08,12,0.01,POLICY_CONFIRMATION,1020210,heteroskedastic_v3.1,0.7,True,False,False,False,HIGH_RAW_LOW_EFFECTIVE_N
POLICY_CONFIRMATION-TOP_K-1020211,TOP_K,SUPPORTED,0.04,1000000,72,24,2,8,0.72,0.5,0.03,5,0.08,40,0.01,POLICY_CONFIRMATION,1020211,heteroskedastic_v3.2,0.75,True,True,True,False,SMALL_EFFECT_HUGE_RAW_N
POLICY_CONFIRMATION-TOP_K-1020212,TOP_K,SUPPORTED,0.085,500,72,24,2,8,0.93,0.5,0.1,5,0.08,40,0.01,POLICY_CONFIRMATION,1020212,heteroskedastic_v3.3,0.8,False,True,True,False,LARGE_EFFECT_SMALL_PANEL
POLICY_CONFIRMATION-TOP_K-1020213,TOP_K,NULL,0.0,10000,180,24,2,8,0.93,0.5,0.1,5,0.08,40,0.01,POLICY_CONFIRMATION,1020213,heteroskedastic_v3.1,0.85,True,True,True,False,EXTREME_FAMILY_IMBALANCE
POLICY_CONFIRMATION-TOP_K-1020214,TOP_K,SUPPORTED,0.04,1000000,180,24,2,8,0.3,0.5,0.1,5,0.08,40,0.01,POLICY_CONFIRMATION,1020214,heteroskedastic_v3.2,0.9,True,True,True,False,ONE_DOMINANT_FAMILY
POLICY_CONFIRMATION-TOP_K-1020215,TOP_K,SUPPORTED,0.085,500,180,24,4,8,0.3,0.9,0.1,5,0.08,40,0.01,POLICY_CONFIRMATION,1020215,heteroskedastic_v3.3,0.95,True,False,True,False,TRANSPORT_REVERSAL
POLICY_CONFIRMATION-TOP_K-1020216,TOP_K,NULL,0.0,10000,24,24,4,8,0.72,0.9,0.1,5,0.08,40,0.01,POLICY_CONFIRMATION,1020216,heteroskedastic_v3.1,0.6,False,True,False,False,BENCHMARK_SPECIFIC_REVERSAL
POLICY_CONFIRMATION-TOP_K-1020217,TOP_K,SUPPORTED,0.04,1000000,24,24,4,8,0.72,0.9,0.1,5,0.08,40,0.01,POLICY_CONFIRMATION,1020217,heteroskedastic_v3.2,0.65,True,True,True,False,VERY_HIGH_MULTIPLICITY
POLICY_CONFIRMATION-TOP_K-1020218,TOP_K,SUPPORTED,0.085,500,24,60,4,8,0.93,0.9,0.1,5,0.08,40,0.01,POLICY_CONFIRMATION,1020218,heteroskedastic_v3.3,0.7,True,True,True,False,NEARLY_TIED_TOP_K
POLICY_CONFIRMATION-TOP_K-1020219,TOP_K,NULL,0.0,10000,72,60,4,8,0.93,0.9,0.1,1,0.08,40,0.01,POLICY_CONFIRMATION,1020219,heteroskedastic_v3.1,0.75,True,True,True,False,HIGH_RAW_LOW_EFFECTIVE_N
POLICY_CONFIRMATION-TOP_K-1020220,TOP_K,SUPPORTED,0.04,1000000,72,60,6,8,0.3,0.9,0.1,1,0.08,40,0.01,POLICY_CONFIRMATION,1020220,heteroskedastic_v3.2,0.8,False,False,True,False,SMALL_EFFECT_HUGE_RAW_N
POLICY_CONFIRMATION-TOP_K-1020221,TOP_K,SUPPORTED,0.085,500,72,60,6,8,0.3,0.9,0.1,1,0.08,40,0.01,POLICY_CONFIRMATION,1020221,heteroskedastic_v3.3,0.85,True,True,True,False,LARGE_EFFECT_SMALL_PANEL
POLICY_CONFIRMATION-TOP_K-1020222,TOP_K,NULL,0.0,10000,180,60,6,1,0.72,0.9,0.1,1,0.08,40,0.01,POLICY_CONFIRMATION,1020222,heteroskedastic_v3.1,0.9,True,True,False,False,EXTREME_FAMILY_IMBALANCE
POLICY_CONFIRMATION-TOP_K-1020223,TOP_K,SUPPORTED,0.04,1000000,180,60,6,1,0.72,0.9,0.1,1,0.08,40,0.01,POLICY_CONFIRMATION,1020223,heteroskedastic_v3.2,0.95,True,True,True,False,ONE_DOMINANT_FAMILY
POLICY_CONFIRMATION-TOP_K-1020224,TOP_K,SUPPORTED,0.085,500,180,60,6,1,0.93,0.9,0.1,1,0.08,1,0.01,POLICY_CONFIRMATION,1020224,heteroskedastic_v3.3,0.6,False,True,True,False,TRANSPORT_REVERSAL
POLICY_CONFIRMATION-TOP_K-1020225,TOP_K,NULL,0.0,10000,24,2,10,1,0.93,0.9,0.1,1,0.08,1,0.01,POLICY_CONFIRMATION,1020225,heteroskedastic_v3.1,0.65,True,False,True,False,BENCHMARK_SPECIFIC_REVERSAL
POLICY_CONFIRMATION-TOP_K-1020226,TOP_K,SUPPORTED,0.04,1000000,24,2,10,1,0.3,0.9,0.1,1,0.08,1,0.01,POLICY_CONFIRMATION,1020226,heteroskedastic_v3.2,0.7,True,True,True,False,VERY_HIGH_MULTIPLICITY
POLICY_CONFIRMATION-TOP_K-1020227,TOP_K,SUPPORTED,0.085,500,24,2,10,1,0.3,0.9,0.1,1,0.08,1,0.01,POLICY_CONFIRMATION,1020227,heteroskedastic_v3.3,0.75,True,True,True,False,NEARLY_TIED_TOP_K
POLICY_CONFIRMATION-TOP_K-1020228,TOP_K,NULL,0.0,10000,72,2,10,1,0.72,0.9,0.1,1,0.08,1,0.01,POLICY_CONFIRMATION,1020228,heteroskedastic_v3.1,0.8,False,True,False,False,HIGH_RAW_LOW_EFFECTIVE_N
POLICY_CONFIRMATION-TOP_K-1020229,TOP_K,SUPPORTED,0.04,1000000,72,2,10,1,0.72,0.9,0.1,1,0.08,1,0.01,POLICY_CONFIRMATION,1020229,heteroskedastic_v3.2,0.85,True,True,True,False,SMALL_EFFECT_HUGE_RAW_N
POLICY_CONFIRMATION-TOP_K-1020230,TOP_K,SUPPORTED,0.085,500,72,2,2,1,0.93,0.9,0.1,3,0.08,1,0.01,POLICY_CONFIRMATION,1020230,heteroskedastic_v3.3,0.9,True,False,True,False,LARGE_EFFECT_SMALL_PANEL
POLICY_CONFIRMATION-TOP_K-1020231,TOP_K,NULL,0.0,10000,180,2,2,1,0.93,0.9,0.1,3,0.08,1,0.01,POLICY_CONFIRMATION,1020231,heteroskedastic_v3.1,0.95,True,True,True,False,EXTREME_FAMILY_IMBALANCE
POLICY_CONFIRMATION-TOP_K-1020232,TOP_K,SUPPORTED,0.04,1000000,180,8,2,1,0.3,0.9,0.1,3,0.08,1,0.01,POLICY_CONFIRMATION,1020232,heteroskedastic_v3.2,0.6,False,True,True,False,ONE_DOMINANT_FAMILY
POLICY_CONFIRMATION-TOP_K-1020233,TOP_K,SUPPORTED,0.085,500,180,8,2,1,0.3,0.9,0.1,3,0.08,1,0.01,POLICY_CONFIRMATION,1020233,heteroskedastic_v3.3,0.65,True,True,True,False,TRANSPORT_REVERSAL
POLICY_CONFIRMATION-TOP_K-1020234,TOP_K,NULL,0.0,10000,24,8,2,1,0.72,0.0,0.1,3,0.08,1,0.01,POLICY_CONFIRMATION,1020234,heteroskedastic_v3.1,0.7,True,True,False,False,BENCHMARK_SPECIFIC_REVERSAL
POLICY_CONFIRMATION-TOP_K-1020235,TOP_K,SUPPORTED,0.04,1000000,24,8,4,1,0.72,0.0,0.25,3,0.08,1,0.01,POLICY_CONFIRMATION,1020235,heteroskedastic_v3.2,0.75,True,False,True,False,VERY_HIGH_MULTIPLICITY
POLICY_CONFIRMATION-TOP_K-1020236,TOP_K,SUPPORTED,0.085,500,24,8,4,1,0.93,0.0,0.25,3,0.12,1,0.01,POLICY_CONFIRMATION,1020236,heteroskedastic_v3.3,0.8,False,True,True,False,NEARLY_TIED_TOP_K
POLICY_CONFIRMATION-TOP_K-1020237,TOP_K,NULL,0.0,10000,72,8,4,1,0.93,0.0,0.25,3,0.12,12,0.01,POLICY_CONFIRMATION,1020237,heteroskedastic_v3.1,0.85,True,True,True,False,HIGH_RAW_LOW_EFFECTIVE_N
POLICY_CONFIRMATION-TOP_K-1020238,TOP_K,SUPPORTED,0.04,1000000,72,8,4,1,0.3,0.0,0.25,3,0.12,12,0.01,POLICY_CONFIRMATION,1020238,heteroskedastic_v3.2,0.9,True,True,True,False,SMALL_EFFECT_HUGE_RAW_N
POLICY_CONFIRMATION-TOP_K-1020239,TOP_K,SUPPORTED,0.085,500,72,24,4,3,0.3,0.0,0.25,3,0.12,12,0.01,POLICY_CONFIRMATION,1020239,heteroskedastic_v3.3,0.95,True,True,True,False,LARGE_EFFECT_SMALL_PANEL
POLICY_CONFIRMATION-THRESHOLD_PASS-1020240,THRESHOLD_PASS,NULL,0.0,1000000,180,24,6,1,0.93,0.0,0.03,1,0.08,40,0.01,POLICY_CONFIRMATION,1020240,heteroskedastic_v3.1,0.6,False,False,False,False,HIGH_RAW_LOW_EFFECTIVE_N
POLICY_CONFIRMATION-THRESHOLD_PASS-1020241,THRESHOLD_PASS,SUPPORTED,0.04,500,180,24,6,1,0.93,0.0,0.03,1,0.08,40,0.01,POLICY_CONFIRMATION,1020241,heteroskedastic_v3.2,0.65,True,True,True,False,SMALL_EFFECT_HUGE_RAW_N
POLICY_CONFIRMATION-THRESHOLD_PASS-1020242,THRESHOLD_PASS,SUPPORTED,0.085,10000,180,24,6,1,0.3,0.0,0.03,1,0.08,40,0.01,POLICY_CONFIRMATION,1020242,heteroskedastic_v3.3,0.7,True,True,True,False,LARGE_EFFECT_SMALL_PANEL
POLICY_CONFIRMATION-THRESHOLD_PASS-1020243,THRESHOLD_PASS,NULL,0.0,1000000,24,24,6,1,0.3,0.0,0.03,1,0.08,40,0.01,POLICY_CONFIRMATION,1020243,heteroskedastic_v3.1,0.75,True,True,True,False,EXTREME_FAMILY_IMBALANCE
POLICY_CONFIRMATION-THRESHOLD_PASS-1020244,THRESHOLD_PASS,SUPPORTED,0.04,500,24,24,6,1,0.72,0.0,0.03,1,0.08,40,0.01,POLICY_CONFIRMATION,1020244,heteroskedastic_v3.2,0.8,False,True,True,False,ONE_DOMINANT_FAMILY
POLICY_CONFIRMATION-THRESHOLD_PASS-1020245,THRESHOLD_PASS,SUPPORTED,0.085,10000,24,24,10,1,0.72,0.0,0.03,1,0.08,40,0.01,POLICY_CONFIRMATION,1020245,heteroskedastic_v3.3,0.85,True,False,True,False,TRANSPORT_REVERSAL
POLICY_CONFIRMATION-THRESHOLD_PASS-1020246,THRESHOLD_PASS,NULL,0.0,1000000,72,24,10,1,0.93,0.0,0.03,1,0.08,40,0.01,POLICY_CONFIRMATION,1020246,heteroskedastic_v3.1,0.9,True,True,False,False,BENCHMARK_SPECIFIC_REVERSAL
POLICY_CONFIRMATION-THRESHOLD_PASS-1020247,THRESHOLD_PASS,SUPPORTED,0.04,500,72,60,10,1,0.93,0.0,0.03,1,0.08,40,0.01,POLICY_CONFIRMATION,1020247,heteroskedastic_v3.2,0.95,True,True,True,False,VERY_HIGH_MULTIPLICITY
POLICY_CONFIRMATION-THRESHOLD_PASS-1020248,THRESHOLD_PASS,SUPPORTED,0.085,10000,72,60,10,1,0.3,0.0,0.03,1,0.08,40,0.01,POLICY_CONFIRMATION,1020248,heteroskedastic_v3.3,0.6,False,True,True,False,NEARLY_TIED_TOP_K
POLICY_CONFIRMATION-THRESHOLD_PASS-1020249,THRESHOLD_PASS,NULL,0.0,1000000,180,60,10,1,0.3,0.0,0.03,1,0.08,40,0.01,POLICY_CONFIRMATION,1020249,heteroskedastic_v3.1,0.65,True,True,True,False,HIGH_RAW_LOW_EFFECTIVE_N
POLICY_CONFIRMATION-THRESHOLD_PASS-1020250,THRESHOLD_PASS,SUPPORTED,0.04,500,180,60,2,1,0.72,0.0,0.03,1,0.08,40,0.01,POLICY_CONFIRMATION,1020250,heteroskedastic_v3.2,0.7,True,False,True,False,SMALL_EFFECT_HUGE_RAW_N
POLICY_CONFIRMATION-THRESHOLD_PASS-1020251,THRESHOLD_PASS,SUPPORTED,0.085,10000,180,60,2,1,0.72,0.0,0.03,3,0.08,40,0.01,POLICY_CONFIRMATION,1020251,heteroskedastic_v3.3,0.75,True,True,True,False,LARGE_EFFECT_SMALL_PANEL
POLICY_CONFIRMATION-THRESHOLD_PASS-1020252,THRESHOLD_PASS,NULL,0.0,1000000,24,60,2,1,0.93,0.0,0.03,3,0.08,40,0.01,POLICY_CONFIRMATION,1020252,heteroskedastic_v3.1,0.8,False,True,False,False,EXTREME_FAMILY_IMBALANCE
POLICY_CONFIRMATION-THRESHOLD_PASS-1020253,THRESHOLD_PASS,SUPPORTED,0.04,500,24,60,2,1,0.93,0.0,0.03,3,0.08,1,0.01,POLICY_CONFIRMATION,1020253,heteroskedastic_v3.2,0.85,True,True,True,False,ONE_DOMINANT_FAMILY
POLICY_CONFIRMATION-THRESHOLD_PASS-1020254,THRESHOLD_PASS,SUPPORTED,0.085,10000,24,2,2,1,0.3,0.0,0.03,3,0.08,1,0.01,POLICY_CONFIRMATION,1020254,heteroskedastic_v3.3,0.9,True,True,True,False,TRANSPORT_REVERSAL
POLICY_CONFIRMATION-THRESHOLD_PASS-1020255,THRESHOLD_PASS,NULL,0.0,1000000,72,2,4,1,0.3,0.0,0.03,3,0.08,1,0.01,POLICY_CONFIRMATION,1020255,heteroskedastic_v3.1,0.95,True,False,True,False,BENCHMARK_SPECIFIC_REVERSAL
POLICY_CONFIRMATION-THRESHOLD_PASS-1020256,THRESHOLD_PASS,SUPPORTED,0.04,500,72,2,4,1,0.72,0.0,0.03,3,0.08,1,0.01,POLICY_CONFIRMATION,1020256,heteroskedastic_v3.2,0.6,False,True,True,False,VERY_HIGH_MULTIPLICITY
POLICY_CONFIRMATION-THRESHOLD_PASS-1020257,THRESHOLD_PASS,SUPPORTED,0.085,10000,72,2,4,3,0.72,0.0,0.03,3,0.08,1,0.01,POLICY_CONFIRMATION,1020257,heteroskedastic_v3.3,0.65,True,True,True,False,NEARLY_TIED_TOP_K
POLICY_CONFIRMATION-THRESHOLD_PASS-1020258,THRESHOLD_PASS,NULL,0.0,1000000,180,2,4,3,0.93,0.0,0.03,3,0.08,1,0.01,POLICY_CONFIRMATION,1020258,heteroskedastic_v3.1,0.7,True,True,False,False,HIGH_RAW_LOW_EFFECTIVE_N
POLICY_CONFIRMATION-THRESHOLD_PASS-1020259,THRESHOLD_PASS,SUPPORTED,0.04,500,180,2,4,3,0.93,0.5,0.03,3,0.08,1,0.01,POLICY_CONFIRMATION,1020259,heteroskedastic_v3.2,0.75,True,True,True,False,SMALL_EFFECT_HUGE_RAW_N
POLICY_CONFIRMATION-THRESHOLD_PASS-1020260,THRESHOLD_PASS,SUPPORTED,0.085,10000,180,2,6,3,0.3,0.5,0.03,3,0.08,1,0.01,POLICY_CONFIRMATION,1020260,heteroskedastic_v3.3,0.8,False,False,True,False,LARGE_EFFECT_SMALL_PANEL
POLICY_CONFIRMATION-THRESHOLD_PASS-1020261,THRESHOLD_PASS,NULL,0.0,1000000,24,8,6,3,0.3,0.5,0.03,3,0.08,1,0.01,POLICY_CONFIRMATION,1020261,heteroskedastic_v3.1,0.85,True,True,True,False,EXTREME_FAMILY_IMBALANCE
POLICY_CONFIRMATION-THRESHOLD_PASS-1020262,THRESHOLD_PASS,SUPPORTED,0.04,500,24,8,6,3,0.72,0.5,0.03,5,0.08,1,0.01,POLICY_CONFIRMATION,1020262,heteroskedastic_v3.2,0.9,True,True,True,False,ONE_DOMINANT_FAMILY
POLICY_CONFIRMATION-THRESHOLD_PASS-1020263,THRESHOLD_PASS,SUPPORTED,0.085,10000,24,8,6,3,0.72,0.5,0.1,5,0.08,1,0.01,POLICY_CONFIRMATION,1020263,heteroskedastic_v3.3,0.95,True,True,True,False,TRANSPORT_REVERSAL
POLICY_CONFIRMATION-THRESHOLD_PASS-1020264,THRESHOLD_PASS,NULL,0.0,1000000,72,8,6,3,0.93,0.5,0.1,5,0.08,1,0.01,POLICY_CONFIRMATION,1020264,heteroskedastic_v3.1,0.6,False,True,False,False,BENCHMARK_SPECIFIC_REVERSAL
POLICY_CONFIRMATION-THRESHOLD_PASS-1020265,THRESHOLD_PASS,SUPPORTED,0.04,500,72,8,10,3,0.93,0.5,0.1,5,0.08,1,0.01,POLICY_CONFIRMATION,1020265,heteroskedastic_v3.2,0.65,True,False,True,False,VERY_HIGH_MULTIPLICITY
POLICY_CONFIRMATION-THRESHOLD_PASS-1020266,THRESHOLD_PASS,SUPPORTED,0.085,10000,72,8,10,3,0.3,0.5,0.1,5,0.08,12,0.01,POLICY_CONFIRMATION,1020266,heteroskedastic_v3.3,0.7,True,True,True,False,NEARLY_TIED_TOP_K
POLICY_CONFIRMATION-THRESHOLD_PASS-1020267,THRESHOLD_PASS,NULL,0.0,1000000,180,8,10,3,0.3,0.5,0.1,5,0.08,12,0.01,POLICY_CONFIRMATION,1020267,heteroskedastic_v3.1,0.75,True,True,True,False,HIGH_RAW_LOW_EFFECTIVE_N
POLICY_CONFIRMATION-THRESHOLD_PASS-1020268,THRESHOLD_PASS,SUPPORTED,0.04,500,180,24,10,3,0.72,0.5,0.1,5,0.08,12,0.01,POLICY_CONFIRMATION,1020268,heteroskedastic_v3.2,0.8,False,True,True,False,SMALL_EFFECT_HUGE_RAW_N
POLICY_CONFIRMATION-THRESHOLD_PASS-1020269,THRESHOLD_PASS,SUPPORTED,0.085,10000,180,24,10,3,0.72,0.5,0.1,5,0.12,12,0.01,POLICY_CONFIRMATION,1020269,heteroskedastic_v3.3,0.85,True,True,True,False,LARGE_EFFECT_SMALL_PANEL
POLICY_CONFIRMATION-THRESHOLD_PASS-1020270,THRESHOLD_PASS,NULL,0.0,1000000,24,24,2,3,0.93,0.5,0.1,5,0.12,12,0.01,POLICY_CONFIRMATION,1020270,heteroskedastic_v3.1,0.9,True,False,False,False,EXTREME_FAMILY_IMBALANCE
POLICY_CONFIRMATION-THRESHOLD_PASS-1020271,THRESHOLD_PASS,SUPPORTED,0.04,500,24,24,2,3,0.93,0.5,0.1,5,0.12,12,0.01,POLICY_CONFIRMATION,1020271,heteroskedastic_v3.2,0.95,True,True,True,False,ONE_DOMINANT_FAMILY
POLICY_CONFIRMATION-THRESHOLD_PASS-1020272,THRESHOLD_PASS,SUPPORTED,0.085,10000,24,24,2,3,0.3,0.5,0.1,5,0.12,12,0.01,POLICY_CONFIRMATION,1020272,heteroskedastic_v3.3,0.6,False,True,True,False,TRANSPORT_REVERSAL
POLICY_CONFIRMATION-THRESHOLD_PASS-1020273,THRESHOLD_PASS,NULL,0.0,1000000,72,24,2,3,0.3,0.5,0.1,1,0.12,12,0.01,POLICY_CONFIRMATION,1020273,heteroskedastic_v3.1,0.65,True,True,True,False,BENCHMARK_SPECIFIC_REVERSAL
POLICY_CONFIRMATION-THRESHOLD_PASS-1020274,THRESHOLD_PASS,SUPPORTED,0.04,500,72,24,2,8,0.72,0.5,0.1,1,0.12,12,0.01,POLICY_CONFIRMATION,1020274,heteroskedastic_v3.2,0.7,True,True,True,False,VERY_HIGH_MULTIPLICITY
POLICY_CONFIRMATION-THRESHOLD_PASS-1020275,THRESHOLD_PASS,SUPPORTED,0.085,10000,72,60,4,8,0.72,0.5,0.1,1,0.12,12,0.01,POLICY_CONFIRMATION,1020275,heteroskedastic_v3.3,0.75,True,False,True,False,NEARLY_TIED_TOP_K
POLICY_CONFIRMATION-THRESHOLD_PASS-1020276,THRESHOLD_PASS,NULL,0.0,1000000,180,60,4,8,0.93,0.5,0.1,1,0.12,12,0.01,POLICY_CONFIRMATION,1020276,heteroskedastic_v3.1,0.8,False,True,False,False,HIGH_RAW_LOW_EFFECTIVE_N
POLICY_CONFIRMATION-THRESHOLD_PASS-1020277,THRESHOLD_PASS,SUPPORTED,0.04,500,180,60,4,8,0.93,0.5,0.1,1,0.12,12,0.01,POLICY_CONFIRMATION,1020277,heteroskedastic_v3.2,0.85,True,True,True,False,SMALL_EFFECT_HUGE_RAW_N
POLICY_CONFIRMATION-THRESHOLD_PASS-1020278,THRESHOLD_PASS,SUPPORTED,0.085,10000,180,60,4,8,0.3,0.9,0.1,1,0.12,12,0.01,POLICY_CONFIRMATION,1020278,heteroskedastic_v3.3,0.9,True,True,True,False,LARGE_EFFECT_SMALL_PANEL
POLICY_CONFIRMATION-THRESHOLD_PASS-1020279,THRESHOLD_PASS,NULL,0.0,1000000,24,60,4,8,0.3,0.9,0.1,1,0.12,40,0.01,POLICY_CONFIRMATION,1020279,heteroskedastic_v3.1,0.95,True,True,True,False,EXTREME_FAMILY_IMBALANCE
POLICY_CONFIRMATION-THRESHOLD_PASS-1020280,THRESHOLD_PASS,SUPPORTED,0.04,500,24,60,6,8,0.72,0.9,0.1,1,0.12,40,0.01,POLICY_CONFIRMATION,1020280,heteroskedastic_v3.2,0.6,False,False,True,False,ONE_DOMINANT_FAMILY
POLICY_CONFIRMATION-THRESHOLD_PASS-1020281,THRESHOLD_PASS,SUPPORTED,0.085,10000,24,60,6,8,0.72,0.9,0.1,1,0.12,40,0.01,POLICY_CONFIRMATION,1020281,heteroskedastic_v3.3,0.65,True,True,True,False,TRANSPORT_REVERSAL
POLICY_CONFIRMATION-THRESHOLD_PASS-1020282,THRESHOLD_PASS,NULL,0.0,1000000,72,2,6,8,0.93,0.9,0.1,1,0.12,40,0.01,POLICY_CONFIRMATION,1020282,heteroskedastic_v3.1,0.7,True,True,False,False,BENCHMARK_SPECIFIC_REVERSAL
POLICY_CONFIRMATION-THRESHOLD_PASS-1020283,THRESHOLD_PASS,SUPPORTED,0.04,500,72,2,6,8,0.93,0.9,0.1,1,0.12,40,0.01,POLICY_CONFIRMATION,1020283,heteroskedastic_v3.2,0.75,True,True,True,False,VERY_HIGH_MULTIPLICITY
POLICY_CONFIRMATION-THRESHOLD_PASS-1020284,THRESHOLD_PASS,SUPPORTED,0.085,10000,72,2,6,8,0.3,0.9,0.1,3,0.12,40,0.01,POLICY_CONFIRMATION,1020284,heteroskedastic_v3.3,0.8,False,True,True,False,NEARLY_TIED_TOP_K
POLICY_CONFIRMATION-THRESHOLD_PASS-1020285,THRESHOLD_PASS,NULL,0.0,1000000,180,2,10,8,0.3,0.9,0.1,3,0.12,40,0.01,POLICY_CONFIRMATION,1020285,heteroskedastic_v3.1,0.85,True,False,True,False,HIGH_RAW_LOW_EFFECTIVE_N
POLICY_CONFIRMATION-THRESHOLD_PASS-1020286,THRESHOLD_PASS,SUPPORTED,0.04,500,180,2,10,8,0.72,0.9,0.25,3,0.12,40,0.01,POLICY_CONFIRMATION,1020286,heteroskedastic_v3.2,0.9,True,True,True,False,SMALL_EFFECT_HUGE_RAW_N
POLICY_CONFIRMATION-THRESHOLD_PASS-1020287,THRESHOLD_PASS,SUPPORTED,0.085,10000,180,2,10,8,0.72,0.9,0.25,3,0.12,40,0.01,POLICY_CONFIRMATION,1020287,heteroskedastic_v3.3,0.95,True,True,True,False,LARGE_EFFECT_SMALL_PANEL
POLICY_CONFIRMATION-THRESHOLD_PASS-1020288,THRESHOLD_PASS,NULL,0.0,1000000,24,2,10,8,0.93,0.9,0.25,3,0.12,40,0.01,POLICY_CONFIRMATION,1020288,heteroskedastic_v3.1,0.6,False,True,False,False,EXTREME_FAMILY_IMBALANCE
POLICY_CONFIRMATION-THRESHOLD_PASS-1020289,THRESHOLD_PASS,SUPPORTED,0.04,500,24,8,10,8,0.93,0.9,0.25,3,0.12,40,0.01,POLICY_CONFIRMATION,1020289,heteroskedastic_v3.2,0.65,True,True,True,False,ONE_DOMINANT_FAMILY
POLICY_CONFIRMATION-THRESHOLD_PASS-1020290,THRESHOLD_PASS,SUPPORTED,0.085,10000,24,8,2,8,0.3,0.9,0.25,3,0.12,40,0.01,POLICY_CONFIRMATION,1020290,heteroskedastic_v3.3,0.7,True,False,True,False,TRANSPORT_REVERSAL
POLICY_CONFIRMATION-THRESHOLD_PASS-1020291,THRESHOLD_PASS,NULL,0.0,1000000,72,8,2,1,0.3,0.9,0.25,3,0.12,40,0.01,POLICY_CONFIRMATION,1020291,heteroskedastic_v3.1,0.75,True,True,True,False,BENCHMARK_SPECIFIC_REVERSAL
POLICY_CONFIRMATION-THRESHOLD_PASS-1020292,THRESHOLD_PASS,SUPPORTED,0.04,500,72,8,2,1,0.72,0.9,0.25,3,0.12,1,0.01,POLICY_CONFIRMATION,1020292,heteroskedastic_v3.2,0.8,False,True,True,False,VERY_HIGH_MULTIPLICITY
POLICY_CONFIRMATION-THRESHOLD_PASS-1020293,THRESHOLD_PASS,SUPPORTED,0.085,10000,72,8,2,1,0.72,0.9,0.25,3,0.12,1,0.01,POLICY_CONFIRMATION,1020293,heteroskedastic_v3.3,0.85,True,True,True,False,NEARLY_TIED_TOP_K
POLICY_CONFIRMATION-THRESHOLD_PASS-1020294,THRESHOLD_PASS,NULL,0.0,1000000,180,8,2,1,0.93,0.9,0.25,3,0.12,1,0.01,POLICY_CONFIRMATION,1020294,heteroskedastic_v3.1,0.9,True,True,False,False,HIGH_RAW_LOW_EFFECTIVE_N
POLICY_CONFIRMATION-THRESHOLD_PASS-1020295,THRESHOLD_PASS,SUPPORTED,0.04,500,180,8,4,1,0.93,0.9,0.25,5,0.12,1,0.01,POLICY_CONFIRMATION,1020295,heteroskedastic_v3.2,0.95,True,False,True,False,SMALL_EFFECT_HUGE_RAW_N
POLICY_CONFIRMATION-THRESHOLD_PASS-1020296,THRESHOLD_PASS,SUPPORTED,0.085,10000,180,24,4,1,0.3,0.9,0.25,5,0.12,1,0.01,POLICY_CONFIRMATION,1020296,heteroskedastic_v3.3,0.6,False,True,True,False,LARGE_EFFECT_SMALL_PANEL
POLICY_CONFIRMATION-THRESHOLD_PASS-1020297,THRESHOLD_PASS,NULL,0.0,1000000,24,24,4,1,0.3,0.0,0.25,5,0.12,1,0.01,POLICY_CONFIRMATION,1020297,heteroskedastic_v3.1,0.65,True,True,True,False,EXTREME_FAMILY_IMBALANCE
POLICY_CONFIRMATION-THRESHOLD_PASS-1020298,THRESHOLD_PASS,SUPPORTED,0.04,500,24,24,4,1,0.72,0.0,0.25,5,0.18,1,0.01,POLICY_CONFIRMATION,1020298,heteroskedastic_v3.2,0.7,True,True,True,False,ONE_DOMINANT_FAMILY
POLICY_CONFIRMATION-THRESHOLD_PASS-1020299,THRESHOLD_PASS,SUPPORTED,0.085,10000,24,24,4,1,0.72,0.0,0.25,5,0.18,1,0.01,POLICY_CONFIRMATION,1020299,heteroskedastic_v3.3,0.75,True,True,True,False,TRANSPORT_REVERSAL
POLICY_CONFIRMATION-THRESHOLD_PASS-1020300,THRESHOLD_PASS,NULL,0.0,1000000,72,24,6,1,0.93,0.0,0.25,5,0.18,1,0.01,POLICY_CONFIRMATION,1020300,heteroskedastic_v3.1,0.8,False,False,False,False,BENCHMARK_SPECIFIC_REVERSAL
POLICY_CONFIRMATION-THRESHOLD_PASS-1020301,THRESHOLD_PASS,SUPPORTED,0.04,500,72,24,6,1,0.93,0.0,0.25,5,0.18,1,0.01,POLICY_CONFIRMATION,1020301,heteroskedastic_v3.2,0.85,True,True,True,False,VERY_HIGH_MULTIPLICITY
POLICY_CONFIRMATION-THRESHOLD_PASS-1020302,THRESHOLD_PASS,SUPPORTED,0.085,10000,72,24,6,1,0.3,0.0,0.25,5,0.18,1,0.01,POLICY_CONFIRMATION,1020302,heteroskedastic_v3.3,0.9,True,True,True,False,NEARLY_TIED_TOP_K
POLICY_CONFIRMATION-THRESHOLD_PASS-1020303,THRESHOLD_PASS,NULL,0.0,1000000,180,60,6,1,0.3,0.0,0.25,5,0.18,1,0.01,POLICY_CONFIRMATION,1020303,heteroskedastic_v3.1,0.95,True,True,True,False,HIGH_RAW_LOW_EFFECTIVE_N
POLICY_CONFIRMATION-THRESHOLD_PASS-1020304,THRESHOLD_PASS,SUPPORTED,0.04,500,180,60,6,1,0.72,0.0,0.25,5,0.18,1,0.01,POLICY_CONFIRMATION,1020304,heteroskedastic_v3.2,0.6,False,True,True,False,SMALL_EFFECT_HUGE_RAW_N
POLICY_CONFIRMATION-THRESHOLD_PASS-1020305,THRESHOLD_PASS,SUPPORTED,0.085,10000,180,60,10,1,0.72,0.0,0.25,5,0.18,12,0.01,POLICY_CONFIRMATION,1020305,heteroskedastic_v3.3,0.65,True,False,True,False,LARGE_EFFECT_SMALL_PANEL
POLICY_CONFIRMATION-THRESHOLD_PASS-1020306,THRESHOLD_PASS,NULL,0.0,1000000,24,60,10,1,0.93,0.0,0.25,1,0.18,12,0.01,POLICY_CONFIRMATION,1020306,heteroskedastic_v3.1,0.7,True,True,False,False,EXTREME_FAMILY_IMBALANCE
POLICY_CONFIRMATION-THRESHOLD_PASS-1020307,THRESHOLD_PASS,SUPPORTED,0.04,500,24,60,10,1,0.93,0.0,0.25,1,0.18,12,0.01,POLICY_CONFIRMATION,1020307,heteroskedastic_v3.2,0.75,True,True,True,False,ONE_DOMINANT_FAMILY
POLICY_CONFIRMATION-THRESHOLD_PASS-1020308,THRESHOLD_PASS,SUPPORTED,0.085,10000,24,60,10,3,0.3,0.0,0.25,1,0.18,12,0.01,POLICY_CONFIRMATION,1020308,heteroskedastic_v3.3,0.8,False,True,True,False,TRANSPORT_REVERSAL
POLICY_CONFIRMATION-THRESHOLD_PASS-1020309,THRESHOLD_PASS,NULL,0.0,1000000,72,60,10,3,0.3,0.0,0.03,1,0.18,12,0.01,POLICY_CONFIRMATION,1020309,heteroskedastic_v3.1,0.85,True,True,True,False,BENCHMARK_SPECIFIC_REVERSAL
POLICY_CONFIRMATION-THRESHOLD_PASS-1020310,THRESHOLD_PASS,SUPPORTED,0.04,500,72,2,2,3,0.72,0.0,0.03,1,0.18,12,0.01,POLICY_CONFIRMATION,1020310,heteroskedastic_v3.2,0.9,True,False,True,False,VERY_HIGH_MULTIPLICITY
POLICY_CONFIRMATION-THRESHOLD_PASS-1020311,THRESHOLD_PASS,SUPPORTED,0.085,10000,72,2,2,3,0.72,0.0,0.03,1,0.18,12,0.01,POLICY_CONFIRMATION,1020311,heteroskedastic_v3.3,0.95,True,True,True,False,NEARLY_TIED_TOP_K
POLICY_CONFIRMATION-THRESHOLD_PASS-1020312,THRESHOLD_PASS,NULL,0.0,1000000,180,2,2,3,0.93,0.0,0.03,1,0.18,12,0.01,POLICY_CONFIRMATION,1020312,heteroskedastic_v3.1,0.6,False,True,False,False,HIGH_RAW_LOW_EFFECTIVE_N
POLICY_CONFIRMATION-THRESHOLD_PASS-1020313,THRESHOLD_PASS,SUPPORTED,0.04,500,180,2,2,3,0.93,0.0,0.03,1,0.18,12,0.01,POLICY_CONFIRMATION,1020313,heteroskedastic_v3.2,0.65,True,True,True,False,SMALL_EFFECT_HUGE_RAW_N
POLICY_CONFIRMATION-THRESHOLD_PASS-1020314,THRESHOLD_PASS,SUPPORTED,0.085,10000,180,2,2,3,0.3,0.0,0.03,1,0.18,12,0.01,POLICY_CONFIRMATION,1020314,heteroskedastic_v3.3,0.7,True,True,True,False,LARGE_EFFECT_SMALL_PANEL
POLICY_CONFIRMATION-THRESHOLD_PASS-1020315,THRESHOLD_PASS,NULL,0.0,1000000,24,2,4,3,0.3,0.0,0.03,1,0.18,12,0.01,POLICY_CONFIRMATION,1020315,heteroskedastic_v3.1,0.75,True,False,True,False,EXTREME_FAMILY_IMBALANCE
POLICY_CONFIRMATION-THRESHOLD_PASS-1020316,THRESHOLD_PASS,SUPPORTED,0.04,500,24,2,4,3,0.72,0.5,0.03,1,0.18,12,0.01,POLICY_CONFIRMATION,1020316,heteroskedastic_v3.2,0.8,False,True,True,False,ONE_DOMINANT_FAMILY
POLICY_CONFIRMATION-THRESHOLD_PASS-1020317,THRESHOLD_PASS,SUPPORTED,0.085,10000,24,8,4,3,0.72,0.5,0.03,3,0.18,12,0.01,POLICY_CONFIRMATION,1020317,heteroskedastic_v3.3,0.85,True,True,True,False,TRANSPORT_REVERSAL
POLICY_CONFIRMATION-THRESHOLD_PASS-1020318,THRESHOLD_PASS,NULL,0.0,1000000,72,8,4,3,0.93,0.5,0.03,3,0.18,40,0.01,POLICY_CONFIRMATION,1020318,heteroskedastic_v3.1,0.9,True,True,False,False,BENCHMARK_SPECIFIC_REVERSAL
POLICY_CONFIRMATION-THRESHOLD_PASS-1020319,THRESHOLD_PASS,SUPPORTED,0.04,500,72,8,4,3,0.93,0.5,0.03,3,0.18,40,0.01,POLICY_CONFIRMATION,1020319,heteroskedastic_v3.2,0.95,True,True,True,False,VERY_HIGH_MULTIPLICITY
POLICY_CONFIRMATION-THRESHOLD_PASS-1020320,THRESHOLD_PASS,SUPPORTED,0.085,10000,72,8,6,3,0.3,0.5,0.03,3,0.18,40,0.01,POLICY_CONFIRMATION,1020320,heteroskedastic_v3.3,0.6,False,False,True,False,NEARLY_TIED_TOP_K
POLICY_CONFIRMATION-THRESHOLD_PASS-1020321,THRESHOLD_PASS,NULL,0.0,1000000,180,8,6,3,0.3,0.5,0.03,3,0.18,40,0.01,POLICY_CONFIRMATION,1020321,heteroskedastic_v3.1,0.65,True,True,True,False,HIGH_RAW_LOW_EFFECTIVE_N
POLICY_CONFIRMATION-THRESHOLD_PASS-1020322,THRESHOLD_PASS,SUPPORTED,0.04,500,180,8,6,3,0.72,0.5,0.03,3,0.18,40,0.01,POLICY_CONFIRMATION,1020322,heteroskedastic_v3.2,0.7,True,True,True,False,SMALL_EFFECT_HUGE_RAW_N
POLICY_CONFIRMATION-THRESHOLD_PASS-1020323,THRESHOLD_PASS,SUPPORTED,0.085,10000,180,8,6,3,0.72,0.5,0.03,3,0.18,40,0.01,POLICY_CONFIRMATION,1020323,heteroskedastic_v3.3,0.75,True,True,True,False,LARGE_EFFECT_SMALL_PANEL
POLICY_CONFIRMATION-THRESHOLD_PASS-1020324,THRESHOLD_PASS,NULL,0.0,1000000,24,24,6,3,0.93,0.5,0.03,3,0.18,40,0.01,POLICY_CONFIRMATION,1020324,heteroskedastic_v3.1,0.8,False,True,False,False,EXTREME_FAMILY_IMBALANCE
POLICY_CONFIRMATION-THRESHOLD_PASS-1020325,THRESHOLD_PASS,SUPPORTED,0.04,500,24,24,10,8,0.93,0.5,0.03,3,0.18,40,0.01,POLICY_CONFIRMATION,1020325,heteroskedastic_v3.2,0.85,True,False,True,False,ONE_DOMINANT_FAMILY
POLICY_CONFIRMATION-THRESHOLD_PASS-1020326,THRESHOLD_PASS,SUPPORTED,0.085,10000,24,24,10,8,0.3,0.5,0.03,3,0.18,40,0.01,POLICY_CONFIRMATION,1020326,heteroskedastic_v3.3,0.9,True,True,True,False,TRANSPORT_REVERSAL
POLICY_CONFIRMATION-THRESHOLD_PASS-1020327,THRESHOLD_PASS,NULL,0.0,1000000,72,24,10,8,0.3,0.5,0.03,3,0.08,40,0.01,POLICY_CONFIRMATION,1020327,heteroskedastic_v3.1,0.95,True,True,True,False,BENCHMARK_SPECIFIC_REVERSAL
POLICY_CONFIRMATION-THRESHOLD_PASS-1020328,THRESHOLD_PASS,SUPPORTED,0.04,500,72,24,10,8,0.72,0.5,0.03,5,0.08,40,0.01,POLICY_CONFIRMATION,1020328,heteroskedastic_v3.2,0.6,False,True,True,False,VERY_HIGH_MULTIPLICITY
POLICY_CONFIRMATION-THRESHOLD_PASS-1020329,THRESHOLD_PASS,SUPPORTED,0.085,10000,72,24,10,8,0.72,0.5,0.03,5,0.08,40,0.01,POLICY_CONFIRMATION,1020329,heteroskedastic_v3.3,0.65,True,True,True,False,NEARLY_TIED_TOP_K
POLICY_CONFIRMATION-THRESHOLD_PASS-1020330,THRESHOLD_PASS,NULL,0.0,1000000,180,24,2,8,0.93,0.5,0.03,5,0.08,40,0.01,POLICY_CONFIRMATION,1020330,heteroskedastic_v3.1,0.7,True,False,False,False,HIGH_RAW_LOW_EFFECTIVE_N
POLICY_CONFIRMATION-THRESHOLD_PASS-1020331,THRESHOLD_PASS,SUPPORTED,0.04,500,180,60,2,8,0.93,0.5,0.03,5,0.08,1,0.01,POLICY_CONFIRMATION,1020331,heteroskedastic_v3.2,0.75,True,True,True,False,SMALL_EFFECT_HUGE_RAW_N
POLICY_CONFIRMATION-THRESHOLD_PASS-1020332,THRESHOLD_PASS,SUPPORTED,0.085,10000,180,60,2,8,0.3,0.5,0.1,5,0.08,1,0.01,POLICY_CONFIRMATION,1020332,heteroskedastic_v3.3,0.8,False,True,True,False,LARGE_EFFECT_SMALL_PANEL
POLICY_CONFIRMATION-THRESHOLD_PASS-1020333,THRESHOLD_PASS,NULL,0.0,1000000,24,60,2,8,0.3,0.5,0.1,5,0.08,1,0.01,POLICY_CONFIRMATION,1020333,heteroskedastic_v3.1,0.85,True,True,True,False,EXTREME_FAMILY_IMBALANCE
POLICY_CONFIRMATION-THRESHOLD_PASS-1020334,THRESHOLD_PASS,SUPPORTED,0.04,500,24,60,2,8,0.72,0.5,0.1,5,0.08,1,0.01,POLICY_CONFIRMATION,1020334,heteroskedastic_v3.2,0.9,True,True,True,False,ONE_DOMINANT_FAMILY
POLICY_CONFIRMATION-THRESHOLD_PASS-1020335,THRESHOLD_PASS,SUPPORTED,0.085,10000,24,60,4,8,0.72,0.9,0.1,5,0.08,1,0.01,POLICY_CONFIRMATION,1020335,heteroskedastic_v3.3,0.95,True,False,True,False,TRANSPORT_REVERSAL
POLICY_CONFIRMATION-THRESHOLD_PASS-1020336,THRESHOLD_PASS,NULL,0.0,1000000,72,60,4,8,0.93,0.9,0.1,5,0.08,1,0.01,POLICY_CONFIRMATION,1020336,heteroskedastic_v3.1,0.6,False,True,False,False,BENCHMARK_SPECIFIC_REVERSAL
POLICY_CONFIRMATION-THRESHOLD_PASS-1020337,THRESHOLD_PASS,SUPPORTED,0.04,500,72,60,4,8,0.93,0.9,0.1,5,0.08,1,0.01,POLICY_CONFIRMATION,1020337,heteroskedastic_v3.2,0.65,True,True,True,False,VERY_HIGH_MULTIPLICITY
POLICY_CONFIRMATION-THRESHOLD_PASS-1020338,THRESHOLD_PASS,SUPPORTED,0.085,10000,72,2,4,8,0.3,0.9,0.1,5,0.08,1,0.01,POLICY_CONFIRMATION,1020338,heteroskedastic_v3.3,0.7,True,True,True,False,NEARLY_TIED_TOP_K
POLICY_CONFIRMATION-THRESHOLD_PASS-1020339,THRESHOLD_PASS,NULL,0.0,1000000,180,2,4,8,0.3,0.9,0.1,1,0.08,1,0.01,POLICY_CONFIRMATION,1020339,heteroskedastic_v3.1,0.75,True,True,True,False,HIGH_RAW_LOW_EFFECTIVE_N
POLICY_CONFIRMATION-THRESHOLD_PASS-1020340,THRESHOLD_PASS,SUPPORTED,0.04,500,180,2,6,8,0.72,0.9,0.1,1,0.08,1,0.01,POLICY_CONFIRMATION,1020340,heteroskedastic_v3.2,0.8,False,False,True,False,SMALL_EFFECT_HUGE_RAW_N
POLICY_CONFIRMATION-THRESHOLD_PASS-1020341,THRESHOLD_PASS,SUPPORTED,0.085,10000,180,2,6,8,0.72,0.9,0.1,1,0.08,1,0.01,POLICY_CONFIRMATION,1020341,heteroskedastic_v3.3,0.85,True,True,True,False,LARGE_EFFECT_SMALL_PANEL
POLICY_CONFIRMATION-THRESHOLD_PASS-1020342,THRESHOLD_PASS,NULL,0.0,1000000,24,2,6,1,0.93,0.9,0.1,1,0.08,1,0.01,POLICY_CONFIRMATION,1020342,heteroskedastic_v3.1,0.9,True,True,False,False,EXTREME_FAMILY_IMBALANCE
POLICY_CONFIRMATION-THRESHOLD_PASS-1020343,THRESHOLD_PASS,SUPPORTED,0.04,500,24,2,6,1,0.93,0.9,0.1,1,0.08,1,0.01,POLICY_CONFIRMATION,1020343,heteroskedastic_v3.2,0.95,True,True,True,False,ONE_DOMINANT_FAMILY
POLICY_CONFIRMATION-THRESHOLD_PASS-1020344,THRESHOLD_PASS,SUPPORTED,0.085,10000,24,2,6,1,0.3,0.9,0.1,1,0.08,12,0.01,POLICY_CONFIRMATION,1020344,heteroskedastic_v3.3,0.6,False,True,True,False,TRANSPORT_REVERSAL
POLICY_CONFIRMATION-THRESHOLD_PASS-1020345,THRESHOLD_PASS,NULL,0.0,1000000,72,8,10,1,0.3,0.9,0.1,1,0.08,12,0.01,POLICY_CONFIRMATION,1020345,heteroskedastic_v3.1,0.65,True,False,True,False,BENCHMARK_SPECIFIC_REVERSAL
POLICY_CONFIRMATION-THRESHOLD_PASS-1020346,THRESHOLD_PASS,SUPPORTED,0.04,500,72,8,10,1,0.72,0.9,0.1,1,0.08,12,0.01,POLICY_CONFIRMATION,1020346,heteroskedastic_v3.2,0.7,True,True,True,False,VERY_HIGH_MULTIPLICITY
POLICY_CONFIRMATION-THRESHOLD_PASS-1020347,THRESHOLD_PASS,SUPPORTED,0.085,10000,72,8,10,1,0.72,0.9,0.1,1,0.08,12,0.01,POLICY_CONFIRMATION,1020347,heteroskedastic_v3.3,0.75,True,True,True,False,NEARLY_TIED_TOP_K
POLICY_CONFIRMATION-THRESHOLD_PASS-1020348,THRESHOLD_PASS,NULL,0.0,1000000,180,8,10,1,0.93,0.9,0.1,1,0.08,12,0.01,POLICY_CONFIRMATION,1020348,heteroskedastic_v3.1,0.8,False,True,False,False,HIGH_RAW_LOW_EFFECTIVE_N
POLICY_CONFIRMATION-THRESHOLD_PASS-1020349,THRESHOLD_PASS,SUPPORTED,0.04,500,180,8,10,1,0.93,0.9,0.1,1,0.08,12,0.01,POLICY_CONFIRMATION,1020349,heteroskedastic_v3.2,0.85,True,True,True,False,SMALL_EFFECT_HUGE_RAW_N
POLICY_CONFIRMATION-THRESHOLD_PASS-1020350,THRESHOLD_PASS,SUPPORTED,0.085,10000,180,8,2,1,0.3,0.9,0.1,3,0.08,12,0.01,POLICY_CONFIRMATION,1020350,heteroskedastic_v3.3,0.9,True,False,True,False,LARGE_EFFECT_SMALL_PANEL
POLICY_CONFIRMATION-THRESHOLD_PASS-1020351,THRESHOLD_PASS,NULL,0.0,1000000,24,8,2,1,0.3,0.9,0.1,3,0.08,12,0.01,POLICY_CONFIRMATION,1020351,heteroskedastic_v3.1,0.95,True,True,True,False,EXTREME_FAMILY_IMBALANCE
POLICY_CONFIRMATION-THRESHOLD_PASS-1020352,THRESHOLD_PASS,SUPPORTED,0.04,500,24,24,2,1,0.72,0.9,0.1,3,0.08,12,0.01,POLICY_CONFIRMATION,1020352,heteroskedastic_v3.2,0.6,False,True,True,False,ONE_DOMINANT_FAMILY
POLICY_CONFIRMATION-THRESHOLD_PASS-1020353,THRESHOLD_PASS,SUPPORTED,0.085,10000,24,24,2,1,0.72,0.9,0.1,3,0.08,12,0.01,POLICY_CONFIRMATION,1020353,heteroskedastic_v3.3,0.65,True,True,True,False,TRANSPORT_REVERSAL
POLICY_CONFIRMATION-THRESHOLD_PASS-1020354,THRESHOLD_PASS,NULL,0.0,1000000,72,24,2,1,0.93,0.0,0.1,3,0.08,12,0.01,POLICY_CONFIRMATION,1020354,heteroskedastic_v3.1,0.7,True,True,False,False,BENCHMARK_SPECIFIC_REVERSAL
POLICY_CONFIRMATION-THRESHOLD_PASS-1020355,THRESHOLD_PASS,SUPPORTED,0.04,500,72,24,4,1,0.93,0.0,0.25,3,0.08,12,0.01,POLICY_CONFIRMATION,1020355,heteroskedastic_v3.2,0.75,True,False,True,False,VERY_HIGH_MULTIPLICITY
POLICY_CONFIRMATION-THRESHOLD_PASS-1020356,THRESHOLD_PASS,SUPPORTED,0.085,10000,72,24,4,1,0.3,0.0,0.25,3,0.12,12,0.01,POLICY_CONFIRMATION,1020356,heteroskedastic_v3.3,0.8,False,True,True,False,NEARLY_TIED_TOP_K
POLICY_CONFIRMATION-THRESHOLD_PASS-1020357,THRESHOLD_PASS,NULL,0.0,1000000,180,24,4,1,0.3,0.0,0.25,3,0.12,40,0.01,POLICY_CONFIRMATION,1020357,heteroskedastic_v3.1,0.85,True,True,True,False,HIGH_RAW_LOW_EFFECTIVE_N
POLICY_CONFIRMATION-THRESHOLD_PASS-1020358,THRESHOLD_PASS,SUPPORTED,0.04,500,180,24,4,1,0.72,0.0,0.25,3,0.12,40,0.01,POLICY_CONFIRMATION,1020358,heteroskedastic_v3.2,0.9,True,True,True,False,SMALL_EFFECT_HUGE_RAW_N
POLICY_CONFIRMATION-THRESHOLD_PASS-1020359,THRESHOLD_PASS,SUPPORTED,0.085,10000,180,60,4,3,0.72,0.0,0.25,3,0.12,40,0.01,POLICY_CONFIRMATION,1020359,heteroskedastic_v3.3,0.95,True,True,True,False,LARGE_EFFECT_SMALL_PANEL
POLICY_CONFIRMATION-ITEM_DIAGNOSTICS-1020360,ITEM_DIAGNOSTICS,NULL,0.0,500,24,60,6,1,0.3,0.0,0.03,1,0.08,1,0.01,POLICY_CONFIRMATION,1020360,heteroskedastic_v3.1,0.6,False,False,False,False,HIGH_RAW_LOW_EFFECTIVE_N
POLICY_CONFIRMATION-ITEM_DIAGNOSTICS-1020361,ITEM_DIAGNOSTICS,SUPPORTED,0.04,10000,24,60,6,1,0.3,0.0,0.03,1,0.08,1,0.01,POLICY_CONFIRMATION,1020361,heteroskedastic_v3.2,0.65,True,True,True,False,SMALL_EFFECT_HUGE_RAW_N
POLICY_CONFIRMATION-ITEM_DIAGNOSTICS-1020362,ITEM_DIAGNOSTICS,SUPPORTED,0.085,1000000,24,60,6,1,0.72,0.0,0.03,1,0.08,1,0.01,POLICY_CONFIRMATION,1020362,heteroskedastic_v3.3,0.7,True,True,True,False,LARGE_EFFECT_SMALL_PANEL
POLICY_CONFIRMATION-ITEM_DIAGNOSTICS-1020363,ITEM_DIAGNOSTICS,NULL,0.0,500,72,60,6,1,0.72,0.0,0.03,1,0.08,1,0.01,POLICY_CONFIRMATION,1020363,heteroskedastic_v3.1,0.75,True,True,True,False,EXTREME_FAMILY_IMBALANCE
POLICY_CONFIRMATION-ITEM_DIAGNOSTICS-1020364,ITEM_DIAGNOSTICS,SUPPORTED,0.04,10000,72,60,6,1,0.93,0.0,0.03,1,0.08,1,0.01,POLICY_CONFIRMATION,1020364,heteroskedastic_v3.2,0.8,False,True,True,False,ONE_DOMINANT_FAMILY
POLICY_CONFIRMATION-ITEM_DIAGNOSTICS-1020365,ITEM_DIAGNOSTICS,SUPPORTED,0.085,1000000,72,60,10,1,0.93,0.0,0.03,1,0.08,1,0.01,POLICY_CONFIRMATION,1020365,heteroskedastic_v3.3,0.85,True,False,True,False,TRANSPORT_REVERSAL
POLICY_CONFIRMATION-ITEM_DIAGNOSTICS-1020366,ITEM_DIAGNOSTICS,NULL,0.0,500,180,60,10,1,0.3,0.0,0.03,1,0.08,1,0.01,POLICY_CONFIRMATION,1020366,heteroskedastic_v3.1,0.9,True,True,False,False,BENCHMARK_SPECIFIC_REVERSAL
POLICY_CONFIRMATION-ITEM_DIAGNOSTICS-1020367,ITEM_DIAGNOSTICS,SUPPORTED,0.04,10000,180,2,10,1,0.3,0.0,0.03,1,0.08,1,0.01,POLICY_CONFIRMATION,1020367,heteroskedastic_v3.2,0.95,True,True,True,False,VERY_HIGH_MULTIPLICITY
POLICY_CONFIRMATION-ITEM_DIAGNOSTICS-1020368,ITEM_DIAGNOSTICS,SUPPORTED,0.085,1000000,180,2,10,1,0.72,0.0,0.03,1,0.08,1,0.01,POLICY_CONFIRMATION,1020368,heteroskedastic_v3.3,0.6,False,True,True,False,NEARLY_TIED_TOP_K
POLICY_CONFIRMATION-ITEM_DIAGNOSTICS-1020369,ITEM_DIAGNOSTICS,NULL,0.0,500,24,2,10,1,0.72,0.0,0.03,1,0.08,1,0.01,POLICY_CONFIRMATION,1020369,heteroskedastic_v3.1,0.65,True,True,True,False,HIGH_RAW_LOW_EFFECTIVE_N
POLICY_CONFIRMATION-ITEM_DIAGNOSTICS-1020370,ITEM_DIAGNOSTICS,SUPPORTED,0.04,10000,24,2,2,1,0.93,0.0,0.03,1,0.08,1,0.01,POLICY_CONFIRMATION,1020370,heteroskedastic_v3.2,0.7,True,False,True,False,SMALL_EFFECT_HUGE_RAW_N
POLICY_CONFIRMATION-ITEM_DIAGNOSTICS-1020371,ITEM_DIAGNOSTICS,SUPPORTED,0.085,1000000,24,2,2,1,0.93,0.0,0.03,3,0.08,1,0.01,POLICY_CONFIRMATION,1020371,heteroskedastic_v3.3,0.75,True,True,True,False,LARGE_EFFECT_SMALL_PANEL
POLICY_CONFIRMATION-ITEM_DIAGNOSTICS-1020372,ITEM_DIAGNOSTICS,NULL,0.0,500,72,2,2,1,0.3,0.0,0.03,3,0.08,1,0.01,POLICY_CONFIRMATION,1020372,heteroskedastic_v3.1,0.8,False,True,False,False,EXTREME_FAMILY_IMBALANCE
POLICY_CONFIRMATION-ITEM_DIAGNOSTICS-1020373,ITEM_DIAGNOSTICS,SUPPORTED,0.04,10000,72,2,2,1,0.3,0.0,0.03,3,0.08,12,0.01,POLICY_CONFIRMATION,1020373,heteroskedastic_v3.2,0.85,True,True,True,False,ONE_DOMINANT_FAMILY
POLICY_CONFIRMATION-ITEM_DIAGNOSTICS-1020374,ITEM_DIAGNOSTICS,SUPPORTED,0.085,1000000,72,8,2,1,0.72,0.0,0.03,3,0.08,12,0.01,POLICY_CONFIRMATION,1020374,heteroskedastic_v3.3,0.9,True,True,True,False,TRANSPORT_REVERSAL
POLICY_CONFIRMATION-ITEM_DIAGNOSTICS-1020375,ITEM_DIAGNOSTICS,NULL,0.0,500,180,8,4,1,0.72,0.0,0.03,3,0.08,12,0.01,POLICY_CONFIRMATION,1020375,heteroskedastic_v3.1,0.95,True,False,True,False,BENCHMARK_SPECIFIC_REVERSAL
POLICY_CONFIRMATION-ITEM_DIAGNOSTICS-1020376,ITEM_DIAGNOSTICS,SUPPORTED,0.04,10000,180,8,4,1,0.93,0.0,0.03,3,0.08,12,0.01,POLICY_CONFIRMATION,1020376,heteroskedastic_v3.2,0.6,False,True,True,False,VERY_HIGH_MULTIPLICITY
POLICY_CONFIRMATION-ITEM_DIAGNOSTICS-1020377,ITEM_DIAGNOSTICS,SUPPORTED,0.085,1000000,180,8,4,3,0.93,0.0,0.03,3,0.08,12,0.01,POLICY_CONFIRMATION,1020377,heteroskedastic_v3.3,0.65,True,True,True,False,NEARLY_TIED_TOP_K
POLICY_CONFIRMATION-ITEM_DIAGNOSTICS-1020378,ITEM_DIAGNOSTICS,NULL,0.0,500,24,8,4,3,0.3,0.0,0.03,3,0.08,12,0.01,POLICY_CONFIRMATION,1020378,heteroskedastic_v3.1,0.7,True,True,False,False,HIGH_RAW_LOW_EFFECTIVE_N
POLICY_CONFIRMATION-ITEM_DIAGNOSTICS-1020379,ITEM_DIAGNOSTICS,SUPPORTED,0.04,10000,24,8,4,3,0.3,0.5,0.03,3,0.08,12,0.01,POLICY_CONFIRMATION,1020379,heteroskedastic_v3.2,0.75,True,True,True,False,SMALL_EFFECT_HUGE_RAW_N
POLICY_CONFIRMATION-ITEM_DIAGNOSTICS-1020380,ITEM_DIAGNOSTICS,SUPPORTED,0.085,1000000,24,8,6,3,0.72,0.5,0.03,3,0.08,12,0.01,POLICY_CONFIRMATION,1020380,heteroskedastic_v3.3,0.8,False,False,True,False,LARGE_EFFECT_SMALL_PANEL
POLICY_CONFIRMATION-ITEM_DIAGNOSTICS-1020381,ITEM_DIAGNOSTICS,NULL,0.0,500,72,24,6,3,0.72,0.5,0.03,3,0.08,12,0.01,POLICY_CONFIRMATION,1020381,heteroskedastic_v3.1,0.85,True,True,True,False,EXTREME_FAMILY_IMBALANCE
POLICY_CONFIRMATION-ITEM_DIAGNOSTICS-1020382,ITEM_DIAGNOSTICS,SUPPORTED,0.04,10000,72,24,6,3,0.93,0.5,0.03,5,0.08,12,0.01,POLICY_CONFIRMATION,1020382,heteroskedastic_v3.2,0.9,True,True,True,False,ONE_DOMINANT_FAMILY
POLICY_CONFIRMATION-ITEM_DIAGNOSTICS-1020383,ITEM_DIAGNOSTICS,SUPPORTED,0.085,1000000,72,24,6,3,0.93,0.5,0.1,5,0.08,12,0.01,POLICY_CONFIRMATION,1020383,heteroskedastic_v3.3,0.95,True,True,True,False,TRANSPORT_REVERSAL
POLICY_CONFIRMATION-ITEM_DIAGNOSTICS-1020384,ITEM_DIAGNOSTICS,NULL,0.0,500,180,24,6,3,0.3,0.5,0.1,5,0.08,12,0.01,POLICY_CONFIRMATION,1020384,heteroskedastic_v3.1,0.6,False,True,False,False,BENCHMARK_SPECIFIC_REVERSAL
POLICY_CONFIRMATION-ITEM_DIAGNOSTICS-1020385,ITEM_DIAGNOSTICS,SUPPORTED,0.04,10000,180,24,10,3,0.3,0.5,0.1,5,0.08,12,0.01,POLICY_CONFIRMATION,1020385,heteroskedastic_v3.2,0.65,True,False,True,False,VERY_HIGH_MULTIPLICITY
POLICY_CONFIRMATION-ITEM_DIAGNOSTICS-1020386,ITEM_DIAGNOSTICS,SUPPORTED,0.085,1000000,180,24,10,3,0.72,0.5,0.1,5,0.08,40,0.01,POLICY_CONFIRMATION,1020386,heteroskedastic_v3.3,0.7,True,True,True,False,NEARLY_TIED_TOP_K
POLICY_CONFIRMATION-ITEM_DIAGNOSTICS-1020387,ITEM_DIAGNOSTICS,NULL,0.0,500,24,24,10,3,0.72,0.5,0.1,5,0.08,40,0.01,POLICY_CONFIRMATION,1020387,heteroskedastic_v3.1,0.75,True,True,True,False,HIGH_RAW_LOW_EFFECTIVE_N
POLICY_CONFIRMATION-ITEM_DIAGNOSTICS-1020388,ITEM_DIAGNOSTICS,SUPPORTED,0.04,10000,24,60,10,3,0.93,0.5,0.1,5,0.08,40,0.01,POLICY_CONFIRMATION,1020388,heteroskedastic_v3.2,0.8,False,True,True,False,SMALL_EFFECT_HUGE_RAW_N
POLICY_CONFIRMATION-ITEM_DIAGNOSTICS-1020389,ITEM_DIAGNOSTICS,SUPPORTED,0.085,1000000,24,60,10,3,0.93,0.5,0.1,5,0.12,40,0.01,POLICY_CONFIRMATION,1020389,heteroskedastic_v3.3,0.85,True,True,True,False,LARGE_EFFECT_SMALL_PANEL
POLICY_CONFIRMATION-ITEM_DIAGNOSTICS-1020390,ITEM_DIAGNOSTICS,NULL,0.0,500,72,60,2,3,0.3,0.5,0.1,5,0.12,40,0.01,POLICY_CONFIRMATION,1020390,heteroskedastic_v3.1,0.9,True,False,False,False,EXTREME_FAMILY_IMBALANCE
POLICY_CONFIRMATION-ITEM_DIAGNOSTICS-1020391,ITEM_DIAGNOSTICS,SUPPORTED,0.04,10000,72,60,2,3,0.3,0.5,0.1,5,0.12,40,0.01,POLICY_CONFIRMATION,1020391,heteroskedastic_v3.2,0.95,True,True,True,False,ONE_DOMINANT_FAMILY
POLICY_CONFIRMATION-ITEM_DIAGNOSTICS-1020392,ITEM_DIAGNOSTICS,SUPPORTED,0.085,1000000,72,60,2,3,0.72,0.5,0.1,5,0.12,40,0.01,POLICY_CONFIRMATION,1020392,heteroskedastic_v3.3,0.6,False,True,True,False,TRANSPORT_REVERSAL
POLICY_CONFIRMATION-ITEM_DIAGNOSTICS-1020393,ITEM_DIAGNOSTICS,NULL,0.0,500,180,60,2,3,0.72,0.5,0.1,1,0.12,40,0.01,POLICY_CONFIRMATION,1020393,heteroskedastic_v3.1,0.65,True,True,True,False,BENCHMARK_SPECIFIC_REVERSAL
POLICY_CONFIRMATION-ITEM_DIAGNOSTICS-1020394,ITEM_DIAGNOSTICS,SUPPORTED,0.04,10000,180,60,2,8,0.93,0.5,0.1,1,0.12,40,0.01,POLICY_CONFIRMATION,1020394,heteroskedastic_v3.2,0.7,True,True,True,False,VERY_HIGH_MULTIPLICITY
POLICY_CONFIRMATION-ITEM_DIAGNOSTICS-1020395,ITEM_DIAGNOSTICS,SUPPORTED,0.085,1000000,180,2,4,8,0.93,0.5,0.1,1,0.12,40,0.01,POLICY_CONFIRMATION,1020395,heteroskedastic_v3.3,0.75,True,False,True,False,NEARLY_TIED_TOP_K
POLICY_CONFIRMATION-ITEM_DIAGNOSTICS-1020396,ITEM_DIAGNOSTICS,NULL,0.0,500,24,2,4,8,0.3,0.5,0.1,1,0.12,40,0.01,POLICY_CONFIRMATION,1020396,heteroskedastic_v3.1,0.8,False,True,False,False,HIGH_RAW_LOW_EFFECTIVE_N
POLICY_CONFIRMATION-ITEM_DIAGNOSTICS-1020397,ITEM_DIAGNOSTICS,SUPPORTED,0.04,10000,24,2,4,8,0.3,0.5,0.1,1,0.12,40,0.01,POLICY_CONFIRMATION,1020397,heteroskedastic_v3.2,0.85,True,True,True,False,SMALL_EFFECT_HUGE_RAW_N
POLICY_CONFIRMATION-ITEM_DIAGNOSTICS-1020398,ITEM_DIAGNOSTICS,SUPPORTED,0.085,1000000,24,2,4,8,0.72,0.9,0.1,1,0.12,40,0.01,POLICY_CONFIRMATION,1020398,heteroskedastic_v3.3,0.9,True,True,True,False,LARGE_EFFECT_SMALL_PANEL
POLICY_CONFIRMATION-ITEM_DIAGNOSTICS-1020399,ITEM_DIAGNOSTICS,NULL,0.0,500,72,2,4,8,0.72,0.9,0.1,1,0.12,1,0.01,POLICY_CONFIRMATION,1020399,heteroskedastic_v3.1,0.95,True,True,True,False,EXTREME_FAMILY_IMBALANCE
POLICY_CONFIRMATION-ITEM_DIAGNOSTICS-1020400,ITEM_DIAGNOSTICS,SUPPORTED,0.04,10000,72,2,6,8,0.93,0.9,0.1,1,0.12,1,0.01,POLICY_CONFIRMATION,1020400,heteroskedastic_v3.2,0.6,False,False,True,False,ONE_DOMINANT_FAMILY
POLICY_CONFIRMATION-ITEM_DIAGNOSTICS-1020401,ITEM_DIAGNOSTICS,SUPPORTED,0.085,1000000,72,2,6,8,0.93,0.9,0.1,1,0.12,1,0.01,POLICY_CONFIRMATION,1020401,heteroskedastic_v3.3,0.65,True,True,True,False,TRANSPORT_REVERSAL
POLICY_CONFIRMATION-ITEM_DIAGNOSTICS-1020402,ITEM_DIAGNOSTICS,NULL,0.0,500,180,8,6,8,0.3,0.9,0.1,1,0.12,1,0.01,POLICY_CONFIRMATION,1020402,heteroskedastic_v3.1,0.7,True,True,False,False,BENCHMARK_SPECIFIC_REVERSAL
POLICY_CONFIRMATION-ITEM_DIAGNOSTICS-1020403,ITEM_DIAGNOSTICS,SUPPORTED,0.04,10000,180,8,6,8,0.3,0.9,0.1,1,0.12,1,0.01,POLICY_CONFIRMATION,1020403,heteroskedastic_v3.2,0.75,True,True,True,False,VERY_HIGH_MULTIPLICITY
POLICY_CONFIRMATION-ITEM_DIAGNOSTICS-1020404,ITEM_DIAGNOSTICS,SUPPORTED,0.085,1000000,180,8,6,8,0.72,0.9,0.1,3,0.12,1,0.01,POLICY_CONFIRMATION,1020404,heteroskedastic_v3.3,0.8,False,True,True,False,NEARLY_TIED_TOP_K
POLICY_CONFIRMATION-ITEM_DIAGNOSTICS-1020405,ITEM_DIAGNOSTICS,NULL,0.0,500,24,8,10,8,0.72,0.9,0.1,3,0.12,1,0.01,POLICY_CONFIRMATION,1020405,heteroskedastic_v3.1,0.85,True,False,True,False,HIGH_RAW_LOW_EFFECTIVE_N
POLICY_CONFIRMATION-ITEM_DIAGNOSTICS-1020406,ITEM_DIAGNOSTICS,SUPPORTED,0.04,10000,24,8,10,8,0.93,0.9,0.25,3,0.12,1,0.01,POLICY_CONFIRMATION,1020406,heteroskedastic_v3.2,0.9,True,True,True,False,SMALL_EFFECT_HUGE_RAW_N
POLICY_CONFIRMATION-ITEM_DIAGNOSTICS-1020407,ITEM_DIAGNOSTICS,SUPPORTED,0.085,1000000,24,8,10,8,0.93,0.9,0.25,3,0.12,1,0.01,POLICY_CONFIRMATION,1020407,heteroskedastic_v3.3,0.95,True,True,True,False,LARGE_EFFECT_SMALL_PANEL
POLICY_CONFIRMATION-ITEM_DIAGNOSTICS-1020408,ITEM_DIAGNOSTICS,NULL,0.0,500,72,8,10,8,0.3,0.9,0.25,3,0.12,1,0.01,POLICY_CONFIRMATION,1020408,heteroskedastic_v3.1,0.6,False,True,False,False,EXTREME_FAMILY_IMBALANCE
POLICY_CONFIRMATION-ITEM_DIAGNOSTICS-1020409,ITEM_DIAGNOSTICS,SUPPORTED,0.04,10000,72,24,10,8,0.3,0.9,0.25,3,0.12,1,0.01,POLICY_CONFIRMATION,1020409,heteroskedastic_v3.2,0.65,True,True,True,False,ONE_DOMINANT_FAMILY
POLICY_CONFIRMATION-ITEM_DIAGNOSTICS-1020410,ITEM_DIAGNOSTICS,SUPPORTED,0.085,1000000,72,24,2,8,0.72,0.9,0.25,3,0.12,1,0.01,POLICY_CONFIRMATION,1020410,heteroskedastic_v3.3,0.7,True,False,True,False,TRANSPORT_REVERSAL
POLICY_CONFIRMATION-ITEM_DIAGNOSTICS-1020411,ITEM_DIAGNOSTICS,NULL,0.0,500,180,24,2,1,0.72,0.9,0.25,3,0.12,1,0.01,POLICY_CONFIRMATION,1020411,heteroskedastic_v3.1,0.75,True,True,True,False,BENCHMARK_SPECIFIC_REVERSAL
POLICY_CONFIRMATION-ITEM_DIAGNOSTICS-1020412,ITEM_DIAGNOSTICS,SUPPORTED,0.04,10000,180,24,2,1,0.93,0.9,0.25,3,0.12,12,0.01,POLICY_CONFIRMATION,1020412,heteroskedastic_v3.2,0.8,False,True,True,False,VERY_HIGH_MULTIPLICITY
POLICY_CONFIRMATION-ITEM_DIAGNOSTICS-1020413,ITEM_DIAGNOSTICS,SUPPORTED,0.085,1000000,180,24,2,1,0.93,0.9,0.25,3,0.12,12,0.01,POLICY_CONFIRMATION,1020413,heteroskedastic_v3.3,0.85,True,True,True,False,NEARLY_TIED_TOP_K
POLICY_CONFIRMATION-ITEM_DIAGNOSTICS-1020414,ITEM_DIAGNOSTICS,NULL,0.0,500,24,24,2,1,0.3,0.9,0.25,3,0.12,12,0.01,POLICY_CONFIRMATION,1020414,heteroskedastic_v3.1,0.9,True,True,False,False,HIGH_RAW_LOW_EFFECTIVE_N
POLICY_CONFIRMATION-ITEM_DIAGNOSTICS-1020415,ITEM_DIAGNOSTICS,SUPPORTED,0.04,10000,24,24,4,1,0.3,0.9,0.25,5,0.12,12,0.01,POLICY_CONFIRMATION,1020415,heteroskedastic_v3.2,0.95,True,False,True,False,SMALL_EFFECT_HUGE_RAW_N
POLICY_CONFIRMATION-ITEM_DIAGNOSTICS-1020416,ITEM_DIAGNOSTICS,SUPPORTED,0.085,1000000,24,60,4,1,0.72,0.9,0.25,5,0.12,12,0.01,POLICY_CONFIRMATION,1020416,heteroskedastic_v3.3,0.6,False,True,True,False,LARGE_EFFECT_SMALL_PANEL
POLICY_CONFIRMATION-ITEM_DIAGNOSTICS-1020417,ITEM_DIAGNOSTICS,NULL,0.0,500,72,60,4,1,0.72,0.0,0.25,5,0.12,12,0.01,POLICY_CONFIRMATION,1020417,heteroskedastic_v3.1,0.65,True,True,True,False,EXTREME_FAMILY_IMBALANCE
POLICY_CONFIRMATION-ITEM_DIAGNOSTICS-1020418,ITEM_DIAGNOSTICS,SUPPORTED,0.04,10000,72,60,4,1,0.93,0.0,0.25,5,0.18,12,0.01,POLICY_CONFIRMATION,1020418,heteroskedastic_v3.2,0.7,True,True,True,False,ONE_DOMINANT_FAMILY
POLICY_CONFIRMATION-ITEM_DIAGNOSTICS-1020419,ITEM_DIAGNOSTICS,SUPPORTED,0.085,1000000,72,60,4,1,0.93,0.0,0.25,5,0.18,12,0.01,POLICY_CONFIRMATION,1020419,heteroskedastic_v3.3,0.75,True,True,True,False,TRANSPORT_REVERSAL
POLICY_CONFIRMATION-ITEM_DIAGNOSTICS-1020420,ITEM_DIAGNOSTICS,NULL,0.0,500,180,60,6,1,0.3,0.0,0.25,5,0.18,12,0.01,POLICY_CONFIRMATION,1020420,heteroskedastic_v3.1,0.8,False,False,False,False,BENCHMARK_SPECIFIC_REVERSAL
POLICY_CONFIRMATION-ITEM_DIAGNOSTICS-1020421,ITEM_DIAGNOSTICS,SUPPORTED,0.04,10000,180,60,6,1,0.3,0.0,0.25,5,0.18,12,0.01,POLICY_CONFIRMATION,1020421,heteroskedastic_v3.2,0.85,True,True,True,False,VERY_HIGH_MULTIPLICITY
POLICY_CONFIRMATION-ITEM_DIAGNOSTICS-1020422,ITEM_DIAGNOSTICS,SUPPORTED,0.085,1000000,180,60,6,1,0.72,0.0,0.25,5,0.18,12,0.01,POLICY_CONFIRMATION,1020422,heteroskedastic_v3.3,0.9,True,True,True,False,NEARLY_TIED_TOP_K
POLICY_CONFIRMATION-ITEM_DIAGNOSTICS-1020423,ITEM_DIAGNOSTICS,NULL,0.0,500,24,2,6,1,0.72,0.0,0.25,5,0.18,12,0.01,POLICY_CONFIRMATION,1020423,heteroskedastic_v3.1,0.95,True,True,True,False,HIGH_RAW_LOW_EFFECTIVE_N
POLICY_CONFIRMATION-ITEM_DIAGNOSTICS-1020424,ITEM_DIAGNOSTICS,SUPPORTED,0.04,10000,24,2,6,1,0.93,0.0,0.25,5,0.18,12,0.01,POLICY_CONFIRMATION,1020424,heteroskedastic_v3.2,0.6,False,True,True,False,SMALL_EFFECT_HUGE_RAW_N
POLICY_CONFIRMATION-ITEM_DIAGNOSTICS-1020425,ITEM_DIAGNOSTICS,SUPPORTED,0.085,1000000,24,2,10,1,0.93,0.0,0.25,5,0.18,40,0.01,POLICY_CONFIRMATION,1020425,heteroskedastic_v3.3,0.65,True,False,True,False,LARGE_EFFECT_SMALL_PANEL
POLICY_CONFIRMATION-ITEM_DIAGNOSTICS-1020426,ITEM_DIAGNOSTICS,NULL,0.0,500,72,2,10,1,0.3,0.0,0.25,1,0.18,40,0.01,POLICY_CONFIRMATION,1020426,heteroskedastic_v3.1,0.7,True,True,False,False,EXTREME_FAMILY_IMBALANCE
POLICY_CONFIRMATION-ITEM_DIAGNOSTICS-1020427,ITEM_DIAGNOSTICS,SUPPORTED,0.04,10000,72,2,10,1,0.3,0.0,0.25,1,0.18,40,0.01,POLICY_CONFIRMATION,1020427,heteroskedastic_v3.2,0.75,True,True,True,False,ONE_DOMINANT_FAMILY
POLICY_CONFIRMATION-ITEM_DIAGNOSTICS-1020428,ITEM_DIAGNOSTICS,SUPPORTED,0.085,1000000,72,2,10,3,0.72,0.0,0.25,1,0.18,40,0.01,POLICY_CONFIRMATION,1020428,heteroskedastic_v3.3,0.8,False,True,True,False,TRANSPORT_REVERSAL
POLICY_CONFIRMATION-ITEM_DIAGNOSTICS-1020429,ITEM_DIAGNOSTICS,NULL,0.0,500,180,2,10,3,0.72,0.0,0.03,1,0.18,40,0.01,POLICY_CONFIRMATION,1020429,heteroskedastic_v3.1,0.85,True,True,True,False,BENCHMARK_SPECIFIC_REVERSAL
POLICY_CONFIRMATION-ITEM_DIAGNOSTICS-1020430,ITEM_DIAGNOSTICS,SUPPORTED,0.04,10000,180,8,2,3,0.93,0.0,0.03,1,0.18,40,0.01,POLICY_CONFIRMATION,1020430,heteroskedastic_v3.2,0.9,True,False,True,False,VERY_HIGH_MULTIPLICITY
POLICY_CONFIRMATION-ITEM_DIAGNOSTICS-1020431,ITEM_DIAGNOSTICS,SUPPORTED,0.085,1000000,180,8,2,3,0.93,0.0,0.03,1,0.18,40,0.01,POLICY_CONFIRMATION,1020431,heteroskedastic_v3.3,0.95,True,True,True,False,NEARLY_TIED_TOP_K
POLICY_CONFIRMATION-ITEM_DIAGNOSTICS-1020432,ITEM_DIAGNOSTICS,NULL,0.0,500,24,8,2,3,0.3,0.0,0.03,1,0.18,40,0.01,POLICY_CONFIRMATION,1020432,heteroskedastic_v3.1,0.6,False,True,False,False,HIGH_RAW_LOW_EFFECTIVE_N
POLICY_CONFIRMATION-ITEM_DIAGNOSTICS-1020433,ITEM_DIAGNOSTICS,SUPPORTED,0.04,10000,24,8,2,3,0.3,0.0,0.03,1,0.18,40,0.01,POLICY_CONFIRMATION,1020433,heteroskedastic_v3.2,0.65,True,True,True,False,SMALL_EFFECT_HUGE_RAW_N
POLICY_CONFIRMATION-ITEM_DIAGNOSTICS-1020434,ITEM_DIAGNOSTICS,SUPPORTED,0.085,1000000,24,8,2,3,0.72,0.0,0.03,1,0.18,40,0.01,POLICY_CONFIRMATION,1020434,heteroskedastic_v3.3,0.7,True,True,True,False,LARGE_EFFECT_SMALL_PANEL
POLICY_CONFIRMATION-ITEM_DIAGNOSTICS-1020435,ITEM_DIAGNOSTICS,NULL,0.0,500,72,8,4,3,0.72,0.0,0.03,1,0.18,40,0.01,POLICY_CONFIRMATION,1020435,heteroskedastic_v3.1,0.75,True,False,True,False,EXTREME_FAMILY_IMBALANCE
POLICY_CONFIRMATION-ITEM_DIAGNOSTICS-1020436,ITEM_DIAGNOSTICS,SUPPORTED,0.04,10000,72,8,4,3,0.93,0.5,0.03,1,0.18,40,0.01,POLICY_CONFIRMATION,1020436,heteroskedastic_v3.2,0.8,False,True,True,False,ONE_DOMINANT_FAMILY
POLICY_CONFIRMATION-ITEM_DIAGNOSTICS-1020437,ITEM_DIAGNOSTICS,SUPPORTED,0.085,1000000,72,24,4,3,0.93,0.5,0.03,3,0.18,40,0.01,POLICY_CONFIRMATION,1020437,heteroskedastic_v3.3,0.85,True,True,True,False,TRANSPORT_REVERSAL
POLICY_CONFIRMATION-ITEM_DIAGNOSTICS-1020438,ITEM_DIAGNOSTICS,NULL,0.0,500,180,24,4,3,0.3,0.5,0.03,3,0.18,1,0.01,POLICY_CONFIRMATION,1020438,heteroskedastic_v3.1,0.9,True,True,False,False,BENCHMARK_SPECIFIC_REVERSAL
POLICY_CONFIRMATION-ITEM_DIAGNOSTICS-1020439,ITEM_DIAGNOSTICS,SUPPORTED,0.04,10000,180,24,4,3,0.3,0.5,0.03,3,0.18,1,0.01,POLICY_CONFIRMATION,1020439,heteroskedastic_v3.2,0.95,True,True,True,False,VERY_HIGH_MULTIPLICITY
POLICY_CONFIRMATION-ITEM_DIAGNOSTICS-1020440,ITEM_DIAGNOSTICS,SUPPORTED,0.085,1000000,180,24,6,3,0.72,0.5,0.03,3,0.18,1,0.01,POLICY_CONFIRMATION,1020440,heteroskedastic_v3.3,0.6,False,False,True,False,NEARLY_TIED_TOP_K
POLICY_CONFIRMATION-ITEM_DIAGNOSTICS-1020441,ITEM_DIAGNOSTICS,NULL,0.0,500,24,24,6,3,0.72,0.5,0.03,3,0.18,1,0.01,POLICY_CONFIRMATION,1020441,heteroskedastic_v3.1,0.65,True,True,True,False,HIGH_RAW_LOW_EFFECTIVE_N
POLICY_CONFIRMATION-ITEM_DIAGNOSTICS-1020442,ITEM_DIAGNOSTICS,SUPPORTED,0.04,10000,24,24,6,3,0.93,0.5,0.03,3,0.18,1,0.01,POLICY_CONFIRMATION,1020442,heteroskedastic_v3.2,0.7,True,True,True,False,SMALL_EFFECT_HUGE_RAW_N
POLICY_CONFIRMATION-ITEM_DIAGNOSTICS-1020443,ITEM_DIAGNOSTICS,SUPPORTED,0.085,1000000,24,24,6,3,0.93,0.5,0.03,3,0.18,1,0.01,POLICY_CONFIRMATION,1020443,heteroskedastic_v3.3,0.75,True,True,True,False,LARGE_EFFECT_SMALL_PANEL
POLICY_CONFIRMATION-ITEM_DIAGNOSTICS-1020444,ITEM_DIAGNOSTICS,NULL,0.0,500,72,60,6,3,0.3,0.5,0.03,3,0.18,1,0.01,POLICY_CONFIRMATION,1020444,heteroskedastic_v3.1,0.8,False,True,False,False,EXTREME_FAMILY_IMBALANCE
POLICY_CONFIRMATION-ITEM_DIAGNOSTICS-1020445,ITEM_DIAGNOSTICS,SUPPORTED,0.04,10000,72,60,10,8,0.3,0.5,0.03,3,0.18,1,0.01,POLICY_CONFIRMATION,1020445,heteroskedastic_v3.2,0.85,True,False,True,False,ONE_DOMINANT_FAMILY
POLICY_CONFIRMATION-ITEM_DIAGNOSTICS-1020446,ITEM_DIAGNOSTICS,SUPPORTED,0.085,1000000,72,60,10,8,0.72,0.5,0.03,3,0.18,1,0.01,POLICY_CONFIRMATION,1020446,heteroskedastic_v3.3,0.9,True,True,True,False,TRANSPORT_REVERSAL
POLICY_CONFIRMATION-ITEM_DIAGNOSTICS-1020447,ITEM_DIAGNOSTICS,NULL,0.0,500,180,60,10,8,0.72,0.5,0.03,3,0.08,1,0.01,POLICY_CONFIRMATION,1020447,heteroskedastic_v3.1,0.95,True,True,True,False,BENCHMARK_SPECIFIC_REVERSAL
POLICY_CONFIRMATION-ITEM_DIAGNOSTICS-1020448,ITEM_DIAGNOSTICS,SUPPORTED,0.04,10000,180,60,10,8,0.93,0.5,0.03,5,0.08,1,0.01,POLICY_CONFIRMATION,1020448,heteroskedastic_v3.2,0.6,False,True,True,False,VERY_HIGH_MULTIPLICITY
POLICY_CONFIRMATION-ITEM_DIAGNOSTICS-1020449,ITEM_DIAGNOSTICS,SUPPORTED,0.085,1000000,180,60,10,8,0.93,0.5,0.03,5,0.08,1,0.01,POLICY_CONFIRMATION,1020449,heteroskedastic_v3.3,0.65,True,True,True,False,NEARLY_TIED_TOP_K
POLICY_CONFIRMATION-ITEM_DIAGNOSTICS-1020450,ITEM_DIAGNOSTICS,NULL,0.0,500,24,60,2,8,0.3,0.5,0.03,5,0.08,1,0.01,POLICY_CONFIRMATION,1020450,heteroskedastic_v3.1,0.7,True,False,False,False,HIGH_RAW_LOW_EFFECTIVE_N
POLICY_CONFIRMATION-ITEM_DIAGNOSTICS-1020451,ITEM_DIAGNOSTICS,SUPPORTED,0.04,10000,24,2,2,8,0.3,0.5,0.03,5,0.08,12,0.01,POLICY_CONFIRMATION,1020451,heteroskedastic_v3.2,0.75,True,True,True,False,SMALL_EFFECT_HUGE_RAW_N
POLICY_CONFIRMATION-ITEM_DIAGNOSTICS-1020452,ITEM_DIAGNOSTICS,SUPPORTED,0.085,1000000,24,2,2,8,0.72,0.5,0.1,5,0.08,12,0.01,POLICY_CONFIRMATION,1020452,heteroskedastic_v3.3,0.8,False,True,True,False,LARGE_EFFECT_SMALL_PANEL
POLICY_CONFIRMATION-ITEM_DIAGNOSTICS-1020453,ITEM_DIAGNOSTICS,NULL,0.0,500,72,2,2,8,0.72,0.5,0.1,5,0.08,12,0.01,POLICY_CONFIRMATION,1020453,heteroskedastic_v3.1,0.85,True,True,True,False,EXTREME_FAMILY_IMBALANCE
POLICY_CONFIRMATION-ITEM_DIAGNOSTICS-1020454,ITEM_DIAGNOSTICS,SUPPORTED,0.04,10000,72,2,2,8,0.93,0.5,0.1,5,0.08,12,0.01,POLICY_CONFIRMATION,1020454,heteroskedastic_v3.2,0.9,True,True,True,False,ONE_DOMINANT_FAMILY
POLICY_CONFIRMATION-ITEM_DIAGNOSTICS-1020455,ITEM_DIAGNOSTICS,SUPPORTED,0.085,1000000,72,2,4,8,0.93,0.9,0.1,5,0.08,12,0.01,POLICY_CONFIRMATION,1020455,heteroskedastic_v3.3,0.95,True,False,True,False,TRANSPORT_REVERSAL
POLICY_CONFIRMATION-ITEM_DIAGNOSTICS-1020456,ITEM_DIAGNOSTICS,NULL,0.0,500,180,2,4,8,0.3,0.9,0.1,5,0.08,12,0.01,POLICY_CONFIRMATION,1020456,heteroskedastic_v3.1,0.6,False,True,False,False,BENCHMARK_SPECIFIC_REVERSAL
POLICY_CONFIRMATION-ITEM_DIAGNOSTICS-1020457,ITEM_DIAGNOSTICS,SUPPORTED,0.04,10000,180,2,4,8,0.3,0.9,0.1,5,0.08,12,0.01,POLICY_CONFIRMATION,1020457,heteroskedastic_v3.2,0.65,True,True,True,False,VERY_HIGH_MULTIPLICITY
POLICY_CONFIRMATION-ITEM_DIAGNOSTICS-1020458,ITEM_DIAGNOSTICS,SUPPORTED,0.085,1000000,180,8,4,8,0.72,0.9,0.1,5,0.08,12,0.01,POLICY_CONFIRMATION,1020458,heteroskedastic_v3.3,0.7,True,True,True,False,NEARLY_TIED_TOP_K
POLICY_CONFIRMATION-ITEM_DIAGNOSTICS-1020459,ITEM_DIAGNOSTICS,NULL,0.0,500,24,8,4,8,0.72,0.9,0.1,1,0.08,12,0.01,POLICY_CONFIRMATION,1020459,heteroskedastic_v3.1,0.75,True,True,True,False,HIGH_RAW_LOW_EFFECTIVE_N
POLICY_CONFIRMATION-ITEM_DIAGNOSTICS-1020460,ITEM_DIAGNOSTICS,SUPPORTED,0.04,10000,24,8,6,8,0.93,0.9,0.1,1,0.08,12,0.01,POLICY_CONFIRMATION,1020460,heteroskedastic_v3.2,0.8,False,False,True,False,SMALL_EFFECT_HUGE_RAW_N
POLICY_CONFIRMATION-ITEM_DIAGNOSTICS-1020461,ITEM_DIAGNOSTICS,SUPPORTED,0.085,1000000,24,8,6,8,0.93,0.9,0.1,1,0.08,12,0.01,POLICY_CONFIRMATION,1020461,heteroskedastic_v3.3,0.85,True,True,True,False,LARGE_EFFECT_SMALL_PANEL
POLICY_CONFIRMATION-ITEM_DIAGNOSTICS-1020462,ITEM_DIAGNOSTICS,NULL,0.0,500,72,8,6,1,0.3,0.9,0.1,1,0.08,12,0.01,POLICY_CONFIRMATION,1020462,heteroskedastic_v3.1,0.9,True,True,False,False,EXTREME_FAMILY_IMBALANCE
POLICY_CONFIRMATION-ITEM_DIAGNOSTICS-1020463,ITEM_DIAGNOSTICS,SUPPORTED,0.04,10000,72,8,6,1,0.3,0.9,0.1,1,0.08,12,0.01,POLICY_CONFIRMATION,1020463,heteroskedastic_v3.2,0.95,True,True,True,False,ONE_DOMINANT_FAMILY
POLICY_CONFIRMATION-ITEM_DIAGNOSTICS-1020464,ITEM_DIAGNOSTICS,SUPPORTED,0.085,1000000,72,8,6,1,0.72,0.9,0.1,1,0.08,40,0.01,POLICY_CONFIRMATION,1020464,heteroskedastic_v3.3,0.6,False,True,True,False,TRANSPORT_REVERSAL
POLICY_CONFIRMATION-ITEM_DIAGNOSTICS-1020465,ITEM_DIAGNOSTICS,NULL,0.0,500,180,24,10,1,0.72,0.9,0.1,1,0.08,40,0.01,POLICY_CONFIRMATION,1020465,heteroskedastic_v3.1,0.65,True,False,True,False,BENCHMARK_SPECIFIC_REVERSAL
POLICY_CONFIRMATION-ITEM_DIAGNOSTICS-1020466,ITEM_DIAGNOSTICS,SUPPORTED,0.04,10000,180,24,10,1,0.93,0.9,0.1,1,0.08,40,0.01,POLICY_CONFIRMATION,1020466,heteroskedastic_v3.2,0.7,True,True,True,False,VERY_HIGH_MULTIPLICITY
POLICY_CONFIRMATION-ITEM_DIAGNOSTICS-1020467,ITEM_DIAGNOSTICS,SUPPORTED,0.085,1000000,180,24,10,1,0.93,0.9,0.1,1,0.08,40,0.01,POLICY_CONFIRMATION,1020467,heteroskedastic_v3.3,0.75,True,True,True,False,NEARLY_TIED_TOP_K
POLICY_CONFIRMATION-ITEM_DIAGNOSTICS-1020468,ITEM_DIAGNOSTICS,NULL,0.0,500,24,24,10,1,0.3,0.9,0.1,1,0.08,40,0.01,POLICY_CONFIRMATION,1020468,heteroskedastic_v3.1,0.8,False,True,False,False,HIGH_RAW_LOW_EFFECTIVE_N
POLICY_CONFIRMATION-ITEM_DIAGNOSTICS-1020469,ITEM_DIAGNOSTICS,SUPPORTED,0.04,10000,24,24,10,1,0.3,0.9,0.1,1,0.08,40,0.01,POLICY_CONFIRMATION,1020469,heteroskedastic_v3.2,0.85,True,True,True,False,SMALL_EFFECT_HUGE_RAW_N
POLICY_CONFIRMATION-ITEM_DIAGNOSTICS-1020470,ITEM_DIAGNOSTICS,SUPPORTED,0.085,1000000,24,24,2,1,0.72,0.9,0.1,3,0.08,40,0.01,POLICY_CONFIRMATION,1020470,heteroskedastic_v3.3,0.9,True,False,True,False,LARGE_EFFECT_SMALL_PANEL
POLICY_CONFIRMATION-ITEM_DIAGNOSTICS-1020471,ITEM_DIAGNOSTICS,NULL,0.0,500,72,24,2,1,0.72,0.9,0.1,3,0.08,40,0.01,POLICY_CONFIRMATION,1020471,heteroskedastic_v3.1,0.95,True,True,True,False,EXTREME_FAMILY_IMBALANCE
POLICY_CONFIRMATION-ITEM_DIAGNOSTICS-1020472,ITEM_DIAGNOSTICS,SUPPORTED,0.04,10000,72,60,2,1,0.93,0.9,0.1,3,0.08,40,0.01,POLICY_CONFIRMATION,1020472,heteroskedastic_v3.2,0.6,False,True,True,False,ONE_DOMINANT_FAMILY
POLICY_CONFIRMATION-ITEM_DIAGNOSTICS-1020473,ITEM_DIAGNOSTICS,SUPPORTED,0.085,1000000,72,60,2,1,0.93,0.9,0.1,3,0.08,40,0.01,POLICY_CONFIRMATION,1020473,heteroskedastic_v3.3,0.65,True,True,True,False,TRANSPORT_REVERSAL
POLICY_CONFIRMATION-ITEM_DIAGNOSTICS-1020474,ITEM_DIAGNOSTICS,NULL,0.0,500,180,60,2,1,0.3,0.0,0.1,3,0.08,40,0.01,POLICY_CONFIRMATION,1020474,heteroskedastic_v3.1,0.7,True,True,False,False,BENCHMARK_SPECIFIC_REVERSAL
POLICY_CONFIRMATION-ITEM_DIAGNOSTICS-1020475,ITEM_DIAGNOSTICS,SUPPORTED,0.04,10000,180,60,4,1,0.3,0.0,0.25,3,0.08,40,0.01,POLICY_CONFIRMATION,1020475,heteroskedastic_v3.2,0.75,True,False,True,False,VERY_HIGH_MULTIPLICITY
POLICY_CONFIRMATION-ITEM_DIAGNOSTICS-1020476,ITEM_DIAGNOSTICS,SUPPORTED,0.085,1000000,180,60,4,1,0.72,0.0,0.25,3,0.12,40,0.01,POLICY_CONFIRMATION,1020476,heteroskedastic_v3.3,0.8,False,True,True,False,NEARLY_TIED_TOP_K
POLICY_CONFIRMATION-ITEM_DIAGNOSTICS-1020477,ITEM_DIAGNOSTICS,NULL,0.0,500,24,60,4,1,0.72,0.0,0.25,3,0.12,1,0.01,POLICY_CONFIRMATION,1020477,heteroskedastic_v3.1,0.85,True,True,True,False,HIGH_RAW_LOW_EFFECTIVE_N
POLICY_CONFIRMATION-ITEM_DIAGNOSTICS-1020478,ITEM_DIAGNOSTICS,SUPPORTED,0.04,10000,24,60,4,1,0.93,0.0,0.25,3,0.12,1,0.01,POLICY_CONFIRMATION,1020478,heteroskedastic_v3.2,0.9,True,True,True,False,SMALL_EFFECT_HUGE_RAW_N
POLICY_CONFIRMATION-ITEM_DIAGNOSTICS-1020479,ITEM_DIAGNOSTICS,SUPPORTED,0.085,1000000,24,2,4,3,0.93,0.0,0.25,3,0.12,1,0.01,POLICY_CONFIRMATION,1020479,heteroskedastic_v3.3,0.95,True,True,True,False,LARGE_EFFECT_SMALL_PANEL
POLICY_CONFIRMATION-TRANSPORT-1020480,TRANSPORT,NULL,0.0,10000,72,2,6,1,0.72,0.0,0.03,1,0.08,12,0.01,POLICY_CONFIRMATION,1020480,heteroskedastic_v3.1,0.6,False,False,False,True,HIGH_RAW_LOW_EFFECTIVE_N
POLICY_CONFIRMATION-TRANSPORT-1020481,TRANSPORT,SUPPORTED,0.04,1000000,72,2,6,1,0.72,0.0,0.03,1,0.08,12,0.01,POLICY_CONFIRMATION,1020481,heteroskedastic_v3.2,0.65,True,True,True,False,SMALL_EFFECT_HUGE_RAW_N
POLICY_CONFIRMATION-TRANSPORT-1020482,TRANSPORT,SUPPORTED,0.085,500,72,2,6,1,0.93,0.0,0.03,1,0.08,12,0.01,POLICY_CONFIRMATION,1020482,heteroskedastic_v3.3,0.7,True,True,True,False,LARGE_EFFECT_SMALL_PANEL
POLICY_CONFIRMATION-TRANSPORT-1020483,TRANSPORT,NULL,0.0,10000,180,2,6,1,0.93,0.0,0.03,1,0.08,12,0.01,POLICY_CONFIRMATION,1020483,heteroskedastic_v3.1,0.75,True,True,True,False,EXTREME_FAMILY_IMBALANCE
POLICY_CONFIRMATION-TRANSPORT-1020484,TRANSPORT,SUPPORTED,0.04,1000000,180,2,6,1,0.3,0.0,0.03,1,0.08,12,0.01,POLICY_CONFIRMATION,1020484,heteroskedastic_v3.2,0.8,False,True,True,False,ONE_DOMINANT_FAMILY
POLICY_CONFIRMATION-TRANSPORT-1020485,TRANSPORT,SUPPORTED,0.085,500,180,2,10,1,0.3,0.0,0.03,1,0.08,12,0.01,POLICY_CONFIRMATION,1020485,heteroskedastic_v3.3,0.85,True,False,True,False,TRANSPORT_REVERSAL
POLICY_CONFIRMATION-TRANSPORT-1020486,TRANSPORT,NULL,0.0,10000,24,2,10,1,0.72,0.0,0.03,1,0.08,12,0.01,POLICY_CONFIRMATION,1020486,heteroskedastic_v3.1,0.9,True,True,False,False,BENCHMARK_SPECIFIC_REVERSAL
POLICY_CONFIRMATION-TRANSPORT-1020487,TRANSPORT,SUPPORTED,0.04,1000000,24,8,10,1,0.72,0.0,0.03,1,0.08,12,0.01,POLICY_CONFIRMATION,1020487,heteroskedastic_v3.2,0.95,True,True,True,False,VERY_HIGH_MULTIPLICITY
POLICY_CONFIRMATION-TRANSPORT-1020488,TRANSPORT,SUPPORTED,0.085,500,24,8,10,1,0.93,0.0,0.03,1,0.08,12,0.01,POLICY_CONFIRMATION,1020488,heteroskedastic_v3.3,0.6,False,True,True,False,NEARLY_TIED_TOP_K
POLICY_CONFIRMATION-TRANSPORT-1020489,TRANSPORT,NULL,0.0,10000,72,8,10,1,0.93,0.0,0.03,1,0.08,12,0.01,POLICY_CONFIRMATION,1020489,heteroskedastic_v3.1,0.65,True,True,True,False,HIGH_RAW_LOW_EFFECTIVE_N
POLICY_CONFIRMATION-TRANSPORT-1020490,TRANSPORT,SUPPORTED,0.04,1000000,72,8,2,1,0.3,0.0,0.03,1,0.08,12,0.01,POLICY_CONFIRMATION,1020490,heteroskedastic_v3.2,0.7,True,False,True,True,SMALL_EFFECT_HUGE_RAW_N
POLICY_CONFIRMATION-TRANSPORT-1020491,TRANSPORT,SUPPORTED,0.085,500,72,8,2,1,0.3,0.0,0.03,3,0.08,12,0.01,POLICY_CONFIRMATION,1020491,heteroskedastic_v3.3,0.75,True,True,True,False,LARGE_EFFECT_SMALL_PANEL
POLICY_CONFIRMATION-TRANSPORT-1020492,TRANSPORT,NULL,0.0,10000,180,8,2,1,0.72,0.0,0.03,3,0.08,12,0.01,POLICY_CONFIRMATION,1020492,heteroskedastic_v3.1,0.8,False,True,False,False,EXTREME_FAMILY_IMBALANCE
POLICY_CONFIRMATION-TRANSPORT-1020493,TRANSPORT,SUPPORTED,0.04,1000000,180,8,2,1,0.72,0.0,0.03,3,0.08,40,0.01,POLICY_CONFIRMATION,1020493,heteroskedastic_v3.2,0.85,True,True,True,False,ONE_DOMINANT_FAMILY
POLICY_CONFIRMATION-TRANSPORT-1020494,TRANSPORT,SUPPORTED,0.085,500,180,24,2,1,0.93,0.0,0.03,3,0.08,40,0.01,POLICY_CONFIRMATION,1020494,heteroskedastic_v3.3,0.9,True,True,True,False,TRANSPORT_REVERSAL
POLICY_CONFIRMATION-TRANSPORT-1020495,TRANSPORT,NULL,0.0,10000,24,24,4,1,0.93,0.0,0.03,3,0.08,40,0.01,POLICY_CONFIRMATION,1020495,heteroskedastic_v3.1,0.95,True,False,True,False,BENCHMARK_SPECIFIC_REVERSAL
POLICY_CONFIRMATION-TRANSPORT-1020496,TRANSPORT,SUPPORTED,0.04,1000000,24,24,4,1,0.3,0.0,0.03,3,0.08,40,0.01,POLICY_CONFIRMATION,1020496,heteroskedastic_v3.2,0.6,False,True,True,False,VERY_HIGH_MULTIPLICITY
POLICY_CONFIRMATION-TRANSPORT-1020497,TRANSPORT,SUPPORTED,0.085,500,24,24,4,3,0.3,0.0,0.03,3,0.08,40,0.01,POLICY_CONFIRMATION,1020497,heteroskedastic_v3.3,0.65,True,True,True,False,NEARLY_TIED_TOP_K
POLICY_CONFIRMATION-TRANSPORT-1020498,TRANSPORT,NULL,0.0,10000,72,24,4,3,0.72,0.0,0.03,3,0.08,40,0.01,POLICY_CONFIRMATION,1020498,heteroskedastic_v3.1,0.7,True,True,False,False,HIGH_RAW_LOW_EFFECTIVE_N
POLICY_CONFIRMATION-TRANSPORT-1020499,TRANSPORT,SUPPORTED,0.04,1000000,72,24,4,3,0.72,0.5,0.03,3,0.08,40,0.01,POLICY_CONFIRMATION,1020499,heteroskedastic_v3.2,0.75,True,True,True,False,SMALL_EFFECT_HUGE_RAW_N
POLICY_CONFIRMATION-TRANSPORT-1020500,TRANSPORT,SUPPORTED,0.085,500,72,24,6,3,0.93,0.5,0.03,3,0.08,40,0.01,POLICY_CONFIRMATION,1020500,heteroskedastic_v3.3,0.8,False,False,True,True,LARGE_EFFECT_SMALL_PANEL
POLICY_CONFIRMATION-TRANSPORT-1020501,TRANSPORT,NULL,0.0,10000,180,60,6,3,0.93,0.5,0.03,3,0.08,40,0.01,POLICY_CONFIRMATION,1020501,heteroskedastic_v3.1,0.85,True,True,True,False,EXTREME_FAMILY_IMBALANCE
POLICY_CONFIRMATION-TRANSPORT-1020502,TRANSPORT,SUPPORTED,0.04,1000000,180,60,6,3,0.3,0.5,0.03,5,0.08,40,0.01,POLICY_CONFIRMATION,1020502,heteroskedastic_v3.2,0.9,True,True,True,False,ONE_DOMINANT_FAMILY
POLICY_CONFIRMATION-TRANSPORT-1020503,TRANSPORT,SUPPORTED,0.085,500,180,60,6,3,0.3,0.5,0.1,5,0.08,40,0.01,POLICY_CONFIRMATION,1020503,heteroskedastic_v3.3,0.95,True,True,True,False,TRANSPORT_REVERSAL
POLICY_CONFIRMATION-TRANSPORT-1020504,TRANSPORT,NULL,0.0,10000,24,60,6,3,0.72,0.5,0.1,5,0.08,40,0.01,POLICY_CONFIRMATION,1020504,heteroskedastic_v3.1,0.6,False,True,False,False,BENCHMARK_SPECIFIC_REVERSAL
POLICY_CONFIRMATION-TRANSPORT-1020505,TRANSPORT,SUPPORTED,0.04,1000000,24,60,10,3,0.72,0.5,0.1,5,0.08,40,0.01,POLICY_CONFIRMATION,1020505,heteroskedastic_v3.2,0.65,True,False,True,False,VERY_HIGH_MULTIPLICITY
POLICY_CONFIRMATION-TRANSPORT-1020506,TRANSPORT,SUPPORTED,0.085,500,24,60,10,3,0.93,0.5,0.1,5,0.08,1,0.01,POLICY_CONFIRMATION,1020506,heteroskedastic_v3.3,0.7,True,True,True,False,NEARLY_TIED_TOP_K
POLICY_CONFIRMATION-TRANSPORT-1020507,TRANSPORT,NULL,0.0,10000,72,60,10,3,0.93,0.5,0.1,5,0.08,1,0.01,POLICY_CONFIRMATION,1020507,heteroskedastic_v3.1,0.75,True,True,True,False,HIGH_RAW_LOW_EFFECTIVE_N
POLICY_CONFIRMATION-TRANSPORT-1020508,TRANSPORT,SUPPORTED,0.04,1000000,72,2,10,3,0.3,0.5,0.1,5,0.08,1,0.01,POLICY_CONFIRMATION,1020508,heteroskedastic_v3.2,0.8,False,True,True,False,SMALL_EFFECT_HUGE_RAW_N
POLICY_CONFIRMATION-TRANSPORT-1020509,TRANSPORT,SUPPORTED,0.085,500,72,2,10,3,0.3,0.5,0.1,5,0.12,1,0.01,POLICY_CONFIRMATION,1020509,heteroskedastic_v3.3,0.85,True,True,True,False,LARGE_EFFECT_SMALL_PANEL
POLICY_CONFIRMATION-TRANSPORT-1020510,TRANSPORT,NULL,0.0,10000,180,2,2,3,0.72,0.5,0.1,5,0.12,1,0.01,POLICY_CONFIRMATION,1020510,heteroskedastic_v3.1,0.9,True,False,False,True,EXTREME_FAMILY_IMBALANCE
POLICY_CONFIRMATION-TRANSPORT-1020511,TRANSPORT,SUPPORTED,0.04,1000000,180,2,2,3,0.72,0.5,0.1,5,0.12,1,0.01,POLICY_CONFIRMATION,1020511,heteroskedastic_v3.2,0.95,True,True,True,False,ONE_DOMINANT_FAMILY
POLICY_CONFIRMATION-TRANSPORT-1020512,TRANSPORT,SUPPORTED,0.085,500,180,2,2,3,0.93,0.5,0.1,5,0.12,1,0.01,POLICY_CONFIRMATION,1020512,heteroskedastic_v3.3,0.6,False,True,True,False,TRANSPORT_REVERSAL
POLICY_CONFIRMATION-TRANSPORT-1020513,TRANSPORT,NULL,0.0,10000,24,2,2,3,0.93,0.5,0.1,1,0.12,1,0.01,POLICY_CONFIRMATION,1020513,heteroskedastic_v3.1,0.65,True,True,True,False,BENCHMARK_SPECIFIC_REVERSAL
POLICY_CONFIRMATION-TRANSPORT-1020514,TRANSPORT,SUPPORTED,0.04,1000000,24,2,2,8,0.3,0.5,0.1,1,0.12,1,0.01,POLICY_CONFIRMATION,1020514,heteroskedastic_v3.2,0.7,True,True,True,False,VERY_HIGH_MULTIPLICITY
POLICY_CONFIRMATION-TRANSPORT-1020515,TRANSPORT,SUPPORTED,0.085,500,24,8,4,8,0.3,0.5,0.1,1,0.12,1,0.01,POLICY_CONFIRMATION,1020515,heteroskedastic_v3.3,0.75,True,False,True,False,NEARLY_TIED_TOP_K
POLICY_CONFIRMATION-TRANSPORT-1020516,TRANSPORT,NULL,0.0,10000,72,8,4,8,0.72,0.5,0.1,1,0.12,1,0.01,POLICY_CONFIRMATION,1020516,heteroskedastic_v3.1,0.8,False,True,False,False,HIGH_RAW_LOW_EFFECTIVE_N
POLICY_CONFIRMATION-TRANSPORT-1020517,TRANSPORT,SUPPORTED,0.04,1000000,72,8,4,8,0.72,0.5,0.1,1,0.12,1,0.01,POLICY_CONFIRMATION,1020517,heteroskedastic_v3.2,0.85,True,True,True,False,SMALL_EFFECT_HUGE_RAW_N
POLICY_CONFIRMATION-TRANSPORT-1020518,TRANSPORT,SUPPORTED,0.085,500,72,8,4,8,0.93,0.9,0.1,1,0.12,1,0.01,POLICY_CONFIRMATION,1020518,heteroskedastic_v3.3,0.9,True,True,True,False,LARGE_EFFECT_SMALL_PANEL
POLICY_CONFIRMATION-TRANSPORT-1020519,TRANSPORT,NULL,0.0,10000,180,8,4,8,0.93,0.9,0.1,1,0.12,12,0.01,POLICY_CONFIRMATION,1020519,heteroskedastic_v3.1,0.95,True,True,True,False,EXTREME_FAMILY_IMBALANCE
POLICY_CONFIRMATION-TRANSPORT-1020520,TRANSPORT,SUPPORTED,0.04,1000000,180,8,6,8,0.3,0.9,0.1,1,0.12,12,0.01,POLICY_CONFIRMATION,1020520,heteroskedastic_v3.2,0.6,False,False,True,True,ONE_DOMINANT_FAMILY
POLICY_CONFIRMATION-TRANSPORT-1020521,TRANSPORT,SUPPORTED,0.085,500,180,8,6,8,0.3,0.9,0.1,1,0.12,12,0.01,POLICY_CONFIRMATION,1020521,heteroskedastic_v3.3,0.65,True,True,True,False,TRANSPORT_REVERSAL
POLICY_CONFIRMATION-TRANSPORT-1020522,TRANSPORT,NULL,0.0,10000,24,24,6,8,0.72,0.9,0.1,1,0.12,12,0.01,POLICY_CONFIRMATION,1020522,heteroskedastic_v3.1,0.7,True,True,False,False,BENCHMARK_SPECIFIC_REVERSAL
POLICY_CONFIRMATION-TRANSPORT-1020523,TRANSPORT,SUPPORTED,0.04,1000000,24,24,6,8,0.72,0.9,0.1,1,0.12,12,0.01,POLICY_CONFIRMATION,1020523,heteroskedastic_v3.2,0.75,True,True,True,False,VERY_HIGH_MULTIPLICITY
POLICY_CONFIRMATION-TRANSPORT-1020524,TRANSPORT,SUPPORTED,0.085,500,24,24,6,8,0.93,0.9,0.1,3,0.12,12,0.01,POLICY_CONFIRMATION,1020524,heteroskedastic_v3.3,0.8,False,True,True,False,NEARLY_TIED_TOP_K
POLICY_CONFIRMATION-TRANSPORT-1020525,TRANSPORT,NULL,0.0,10000,72,24,10,8,0.93,0.9,0.1,3,0.12,12,0.01,POLICY_CONFIRMATION,1020525,heteroskedastic_v3.1,0.85,True,False,True,False,HIGH_RAW_LOW_EFFECTIVE_N
POLICY_CONFIRMATION-TRANSPORT-1020526,TRANSPORT,SUPPORTED,0.04,1000000,72,24,10,8,0.3,0.9,0.25,3,0.12,12,0.01,POLICY_CONFIRMATION,1020526,heteroskedastic_v3.2,0.9,True,True,True,False,SMALL_EFFECT_HUGE_RAW_N
POLICY_CONFIRMATION-TRANSPORT-1020527,TRANSPORT,SUPPORTED,0.085,500,72,24,10,8,0.3,0.9,0.25,3,0.12,12,0.01,POLICY_CONFIRMATION,1020527,heteroskedastic_v3.3,0.95,True,True,True,False,LARGE_EFFECT_SMALL_PANEL
POLICY_CONFIRMATION-TRANSPORT-1020528,TRANSPORT,NULL,0.0,10000,180,24,10,8,0.72,0.9,0.25,3,0.12,12,0.01,POLICY_CONFIRMATION,1020528,heteroskedastic_v3.1,0.6,False,True,False,False,EXTREME_FAMILY_IMBALANCE
POLICY_CONFIRMATION-TRANSPORT-1020529,TRANSPORT,SUPPORTED,0.04,1000000,180,60,10,8,0.72,0.9,0.25,3,0.12,12,0.01,POLICY_CONFIRMATION,1020529,heteroskedastic_v3.2,0.65,True,True,True,False,ONE_DOMINANT_FAMILY
POLICY_CONFIRMATION-TRANSPORT-1020530,TRANSPORT,SUPPORTED,0.085,500,180,60,2,8,0.93,0.9,0.25,3,0.12,12,0.01,POLICY_CONFIRMATION,1020530,heteroskedastic_v3.3,0.7,True,False,True,True,TRANSPORT_REVERSAL
POLICY_CONFIRMATION-TRANSPORT-1020531,TRANSPORT,NULL,0.0,10000,24,60,2,1,0.93,0.9,0.25,3,0.12,12,0.01,POLICY_CONFIRMATION,1020531,heteroskedastic_v3.1,0.75,True,True,True,False,BENCHMARK_SPECIFIC_REVERSAL
POLICY_CONFIRMATION-TRANSPORT-1020532,TRANSPORT,SUPPORTED,0.04,1000000,24,60,2,1,0.3,0.9,0.25,3,0.12,40,0.01,POLICY_CONFIRMATION,1020532,heteroskedastic_v3.2,0.8,False,True,True,False,VERY_HIGH_MULTIPLICITY
POLICY_CONFIRMATION-TRANSPORT-1020533,TRANSPORT,SUPPORTED,0.085,500,24,60,2,1,0.3,0.9,0.25,3,0.12,40,0.01,POLICY_CONFIRMATION,1020533,heteroskedastic_v3.3,0.85,True,True,True,False,NEARLY_TIED_TOP_K
POLICY_CONFIRMATION-TRANSPORT-1020534,TRANSPORT,NULL,0.0,10000,72,60,2,1,0.72,0.9,0.25,3,0.12,40,0.01,POLICY_CONFIRMATION,1020534,heteroskedastic_v3.1,0.9,True,True,False,False,HIGH_RAW_LOW_EFFECTIVE_N
POLICY_CONFIRMATION-TRANSPORT-1020535,TRANSPORT,SUPPORTED,0.04,1000000,72,60,4,1,0.72,0.9,0.25,5,0.12,40,0.01,POLICY_CONFIRMATION,1020535,heteroskedastic_v3.2,0.95,True,False,True,False,SMALL_EFFECT_HUGE_RAW_N
POLICY_CONFIRMATION-TRANSPORT-1020536,TRANSPORT,SUPPORTED,0.085,500,72,2,4,1,0.93,0.9,0.25,5,0.12,40,0.01,POLICY_CONFIRMATION,1020536,heteroskedastic_v3.3,0.6,False,True,True,False,LARGE_EFFECT_SMALL_PANEL
POLICY_CONFIRMATION-TRANSPORT-1020537,TRANSPORT,NULL,0.0,10000,180,2,4,1,0.93,0.0,0.25,5,0.12,40,0.01,POLICY_CONFIRMATION,1020537,heteroskedastic_v3.1,0.65,True,True,True,False,EXTREME_FAMILY_IMBALANCE
POLICY_CONFIRMATION-TRANSPORT-1020538,TRANSPORT,SUPPORTED,0.04,1000000,180,2,4,1,0.3,0.0,0.25,5,0.18,40,0.01,POLICY_CONFIRMATION,1020538,heteroskedastic_v3.2,0.7,True,True,True,False,ONE_DOMINANT_FAMILY
POLICY_CONFIRMATION-TRANSPORT-1020539,TRANSPORT,SUPPORTED,0.085,500,180,2,4,1,0.3,0.0,0.25,5,0.18,40,0.01,POLICY_CONFIRMATION,1020539,heteroskedastic_v3.3,0.75,True,True,True,False,TRANSPORT_REVERSAL
POLICY_CONFIRMATION-TRANSPORT-1020540,TRANSPORT,NULL,0.0,10000,24,2,6,1,0.72,0.0,0.25,5,0.18,40,0.01,POLICY_CONFIRMATION,1020540,heteroskedastic_v3.1,0.8,False,False,False,True,BENCHMARK_SPECIFIC_REVERSAL
POLICY_CONFIRMATION-TRANSPORT-1020541,TRANSPORT,SUPPORTED,0.04,1000000,24,2,6,1,0.72,0.0,0.25,5,0.18,40,0.01,POLICY_CONFIRMATION,1020541,heteroskedastic_v3.2,0.85,True,True,True,False,VERY_HIGH_MULTIPLICITY
POLICY_CONFIRMATION-TRANSPORT-1020542,TRANSPORT,SUPPORTED,0.085,500,24,2,6,1,0.93,0.0,0.25,5,0.18,40,0.01,POLICY_CONFIRMATION,1020542,heteroskedastic_v3.3,0.9,True,True,True,False,NEARLY_TIED_TOP_K
POLICY_CONFIRMATION-TRANSPORT-1020543,TRANSPORT,NULL,0.0,10000,72,8,6,1,0.93,0.0,0.25,5,0.18,40,0.01,POLICY_CONFIRMATION,1020543,heteroskedastic_v3.1,0.95,True,True,True,False,HIGH_RAW_LOW_EFFECTIVE_N
POLICY_CONFIRMATION-TRANSPORT-1020544,TRANSPORT,SUPPORTED,0.04,1000000,72,8,6,1,0.3,0.0,0.25,5,0.18,40,0.01,POLICY_CONFIRMATION,1020544,heteroskedastic_v3.2,0.6,False,True,True,False,SMALL_EFFECT_HUGE_RAW_N
POLICY_CONFIRMATION-TRANSPORT-1020545,TRANSPORT,SUPPORTED,0.085,500,72,8,10,1,0.3,0.0,0.25,5,0.18,1,0.01,POLICY_CONFIRMATION,1020545,heteroskedastic_v3.3,0.65,True,False,True,False,LARGE_EFFECT_SMALL_PANEL
POLICY_CONFIRMATION-TRANSPORT-1020546,TRANSPORT,NULL,0.0,10000,180,8,10,1,0.72,0.0,0.25,1,0.18,1,0.01,POLICY_CONFIRMATION,1020546,heteroskedastic_v3.1,0.7,True,True,False,False,EXTREME_FAMILY_IMBALANCE
POLICY_CONFIRMATION-TRANSPORT-1020547,TRANSPORT,SUPPORTED,0.04,1000000,180,8,10,1,0.72,0.0,0.25,1,0.18,1,0.01,POLICY_CONFIRMATION,1020547,heteroskedastic_v3.2,0.75,True,True,True,False,ONE_DOMINANT_FAMILY
POLICY_CONFIRMATION-TRANSPORT-1020548,TRANSPORT,SUPPORTED,0.085,500,180,8,10,3,0.93,0.0,0.25,1,0.18,1,0.01,POLICY_CONFIRMATION,1020548,heteroskedastic_v3.3,0.8,False,True,True,False,TRANSPORT_REVERSAL
POLICY_CONFIRMATION-TRANSPORT-1020549,TRANSPORT,NULL,0.0,10000,24,8,10,3,0.93,0.0,0.03,1,0.18,1,0.01,POLICY_CONFIRMATION,1020549,heteroskedastic_v3.1,0.85,True,True,True,False,BENCHMARK_SPECIFIC_REVERSAL
POLICY_CONFIRMATION-TRANSPORT-1020550,TRANSPORT,SUPPORTED,0.04,1000000,24,24,2,3,0.3,0.0,0.03,1,0.18,1,0.01,POLICY_CONFIRMATION,1020550,heteroskedastic_v3.2,0.9,True,False,True,True,VERY_HIGH_MULTIPLICITY
POLICY_CONFIRMATION-TRANSPORT-1020551,TRANSPORT,SUPPORTED,0.085,500,24,24,2,3,0.3,0.0,0.03,1,0.18,1,0.01,POLICY_CONFIRMATION,1020551,heteroskedastic_v3.3,0.95,True,True,True,False,NEARLY_TIED_TOP_K
POLICY_CONFIRMATION-TRANSPORT-1020552,TRANSPORT,NULL,0.0,10000,72,24,2,3,0.72,0.0,0.03,1,0.18,1,0.01,POLICY_CONFIRMATION,1020552,heteroskedastic_v3.1,0.6,False,True,False,False,HIGH_RAW_LOW_EFFECTIVE_N
POLICY_CONFIRMATION-TRANSPORT-1020553,TRANSPORT,SUPPORTED,0.04,1000000,72,24,2,3,0.72,0.0,0.03,1,0.18,1,0.01,POLICY_CONFIRMATION,1020553,heteroskedastic_v3.2,0.65,True,True,True,False,SMALL_EFFECT_HUGE_RAW_N
POLICY_CONFIRMATION-TRANSPORT-1020554,TRANSPORT,SUPPORTED,0.085,500,72,24,2,3,0.93,0.0,0.03,1,0.18,1,0.01,POLICY_CONFIRMATION,1020554,heteroskedastic_v3.3,0.7,True,True,True,False,LARGE_EFFECT_SMALL_PANEL
POLICY_CONFIRMATION-TRANSPORT-1020555,TRANSPORT,NULL,0.0,10000,180,24,4,3,0.93,0.0,0.03,1,0.18,1,0.01,POLICY_CONFIRMATION,1020555,heteroskedastic_v3.1,0.75,True,False,True,False,EXTREME_FAMILY_IMBALANCE
POLICY_CONFIRMATION-TRANSPORT-1020556,TRANSPORT,SUPPORTED,0.04,1000000,180,24,4,3,0.3,0.5,0.03,1,0.18,1,0.01,POLICY_CONFIRMATION,1020556,heteroskedastic_v3.2,0.8,False,True,True,False,ONE_DOMINANT_FAMILY
POLICY_CONFIRMATION-TRANSPORT-1020557,TRANSPORT,SUPPORTED,0.085,500,180,60,4,3,0.3,0.5,0.03,3,0.18,1,0.01,POLICY_CONFIRMATION,1020557,heteroskedastic_v3.3,0.85,True,True,True,False,TRANSPORT_REVERSAL
POLICY_CONFIRMATION-TRANSPORT-1020558,TRANSPORT,NULL,0.0,10000,24,60,4,3,0.72,0.5,0.03,3,0.18,12,0.01,POLICY_CONFIRMATION,1020558,heteroskedastic_v3.1,0.9,True,True,False,False,BENCHMARK_SPECIFIC_REVERSAL
POLICY_CONFIRMATION-TRANSPORT-1020559,TRANSPORT,SUPPORTED,0.04,1000000,24,60,4,3,0.72,0.5,0.03,3,0.18,12,0.01,POLICY_CONFIRMATION,1020559,heteroskedastic_v3.2,0.95,True,True,True,False,VERY_HIGH_MULTIPLICITY
POLICY_CONFIRMATION-TRANSPORT-1020560,TRANSPORT,SUPPORTED,0.085,500,24,60,6,3,0.93,0.5,0.03,3,0.18,12,0.01,POLICY_CONFIRMATION,1020560,heteroskedastic_v3.3,0.6,False,False,True,True,NEARLY_TIED_TOP_K
POLICY_CONFIRMATION-TRANSPORT-1020561,TRANSPORT,NULL,0.0,10000,72,60,6,3,0.93,0.5,0.03,3,0.18,12,0.01,POLICY_CONFIRMATION,1020561,heteroskedastic_v3.1,0.65,True,True,True,False,HIGH_RAW_LOW_EFFECTIVE_N
POLICY_CONFIRMATION-TRANSPORT-1020562,TRANSPORT,SUPPORTED,0.04,1000000,72,60,6,3,0.3,0.5,0.03,3,0.18,12,0.01,POLICY_CONFIRMATION,1020562,heteroskedastic_v3.2,0.7,True,True,True,False,SMALL_EFFECT_HUGE_RAW_N
POLICY_CONFIRMATION-TRANSPORT-1020563,TRANSPORT,SUPPORTED,0.085,500,72,60,6,3,0.3,0.5,0.03,3,0.18,12,0.01,POLICY_CONFIRMATION,1020563,heteroskedastic_v3.3,0.75,True,True,True,False,LARGE_EFFECT_SMALL_PANEL
POLICY_CONFIRMATION-TRANSPORT-1020564,TRANSPORT,NULL,0.0,10000,180,2,6,3,0.72,0.5,0.03,3,0.18,12,0.01,POLICY_CONFIRMATION,1020564,heteroskedastic_v3.1,0.8,False,True,False,False,EXTREME_FAMILY_IMBALANCE
POLICY_CONFIRMATION-TRANSPORT-1020565,TRANSPORT,SUPPORTED,0.04,1000000,180,2,10,8,0.72,0.5,0.03,3,0.18,12,0.01,POLICY_CONFIRMATION,1020565,heteroskedastic_v3.2,0.85,True,False,True,False,ONE_DOMINANT_FAMILY
POLICY_CONFIRMATION-TRANSPORT-1020566,TRANSPORT,SUPPORTED,0.085,500,180,2,10,8,0.93,0.5,0.03,3,0.18,12,0.01,POLICY_CONFIRMATION,1020566,heteroskedastic_v3.3,0.9,True,True,True,False,TRANSPORT_REVERSAL
POLICY_CONFIRMATION-TRANSPORT-1020567,TRANSPORT,NULL,0.0,10000,24,2,10,8,0.93,0.5,0.03,3,0.08,12,0.01,POLICY_CONFIRMATION,1020567,heteroskedastic_v3.1,0.95,True,True,True,False,BENCHMARK_SPECIFIC_REVERSAL
POLICY_CONFIRMATION-TRANSPORT-1020568,TRANSPORT,SUPPORTED,0.04,1000000,24,2,10,8,0.3,0.5,0.03,5,0.08,12,0.01,POLICY_CONFIRMATION,1020568,heteroskedastic_v3.2,0.6,False,True,True,False,VERY_HIGH_MULTIPLICITY
POLICY_CONFIRMATION-TRANSPORT-1020569,TRANSPORT,SUPPORTED,0.085,500,24,2,10,8,0.3,0.5,0.03,5,0.08,12,0.01,POLICY_CONFIRMATION,1020569,heteroskedastic_v3.3,0.65,True,True,True,False,NEARLY_TIED_TOP_K
POLICY_CONFIRMATION-TRANSPORT-1020570,TRANSPORT,NULL,0.0,10000,72,2,2,8,0.72,0.5,0.03,5,0.08,12,0.01,POLICY_CONFIRMATION,1020570,heteroskedastic_v3.1,0.7,True,False,False,True,HIGH_RAW_LOW_EFFECTIVE_N
POLICY_CONFIRMATION-TRANSPORT-1020571,TRANSPORT,SUPPORTED,0.04,1000000,72,8,2,8,0.72,0.5,0.03,5,0.08,40,0.01,POLICY_CONFIRMATION,1020571,heteroskedastic_v3.2,0.75,True,True,True,False,SMALL_EFFECT_HUGE_RAW_N
POLICY_CONFIRMATION-TRANSPORT-1020572,TRANSPORT,SUPPORTED,0.085,500,72,8,2,8,0.93,0.5,0.1,5,0.08,40,0.01,POLICY_CONFIRMATION,1020572,heteroskedastic_v3.3,0.8,False,True,True,False,LARGE_EFFECT_SMALL_PANEL
POLICY_CONFIRMATION-TRANSPORT-1020573,TRANSPORT,NULL,0.0,10000,180,8,2,8,0.93,0.5,0.1,5,0.08,40,0.01,POLICY_CONFIRMATION,1020573,heteroskedastic_v3.1,0.85,True,True,True,False,EXTREME_FAMILY_IMBALANCE
POLICY_CONFIRMATION-TRANSPORT-1020574,TRANSPORT,SUPPORTED,0.04,1000000,180,8,2,8,0.3,0.5,0.1,5,0.08,40,0.01,POLICY_CONFIRMATION,1020574,heteroskedastic_v3.2,0.9,True,True,True,False,ONE_DOMINANT_FAMILY
POLICY_CONFIRMATION-TRANSPORT-1020575,TRANSPORT,SUPPORTED,0.085,500,180,8,4,8,0.3,0.9,0.1,5,0.08,40,0.01,POLICY_CONFIRMATION,1020575,heteroskedastic_v3.3,0.95,True,False,True,False,TRANSPORT_REVERSAL
POLICY_CONFIRMATION-TRANSPORT-1020576,TRANSPORT,NULL,0.0,10000,24,8,4,8,0.72,0.9,0.1,5,0.08,40,0.01,POLICY_CONFIRMATION,1020576,heteroskedastic_v3.1,0.6,False,True,False,False,BENCHMARK_SPECIFIC_REVERSAL
POLICY_CONFIRMATION-TRANSPORT-1020577,TRANSPORT,SUPPORTED,0.04,1000000,24,8,4,8,0.72,0.9,0.1,5,0.08,40,0.01,POLICY_CONFIRMATION,1020577,heteroskedastic_v3.2,0.65,True,True,True,False,VERY_HIGH_MULTIPLICITY
POLICY_CONFIRMATION-TRANSPORT-1020578,TRANSPORT,SUPPORTED,0.085,500,24,24,4,8,0.93,0.9,0.1,5,0.08,40,0.01,POLICY_CONFIRMATION,1020578,heteroskedastic_v3.3,0.7,True,True,True,False,NEARLY_TIED_TOP_K
POLICY_CONFIRMATION-TRANSPORT-1020579,TRANSPORT,NULL,0.0,10000,72,24,4,8,0.93,0.9,0.1,1,0.08,40,0.01,POLICY_CONFIRMATION,1020579,heteroskedastic_v3.1,0.75,True,True,True,False,HIGH_RAW_LOW_EFFECTIVE_N
POLICY_CONFIRMATION-TRANSPORT-1020580,TRANSPORT,SUPPORTED,0.04,1000000,72,24,6,8,0.3,0.9,0.1,1,0.08,40,0.01,POLICY_CONFIRMATION,1020580,heteroskedastic_v3.2,0.8,False,False,True,True,SMALL_EFFECT_HUGE_RAW_N
POLICY_CONFIRMATION-TRANSPORT-1020581,TRANSPORT,SUPPORTED,0.085,500,72,24,6,8,0.3,0.9,0.1,1,0.08,40,0.01,POLICY_CONFIRMATION,1020581,heteroskedastic_v3.3,0.85,True,True,True,False,LARGE_EFFECT_SMALL_PANEL
POLICY_CONFIRMATION-TRANSPORT-1020582,TRANSPORT,NULL,0.0,10000,180,24,6,1,0.72,0.9,0.1,1,0.08,40,0.01,POLICY_CONFIRMATION,1020582,heteroskedastic_v3.1,0.9,True,True,False,False,EXTREME_FAMILY_IMBALANCE
POLICY_CONFIRMATION-TRANSPORT-1020583,TRANSPORT,SUPPORTED,0.04,1000000,180,24,6,1,0.72,0.9,0.1,1,0.08,40,0.01,POLICY_CONFIRMATION,1020583,heteroskedastic_v3.2,0.95,True,True,True,False,ONE_DOMINANT_FAMILY
POLICY_CONFIRMATION-TRANSPORT-1020584,TRANSPORT,SUPPORTED,0.085,500,180,24,6,1,0.93,0.9,0.1,1,0.08,1,0.01,POLICY_CONFIRMATION,1020584,heteroskedastic_v3.3,0.6,False,True,True,False,TRANSPORT_REVERSAL
POLICY_CONFIRMATION-TRANSPORT-1020585,TRANSPORT,NULL,0.0,10000,24,60,10,1,0.93,0.9,0.1,1,0.08,1,0.01,POLICY_CONFIRMATION,1020585,heteroskedastic_v3.1,0.65,True,False,True,False,BENCHMARK_SPECIFIC_REVERSAL
POLICY_CONFIRMATION-TRANSPORT-1020586,TRANSPORT,SUPPORTED,0.04,1000000,24,60,10,1,0.3,0.9,0.1,1,0.08,1,0.01,POLICY_CONFIRMATION,1020586,heteroskedastic_v3.2,0.7,True,True,True,False,VERY_HIGH_MULTIPLICITY
POLICY_CONFIRMATION-TRANSPORT-1020587,TRANSPORT,SUPPORTED,0.085,500,24,60,10,1,0.3,0.9,0.1,1,0.08,1,0.01,POLICY_CONFIRMATION,1020587,heteroskedastic_v3.3,0.75,True,True,True,False,NEARLY_TIED_TOP_K
POLICY_CONFIRMATION-TRANSPORT-1020588,TRANSPORT,NULL,0.0,10000,72,60,10,1,0.72,0.9,0.1,1,0.08,1,0.01,POLICY_CONFIRMATION,1020588,heteroskedastic_v3.1,0.8,False,True,False,False,HIGH_RAW_LOW_EFFECTIVE_N
POLICY_CONFIRMATION-TRANSPORT-1020589,TRANSPORT,SUPPORTED,0.04,1000000,72,60,10,1,0.72,0.9,0.1,1,0.08,1,0.01,POLICY_CONFIRMATION,1020589,heteroskedastic_v3.2,0.85,True,True,True,False,SMALL_EFFECT_HUGE_RAW_N
POLICY_CONFIRMATION-TRANSPORT-1020590,TRANSPORT,SUPPORTED,0.085,500,72,60,2,1,0.93,0.9,0.1,3,0.08,1,0.01,POLICY_CONFIRMATION,1020590,heteroskedastic_v3.3,0.9,True,False,True,True,LARGE_EFFECT_SMALL_PANEL
POLICY_CONFIRMATION-TRANSPORT-1020591,TRANSPORT,NULL,0.0,10000,180,60,2,1,0.93,0.9,0.1,3,0.08,1,0.01,POLICY_CONFIRMATION,1020591,heteroskedastic_v3.1,0.95,True,True,True,False,EXTREME_FAMILY_IMBALANCE
POLICY_CONFIRMATION-TRANSPORT-1020592,TRANSPORT,SUPPORTED,0.04,1000000,180,2,2,1,0.3,0.9,0.1,3,0.08,1,0.01,POLICY_CONFIRMATION,1020592,heteroskedastic_v3.2,0.6,False,True,True,False,ONE_DOMINANT_FAMILY
POLICY_CONFIRMATION-TRANSPORT-1020593,TRANSPORT,SUPPORTED,0.085,500,180,2,2,1,0.3,0.9,0.1,3,0.08,1,0.01,POLICY_CONFIRMATION,1020593,heteroskedastic_v3.3,0.65,True,True,True,False,TRANSPORT_REVERSAL
POLICY_CONFIRMATION-TRANSPORT-1020594,TRANSPORT,NULL,0.0,10000,24,2,2,1,0.72,0.0,0.1,3,0.08,1,0.01,POLICY_CONFIRMATION,1020594,heteroskedastic_v3.1,0.7,True,True,False,False,BENCHMARK_SPECIFIC_REVERSAL
POLICY_CONFIRMATION-TRANSPORT-1020595,TRANSPORT,SUPPORTED,0.04,1000000,24,2,4,1,0.72,0.0,0.25,3,0.08,1,0.01,POLICY_CONFIRMATION,1020595,heteroskedastic_v3.2,0.75,True,False,True,False,VERY_HIGH_MULTIPLICITY
POLICY_CONFIRMATION-TRANSPORT-1020596,TRANSPORT,SUPPORTED,0.085,500,24,2,4,1,0.93,0.0,0.25,3,0.12,1,0.01,POLICY_CONFIRMATION,1020596,heteroskedastic_v3.3,0.8,False,True,True,False,NEARLY_TIED_TOP_K
POLICY_CONFIRMATION-TRANSPORT-1020597,TRANSPORT,NULL,0.0,10000,72,2,4,1,0.93,0.0,0.25,3,0.12,12,0.01,POLICY_CONFIRMATION,1020597,heteroskedastic_v3.1,0.85,True,True,True,False,HIGH_RAW_LOW_EFFECTIVE_N
POLICY_CONFIRMATION-TRANSPORT-1020598,TRANSPORT,SUPPORTED,0.04,1000000,72,2,4,1,0.3,0.0,0.25,3,0.12,12,0.01,POLICY_CONFIRMATION,1020598,heteroskedastic_v3.2,0.9,True,True,True,False,SMALL_EFFECT_HUGE_RAW_N
POLICY_CONFIRMATION-TRANSPORT-1020599,TRANSPORT,SUPPORTED,0.085,500,72,8,4,3,0.3,0.0,0.25,3,0.12,12,0.01,POLICY_CONFIRMATION,1020599,heteroskedastic_v3.3,0.95,True,True,True,False,LARGE_EFFECT_SMALL_PANEL
POLICY_CONFIRMATION-REPAIR-1020600,REPAIR,NULL,0.0,1000000,180,8,6,1,0.93,0.0,0.03,1,0.08,40,0.01,POLICY_CONFIRMATION,1020600,heteroskedastic_v3.1,0.6,False,False,False,False,HIGH_RAW_LOW_EFFECTIVE_N
POLICY_CONFIRMATION-REPAIR-1020601,REPAIR,SUPPORTED,0.04,500,180,8,6,1,0.93,0.0,0.03,1,0.08,40,0.01,POLICY_CONFIRMATION,1020601,heteroskedastic_v3.2,0.65,True,True,True,False,SMALL_EFFECT_HUGE_RAW_N
POLICY_CONFIRMATION-REPAIR-1020602,REPAIR,SUPPORTED,0.085,10000,180,8,6,1,0.3,0.0,0.03,1,0.08,40,0.01,POLICY_CONFIRMATION,1020602,heteroskedastic_v3.3,0.7,True,True,True,False,LARGE_EFFECT_SMALL_PANEL
POLICY_CONFIRMATION-REPAIR-1020603,REPAIR,NULL,0.0,1000000,24,8,6,1,0.3,0.0,0.03,1,0.08,40,0.01,POLICY_CONFIRMATION,1020603,heteroskedastic_v3.1,0.75,True,True,True,False,EXTREME_FAMILY_IMBALANCE
POLICY_CONFIRMATION-REPAIR-1020604,REPAIR,SUPPORTED,0.04,500,24,8,6,1,0.72,0.0,0.03,1,0.08,40,0.01,POLICY_CONFIRMATION,1020604,heteroskedastic_v3.2,0.8,False,True,True,False,ONE_DOMINANT_FAMILY
POLICY_CONFIRMATION-REPAIR-1020605,REPAIR,SUPPORTED,0.085,10000,24,8,10,1,0.72,0.0,0.03,1,0.08,40,0.01,POLICY_CONFIRMATION,1020605,heteroskedastic_v3.3,0.85,True,False,True,False,TRANSPORT_REVERSAL
POLICY_CONFIRMATION-REPAIR-1020606,REPAIR,NULL,0.0,1000000,72,8,10,1,0.93,0.0,0.03,1,0.08,40,0.01,POLICY_CONFIRMATION,1020606,heteroskedastic_v3.1,0.9,True,True,False,False,BENCHMARK_SPECIFIC_REVERSAL
POLICY_CONFIRMATION-REPAIR-1020607,REPAIR,SUPPORTED,0.04,500,72,24,10,1,0.93,0.0,0.03,1,0.08,40,0.01,POLICY_CONFIRMATION,1020607,heteroskedastic_v3.2,0.95,True,True,True,False,VERY_HIGH_MULTIPLICITY
POLICY_CONFIRMATION-REPAIR-1020608,REPAIR,SUPPORTED,0.085,10000,72,24,10,1,0.3,0.0,0.03,1,0.08,40,0.01,POLICY_CONFIRMATION,1020608,heteroskedastic_v3.3,0.6,False,True,True,False,NEARLY_TIED_TOP_K
POLICY_CONFIRMATION-REPAIR-1020609,REPAIR,NULL,0.0,1000000,180,24,10,1,0.3,0.0,0.03,1,0.08,40,0.01,POLICY_CONFIRMATION,1020609,heteroskedastic_v3.1,0.65,True,True,True,False,HIGH_RAW_LOW_EFFECTIVE_N
POLICY_CONFIRMATION-REPAIR-1020610,REPAIR,SUPPORTED,0.04,500,180,24,2,1,0.72,0.0,0.03,1,0.08,40,0.01,POLICY_CONFIRMATION,1020610,heteroskedastic_v3.2,0.7,True,False,True,False,SMALL_EFFECT_HUGE_RAW_N
POLICY_CONFIRMATION-REPAIR-1020611,REPAIR,SUPPORTED,0.085,10000,180,24,2,1,0.72,0.0,0.03,3,0.08,40,0.01,POLICY_CONFIRMATION,1020611,heteroskedastic_v3.3,0.75,True,True,True,False,LARGE_EFFECT_SMALL_PANEL
POLICY_CONFIRMATION-REPAIR-1020612,REPAIR,NULL,0.0,1000000,24,24,2,1,0.93,0.0,0.03,3,0.08,40,0.01,POLICY_CONFIRMATION,1020612,heteroskedastic_v3.1,0.8,False,True,False,False,EXTREME_FAMILY_IMBALANCE
POLICY_CONFIRMATION-REPAIR-1020613,REPAIR,SUPPORTED,0.04,500,24,24,2,1,0.93,0.0,0.03,3,0.08,1,0.01,POLICY_CONFIRMATION,1020613,heteroskedastic_v3.2,0.85,True,True,True,False,ONE_DOMINANT_FAMILY
POLICY_CONFIRMATION-REPAIR-1020614,REPAIR,SUPPORTED,0.085,10000,24,60,2,1,0.3,0.0,0.03,3,0.08,1,0.01,POLICY_CONFIRMATION,1020614,heteroskedastic_v3.3,0.9,True,True,True,False,TRANSPORT_REVERSAL
POLICY_CONFIRMATION-REPAIR-1020615,REPAIR,NULL,0.0,1000000,72,60,4,1,0.3,0.0,0.03,3,0.08,1,0.01,POLICY_CONFIRMATION,1020615,heteroskedastic_v3.1,0.95,True,False,True,False,BENCHMARK_SPECIFIC_REVERSAL
POLICY_CONFIRMATION-REPAIR-1020616,REPAIR,SUPPORTED,0.04,500,72,60,4,1,0.72,0.0,0.03,3,0.08,1,0.01,POLICY_CONFIRMATION,1020616,heteroskedastic_v3.2,0.6,False,True,True,False,VERY_HIGH_MULTIPLICITY
POLICY_CONFIRMATION-REPAIR-1020617,REPAIR,SUPPORTED,0.085,10000,72,60,4,3,0.72,0.0,0.03,3,0.08,1,0.01,POLICY_CONFIRMATION,1020617,heteroskedastic_v3.3,0.65,True,True,True,False,NEARLY_TIED_TOP_K
POLICY_CONFIRMATION-REPAIR-1020618,REPAIR,NULL,0.0,1000000,180,60,4,3,0.93,0.0,0.03,3,0.08,1,0.01,POLICY_CONFIRMATION,1020618,heteroskedastic_v3.1,0.7,True,True,False,False,HIGH_RAW_LOW_EFFECTIVE_N
POLICY_CONFIRMATION-REPAIR-1020619,REPAIR,SUPPORTED,0.04,500,180,60,4,3,0.93,0.5,0.03,3,0.08,1,0.01,POLICY_CONFIRMATION,1020619,heteroskedastic_v3.2,0.75,True,True,True,False,SMALL_EFFECT_HUGE_RAW_N
POLICY_CONFIRMATION-REPAIR-1020620,REPAIR,SUPPORTED,0.085,10000,180,60,6,3,0.3,0.5,0.03,3,0.08,1,0.01,POLICY_CONFIRMATION,1020620,heteroskedastic_v3.3,0.8,False,False,True,False,LARGE_EFFECT_SMALL_PANEL
POLICY_CONFIRMATION-REPAIR-1020621,REPAIR,NULL,0.0,1000000,24,2,6,3,0.3,0.5,0.03,3,0.08,1,0.01,POLICY_CONFIRMATION,1020621,heteroskedastic_v3.1,0.85,True,True,True,False,EXTREME_FAMILY_IMBALANCE
POLICY_CONFIRMATION-REPAIR-1020622,REPAIR,SUPPORTED,0.04,500,24,2,6,3,0.72,0.5,0.03,5,0.08,1,0.01,POLICY_CONFIRMATION,1020622,heteroskedastic_v3.2,0.9,True,True,True,False,ONE_DOMINANT_FAMILY
POLICY_CONFIRMATION-REPAIR-1020623,REPAIR,SUPPORTED,0.085,10000,24,2,6,3,0.72,0.5,0.1,5,0.08,1,0.01,POLICY_CONFIRMATION,1020623,heteroskedastic_v3.3,0.95,True,True,True,False,TRANSPORT_REVERSAL
POLICY_CONFIRMATION-REPAIR-1020624,REPAIR,NULL,0.0,1000000,72,2,6,3,0.93,0.5,0.1,5,0.08,1,0.01,POLICY_CONFIRMATION,1020624,heteroskedastic_v3.1,0.6,False,True,False,False,BENCHMARK_SPECIFIC_REVERSAL
POLICY_CONFIRMATION-REPAIR-1020625,REPAIR,SUPPORTED,0.04,500,72,2,10,3,0.93,0.5,0.1,5,0.08,1,0.01,POLICY_CONFIRMATION,1020625,heteroskedastic_v3.2,0.65,True,False,True,False,VERY_HIGH_MULTIPLICITY
POLICY_CONFIRMATION-REPAIR-1020626,REPAIR,SUPPORTED,0.085,10000,72,2,10,3,0.3,0.5,0.1,5,0.08,12,0.01,POLICY_CONFIRMATION,1020626,heteroskedastic_v3.3,0.7,True,True,True,False,NEARLY_TIED_TOP_K
POLICY_CONFIRMATION-REPAIR-1020627,REPAIR,NULL,0.0,1000000,180,2,10,3,0.3,0.5,0.1,5,0.08,12,0.01,POLICY_CONFIRMATION,1020627,heteroskedastic_v3.1,0.75,True,True,True,False,HIGH_RAW_LOW_EFFECTIVE_N
POLICY_CONFIRMATION-REPAIR-1020628,REPAIR,SUPPORTED,0.04,500,180,8,10,3,0.72,0.5,0.1,5,0.08,12,0.01,POLICY_CONFIRMATION,1020628,heteroskedastic_v3.2,0.8,False,True,True,False,SMALL_EFFECT_HUGE_RAW_N
POLICY_CONFIRMATION-REPAIR-1020629,REPAIR,SUPPORTED,0.085,10000,180,8,10,3,0.72,0.5,0.1,5,0.12,12,0.01,POLICY_CONFIRMATION,1020629,heteroskedastic_v3.3,0.85,True,True,True,False,LARGE_EFFECT_SMALL_PANEL
POLICY_CONFIRMATION-REPAIR-1020630,REPAIR,NULL,0.0,1000000,24,8,2,3,0.93,0.5,0.1,5,0.12,12,0.01,POLICY_CONFIRMATION,1020630,heteroskedastic_v3.1,0.9,True,False,False,False,EXTREME_FAMILY_IMBALANCE
POLICY_CONFIRMATION-REPAIR-1020631,REPAIR,SUPPORTED,0.04,500,24,8,2,3,0.93,0.5,0.1,5,0.12,12,0.01,POLICY_CONFIRMATION,1020631,heteroskedastic_v3.2,0.95,True,True,True,False,ONE_DOMINANT_FAMILY
POLICY_CONFIRMATION-REPAIR-1020632,REPAIR,SUPPORTED,0.085,10000,24,8,2,3,0.3,0.5,0.1,5,0.12,12,0.01,POLICY_CONFIRMATION,1020632,heteroskedastic_v3.3,0.6,False,True,True,False,TRANSPORT_REVERSAL
POLICY_CONFIRMATION-REPAIR-1020633,REPAIR,NULL,0.0,1000000,72,8,2,3,0.3,0.5,0.1,1,0.12,12,0.01,POLICY_CONFIRMATION,1020633,heteroskedastic_v3.1,0.65,True,True,True,False,BENCHMARK_SPECIFIC_REVERSAL
POLICY_CONFIRMATION-REPAIR-1020634,REPAIR,SUPPORTED,0.04,500,72,8,2,8,0.72,0.5,0.1,1,0.12,12,0.01,POLICY_CONFIRMATION,1020634,heteroskedastic_v3.2,0.7,True,True,True,False,VERY_HIGH_MULTIPLICITY
POLICY_CONFIRMATION-REPAIR-1020635,REPAIR,SUPPORTED,0.085,10000,72,24,4,8,0.72,0.5,0.1,1,0.12,12,0.01,POLICY_CONFIRMATION,1020635,heteroskedastic_v3.3,0.75,True,False,True,False,NEARLY_TIED_TOP_K
POLICY_CONFIRMATION-REPAIR-1020636,REPAIR,NULL,0.0,1000000,180,24,4,8,0.93,0.5,0.1,1,0.12,12,0.01,POLICY_CONFIRMATION,1020636,heteroskedastic_v3.1,0.8,False,True,False,False,HIGH_RAW_LOW_EFFECTIVE_N
POLICY_CONFIRMATION-REPAIR-1020637,REPAIR,SUPPORTED,0.04,500,180,24,4,8,0.93,0.5,0.1,1,0.12,12,0.01,POLICY_CONFIRMATION,1020637,heteroskedastic_v3.2,0.85,True,True,True,False,SMALL_EFFECT_HUGE_RAW_N
POLICY_CONFIRMATION-REPAIR-1020638,REPAIR,SUPPORTED,0.085,10000,180,24,4,8,0.3,0.9,0.1,1,0.12,12,0.01,POLICY_CONFIRMATION,1020638,heteroskedastic_v3.3,0.9,True,True,True,False,LARGE_EFFECT_SMALL_PANEL
POLICY_CONFIRMATION-REPAIR-1020639,REPAIR,NULL,0.0,1000000,24,24,4,8,0.3,0.9,0.1,1,0.12,40,0.01,POLICY_CONFIRMATION,1020639,heteroskedastic_v3.1,0.95,True,True,True,False,EXTREME_FAMILY_IMBALANCE
POLICY_CONFIRMATION-REPAIR-1020640,REPAIR,SUPPORTED,0.04,500,24,24,6,8,0.72,0.9,0.1,1,0.12,40,0.01,POLICY_CONFIRMATION,1020640,heteroskedastic_v3.2,0.6,False,False,True,False,ONE_DOMINANT_FAMILY
POLICY_CONFIRMATION-REPAIR-1020641,REPAIR,SUPPORTED,0.085,10000,24,24,6,8,0.72,0.9,0.1,1,0.12,40,0.01,POLICY_CONFIRMATION,1020641,heteroskedastic_v3.3,0.65,True,True,True,False,TRANSPORT_REVERSAL
POLICY_CONFIRMATION-REPAIR-1020642,REPAIR,NULL,0.0,1000000,72,60,6,8,0.93,0.9,0.1,1,0.12,40,0.01,POLICY_CONFIRMATION,1020642,heteroskedastic_v3.1,0.7,True,True,False,False,BENCHMARK_SPECIFIC_REVERSAL
POLICY_CONFIRMATION-REPAIR-1020643,REPAIR,SUPPORTED,0.04,500,72,60,6,8,0.93,0.9,0.1,1,0.12,40,0.01,POLICY_CONFIRMATION,1020643,heteroskedastic_v3.2,0.75,True,True,True,False,VERY_HIGH_MULTIPLICITY
POLICY_CONFIRMATION-REPAIR-1020644,REPAIR,SUPPORTED,0.085,10000,72,60,6,8,0.3,0.9,0.1,3,0.12,40,0.01,POLICY_CONFIRMATION,1020644,heteroskedastic_v3.3,0.8,False,True,True,False,NEARLY_TIED_TOP_K
POLICY_CONFIRMATION-REPAIR-1020645,REPAIR,NULL,0.0,1000000,180,60,10,8,0.3,0.9,0.1,3,0.12,40,0.01,POLICY_CONFIRMATION,1020645,heteroskedastic_v3.1,0.85,True,False,True,False,HIGH_RAW_LOW_EFFECTIVE_N
POLICY_CONFIRMATION-REPAIR-1020646,REPAIR,SUPPORTED,0.04,500,180,60,10,8,0.72,0.9,0.25,3,0.12,40,0.01,POLICY_CONFIRMATION,1020646,heteroskedastic_v3.2,0.9,True,True,True,False,SMALL_EFFECT_HUGE_RAW_N
POLICY_CONFIRMATION-REPAIR-1020647,REPAIR,SUPPORTED,0.085,10000,180,60,10,8,0.72,0.9,0.25,3,0.12,40,0.01,POLICY_CONFIRMATION,1020647,heteroskedastic_v3.3,0.95,True,True,True,False,LARGE_EFFECT_SMALL_PANEL
POLICY_CONFIRMATION-REPAIR-1020648,REPAIR,NULL,0.0,1000000,24,60,10,8,0.93,0.9,0.25,3,0.12,40,0.01,POLICY_CONFIRMATION,1020648,heteroskedastic_v3.1,0.6,False,True,False,False,EXTREME_FAMILY_IMBALANCE
POLICY_CONFIRMATION-REPAIR-1020649,REPAIR,SUPPORTED,0.04,500,24,2,10,8,0.93,0.9,0.25,3,0.12,40,0.01,POLICY_CONFIRMATION,1020649,heteroskedastic_v3.2,0.65,True,True,True,False,ONE_DOMINANT_FAMILY
POLICY_CONFIRMATION-REPAIR-1020650,REPAIR,SUPPORTED,0.085,10000,24,2,2,8,0.3,0.9,0.25,3,0.12,40,0.01,POLICY_CONFIRMATION,1020650,heteroskedastic_v3.3,0.7,True,False,True,False,TRANSPORT_REVERSAL
POLICY_CONFIRMATION-REPAIR-1020651,REPAIR,NULL,0.0,1000000,72,2,2,1,0.3,0.9,0.25,3,0.12,40,0.01,POLICY_CONFIRMATION,1020651,heteroskedastic_v3.1,0.75,True,True,True,False,BENCHMARK_SPECIFIC_REVERSAL
POLICY_CONFIRMATION-REPAIR-1020652,REPAIR,SUPPORTED,0.04,500,72,2,2,1,0.72,0.9,0.25,3,0.12,1,0.01,POLICY_CONFIRMATION,1020652,heteroskedastic_v3.2,0.8,False,True,True,False,VERY_HIGH_MULTIPLICITY
POLICY_CONFIRMATION-REPAIR-1020653,REPAIR,SUPPORTED,0.085,10000,72,2,2,1,0.72,0.9,0.25,3,0.12,1,0.01,POLICY_CONFIRMATION,1020653,heteroskedastic_v3.3,0.85,True,True,True,False,NEARLY_TIED_TOP_K
POLICY_CONFIRMATION-REPAIR-1020654,REPAIR,NULL,0.0,1000000,180,2,2,1,0.93,0.9,0.25,3,0.12,1,0.01,POLICY_CONFIRMATION,1020654,heteroskedastic_v3.1,0.9,True,True,False,False,HIGH_RAW_LOW_EFFECTIVE_N
POLICY_CONFIRMATION-REPAIR-1020655,REPAIR,SUPPORTED,0.04,500,180,2,4,1,0.93,0.9,0.25,5,0.12,1,0.01,POLICY_CONFIRMATION,1020655,heteroskedastic_v3.2,0.95,True,False,True,False,SMALL_EFFECT_HUGE_RAW_N
POLICY_CONFIRMATION-REPAIR-1020656,REPAIR,SUPPORTED,0.085,10000,180,8,4,1,0.3,0.9,0.25,5,0.12,1,0.01,POLICY_CONFIRMATION,1020656,heteroskedastic_v3.3,0.6,False,True,True,False,LARGE_EFFECT_SMALL_PANEL
POLICY_CONFIRMATION-REPAIR-1020657,REPAIR,NULL,0.0,1000000,24,8,4,1,0.3,0.0,0.25,5,0.12,1,0.01,POLICY_CONFIRMATION,1020657,heteroskedastic_v3.1,0.65,True,True,True,False,EXTREME_FAMILY_IMBALANCE
POLICY_CONFIRMATION-REPAIR-1020658,REPAIR,SUPPORTED,0.04,500,24,8,4,1,0.72,0.0,0.25,5,0.18,1,0.01,POLICY_CONFIRMATION,1020658,heteroskedastic_v3.2,0.7,True,True,True,False,ONE_DOMINANT_FAMILY
POLICY_CONFIRMATION-REPAIR-1020659,REPAIR,SUPPORTED,0.085,10000,24,8,4,1,0.72,0.0,0.25,5,0.18,1,0.01,POLICY_CONFIRMATION,1020659,heteroskedastic_v3.3,0.75,True,True,True,False,TRANSPORT_REVERSAL
POLICY_CONFIRMATION-REPAIR-1020660,REPAIR,NULL,0.0,1000000,72,8,6,1,0.93,0.0,0.25,5,0.18,1,0.01,POLICY_CONFIRMATION,1020660,heteroskedastic_v3.1,0.8,False,False,False,False,BENCHMARK_SPECIFIC_REVERSAL
POLICY_CONFIRMATION-REPAIR-1020661,REPAIR,SUPPORTED,0.04,500,72,8,6,1,0.93,0.0,0.25,5,0.18,1,0.01,POLICY_CONFIRMATION,1020661,heteroskedastic_v3.2,0.85,True,True,True,False,VERY_HIGH_MULTIPLICITY
POLICY_CONFIRMATION-REPAIR-1020662,REPAIR,SUPPORTED,0.085,10000,72,8,6,1,0.3,0.0,0.25,5,0.18,1,0.01,POLICY_CONFIRMATION,1020662,heteroskedastic_v3.3,0.9,True,True,True,False,NEARLY_TIED_TOP_K
POLICY_CONFIRMATION-REPAIR-1020663,REPAIR,NULL,0.0,1000000,180,24,6,1,0.3,0.0,0.25,5,0.18,1,0.01,POLICY_CONFIRMATION,1020663,heteroskedastic_v3.1,0.95,True,True,True,False,HIGH_RAW_LOW_EFFECTIVE_N
POLICY_CONFIRMATION-REPAIR-1020664,REPAIR,SUPPORTED,0.04,500,180,24,6,1,0.72,0.0,0.25,5,0.18,1,0.01,POLICY_CONFIRMATION,1020664,heteroskedastic_v3.2,0.6,False,True,True,False,SMALL_EFFECT_HUGE_RAW_N
POLICY_CONFIRMATION-REPAIR-1020665,REPAIR,SUPPORTED,0.085,10000,180,24,10,1,0.72,0.0,0.25,5,0.18,12,0.01,POLICY_CONFIRMATION,1020665,heteroskedastic_v3.3,0.65,True,False,True,False,LARGE_EFFECT_SMALL_PANEL
POLICY_CONFIRMATION-REPAIR-1020666,REPAIR,NULL,0.0,1000000,24,24,10,1,0.93,0.0,0.25,1,0.18,12,0.01,POLICY_CONFIRMATION,1020666,heteroskedastic_v3.1,0.7,True,True,False,False,EXTREME_FAMILY_IMBALANCE
POLICY_CONFIRMATION-REPAIR-1020667,REPAIR,SUPPORTED,0.04,500,24,24,10,1,0.93,0.0,0.25,1,0.18,12,0.01,POLICY_CONFIRMATION,1020667,heteroskedastic_v3.2,0.75,True,True,True,False,ONE_DOMINANT_FAMILY
POLICY_CONFIRMATION-REPAIR-1020668,REPAIR,SUPPORTED,0.085,10000,24,24,10,3,0.3,0.0,0.25,1,0.18,12,0.01,POLICY_CONFIRMATION,1020668,heteroskedastic_v3.3,0.8,False,True,True,False,TRANSPORT_REVERSAL
POLICY_CONFIRMATION-REPAIR-1020669,REPAIR,NULL,0.0,1000000,72,24,10,3,0.3,0.0,0.03,1,0.18,12,0.01,POLICY_CONFIRMATION,1020669,heteroskedastic_v3.1,0.85,True,True,True,False,BENCHMARK_SPECIFIC_REVERSAL
POLICY_CONFIRMATION-REPAIR-1020670,REPAIR,SUPPORTED,0.04,500,72,60,2,3,0.72,0.0,0.03,1,0.18,12,0.01,POLICY_CONFIRMATION,1020670,heteroskedastic_v3.2,0.9,True,False,True,False,VERY_HIGH_MULTIPLICITY
POLICY_CONFIRMATION-REPAIR-1020671,REPAIR,SUPPORTED,0.085,10000,72,60,2,3,0.72,0.0,0.03,1,0.18,12,0.01,POLICY_CONFIRMATION,1020671,heteroskedastic_v3.3,0.95,True,True,True,False,NEARLY_TIED_TOP_K
POLICY_CONFIRMATION-REPAIR-1020672,REPAIR,NULL,0.0,1000000,180,60,2,3,0.93,0.0,0.03,1,0.18,12,0.01,POLICY_CONFIRMATION,1020672,heteroskedastic_v3.1,0.6,False,True,False,False,HIGH_RAW_LOW_EFFECTIVE_N
POLICY_CONFIRMATION-REPAIR-1020673,REPAIR,SUPPORTED,0.04,500,180,60,2,3,0.93,0.0,0.03,1,0.18,12,0.01,POLICY_CONFIRMATION,1020673,heteroskedastic_v3.2,0.65,True,True,True,False,SMALL_EFFECT_HUGE_RAW_N
POLICY_CONFIRMATION-REPAIR-1020674,REPAIR,SUPPORTED,0.085,10000,180,60,2,3,0.3,0.0,0.03,1,0.18,12,0.01,POLICY_CONFIRMATION,1020674,heteroskedastic_v3.3,0.7,True,True,True,False,LARGE_EFFECT_SMALL_PANEL
POLICY_CONFIRMATION-REPAIR-1020675,REPAIR,NULL,0.0,1000000,24,60,4,3,0.3,0.0,0.03,1,0.18,12,0.01,POLICY_CONFIRMATION,1020675,heteroskedastic_v3.1,0.75,True,False,True,False,EXTREME_FAMILY_IMBALANCE
POLICY_CONFIRMATION-REPAIR-1020676,REPAIR,SUPPORTED,0.04,500,24,60,4,3,0.72,0.5,0.03,1,0.18,12,0.01,POLICY_CONFIRMATION,1020676,heteroskedastic_v3.2,0.8,False,True,True,False,ONE_DOMINANT_FAMILY
POLICY_CONFIRMATION-REPAIR-1020677,REPAIR,SUPPORTED,0.085,10000,24,2,4,3,0.72,0.5,0.03,3,0.18,12,0.01,POLICY_CONFIRMATION,1020677,heteroskedastic_v3.3,0.85,True,True,True,False,TRANSPORT_REVERSAL
POLICY_CONFIRMATION-REPAIR-1020678,REPAIR,NULL,0.0,1000000,72,2,4,3,0.93,0.5,0.03,3,0.18,40,0.01,POLICY_CONFIRMATION,1020678,heteroskedastic_v3.1,0.9,True,True,False,False,BENCHMARK_SPECIFIC_REVERSAL
POLICY_CONFIRMATION-REPAIR-1020679,REPAIR,SUPPORTED,0.04,500,72,2,4,3,0.93,0.5,0.03,3,0.18,40,0.01,POLICY_CONFIRMATION,1020679,heteroskedastic_v3.2,0.95,True,True,True,False,VERY_HIGH_MULTIPLICITY
POLICY_CONFIRMATION-REPAIR-1020680,REPAIR,SUPPORTED,0.085,10000,72,2,6,3,0.3,0.5,0.03,3,0.18,40,0.01,POLICY_CONFIRMATION,1020680,heteroskedastic_v3.3,0.6,False,False,True,False,NEARLY_TIED_TOP_K
POLICY_CONFIRMATION-REPAIR-1020681,REPAIR,NULL,0.0,1000000,180,2,6,3,0.3,0.5,0.03,3,0.18,40,0.01,POLICY_CONFIRMATION,1020681,heteroskedastic_v3.1,0.65,True,True,True,False,HIGH_RAW_LOW_EFFECTIVE_N
POLICY_CONFIRMATION-REPAIR-1020682,REPAIR,SUPPORTED,0.04,500,180,2,6,3,0.72,0.5,0.03,3,0.18,40,0.01,POLICY_CONFIRMATION,1020682,heteroskedastic_v3.2,0.7,True,True,True,False,SMALL_EFFECT_HUGE_RAW_N
POLICY_CONFIRMATION-REPAIR-1020683,REPAIR,SUPPORTED,0.085,10000,180,2,6,3,0.72,0.5,0.03,3,0.18,40,0.01,POLICY_CONFIRMATION,1020683,heteroskedastic_v3.3,0.75,True,True,True,False,LARGE_EFFECT_SMALL_PANEL
POLICY_CONFIRMATION-REPAIR-1020684,REPAIR,NULL,0.0,1000000,24,8,6,3,0.93,0.5,0.03,3,0.18,40,0.01,POLICY_CONFIRMATION,1020684,heteroskedastic_v3.1,0.8,False,True,False,False,EXTREME_FAMILY_IMBALANCE
POLICY_CONFIRMATION-REPAIR-1020685,REPAIR,SUPPORTED,0.04,500,24,8,10,8,0.93,0.5,0.03,3,0.18,40,0.01,POLICY_CONFIRMATION,1020685,heteroskedastic_v3.2,0.85,True,False,True,False,ONE_DOMINANT_FAMILY
POLICY_CONFIRMATION-REPAIR-1020686,REPAIR,SUPPORTED,0.085,10000,24,8,10,8,0.3,0.5,0.03,3,0.18,40,0.01,POLICY_CONFIRMATION,1020686,heteroskedastic_v3.3,0.9,True,True,True,False,TRANSPORT_REVERSAL
POLICY_CONFIRMATION-REPAIR-1020687,REPAIR,NULL,0.0,1000000,72,8,10,8,0.3,0.5,0.03,3,0.08,40,0.01,POLICY_CONFIRMATION,1020687,heteroskedastic_v3.1,0.95,True,True,True,False,BENCHMARK_SPECIFIC_REVERSAL
POLICY_CONFIRMATION-REPAIR-1020688,REPAIR,SUPPORTED,0.04,500,72,8,10,8,0.72,0.5,0.03,5,0.08,40,0.01,POLICY_CONFIRMATION,1020688,heteroskedastic_v3.2,0.6,False,True,True,False,VERY_HIGH_MULTIPLICITY
POLICY_CONFIRMATION-REPAIR-1020689,REPAIR,SUPPORTED,0.085,10000,72,8,10,8,0.72,0.5,0.03,5,0.08,40,0.01,POLICY_CONFIRMATION,1020689,heteroskedastic_v3.3,0.65,True,True,True,False,NEARLY_TIED_TOP_K
POLICY_CONFIRMATION-REPAIR-1020690,REPAIR,NULL,0.0,1000000,180,8,2,8,0.93,0.5,0.03,5,0.08,40,0.01,POLICY_CONFIRMATION,1020690,heteroskedastic_v3.1,0.7,True,False,False,False,HIGH_RAW_LOW_EFFECTIVE_N
POLICY_CONFIRMATION-REPAIR-1020691,REPAIR,SUPPORTED,0.04,500,180,24,2,8,0.93,0.5,0.03,5,0.08,1,0.01,POLICY_CONFIRMATION,1020691,heteroskedastic_v3.2,0.75,True,True,True,False,SMALL_EFFECT_HUGE_RAW_N
POLICY_CONFIRMATION-REPAIR-1020692,REPAIR,SUPPORTED,0.085,10000,180,24,2,8,0.3,0.5,0.1,5,0.08,1,0.01,POLICY_CONFIRMATION,1020692,heteroskedastic_v3.3,0.8,False,True,True,False,LARGE_EFFECT_SMALL_PANEL
POLICY_CONFIRMATION-REPAIR-1020693,REPAIR,NULL,0.0,1000000,24,24,2,8,0.3,0.5,0.1,5,0.08,1,0.01,POLICY_CONFIRMATION,1020693,heteroskedastic_v3.1,0.85,True,True,True,False,EXTREME_FAMILY_IMBALANCE
POLICY_CONFIRMATION-REPAIR-1020694,REPAIR,SUPPORTED,0.04,500,24,24,2,8,0.72,0.5,0.1,5,0.08,1,0.01,POLICY_CONFIRMATION,1020694,heteroskedastic_v3.2,0.9,True,True,True,False,ONE_DOMINANT_FAMILY
POLICY_CONFIRMATION-REPAIR-1020695,REPAIR,SUPPORTED,0.085,10000,24,24,4,8,0.72,0.9,0.1,5,0.08,1,0.01,POLICY_CONFIRMATION,1020695,heteroskedastic_v3.3,0.95,True,False,True,False,TRANSPORT_REVERSAL
POLICY_CONFIRMATION-REPAIR-1020696,REPAIR,NULL,0.0,1000000,72,24,4,8,0.93,0.9,0.1,5,0.08,1,0.01,POLICY_CONFIRMATION,1020696,heteroskedastic_v3.1,0.6,False,True,False,False,BENCHMARK_SPECIFIC_REVERSAL
POLICY_CONFIRMATION-REPAIR-1020697,REPAIR,SUPPORTED,0.04,500,72,24,4,8,0.93,0.9,0.1,5,0.08,1,0.01,POLICY_CONFIRMATION,1020697,heteroskedastic_v3.2,0.65,True,True,True,False,VERY_HIGH_MULTIPLICITY
POLICY_CONFIRMATION-REPAIR-1020698,REPAIR,SUPPORTED,0.085,10000,72,60,4,8,0.3,0.9,0.1,5,0.08,1,0.01,POLICY_CONFIRMATION,1020698,heteroskedastic_v3.3,0.7,True,True,True,False,NEARLY_TIED_TOP_K
POLICY_CONFIRMATION-REPAIR-1020699,REPAIR,NULL,0.0,1000000,180,60,4,8,0.3,0.9,0.1,1,0.08,1,0.01,POLICY_CONFIRMATION,1020699,heteroskedastic_v3.1,0.75,True,True,True,False,HIGH_RAW_LOW_EFFECTIVE_N
POLICY_CONFIRMATION-REPAIR-1020700,REPAIR,SUPPORTED,0.04,500,180,60,6,8,0.72,0.9,0.1,1,0.08,1,0.01,POLICY_CONFIRMATION,1020700,heteroskedastic_v3.2,0.8,False,False,True,False,SMALL_EFFECT_HUGE_RAW_N
POLICY_CONFIRMATION-REPAIR-1020701,REPAIR,SUPPORTED,0.085,10000,180,60,6,8,0.72,0.9,0.1,1,0.08,1,0.01,POLICY_CONFIRMATION,1020701,heteroskedastic_v3.3,0.85,True,True,True,False,LARGE_EFFECT_SMALL_PANEL
POLICY_CONFIRMATION-REPAIR-1020702,REPAIR,NULL,0.0,1000000,24,60,6,1,0.93,0.9,0.1,1,0.08,1,0.01,POLICY_CONFIRMATION,1020702,heteroskedastic_v3.1,0.9,True,True,False,False,EXTREME_FAMILY_IMBALANCE
POLICY_CONFIRMATION-REPAIR-1020703,REPAIR,SUPPORTED,0.04,500,24,60,6,1,0.93,0.9,0.1,1,0.08,1,0.01,POLICY_CONFIRMATION,1020703,heteroskedastic_v3.2,0.95,True,True,True,False,ONE_DOMINANT_FAMILY
POLICY_CONFIRMATION-REPAIR-1020704,REPAIR,SUPPORTED,0.085,10000,24,60,6,1,0.3,0.9,0.1,1,0.08,12,0.01,POLICY_CONFIRMATION,1020704,heteroskedastic_v3.3,0.6,False,True,True,False,TRANSPORT_REVERSAL
POLICY_CONFIRMATION-REPAIR-1020705,REPAIR,NULL,0.0,1000000,72,2,10,1,0.3,0.9,0.1,1,0.08,12,0.01,POLICY_CONFIRMATION,1020705,heteroskedastic_v3.1,0.65,True,False,True,False,BENCHMARK_SPECIFIC_REVERSAL
POLICY_CONFIRMATION-REPAIR-1020706,REPAIR,SUPPORTED,0.04,500,72,2,10,1,0.72,0.9,0.1,1,0.08,12,0.01,POLICY_CONFIRMATION,1020706,heteroskedastic_v3.2,0.7,True,True,True,False,VERY_HIGH_MULTIPLICITY
POLICY_CONFIRMATION-REPAIR-1020707,REPAIR,SUPPORTED,0.085,10000,72,2,10,1,0.72,0.9,0.1,1,0.08,12,0.01,POLICY_CONFIRMATION,1020707,heteroskedastic_v3.3,0.75,True,True,True,False,NEARLY_TIED_TOP_K
POLICY_CONFIRMATION-REPAIR-1020708,REPAIR,NULL,0.0,1000000,180,2,10,1,0.93,0.9,0.1,1,0.08,12,0.01,POLICY_CONFIRMATION,1020708,heteroskedastic_v3.1,0.8,False,True,False,False,HIGH_RAW_LOW_EFFECTIVE_N
POLICY_CONFIRMATION-REPAIR-1020709,REPAIR,SUPPORTED,0.04,500,180,2,10,1,0.93,0.9,0.1,1,0.08,12,0.01,POLICY_CONFIRMATION,1020709,heteroskedastic_v3.2,0.85,True,True,True,False,SMALL_EFFECT_HUGE_RAW_N
POLICY_CONFIRMATION-REPAIR-1020710,REPAIR,SUPPORTED,0.085,10000,180,2,2,1,0.3,0.9,0.1,3,0.08,12,0.01,POLICY_CONFIRMATION,1020710,heteroskedastic_v3.3,0.9,True,False,True,False,LARGE_EFFECT_SMALL_PANEL
POLICY_CONFIRMATION-REPAIR-1020711,REPAIR,NULL,0.0,1000000,24,2,2,1,0.3,0.9,0.1,3,0.08,12,0.01,POLICY_CONFIRMATION,1020711,heteroskedastic_v3.1,0.95,True,True,True,False,EXTREME_FAMILY_IMBALANCE
POLICY_CONFIRMATION-REPAIR-1020712,REPAIR,SUPPORTED,0.04,500,24,8,2,1,0.72,0.9,0.1,3,0.08,12,0.01,POLICY_CONFIRMATION,1020712,heteroskedastic_v3.2,0.6,False,True,True,False,ONE_DOMINANT_FAMILY
POLICY_CONFIRMATION-REPAIR-1020713,REPAIR,SUPPORTED,0.085,10000,24,8,2,1,0.72,0.9,0.1,3,0.08,12,0.01,POLICY_CONFIRMATION,1020713,heteroskedastic_v3.3,0.65,True,True,True,False,TRANSPORT_REVERSAL
POLICY_CONFIRMATION-REPAIR-1020714,REPAIR,NULL,0.0,1000000,72,8,2,1,0.93,0.0,0.1,3,0.08,12,0.01,POLICY_CONFIRMATION,1020714,heteroskedastic_v3.1,0.7,True,True,False,False,BENCHMARK_SPECIFIC_REVERSAL
POLICY_CONFIRMATION-REPAIR-1020715,REPAIR,SUPPORTED,0.04,500,72,8,4,1,0.93,0.0,0.25,3,0.08,12,0.01,POLICY_CONFIRMATION,1020715,heteroskedastic_v3.2,0.75,True,False,True,False,VERY_HIGH_MULTIPLICITY
POLICY_CONFIRMATION-REPAIR-1020716,REPAIR,SUPPORTED,0.085,10000,72,8,4,1,0.3,0.0,0.25,3,0.12,12,0.01,POLICY_CONFIRMATION,1020716,heteroskedastic_v3.3,0.8,False,True,True,False,NEARLY_TIED_TOP_K
POLICY_CONFIRMATION-REPAIR-1020717,REPAIR,NULL,0.0,1000000,180,8,4,1,0.3,0.0,0.25,3,0.12,40,0.01,POLICY_CONFIRMATION,1020717,heteroskedastic_v3.1,0.85,True,True,True,False,HIGH_RAW_LOW_EFFECTIVE_N
POLICY_CONFIRMATION-REPAIR-1020718,REPAIR,SUPPORTED,0.04,500,180,8,4,1,0.72,0.0,0.25,3,0.12,40,0.01,POLICY_CONFIRMATION,1020718,heteroskedastic_v3.2,0.9,True,True,True,False,SMALL_EFFECT_HUGE_RAW_N
POLICY_CONFIRMATION-REPAIR-1020719,REPAIR,SUPPORTED,0.085,10000,180,24,4,3,0.72,0.0,0.25,3,0.12,40,0.01,POLICY_CONFIRMATION,1020719,heteroskedastic_v3.3,0.95,True,True,True,False,LARGE_EFFECT_SMALL_PANEL
